lot_id,part_id,parameter,unit,V0,V24,status,anomaly_score,max_lot_z,iforest_pct,V168_pred,V168_upper,forecast_confidence,pred_slope,z_pred_drift,trig_static,trig_lot_z,trig_iforest,trig_drift_slope,trig_guard_band,reasons
T01,T01-P0001,Iddq,uA,9.6958,11.0851,PASS,0.132,0.92,0.132,11.912,12.102,normal,0.0132,0.99,False,False,False,False,False,OK: within lot-relative limits (max 0.9 robust-sigma < 5); predicted 168h drift inside the lot safety envelope.
T01,T01-P0002,Iddq,uA,10.253,11.6902,PASS,0.162,0.83,0.162,12.51,12.775,normal,0.0134,0.82,False,False,False,False,False,OK: within lot-relative limits (max 0.8 robust-sigma < 5); predicted 168h drift inside the lot safety envelope.
T01,T01-P0003,Iddq,uA,9.326,10.1772,PASS,0.051,0.51,0.039,10.822,10.975,normal,0.0089,-0.43,False,False,False,False,False,OK: within lot-relative limits (max 0.5 robust-sigma < 5); predicted 168h drift inside the lot safety envelope.
T01,T01-P0004,Iddq,uA,11.1304,12.3647,PASS,0.635,0.07,0.635,13.164,13.379,normal,0.0121,0.04,False,False,False,False,False,OK: within lot-relative limits (max 0.1 robust-sigma < 5); predicted 168h drift inside the lot safety envelope.
T01,T01-P0005,Iddq,uA,14.4765,15.4306,PASS,0.852,1.48,0.852,16.309,16.511,normal,0.0109,-1.17,False,False,False,False,False,OK: within lot-relative limits (max 1.5 robust-sigma < 5); predicted 168h drift inside the lot safety envelope.
T01,T01-P0006,Iddq,uA,10.1392,10.9963,PASS,0.07,0.7,0.016,11.583,11.82,normal,0.0086,-0.82,False,False,False,False,False,OK: within lot-relative limits (max 0.7 robust-sigma < 5); predicted 168h drift inside the lot safety envelope.
T01,T01-P0007,Iddq,uA,9.8964,11.135,PASS,0.127,0.43,0.127,11.882,12.074,normal,0.0118,0.42,False,False,False,False,False,OK: within lot-relative limits (max 0.4 robust-sigma < 5); predicted 168h drift inside the lot safety envelope.
T01,T01-P0008,Iddq,uA,12.3073,13.6278,PASS,0.763,0.6,0.763,14.415,14.739,normal,0.0125,-0.2,False,False,False,False,False,OK: within lot-relative limits (max 0.6 robust-sigma < 5); predicted 168h drift inside the lot safety envelope.
T01,T01-P0009,Iddq,uA,12.0626,13.3092,PASS,0.649,0.49,0.649,14.132,14.397,normal,0.0123,-0.19,False,False,False,False,False,OK: within lot-relative limits (max 0.5 robust-sigma < 5); predicted 168h drift inside the lot safety envelope.
T01,T01-P0010,Iddq,uA,11.45,12.4594,PASS,0.505,0.6,0.505,13.304,13.452,normal,0.011,-0.4,False,False,False,False,False,OK: within lot-relative limits (max 0.6 robust-sigma < 5); predicted 168h drift inside the lot safety envelope.
T01,T01-P0011,Iddq,uA,9.2451,10.3894,PASS,0.152,0.39,0.152,11.1,11.279,normal,0.011,0.42,False,False,False,False,False,OK: within lot-relative limits (max 0.4 robust-sigma < 5); predicted 168h drift inside the lot safety envelope.
T01,T01-P0012,Iddq,uA,11.1004,12.3403,PASS,0.581,0.06,0.581,13.129,13.349,normal,0.0121,0.04,False,False,False,False,False,OK: within lot-relative limits (max 0.1 robust-sigma < 5); predicted 168h drift inside the lot safety envelope.
T01,T01-P0013,Iddq,uA,13.1546,15.0334,PASS,0.712,1.1,0.712,16.181,16.419,normal,0.018,1.03,False,False,False,False,False,OK: within lot-relative limits (max 1.1 robust-sigma < 5); predicted 168h drift inside the lot safety envelope.
T01,T01-P0014,Iddq,uA,8.6831,10.4574,PASS,0.682,2.52,0.682,11.534,11.786,normal,0.017,2.95,False,False,False,False,False,OK: within lot-relative limits (max 2.5 robust-sigma < 5); predicted 168h drift inside the lot safety envelope.
T01,T01-P0015,Iddq,uA,10.407,11.4744,PASS,0.287,0.19,0.287,12.163,12.385,normal,0.0104,-0.25,False,False,False,False,False,OK: within lot-relative limits (max 0.2 robust-sigma < 5); predicted 168h drift inside the lot safety envelope.
T01,T01-P0016,Iddq,uA,7.7234,8.4522,PASS,0.145,0.42,0.145,8.913,9.07,normal,0.0071,-0.57,False,False,False,False,False,OK: within lot-relative limits (max 0.4 robust-sigma < 5); predicted 168h drift inside the lot safety envelope.
T01,T01-P0017,Iddq,uA,8.7539,9.7814,PASS,0.278,0.21,0.278,10.383,10.601,normal,0.0097,0.12,False,False,False,False,False,OK: within lot-relative limits (max 0.2 robust-sigma < 5); predicted 168h drift inside the lot safety envelope.
T01,T01-P0018,Iddq,uA,7.8422,8.7165,PASS,0.39,0.05,0.39,9.225,9.427,normal,0.0082,-0.09,False,False,False,False,False,OK: within lot-relative limits (max 0.1 robust-sigma < 5); predicted 168h drift inside the lot safety envelope.
T01,T01-P0019,Iddq,uA,10.6581,11.6696,PASS,0.174,0.41,0.174,12.368,12.56,normal,0.0102,-0.43,False,False,False,False,False,OK: within lot-relative limits (max 0.4 robust-sigma < 5); predicted 168h drift inside the lot safety envelope.
T01,T01-P0020,Iddq,uA,8.636,9.6695,PASS,0.26,0.28,0.26,10.272,10.477,normal,0.0097,0.18,False,False,False,False,False,OK: within lot-relative limits (max 0.3 robust-sigma < 5); predicted 168h drift inside the lot safety envelope.
T01,T01-P0021,Iddq,uA,11.8648,12.8075,PASS,0.596,0.85,0.596,13.498,13.743,normal,0.0097,-0.93,False,False,False,False,False,OK: within lot-relative limits (max 0.8 robust-sigma < 5); predicted 168h drift inside the lot safety envelope.
T01,T01-P0022,Iddq,uA,11.3452,13.0794,PASS,0.625,1.17,0.625,14.135,14.365,normal,0.0166,1.35,False,False,False,False,False,OK: within lot-relative limits (max 1.2 robust-sigma < 5); predicted 168h drift inside the lot safety envelope.
T01,T01-P0023,Iddq,uA,10.8829,11.8774,PASS,0.051,0.51,0.049,12.629,12.807,normal,0.0104,-0.43,False,False,False,False,False,OK: within lot-relative limits (max 0.5 robust-sigma < 5); predicted 168h drift inside the lot safety envelope.
T01,T01-P0024,Iddq,uA,7.0039,7.7323,PASS,0.324,0.15,0.324,8.14,8.354,normal,0.0068,-0.39,False,False,False,False,False,OK: within lot-relative limits (max 0.2 robust-sigma < 5); predicted 168h drift inside the lot safety envelope.
T01,T01-P0025,Iddq,uA,10.0104,11.2215,PASS,0.245,0.31,0.245,11.944,12.143,normal,0.0115,0.26,False,False,False,False,False,OK: within lot-relative limits (max 0.3 robust-sigma < 5); predicted 168h drift inside the lot safety envelope.
T01,T01-P0026,Iddq,uA,11.1726,12.0826,PASS,0.46,0.79,0.46,12.74,12.941,normal,0.0093,-0.87,False,False,False,False,False,OK: within lot-relative limits (max 0.8 robust-sigma < 5); predicted 168h drift inside the lot safety envelope.
T01,T01-P0027,Iddq,uA,11.4323,12.5147,PASS,0.534,0.42,0.534,13.326,13.457,normal,0.0113,-0.32,False,False,False,False,False,OK: within lot-relative limits (max 0.4 robust-sigma < 5); predicted 168h drift inside the lot safety envelope.
T01,T01-P0028,Iddq,uA,8.3156,9.251,PASS,0.376,0.08,0.376,9.878,10.003,normal,0.0093,0.15,False,False,False,False,False,OK: within lot-relative limits (max 0.1 robust-sigma < 5); predicted 168h drift inside the lot safety envelope.
T01,T01-P0029,Iddq,uA,10.3836,11.2506,PASS,0.073,0.73,0.048,11.862,12.09,normal,0.0088,-0.82,False,False,False,False,False,OK: within lot-relative limits (max 0.7 robust-sigma < 5); predicted 168h drift inside the lot safety envelope.
T01,T01-P0030,Iddq,uA,9.3502,10.4049,PASS,0.363,0.09,0.363,11.06,11.246,normal,0.0102,0.05,False,False,False,False,False,OK: within lot-relative limits (max 0.1 robust-sigma < 5); predicted 168h drift inside the lot safety envelope.
T01,T01-P0031,Iddq,uA,9.5463,10.8267,PASS,0.067,0.67,0.004,11.56,11.82,normal,0.012,0.63,False,False,False,False,False,OK: within lot-relative limits (max 0.7 robust-sigma < 5); predicted 168h drift inside the lot safety envelope.
T01,T01-P0032,Iddq,uA,13.6923,14.6392,PASS,0.784,1.18,0.784,15.489,15.724,normal,0.0107,-1.07,False,False,False,False,False,OK: within lot-relative limits (max 1.2 robust-sigma < 5); predicted 168h drift inside the lot safety envelope.
T01,T01-P0033,Iddq,uA,9.7637,10.6242,PASS,0.06,0.6,0.057,11.293,11.471,normal,0.0091,-0.51,False,False,False,False,False,OK: within lot-relative limits (max 0.6 robust-sigma < 5); predicted 168h drift inside the lot safety envelope.
T01,T01-P0034,Iddq,uA,10.9594,11.9774,PASS,0.113,0.47,0.113,12.725,12.897,normal,0.0105,-0.42,False,False,False,False,False,OK: within lot-relative limits (max 0.5 robust-sigma < 5); predicted 168h drift inside the lot safety envelope.
T01,T01-P0035,Iddq,uA,13.1295,14.3807,PASS,0.692,0.95,0.692,15.262,15.477,normal,0.0127,-0.39,False,False,False,False,False,OK: within lot-relative limits (max 0.9 robust-sigma < 5); predicted 168h drift inside the lot safety envelope.
T01,T01-P0036,Iddq,uA,10.0721,11.1766,PASS,0.437,0.0,0.437,11.913,12.107,normal,0.011,0.05,False,False,False,False,False,OK: within lot-relative limits (max 0.0 robust-sigma < 5); predicted 168h drift inside the lot safety envelope.
T01,T01-P0037,Iddq,uA,11.0304,11.6894,PASS,0.442,1.41,0.442,12.311,12.558,normal,0.0076,-1.41,False,False,False,False,False,OK: within lot-relative limits (max 1.4 robust-sigma < 5); predicted 168h drift inside the lot safety envelope.
T01,T01-P0038,Iddq,uA,11.3682,12.7606,PASS,0.557,0.35,0.557,13.702,13.85,normal,0.0139,0.52,False,False,False,False,False,OK: within lot-relative limits (max 0.4 robust-sigma < 5); predicted 168h drift inside the lot safety envelope.
T01,T01-P0039,Iddq,uA,11.3989,12.964,PASS,0.545,0.76,0.545,13.965,14.149,normal,0.0153,0.93,False,False,False,False,False,OK: within lot-relative limits (max 0.8 robust-sigma < 5); predicted 168h drift inside the lot safety envelope.
T01,T01-P0040,Iddq,uA,8.903,9.8715,PASS,0.422,0.02,0.422,10.511,10.687,normal,0.0096,0.0,False,False,False,False,False,OK: within lot-relative limits (max 0.0 robust-sigma < 5); predicted 168h drift inside the lot safety envelope.
T01,T01-P0041,Iddq,uA,11.3213,12.2877,PASS,0.496,0.68,0.496,12.954,13.198,normal,0.0097,-0.78,False,False,False,False,False,OK: within lot-relative limits (max 0.7 robust-sigma < 5); predicted 168h drift inside the lot safety envelope.
T01,T01-P0042,Iddq,uA,14.5663,15.7923,PASS,0.83,1.51,0.83,16.669,16.967,normal,0.0125,-0.78,False,False,False,False,False,OK: within lot-relative limits (max 1.5 robust-sigma < 5); predicted 168h drift inside the lot safety envelope.
T01,T01-P0043,Iddq,uA,8.4314,9.0057,PASS,0.276,1.17,0.276,9.557,9.683,normal,0.0067,-1.02,False,False,False,False,False,OK: within lot-relative limits (max 1.2 robust-sigma < 5); predicted 168h drift inside the lot safety envelope.
T01,T01-P0044,Iddq,uA,13.0918,14.7887,PASS,0.641,1.01,0.641,15.735,16.072,normal,0.0157,0.45,False,False,False,False,False,OK: within lot-relative limits (max 1.0 robust-sigma < 5); predicted 168h drift inside the lot safety envelope.
T01,T01-P0045,Iddq,uA,11.5339,12.5059,PASS,0.531,0.71,0.531,13.243,13.446,normal,0.0102,-0.7,False,False,False,False,False,OK: within lot-relative limits (max 0.7 robust-sigma < 5); predicted 168h drift inside the lot safety envelope.
T01,T01-P0046,Iddq,uA,9.9613,11.0493,PASS,0.431,0.01,0.431,11.782,11.974,normal,0.0108,0.05,False,False,False,False,False,OK: within lot-relative limits (max 0.0 robust-sigma < 5); predicted 168h drift inside the lot safety envelope.
T01,T01-P0047,Iddq,uA,16.3042,17.5748,PASS,0.942,2.12,0.942,18.461,18.878,normal,0.0128,-1.05,False,False,False,False,False,OK: within lot-relative limits (max 2.1 robust-sigma < 5); predicted 168h drift inside the lot safety envelope.
T01,T01-P0048,Iddq,uA,13.1187,17.8576,REJECT,0.983,6.27,0.983,34.411,39.09,low,0.1267,19.96,False,True,False,True,True,ABNORMAL DRIFT: Iddq changed +36% from 0h to 24h vs lot median +11% (6.3 robust-sigma). | EARLY REJECT (drift forecast): predicted Iddq@168h = 34.4 uA from 0h/24h readings; drift slope 0.127 uA/h exceeds lot safety slope 0.035 uA/h (20.0 robust-sigma). | GUARD BAND: 90% upper forecast for Iddq@168h is 39.1 uA = 78% of datasheet max (guard band 70%).
T01,T01-P0049,Iddq,uA,9.0638,10.1026,PASS,0.324,0.14,0.324,10.701,10.974,normal,0.0097,0.0,False,False,False,False,False,OK: within lot-relative limits (max 0.1 robust-sigma < 5); predicted 168h drift inside the lot safety envelope.
T01,T01-P0050,Iddq,uA,11.5057,12.4116,PASS,0.539,0.87,0.539,13.125,13.327,normal,0.0096,-0.86,False,False,False,False,False,OK: within lot-relative limits (max 0.9 robust-sigma < 5); predicted 168h drift inside the lot safety envelope.
T01,T01-P0051,Iddq,uA,12.5056,13.493,PASS,0.578,0.86,0.578,14.226,14.485,normal,0.0102,-0.93,False,False,False,False,False,OK: within lot-relative limits (max 0.9 robust-sigma < 5); predicted 168h drift inside the lot safety envelope.
T01,T01-P0052,Iddq,uA,10.952,12.3488,PASS,0.45,0.49,0.45,13.148,13.362,normal,0.0131,0.42,False,False,False,False,False,OK: within lot-relative limits (max 0.5 robust-sigma < 5); predicted 168h drift inside the lot safety envelope.
T01,T01-P0053,Iddq,uA,12.7014,13.6947,PASS,0.65,0.88,0.65,14.448,14.712,normal,0.0104,-0.93,False,False,False,False,False,OK: within lot-relative limits (max 0.9 robust-sigma < 5); predicted 168h drift inside the lot safety envelope.
T01,T01-P0054,Iddq,uA,11.3062,12.4719,PASS,0.605,0.18,0.605,13.219,13.495,normal,0.0114,-0.24,False,False,False,False,False,OK: within lot-relative limits (max 0.2 robust-sigma < 5); predicted 168h drift inside the lot safety envelope.
T01,T01-P0055,Iddq,uA,12.5845,14.0708,PASS,0.671,0.75,0.671,14.97,15.238,normal,0.0142,0.19,False,False,False,False,False,OK: within lot-relative limits (max 0.8 robust-sigma < 5); predicted 168h drift inside the lot safety envelope.
T01,T01-P0056,Iddq,uA,14.5584,16.6131,PASS,0.857,1.62,0.857,17.824,18.133,normal,0.0194,0.91,False,False,False,False,False,OK: within lot-relative limits (max 1.6 robust-sigma < 5); predicted 168h drift inside the lot safety envelope.
T01,T01-P0057,Iddq,uA,9.8307,11.0491,PASS,0.149,0.39,0.149,11.803,11.994,normal,0.0117,0.42,False,False,False,False,False,OK: within lot-relative limits (max 0.4 robust-sigma < 5); predicted 168h drift inside the lot safety envelope.
T01,T01-P0058,Iddq,uA,11.8321,12.8775,PASS,0.538,0.59,0.538,13.711,13.901,normal,0.0112,-0.47,False,False,False,False,False,OK: within lot-relative limits (max 0.6 robust-sigma < 5); predicted 168h drift inside the lot safety envelope.
T01,T01-P0059,Iddq,uA,10.3726,11.153,PASS,0.146,0.97,0.146,11.755,11.976,normal,0.0082,-1.02,False,False,False,False,False,OK: within lot-relative limits (max 1.0 robust-sigma < 5); predicted 168h drift inside the lot safety envelope.
T01,T01-P0060,Iddq,uA,11.4818,13.1394,PASS,0.602,0.95,0.602,14.227,14.331,normal,0.0163,1.21,False,False,False,False,False,OK: within lot-relative limits (max 0.9 robust-sigma < 5); predicted 168h drift inside the lot safety envelope.
T01,T01-P0061,Iddq,uA,9.1126,10.1438,PASS,0.36,0.1,0.36,10.759,10.961,normal,0.0098,0.0,False,False,False,False,False,OK: within lot-relative limits (max 0.1 robust-sigma < 5); predicted 168h drift inside the lot safety envelope.
T01,T01-P0062,Iddq,uA,10.1876,11.2669,PASS,0.36,0.1,0.36,11.919,12.201,normal,0.0103,-0.23,False,False,False,False,False,OK: within lot-relative limits (max 0.1 robust-sigma < 5); predicted 168h drift inside the lot safety envelope.
T01,T01-P0063,Iddq,uA,10.7905,11.4635,PASS,0.345,1.33,0.345,12.034,12.285,normal,0.0074,-1.42,False,False,False,False,False,OK: within lot-relative limits (max 1.3 robust-sigma < 5); predicted 168h drift inside the lot safety envelope.
T01,T01-P0064,Iddq,uA,13.2781,14.8523,PASS,0.749,1.04,0.749,15.795,16.107,normal,0.015,0.19,False,False,False,False,False,OK: within lot-relative limits (max 1.0 robust-sigma < 5); predicted 168h drift inside the lot safety envelope.
T01,T01-P0065,Iddq,uA,13.81,16.1463,PASS,0.892,1.61,0.892,18.027,18.173,normal,0.0251,2.51,False,False,False,False,False,OK: within lot-relative limits (max 1.6 robust-sigma < 5); predicted 168h drift inside the lot safety envelope.
T01,T01-P0066,Iddq,uA,8.8221,9.9729,PASS,0.091,0.57,0.091,10.576,10.843,normal,0.0104,0.38,False,False,False,False,False,OK: within lot-relative limits (max 0.6 robust-sigma < 5); predicted 168h drift inside the lot safety envelope.
T01,T01-P0067,Iddq,uA,9.7513,10.7199,PASS,0.256,0.29,0.256,11.35,11.528,normal,0.0095,-0.35,False,False,False,False,False,OK: within lot-relative limits (max 0.3 robust-sigma < 5); predicted 168h drift inside the lot safety envelope.
T01,T01-P0068,Iddq,uA,13.0845,15.244,PASS,0.829,1.5,0.829,16.662,16.676,normal,0.0213,1.89,False,False,False,False,False,OK: within lot-relative limits (max 1.5 robust-sigma < 5); predicted 168h drift inside the lot safety envelope.
T01,T01-P0069,Iddq,uA,7.6997,8.8687,PASS,0.224,1.15,0.224,9.492,9.709,normal,0.0107,1.08,False,False,False,False,False,OK: within lot-relative limits (max 1.1 robust-sigma < 5); predicted 168h drift inside the lot safety envelope.
T01,T01-P0070,Iddq,uA,10.3384,11.2923,PASS,0.102,0.48,0.102,11.997,12.166,normal,0.0099,-0.43,False,False,False,False,False,OK: within lot-relative limits (max 0.5 robust-sigma < 5); predicted 168h drift inside the lot safety envelope.
T01,T01-P0071,Iddq,uA,11.1095,11.7618,PASS,0.473,1.44,0.473,12.399,12.648,normal,0.0077,-1.41,False,False,False,False,False,OK: within lot-relative limits (max 1.4 robust-sigma < 5); predicted 168h drift inside the lot safety envelope.
T01,T01-P0072,Iddq,uA,14.4993,16.0201,PASS,0.888,1.48,0.888,16.973,17.351,normal,0.0147,-0.21,False,False,False,False,False,OK: within lot-relative limits (max 1.5 robust-sigma < 5); predicted 168h drift inside the lot safety envelope.
T01,T01-P0073,Iddq,uA,12.64,13.9206,PASS,0.663,0.75,0.663,14.788,15.042,normal,0.0128,-0.23,False,False,False,False,False,OK: within lot-relative limits (max 0.7 robust-sigma < 5); predicted 168h drift inside the lot safety envelope.
T01,T01-P0074,Iddq,uA,10.6359,11.5375,PASS,0.069,0.69,0.011,12.151,12.399,normal,0.009,-0.82,False,False,False,False,False,OK: within lot-relative limits (max 0.7 robust-sigma < 5); predicted 168h drift inside the lot safety envelope.
T01,T01-P0075,Iddq,uA,10.4701,11.4295,PASS,0.084,0.5,0.084,12.15,12.321,normal,0.01,-0.43,False,False,False,False,False,OK: within lot-relative limits (max 0.5 robust-sigma < 5); predicted 168h drift inside the lot safety envelope.
T01,T01-P0076,Iddq,uA,10.7259,12.614,PASS,0.716,1.79,0.716,14.015,14.115,normal,0.0196,2.54,False,False,False,False,False,OK: within lot-relative limits (max 1.8 robust-sigma < 5); predicted 168h drift inside the lot safety envelope.
T01,T01-P0077,Iddq,uA,14.8861,16.4919,PASS,0.932,1.63,0.932,17.474,17.813,normal,0.0154,-0.14,False,False,False,False,False,OK: within lot-relative limits (max 1.6 robust-sigma < 5); predicted 168h drift inside the lot safety envelope.
T01,T01-P0078,Iddq,uA,10.4539,11.3958,PASS,0.054,0.54,0.037,12.106,12.285,normal,0.0098,-0.48,False,False,False,False,False,OK: within lot-relative limits (max 0.5 robust-sigma < 5); predicted 168h drift inside the lot safety envelope.
T01,T01-P0079,Iddq,uA,10.6874,12.5656,PASS,0.631,1.78,0.631,13.965,14.064,normal,0.0195,2.54,False,False,False,False,False,OK: within lot-relative limits (max 1.8 robust-sigma < 5); predicted 168h drift inside the lot safety envelope.
T01,T01-P0080,Iddq,uA,12.0559,14.3285,PASS,0.903,2.11,0.903,15.853,15.865,normal,0.0226,2.69,False,False,False,False,False,OK: within lot-relative limits (max 2.1 robust-sigma < 5); predicted 168h drift inside the lot safety envelope.
T01,T01-P0081,Iddq,uA,10.8418,12.3127,PASS,0.44,0.71,0.44,13.205,13.453,normal,0.0141,0.78,False,False,False,False,False,OK: within lot-relative limits (max 0.7 robust-sigma < 5); predicted 168h drift inside the lot safety envelope.
T01,T01-P0082,Iddq,uA,10.8138,11.7258,PASS,0.071,0.71,0.017,12.354,12.606,normal,0.0092,-0.82,False,False,False,False,False,OK: within lot-relative limits (max 0.7 robust-sigma < 5); predicted 168h drift inside the lot safety envelope.
T01,T01-P0083,Iddq,uA,9.173,9.8999,PASS,0.167,0.85,0.167,10.392,10.625,normal,0.0073,-1.03,False,False,False,False,False,OK: within lot-relative limits (max 0.9 robust-sigma < 5); predicted 168h drift inside the lot safety envelope.
T01,T01-P0084,Iddq,uA,11.3775,12.0528,PASS,0.516,1.42,0.516,12.74,12.953,normal,0.0081,-1.32,False,False,False,False,False,OK: within lot-relative limits (max 1.4 robust-sigma < 5); predicted 168h drift inside the lot safety envelope.
T01,T01-P0085,Iddq,uA,10.4346,11.6496,PASS,0.316,0.19,0.316,12.399,12.635,normal,0.0117,0.16,False,False,False,False,False,OK: within lot-relative limits (max 0.2 robust-sigma < 5); predicted 168h drift inside the lot safety envelope.
T01,T01-P0086,Iddq,uA,13.8571,15.7394,PASS,0.79,1.34,0.79,16.929,17.194,normal,0.0183,0.85,False,False,False,False,False,OK: within lot-relative limits (max 1.3 robust-sigma < 5); predicted 168h drift inside the lot safety envelope.
T01,T01-P0087,Iddq,uA,12.5748,14.0756,PASS,0.684,0.75,0.684,14.959,15.254,normal,0.0142,0.19,False,False,False,False,False,OK: within lot-relative limits (max 0.8 robust-sigma < 5); predicted 168h drift inside the lot safety envelope.
T01,T01-P0088,Iddq,uA,11.0179,12.8394,PASS,0.757,1.5,0.757,13.995,14.043,normal,0.0177,1.83,False,False,False,False,False,OK: within lot-relative limits (max 1.5 robust-sigma < 5); predicted 168h drift inside the lot safety envelope.
T01,T01-P0089,Iddq,uA,12.5822,13.7631,PASS,0.61,0.72,0.61,14.626,14.811,normal,0.0122,-0.39,False,False,False,False,False,OK: within lot-relative limits (max 0.7 robust-sigma < 5); predicted 168h drift inside the lot safety envelope.
T01,T01-P0090,Iddq,uA,10.5139,11.8602,PASS,0.051,0.51,0.05,12.623,12.86,normal,0.0126,0.42,False,False,False,False,False,OK: within lot-relative limits (max 0.5 robust-sigma < 5); predicted 168h drift inside the lot safety envelope.
T01,T01-P0091,Iddq,uA,13.5569,15.6209,PASS,0.814,1.3,0.814,16.881,17.165,normal,0.0198,1.33,False,False,False,False,False,OK: within lot-relative limits (max 1.3 robust-sigma < 5); predicted 168h drift inside the lot safety envelope.
T01,T01-P0092,Iddq,uA,11.1292,12.7416,PASS,0.558,0.96,0.558,13.701,13.891,normal,0.0153,1.05,False,False,False,False,False,OK: within lot-relative limits (max 1.0 robust-sigma < 5); predicted 168h drift inside the lot safety envelope.
T01,T01-P0093,Iddq,uA,12.6462,14.5064,PASS,0.711,1.02,0.711,15.607,15.908,normal,0.0176,1.11,False,False,False,False,False,OK: within lot-relative limits (max 1.0 robust-sigma < 5); predicted 168h drift inside the lot safety envelope.
T01,T01-P0094,Iddq,uA,8.8436,9.813,PASS,0.437,0.0,0.437,10.441,10.631,normal,0.0095,0.0,False,False,False,False,False,OK: within lot-relative limits (max 0.0 robust-sigma < 5); predicted 168h drift inside the lot safety envelope.
T01,T01-P0095,Iddq,uA,12.1065,13.3987,PASS,0.735,0.51,0.735,14.199,14.499,normal,0.0125,-0.17,False,False,False,False,False,OK: within lot-relative limits (max 0.5 robust-sigma < 5); predicted 168h drift inside the lot safety envelope.
T01,T01-P0096,Iddq,uA,8.076,9.2305,PASS,0.122,0.91,0.122,9.952,10.081,normal,0.0112,1.07,False,False,False,False,False,OK: within lot-relative limits (max 0.9 robust-sigma < 5); predicted 168h drift inside the lot safety envelope.
T01,T01-P0097,Iddq,uA,7.6584,8.1579,PASS,0.312,1.25,0.312,8.568,8.73,normal,0.0054,-1.34,False,False,False,False,False,OK: within lot-relative limits (max 1.3 robust-sigma < 5); predicted 168h drift inside the lot safety envelope.
T01,T01-P0098,Iddq,uA,10.3549,11.6396,PASS,0.17,0.4,0.17,12.432,12.633,normal,0.0124,0.42,False,False,False,False,False,OK: within lot-relative limits (max 0.4 robust-sigma < 5); predicted 168h drift inside the lot safety envelope.
T01,T01-P0099,Iddq,uA,9.399,10.8522,PASS,0.289,1.22,0.289,11.714,11.914,normal,0.0138,1.35,False,False,False,False,False,OK: within lot-relative limits (max 1.2 robust-sigma < 5); predicted 168h drift inside the lot safety envelope.
T01,T01-P0100,Iddq,uA,11.6042,12.6759,PASS,0.547,0.48,0.547,13.527,13.656,normal,0.0114,-0.32,False,False,False,False,False,OK: within lot-relative limits (max 0.5 robust-sigma < 5); predicted 168h drift inside the lot safety envelope.
T01,T01-P0101,Iddq,uA,16.9338,19.2656,PASS,0.963,2.4,0.963,20.519,21.021,normal,0.0213,0.65,False,False,False,False,False,OK: within lot-relative limits (max 2.4 robust-sigma < 5); predicted 168h drift inside the lot safety envelope.
T01,T01-P0102,Iddq,uA,9.5981,10.4263,PASS,0.065,0.65,0.012,11.03,11.259,normal,0.0085,-0.67,False,False,False,False,False,OK: within lot-relative limits (max 0.7 robust-sigma < 5); predicted 168h drift inside the lot safety envelope.
T01,T01-P0103,Iddq,uA,10.1165,10.8692,PASS,0.189,0.99,0.189,11.464,11.676,normal,0.008,-1.02,False,False,False,False,False,OK: within lot-relative limits (max 1.0 robust-sigma < 5); predicted 168h drift inside the lot safety envelope.
T01,T01-P0104,Iddq,uA,11.5537,12.709,PASS,0.607,0.27,0.607,13.532,13.659,normal,0.0118,-0.2,False,False,False,False,False,OK: within lot-relative limits (max 0.3 robust-sigma < 5); predicted 168h drift inside the lot safety envelope.
T01,T01-P0105,Iddq,uA,12.5574,13.2748,PASS,0.805,1.49,0.805,14.05,14.249,normal,0.0089,-1.34,False,False,False,False,False,OK: within lot-relative limits (max 1.5 robust-sigma < 5); predicted 168h drift inside the lot safety envelope.
T01,T01-P0106,Iddq,uA,10.7563,11.3321,PASS,0.41,1.59,0.41,12.065,12.181,normal,0.0078,-1.28,False,False,False,False,False,OK: within lot-relative limits (max 1.6 robust-sigma < 5); predicted 168h drift inside the lot safety envelope.
T01,T01-P0107,Iddq,uA,10.8723,11.7831,PASS,0.072,0.72,0.029,12.421,12.66,normal,0.0092,-0.82,False,False,False,False,False,OK: within lot-relative limits (max 0.7 robust-sigma < 5); predicted 168h drift inside the lot safety envelope.
T01,T01-P0108,Iddq,uA,12.9583,14.6996,PASS,0.651,0.98,0.651,15.712,16.045,normal,0.0164,0.67,False,False,False,False,False,OK: within lot-relative limits (max 1.0 robust-sigma < 5); predicted 168h drift inside the lot safety envelope.
T01,T01-P0109,Iddq,uA,12.3455,13.852,PASS,0.614,0.67,0.614,14.838,15.041,normal,0.0148,0.45,False,False,False,False,False,OK: within lot-relative limits (max 0.7 robust-sigma < 5); predicted 168h drift inside the lot safety envelope.
T01,T01-P0110,Iddq,uA,9.1168,10.0598,PASS,0.318,0.17,0.318,10.635,10.881,normal,0.009,-0.3,False,False,False,False,False,OK: within lot-relative limits (max 0.2 robust-sigma < 5); predicted 168h drift inside the lot safety envelope.
T01,T01-P0111,Iddq,uA,11.1335,12.0919,PASS,0.445,0.66,0.445,12.81,13.06,normal,0.01,-0.65,False,False,False,False,False,OK: within lot-relative limits (max 0.7 robust-sigma < 5); predicted 168h drift inside the lot safety envelope.
T01,T01-P0112,Iddq,uA,11.4114,13.0698,PASS,0.626,0.97,0.626,14.14,14.244,normal,0.0162,1.21,False,False,False,False,False,OK: within lot-relative limits (max 1.0 robust-sigma < 5); predicted 168h drift inside the lot safety envelope.
T01,T01-P0113,Iddq,uA,9.3469,9.497,PASS,0.786,2.7,0.786,10.037,10.23,normal,0.0041,-2.37,False,False,False,False,False,OK: within lot-relative limits (max 2.7 robust-sigma < 5); predicted 168h drift inside the lot safety envelope.
T01,T01-P0114,Iddq,uA,11.4954,13.3891,PASS,0.779,1.49,0.779,14.69,14.69,normal,0.019,1.98,False,False,False,False,False,OK: within lot-relative limits (max 1.5 robust-sigma < 5); predicted 168h drift inside the lot safety envelope.
T01,T01-P0115,Iddq,uA,9.5771,10.743,PASS,0.253,0.33,0.253,11.498,11.668,normal,0.0114,0.42,False,False,False,False,False,OK: within lot-relative limits (max 0.3 robust-sigma < 5); predicted 168h drift inside the lot safety envelope.
T01,T01-P0116,Iddq,uA,13.4376,15.3793,PASS,0.747,1.22,0.747,16.583,16.773,normal,0.0187,1.11,False,False,False,False,False,OK: within lot-relative limits (max 1.2 robust-sigma < 5); predicted 168h drift inside the lot safety envelope.
T01,T01-P0117,Iddq,uA,11.6793,14.0786,PASS,0.927,2.54,0.927,15.914,15.914,normal,0.0252,3.58,False,False,False,False,False,OK: within lot-relative limits (max 2.5 robust-sigma < 5); predicted 168h drift inside the lot safety envelope.
T01,T01-P0118,Iddq,uA,11.226,13.0019,PASS,0.704,1.32,0.704,14.146,14.308,normal,0.0174,1.63,False,False,False,False,False,OK: within lot-relative limits (max 1.3 robust-sigma < 5); predicted 168h drift inside the lot safety envelope.
T01,T01-P0119,Iddq,uA,10.1111,11.2336,PASS,0.407,0.04,0.407,11.96,12.154,normal,0.011,0.05,False,False,False,False,False,OK: within lot-relative limits (max 0.0 robust-sigma < 5); predicted 168h drift inside the lot safety envelope.
T01,T01-P0120,Iddq,uA,10.9442,12.2307,PASS,0.435,0.22,0.435,13.013,13.252,normal,0.0123,0.18,False,False,False,False,False,OK: within lot-relative limits (max 0.2 robust-sigma < 5); predicted 168h drift inside the lot safety envelope.
T01,T01-P0121,Iddq,uA,7.6573,8.6671,PASS,0.061,0.61,0.06,9.203,9.463,normal,0.0092,0.45,False,False,False,False,False,OK: within lot-relative limits (max 0.6 robust-sigma < 5); predicted 168h drift inside the lot safety envelope.
T01,T01-P0122,Iddq,uA,9.1713,10.171,PASS,0.425,0.02,0.425,10.828,11.024,normal,0.0099,0.0,False,False,False,False,False,OK: within lot-relative limits (max 0.0 robust-sigma < 5); predicted 168h drift inside the lot safety envelope.
T01,T01-P0123,Iddq,uA,12.032,13.2143,PASS,0.606,0.48,0.606,14.039,14.193,normal,0.0119,-0.29,False,False,False,False,False,OK: within lot-relative limits (max 0.5 robust-sigma < 5); predicted 168h drift inside the lot safety envelope.
T01,T01-P0124,Iddq,uA,7.4832,8.5323,PASS,0.162,0.84,0.162,9.09,9.302,normal,0.0096,0.71,False,False,False,False,False,OK: within lot-relative limits (max 0.8 robust-sigma < 5); predicted 168h drift inside the lot safety envelope.
T01,T01-P0125,Iddq,uA,13.1852,15.5658,PASS,0.896,1.9,0.896,17.24,17.351,normal,0.0241,2.55,False,False,False,False,False,OK: within lot-relative limits (max 1.9 robust-sigma < 5); predicted 168h drift inside the lot safety envelope.
T01,T01-P0126,Iddq,uA,8.2241,8.9743,PASS,0.051,0.51,0.039,9.569,9.679,normal,0.008,-0.36,False,False,False,False,False,OK: within lot-relative limits (max 0.5 robust-sigma < 5); predicted 168h drift inside the lot safety envelope.
T01,T01-P0127,Iddq,uA,39.6646,44.7319,REJECT,0.986,6.9,0.986,47.326,48.52,low,0.0456,0.26,False,True,False,False,True,"LOT OUTLIER: Iddq@0h = 39.7 uA is 6.9 robust-sigma above lot T01 median (11.0 uA); still under datasheet max 50 uA, so a static limit would pass it. | LOT OUTLIER: Iddq@24h = 44.7 uA is 6.8 robust-sigma above lot T01 median (12.2 uA); still under datasheet max 50 uA, so a static limit would pass it. | GUARD BAND: 90% upper forecast for Iddq@168h is 48.5 uA = 97% of datasheet max (guard band 70%)."
T01,T01-P0128,Iddq,uA,9.7476,10.7179,PASS,0.26,0.28,0.26,11.372,11.524,normal,0.0097,-0.3,False,False,False,False,False,OK: within lot-relative limits (max 0.3 robust-sigma < 5); predicted 168h drift inside the lot safety envelope.
T01,T01-P0129,Iddq,uA,12.9558,15.1962,PASS,0.861,1.7,0.861,16.935,17.049,normal,0.0237,2.54,False,False,False,False,False,OK: within lot-relative limits (max 1.7 robust-sigma < 5); predicted 168h drift inside the lot safety envelope.
T01,T01-P0130,Iddq,uA,11.4614,12.7394,PASS,0.741,0.23,0.741,13.61,13.777,normal,0.0128,0.14,False,False,False,False,False,OK: within lot-relative limits (max 0.2 robust-sigma < 5); predicted 168h drift inside the lot safety envelope.
T01,T01-P0131,Iddq,uA,8.2844,10.005,PASS,0.744,2.6,0.744,11.394,11.394,normal,0.0185,3.82,False,False,False,False,False,OK: within lot-relative limits (max 2.6 robust-sigma < 5); predicted 168h drift inside the lot safety envelope.
T01,T01-P0132,Iddq,uA,14.2076,15.3884,PASS,0.771,1.37,0.771,16.259,16.524,normal,0.0122,-0.78,False,False,False,False,False,OK: within lot-relative limits (max 1.4 robust-sigma < 5); predicted 168h drift inside the lot safety envelope.
T01,T01-P0133,Iddq,uA,14.538,16.4125,PASS,0.85,1.56,0.85,17.512,17.841,normal,0.0177,0.5,False,False,False,False,False,OK: within lot-relative limits (max 1.6 robust-sigma < 5); predicted 168h drift inside the lot safety envelope.
T01,T01-P0134,Iddq,uA,11.2252,12.279,PASS,0.487,0.44,0.487,13.039,13.214,normal,0.0108,-0.41,False,False,False,False,False,OK: within lot-relative limits (max 0.4 robust-sigma < 5); predicted 168h drift inside the lot safety envelope.
T01,T01-P0135,Iddq,uA,10.5524,12.1498,PASS,0.229,1.13,0.229,13.117,13.304,normal,0.0153,1.29,False,False,False,False,False,OK: within lot-relative limits (max 1.1 robust-sigma < 5); predicted 168h drift inside the lot safety envelope.
T01,T01-P0136,Iddq,uA,10.8681,12.529,PASS,0.483,1.17,0.483,13.485,13.761,normal,0.0156,1.24,False,False,False,False,False,OK: within lot-relative limits (max 1.2 robust-sigma < 5); predicted 168h drift inside the lot safety envelope.
T01,T01-P0137,Iddq,uA,9.2639,10.0773,PASS,0.061,0.61,0.06,10.646,10.867,normal,0.0082,-0.67,False,False,False,False,False,OK: within lot-relative limits (max 0.6 robust-sigma < 5); predicted 168h drift inside the lot safety envelope.
T01,T01-P0138,Iddq,uA,13.8433,14.5934,PASS,0.874,1.57,0.874,15.563,15.677,normal,0.0102,-1.22,False,False,False,False,False,OK: within lot-relative limits (max 1.6 robust-sigma < 5); predicted 168h drift inside the lot safety envelope.
T01,T01-P0139,Iddq,uA,10.1036,11.5333,PASS,0.135,0.87,0.135,12.328,12.589,normal,0.0132,0.82,False,False,False,False,False,OK: within lot-relative limits (max 0.9 robust-sigma < 5); predicted 168h drift inside the lot safety envelope.
T01,T01-P0140,Iddq,uA,11.3084,12.136,PASS,0.48,1.02,0.48,12.836,13.023,normal,0.0091,-0.98,False,False,False,False,False,OK: within lot-relative limits (max 1.0 robust-sigma < 5); predicted 168h drift inside the lot safety envelope.
T01,T01-P0141,Iddq,uA,9.5915,10.3284,PASS,0.127,0.92,0.127,10.869,11.073,normal,0.0076,-1.02,False,False,False,False,False,OK: within lot-relative limits (max 0.9 robust-sigma < 5); predicted 168h drift inside the lot safety envelope.
T01,T01-P0142,Iddq,uA,9.991,11.4577,PASS,0.177,1.01,0.177,12.314,12.568,normal,0.0138,1.08,False,False,False,False,False,OK: within lot-relative limits (max 1.0 robust-sigma < 5); predicted 168h drift inside the lot safety envelope.
T01,T01-P0143,Iddq,uA,9.0061,9.9263,PASS,0.27,0.21,0.27,10.506,10.718,normal,0.0089,-0.3,False,False,False,False,False,OK: within lot-relative limits (max 0.2 robust-sigma < 5); predicted 168h drift inside the lot safety envelope.
T01,T01-P0144,Iddq,uA,14.3883,16.1608,PASS,0.856,1.48,0.856,17.331,17.516,normal,0.0175,0.5,False,False,False,False,False,OK: within lot-relative limits (max 1.5 robust-sigma < 5); predicted 168h drift inside the lot safety envelope.
T01,T01-P0145,Iddq,uA,10.9295,11.7377,PASS,0.136,1.0,0.136,12.4,12.6,normal,0.0088,-1.0,False,False,False,False,False,OK: within lot-relative limits (max 1.0 robust-sigma < 5); predicted 168h drift inside the lot safety envelope.
T01,T01-P0146,Iddq,uA,13.4473,15.5442,PASS,0.812,1.27,0.812,16.781,17.056,normal,0.0198,1.39,False,False,False,False,False,OK: within lot-relative limits (max 1.3 robust-sigma < 5); predicted 168h drift inside the lot safety envelope.
T01,T01-P0147,Iddq,uA,11.2818,12.6779,PASS,0.57,0.39,0.57,13.55,13.764,normal,0.0135,0.43,False,False,False,False,False,OK: within lot-relative limits (max 0.4 robust-sigma < 5); predicted 168h drift inside the lot safety envelope.
T01,T01-P0148,Iddq,uA,9.9367,11.3774,PASS,0.156,0.96,0.156,12.248,12.403,normal,0.0138,1.08,False,False,False,False,False,OK: within lot-relative limits (max 1.0 robust-sigma < 5); predicted 168h drift inside the lot safety envelope.
T01,T01-P0149,Iddq,uA,10.5569,11.2074,PASS,0.349,1.36,0.349,11.773,12.019,normal,0.0072,-1.42,False,False,False,False,False,OK: within lot-relative limits (max 1.4 robust-sigma < 5); predicted 168h drift inside the lot safety envelope.
T01,T01-P0150,Iddq,uA,10.071,10.7713,PASS,0.231,1.13,0.231,11.367,11.565,normal,0.0077,-1.12,False,False,False,False,False,OK: within lot-relative limits (max 1.1 robust-sigma < 5); predicted 168h drift inside the lot safety envelope.
T01,T01-P0151,Iddq,uA,11.2798,12.4054,PASS,0.528,0.27,0.528,13.165,13.335,normal,0.0112,-0.29,False,False,False,False,False,OK: within lot-relative limits (max 0.3 robust-sigma < 5); predicted 168h drift inside the lot safety envelope.
T01,T01-P0152,Iddq,uA,10.4537,11.5405,PASS,0.324,0.16,0.324,12.217,12.477,normal,0.0105,-0.25,False,False,False,False,False,OK: within lot-relative limits (max 0.2 robust-sigma < 5); predicted 168h drift inside the lot safety envelope.
T01,T01-P0153,Iddq,uA,10.7466,11.9752,PASS,0.333,0.13,0.333,12.711,13.012,normal,0.0117,0.05,False,False,False,False,False,OK: within lot-relative limits (max 0.1 robust-sigma < 5); predicted 168h drift inside the lot safety envelope.
T01,T01-P0154,Iddq,uA,8.7556,9.4482,PASS,0.179,0.86,0.179,9.919,10.142,normal,0.0069,-1.03,False,False,False,False,False,OK: within lot-relative limits (max 0.9 robust-sigma < 5); predicted 168h drift inside the lot safety envelope.
T01,T01-P0155,Iddq,uA,9.5471,10.3467,PASS,0.072,0.72,0.029,10.907,11.116,normal,0.0081,-0.82,False,False,False,False,False,OK: within lot-relative limits (max 0.7 robust-sigma < 5); predicted 168h drift inside the lot safety envelope.
T01,T01-P0156,Iddq,uA,15.2586,17.1054,PASS,0.924,1.78,0.924,18.247,18.502,normal,0.0178,0.32,False,False,False,False,False,OK: within lot-relative limits (max 1.8 robust-sigma < 5); predicted 168h drift inside the lot safety envelope.
T01,T01-P0157,Iddq,uA,9.9189,11.0441,PASS,0.352,0.11,0.352,11.732,11.93,normal,0.0108,0.05,False,False,False,False,False,OK: within lot-relative limits (max 0.1 robust-sigma < 5); predicted 168h drift inside the lot safety envelope.
T01,T01-P0158,Iddq,uA,9.2055,10.412,PASS,0.067,0.59,0.067,11.035,11.376,normal,0.0109,0.38,False,False,False,False,False,OK: within lot-relative limits (max 0.6 robust-sigma < 5); predicted 168h drift inside the lot safety envelope.
T01,T01-P0159,Iddq,uA,11.8944,13.0291,PASS,0.556,0.42,0.556,13.828,14.021,normal,0.0115,-0.38,False,False,False,False,False,OK: within lot-relative limits (max 0.4 robust-sigma < 5); predicted 168h drift inside the lot safety envelope.
T01,T01-P0160,Iddq,uA,14.7223,15.9062,PASS,0.85,1.57,0.85,16.738,17.039,normal,0.012,-0.94,False,False,False,False,False,OK: within lot-relative limits (max 1.6 robust-sigma < 5); predicted 168h drift inside the lot safety envelope.
T01,T01-P0161,Iddq,uA,8.7264,9.8134,PASS,0.208,0.41,0.208,10.461,10.647,normal,0.0103,0.38,False,False,False,False,False,OK: within lot-relative limits (max 0.4 robust-sigma < 5); predicted 168h drift inside the lot safety envelope.
T01,T01-P0162,Iddq,uA,10.7967,13.1675,PASS,0.937,2.9,0.937,14.761,15.198,normal,0.0236,3.67,False,False,False,False,False,OK: within lot-relative limits (max 2.9 robust-sigma < 5); predicted 168h drift inside the lot safety envelope.
T01,T01-P0163,Iddq,uA,10.0009,12.1002,PASS,0.762,2.66,0.762,13.55,13.573,normal,0.0211,3.44,False,False,False,False,False,OK: within lot-relative limits (max 2.7 robust-sigma < 5); predicted 168h drift inside the lot safety envelope.
T01,T01-P0164,Iddq,uA,7.94,8.9233,PASS,0.156,0.39,0.156,9.495,9.688,normal,0.0093,0.32,False,False,False,False,False,OK: within lot-relative limits (max 0.4 robust-sigma < 5); predicted 168h drift inside the lot safety envelope.
T01,T01-P0165,Iddq,uA,12.6588,14.541,PASS,0.724,1.06,0.724,15.768,15.951,normal,0.0185,1.34,False,False,False,False,False,OK: within lot-relative limits (max 1.1 robust-sigma < 5); predicted 168h drift inside the lot safety envelope.
T01,T01-P0166,Iddq,uA,11.1725,13.0714,PASS,0.817,1.63,0.817,14.544,14.702,normal,0.0201,2.44,False,False,False,False,False,OK: within lot-relative limits (max 1.6 robust-sigma < 5); predicted 168h drift inside the lot safety envelope.
T01,T01-P0167,Iddq,uA,11.2988,12.6177,PASS,0.61,0.2,0.61,13.431,13.681,normal,0.0127,0.17,False,False,False,False,False,OK: within lot-relative limits (max 0.2 robust-sigma < 5); predicted 168h drift inside the lot safety envelope.
T01,T01-P0168,Iddq,uA,9.6986,10.4463,PASS,0.122,0.91,0.122,10.991,11.196,normal,0.0077,-1.02,False,False,False,False,False,OK: within lot-relative limits (max 0.9 robust-sigma < 5); predicted 168h drift inside the lot safety envelope.
T01,T01-P0169,Iddq,uA,12.1357,13.8343,PASS,0.598,0.83,0.598,14.826,15.12,normal,0.016,0.85,False,False,False,False,False,OK: within lot-relative limits (max 0.8 robust-sigma < 5); predicted 168h drift inside the lot safety envelope.
T01,T01-P0170,Iddq,uA,10.2366,11.2363,PASS,0.253,0.33,0.253,11.915,12.07,normal,0.01,-0.35,False,False,False,False,False,OK: within lot-relative limits (max 0.3 robust-sigma < 5); predicted 168h drift inside the lot safety envelope.
T01,T01-P0171,Iddq,uA,10.9052,11.8259,PASS,0.07,0.7,0.016,12.473,12.713,normal,0.0093,-0.79,False,False,False,False,False,OK: within lot-relative limits (max 0.7 robust-sigma < 5); predicted 168h drift inside the lot safety envelope.
T01,T01-P0172,Iddq,uA,8.9249,9.7616,PASS,0.106,0.44,0.106,10.338,10.507,normal,0.0084,-0.48,False,False,False,False,False,OK: within lot-relative limits (max 0.4 robust-sigma < 5); predicted 168h drift inside the lot safety envelope.
T01,T01-P0173,Iddq,uA,8.896,9.4447,PASS,0.349,1.35,0.349,9.906,10.129,normal,0.006,-1.46,False,False,False,False,False,OK: within lot-relative limits (max 1.4 robust-sigma < 5); predicted 168h drift inside the lot safety envelope.
T01,T01-P0174,Iddq,uA,14.4937,16.4878,PASS,0.845,1.58,0.845,17.745,17.984,normal,0.0194,0.91,False,False,False,False,False,OK: within lot-relative limits (max 1.6 robust-sigma < 5); predicted 168h drift inside the lot safety envelope.
T01,T01-P0175,Iddq,uA,10.1384,10.989,PASS,0.072,0.72,0.029,11.582,11.819,normal,0.0086,-0.82,False,False,False,False,False,OK: within lot-relative limits (max 0.7 robust-sigma < 5); predicted 168h drift inside the lot safety envelope.
T01,T01-P0176,Iddq,uA,12.0393,13.0483,PASS,0.541,0.72,0.541,13.787,14.018,normal,0.0104,-0.76,False,False,False,False,False,OK: within lot-relative limits (max 0.7 robust-sigma < 5); predicted 168h drift inside the lot safety envelope.
T01,T01-P0177,Iddq,uA,11.2951,12.4978,PASS,0.678,0.14,0.678,13.22,13.527,normal,0.0115,-0.22,False,False,False,False,False,OK: within lot-relative limits (max 0.1 robust-sigma < 5); predicted 168h drift inside the lot safety envelope.
T01,T01-P0178,Iddq,uA,10.4757,11.8284,PASS,0.054,0.54,0.041,12.577,12.861,normal,0.0125,0.42,False,False,False,False,False,OK: within lot-relative limits (max 0.5 robust-sigma < 5); predicted 168h drift inside the lot safety envelope.
T01,T01-P0179,Iddq,uA,10.2341,11.2167,PASS,0.198,0.38,0.198,11.912,12.067,normal,0.01,-0.35,False,False,False,False,False,OK: within lot-relative limits (max 0.4 robust-sigma < 5); predicted 168h drift inside the lot safety envelope.
T01,T01-P0180,Iddq,uA,12.7786,14.0707,PASS,0.71,0.8,0.71,14.95,15.207,normal,0.0129,-0.23,False,False,False,False,False,OK: within lot-relative limits (max 0.8 robust-sigma < 5); predicted 168h drift inside the lot safety envelope.
T01,T01-P0181,Iddq,uA,10.6542,11.245,PASS,0.398,1.54,0.398,11.95,12.065,normal,0.0077,-1.28,False,False,False,False,False,OK: within lot-relative limits (max 1.5 robust-sigma < 5); predicted 168h drift inside the lot safety envelope.
T01,T01-P0182,Iddq,uA,10.8492,11.9935,PASS,0.346,0.11,0.346,12.694,12.993,normal,0.011,-0.23,False,False,False,False,False,OK: within lot-relative limits (max 0.1 robust-sigma < 5); predicted 168h drift inside the lot safety envelope.
T01,T01-P0183,Iddq,uA,11.2239,12.295,PASS,0.489,0.39,0.489,13.038,13.231,normal,0.0108,-0.41,False,False,False,False,False,OK: within lot-relative limits (max 0.4 robust-sigma < 5); predicted 168h drift inside the lot safety envelope.
T01,T01-P0184,Iddq,uA,14.0313,16.311,PASS,0.875,1.53,0.875,17.778,17.883,normal,0.0223,1.77,False,False,False,False,False,OK: within lot-relative limits (max 1.5 robust-sigma < 5); predicted 168h drift inside the lot safety envelope.
T01,T01-P0185,Iddq,uA,13.0918,14.0443,PASS,0.7,1.04,0.7,14.87,15.076,normal,0.0106,-0.97,False,False,False,False,False,OK: within lot-relative limits (max 1.0 robust-sigma < 5); predicted 168h drift inside the lot safety envelope.
T01,T01-P0186,Iddq,uA,11.9749,13.2932,PASS,0.793,0.45,0.793,14.198,14.394,normal,0.0132,0.11,False,False,False,False,False,OK: within lot-relative limits (max 0.5 robust-sigma < 5); predicted 168h drift inside the lot safety envelope.
T01,T01-P0187,Iddq,uA,9.9371,11.2148,PASS,0.052,0.52,0.032,11.931,12.199,normal,0.0119,0.42,False,False,False,False,False,OK: within lot-relative limits (max 0.5 robust-sigma < 5); predicted 168h drift inside the lot safety envelope.
T01,T01-P0188,Iddq,uA,8.7568,9.4412,PASS,0.164,0.88,0.164,10.751,10.751,normal,0.0119,0.98,False,False,False,False,False,OK: within lot-relative limits (max 0.9 robust-sigma < 5); predicted 168h drift inside the lot safety envelope.
T01,T01-P0189,Iddq,uA,13.2821,15.4023,PASS,0.821,1.35,0.821,16.732,16.928,normal,0.0205,1.62,False,False,False,False,False,OK: within lot-relative limits (max 1.4 robust-sigma < 5); predicted 168h drift inside the lot safety envelope.
T01,T01-P0190,Iddq,uA,13.5251,14.3199,PASS,0.84,1.44,0.84,15.112,15.398,normal,0.0094,-1.38,False,False,False,False,False,OK: within lot-relative limits (max 1.4 robust-sigma < 5); predicted 168h drift inside the lot safety envelope.
T01,T01-P0191,Iddq,uA,11.008,11.6711,PASS,0.372,1.4,0.372,12.286,12.533,normal,0.0076,-1.41,False,False,False,False,False,OK: within lot-relative limits (max 1.4 robust-sigma < 5); predicted 168h drift inside the lot safety envelope.
T01,T01-P0192,Iddq,uA,12.4078,13.5561,PASS,0.548,0.65,0.548,14.423,14.601,normal,0.012,-0.39,False,False,False,False,False,OK: within lot-relative limits (max 0.6 robust-sigma < 5); predicted 168h drift inside the lot safety envelope.
T01,T01-P0193,Iddq,uA,12.9059,15.9754,PASS,0.962,3.36,0.962,18.453,18.567,normal,0.033,4.79,False,False,False,False,False,OK: within lot-relative limits (max 3.4 robust-sigma < 5); predicted 168h drift inside the lot safety envelope.
T01,T01-P0194,Iddq,uA,13.1872,15.226,PASS,0.768,1.22,0.768,16.456,16.715,normal,0.0195,1.39,False,False,False,False,False,OK: within lot-relative limits (max 1.2 robust-sigma < 5); predicted 168h drift inside the lot safety envelope.
T01,T01-P0195,Iddq,uA,13.4547,14.9212,PASS,0.871,1.08,0.871,15.932,16.173,normal,0.0147,0.07,False,False,False,False,False,OK: within lot-relative limits (max 1.1 robust-sigma < 5); predicted 168h drift inside the lot safety envelope.
T01,T01-P0196,Iddq,uA,10.2627,11.577,PASS,0.051,0.51,0.05,12.321,12.553,normal,0.0123,0.42,False,False,False,False,False,OK: within lot-relative limits (max 0.5 robust-sigma < 5); predicted 168h drift inside the lot safety envelope.
T01,T01-P0197,Iddq,uA,14.677,18.16,PASS,0.973,3.34,0.973,21.162,21.162,normal,0.0386,5.0,False,False,False,False,False,OK: within lot-relative limits (max 3.3 robust-sigma < 5); predicted 168h drift inside the lot safety envelope.
T01,T01-P0198,Iddq,uA,8.758,9.6394,PASS,0.266,0.25,0.266,10.199,10.379,normal,0.0086,-0.34,False,False,False,False,False,OK: within lot-relative limits (max 0.2 robust-sigma < 5); predicted 168h drift inside the lot safety envelope.
T01,T01-P0199,Iddq,uA,13.2984,14.1906,PASS,0.753,1.2,0.753,14.972,15.223,normal,0.01,-1.19,False,False,False,False,False,OK: within lot-relative limits (max 1.2 robust-sigma < 5); predicted 168h drift inside the lot safety envelope.
T01,T01-P0200,Iddq,uA,12.2252,14.3567,PASS,0.854,1.74,0.854,16.017,16.088,normal,0.0226,2.6,False,False,False,False,False,OK: within lot-relative limits (max 1.7 robust-sigma < 5); predicted 168h drift inside the lot safety envelope.
T01,T01-P0201,Iddq,uA,13.5264,14.8006,PASS,0.718,1.11,0.718,15.723,15.922,normal,0.0131,-0.39,False,False,False,False,False,OK: within lot-relative limits (max 1.1 robust-sigma < 5); predicted 168h drift inside the lot safety envelope.
T01,T01-P0202,Iddq,uA,16.2982,18.0921,PASS,0.961,2.11,0.961,19.238,19.584,normal,0.0175,-0.0,False,False,False,False,False,OK: within lot-relative limits (max 2.1 robust-sigma < 5); predicted 168h drift inside the lot safety envelope.
T01,T01-P0203,Iddq,uA,15.079,16.1581,PASS,0.888,1.7,0.888,17.164,17.351,normal,0.0124,-0.91,False,False,False,False,False,OK: within lot-relative limits (max 1.7 robust-sigma < 5); predicted 168h drift inside the lot safety envelope.
T01,T01-P0204,Iddq,uA,9.0826,10.7927,PASS,0.492,2.1,0.492,11.885,11.952,normal,0.0167,2.57,False,False,False,False,False,OK: within lot-relative limits (max 2.1 robust-sigma < 5); predicted 168h drift inside the lot safety envelope.
T01,T01-P0205,Iddq,uA,8.1004,9.6985,PASS,0.566,2.33,0.566,11.162,11.162,normal,0.0182,3.86,False,False,False,False,False,OK: within lot-relative limits (max 2.3 robust-sigma < 5); predicted 168h drift inside the lot safety envelope.
T01,T01-P0206,Iddq,uA,13.2964,14.7197,PASS,0.822,1.02,0.822,15.574,15.924,normal,0.0136,-0.2,False,False,False,False,False,OK: within lot-relative limits (max 1.0 robust-sigma < 5); predicted 168h drift inside the lot safety envelope.
T01,T01-P0207,Iddq,uA,9.2815,10.3984,PASS,0.241,0.3,0.241,11.074,11.259,normal,0.0107,0.26,False,False,False,False,False,OK: within lot-relative limits (max 0.3 robust-sigma < 5); predicted 168h drift inside the lot safety envelope.
T01,T01-P0208,Iddq,uA,11.176,11.831,PASS,0.488,1.44,0.488,12.473,12.724,normal,0.0077,-1.41,False,False,False,False,False,OK: within lot-relative limits (max 1.4 robust-sigma < 5); predicted 168h drift inside the lot safety envelope.
T01,T01-P0209,Iddq,uA,13.033,14.993,PASS,0.753,1.11,0.753,16.221,16.423,normal,0.019,1.32,False,False,False,False,False,OK: within lot-relative limits (max 1.1 robust-sigma < 5); predicted 168h drift inside the lot safety envelope.
T01,T01-P0210,Iddq,uA,8.1248,8.9621,PASS,0.296,0.18,0.296,9.469,9.698,normal,0.008,-0.32,False,False,False,False,False,OK: within lot-relative limits (max 0.2 robust-sigma < 5); predicted 168h drift inside the lot safety envelope.
T01,T01-P0211,Iddq,uA,7.5443,8.5494,PASS,0.065,0.65,0.023,9.096,9.319,normal,0.0092,0.52,False,False,False,False,False,OK: within lot-relative limits (max 0.6 robust-sigma < 5); predicted 168h drift inside the lot safety envelope.
T01,T01-P0212,Iddq,uA,11.7833,13.2272,PASS,0.566,0.43,0.566,14.181,14.356,normal,0.0143,0.48,False,False,False,False,False,OK: within lot-relative limits (max 0.4 robust-sigma < 5); predicted 168h drift inside the lot safety envelope.
T01,T01-P0213,Iddq,uA,11.4743,12.4443,PASS,0.503,0.7,0.503,13.175,13.376,normal,0.0101,-0.7,False,False,False,False,False,OK: within lot-relative limits (max 0.7 robust-sigma < 5); predicted 168h drift inside the lot safety envelope.
T01,T01-P0214,Iddq,uA,10.8155,11.4886,PASS,0.335,1.34,0.335,12.062,12.313,normal,0.0074,-1.42,False,False,False,False,False,OK: within lot-relative limits (max 1.3 robust-sigma < 5); predicted 168h drift inside the lot safety envelope.
T01,T01-P0215,Iddq,uA,11.3591,12.8152,PASS,0.555,0.51,0.555,13.691,13.945,normal,0.0139,0.52,False,False,False,False,False,OK: within lot-relative limits (max 0.5 robust-sigma < 5); predicted 168h drift inside the lot safety envelope.
T01,T01-P0216,Iddq,uA,9.5461,10.4783,PASS,0.253,0.33,0.253,11.112,11.256,normal,0.0093,-0.35,False,False,False,False,False,OK: within lot-relative limits (max 0.3 robust-sigma < 5); predicted 168h drift inside the lot safety envelope.
T01,T01-P0217,Iddq,uA,8.6161,9.2331,PASS,0.226,1.07,0.226,9.806,9.923,normal,0.0071,-0.92,False,False,False,False,False,OK: within lot-relative limits (max 1.1 robust-sigma < 5); predicted 168h drift inside the lot safety envelope.
T01,T01-P0218,Iddq,uA,10.8663,12.1333,PASS,0.303,0.19,0.303,12.912,13.158,normal,0.0122,0.16,False,False,False,False,False,OK: within lot-relative limits (max 0.2 robust-sigma < 5); predicted 168h drift inside the lot safety envelope.
T01,T01-P0219,Iddq,uA,9.2635,10.2975,PASS,0.388,0.06,0.388,10.957,11.14,normal,0.0101,0.05,False,False,False,False,False,OK: within lot-relative limits (max 0.1 robust-sigma < 5); predicted 168h drift inside the lot safety envelope.
T01,T01-P0220,Iddq,uA,8.18,8.7308,PASS,0.286,1.19,0.286,9.166,9.365,normal,0.0059,-1.31,False,False,False,False,False,OK: within lot-relative limits (max 1.2 robust-sigma < 5); predicted 168h drift inside the lot safety envelope.
T01,T01-P0221,Iddq,uA,12.3814,14.2568,PASS,0.688,1.14,0.688,15.418,15.61,normal,0.0181,1.33,False,False,False,False,False,OK: within lot-relative limits (max 1.1 robust-sigma < 5); predicted 168h drift inside the lot safety envelope.
T01,T01-P0222,Iddq,uA,11.1809,12.3513,PASS,0.519,0.14,0.519,13.066,13.39,normal,0.0112,-0.26,False,False,False,False,False,OK: within lot-relative limits (max 0.1 robust-sigma < 5); predicted 168h drift inside the lot safety envelope.
T01,T01-P0223,Iddq,uA,12.1854,14.1124,PASS,0.771,1.31,0.771,15.358,15.53,normal,0.0189,1.63,False,False,False,False,False,OK: within lot-relative limits (max 1.3 robust-sigma < 5); predicted 168h drift inside the lot safety envelope.
T01,T01-P0224,Iddq,uA,9.4016,11.1076,PASS,0.467,1.93,0.467,12.321,12.372,normal,0.0174,2.61,False,False,False,False,False,OK: within lot-relative limits (max 1.9 robust-sigma < 5); predicted 168h drift inside the lot safety envelope.
T01,T01-P0225,Iddq,uA,9.9303,11.1244,PASS,0.241,0.29,0.241,11.848,12.046,normal,0.0114,0.26,False,False,False,False,False,OK: within lot-relative limits (max 0.3 robust-sigma < 5); predicted 168h drift inside the lot safety envelope.
T01,T01-P0226,Iddq,uA,9.2827,9.9227,PASS,0.224,1.15,0.224,10.477,10.66,normal,0.0071,-1.12,False,False,False,False,False,OK: within lot-relative limits (max 1.1 robust-sigma < 5); predicted 168h drift inside the lot safety envelope.
T01,T01-P0227,Iddq,uA,9.504,10.2298,PASS,0.142,0.93,0.142,10.77,10.971,normal,0.0075,-1.02,False,False,False,False,False,OK: within lot-relative limits (max 0.9 robust-sigma < 5); predicted 168h drift inside the lot safety envelope.
T01,T01-P0228,Iddq,uA,11.9122,12.7143,PASS,0.692,1.19,0.692,13.412,13.636,normal,0.0089,-1.19,False,False,False,False,False,OK: within lot-relative limits (max 1.2 robust-sigma < 5); predicted 168h drift inside the lot safety envelope.
T01,T01-P0229,Iddq,uA,9.9127,13.2222,REJECT,0.976,5.65,0.976,23.055,29.537,low,0.0782,16.95,False,True,False,True,False,ABNORMAL DRIFT: Iddq changed +33% from 0h to 24h vs lot median +11% (5.7 robust-sigma). | EARLY REJECT (drift forecast): predicted Iddq@168h = 23.1 uA from 0h/24h readings; drift slope 0.078 uA/h exceeds lot safety slope 0.026 uA/h (16.9 robust-sigma).
T01,T01-P0230,Iddq,uA,12.0741,13.5473,PASS,0.604,0.55,0.604,14.512,14.711,normal,0.0145,0.45,False,False,False,False,False,OK: within lot-relative limits (max 0.6 robust-sigma < 5); predicted 168h drift inside the lot safety envelope.
T01,T01-P0231,Iddq,uA,11.8947,12.7934,PASS,0.626,0.96,0.626,13.511,13.731,normal,0.0096,-0.97,False,False,False,False,False,OK: within lot-relative limits (max 1.0 robust-sigma < 5); predicted 168h drift inside the lot safety envelope.
T01,T01-P0232,Iddq,uA,16.4671,18.4717,PASS,0.956,2.18,0.956,19.73,20.055,normal,0.0194,0.37,False,False,False,False,False,OK: within lot-relative limits (max 2.2 robust-sigma < 5); predicted 168h drift inside the lot safety envelope.
T01,T01-P0233,Iddq,uA,8.5428,9.1945,PASS,0.142,0.94,0.142,9.723,9.863,normal,0.007,-0.92,False,False,False,False,False,OK: within lot-relative limits (max 0.9 robust-sigma < 5); predicted 168h drift inside the lot safety envelope.
T01,T01-P0234,Iddq,uA,13.3017,14.8224,PASS,0.796,1.03,0.796,15.751,16.105,normal,0.0146,0.07,False,False,False,False,False,OK: within lot-relative limits (max 1.0 robust-sigma < 5); predicted 168h drift inside the lot safety envelope.
T01,T01-P0235,Iddq,uA,10.9793,12.2726,PASS,0.451,0.23,0.451,13.046,13.294,normal,0.0123,0.16,False,False,False,False,False,OK: within lot-relative limits (max 0.2 robust-sigma < 5); predicted 168h drift inside the lot safety envelope.
T01,T01-P0236,Iddq,uA,11.208,12.2635,PASS,0.485,0.43,0.485,13.013,13.193,normal,0.0107,-0.42,False,False,False,False,False,OK: within lot-relative limits (max 0.4 robust-sigma < 5); predicted 168h drift inside the lot safety envelope.
T01,T01-P0237,Iddq,uA,8.5328,9.343,PASS,0.168,0.41,0.168,9.944,10.059,normal,0.0084,-0.32,False,False,False,False,False,OK: within lot-relative limits (max 0.4 robust-sigma < 5); predicted 168h drift inside the lot safety envelope.
T01,T01-P0238,Iddq,uA,10.2937,11.2911,PASS,0.2,0.35,0.2,11.982,12.138,normal,0.01,-0.35,False,False,False,False,False,OK: within lot-relative limits (max 0.4 robust-sigma < 5); predicted 168h drift inside the lot safety envelope.
T01,T01-P0239,Iddq,uA,13.032,14.1499,PASS,0.626,0.91,0.626,14.922,15.192,normal,0.0112,-0.77,False,False,False,False,False,OK: within lot-relative limits (max 0.9 robust-sigma < 5); predicted 168h drift inside the lot safety envelope.
T01,T01-P0240,Iddq,uA,11.2121,12.8314,PASS,0.582,0.95,0.582,13.803,13.995,normal,0.0154,1.05,False,False,False,False,False,OK: within lot-relative limits (max 0.9 robust-sigma < 5); predicted 168h drift inside the lot safety envelope.
T01,T01-P0241,Iddq,uA,11.5886,12.5451,PASS,0.528,0.76,0.528,13.28,13.478,normal,0.0101,-0.75,False,False,False,False,False,OK: within lot-relative limits (max 0.8 robust-sigma < 5); predicted 168h drift inside the lot safety envelope.
T01,T01-P0242,Iddq,uA,10.5943,12.4323,PASS,0.51,1.72,0.51,13.798,13.942,normal,0.0191,2.45,False,False,False,False,False,OK: within lot-relative limits (max 1.7 robust-sigma < 5); predicted 168h drift inside the lot safety envelope.
T01,T01-P0243,Iddq,uA,13.8377,16.8773,PASS,0.96,2.9,0.96,19.349,19.478,normal,0.0328,4.23,False,False,False,False,False,OK: within lot-relative limits (max 2.9 robust-sigma < 5); predicted 168h drift inside the lot safety envelope.
T01,T01-P0244,Iddq,uA,11.2759,13.0953,PASS,0.737,1.4,0.737,14.219,14.372,normal,0.0175,1.65,False,False,False,False,False,OK: within lot-relative limits (max 1.4 robust-sigma < 5); predicted 168h drift inside the lot safety envelope.
T01,T01-P0245,Iddq,uA,7.3502,8.54,PASS,0.368,1.41,0.368,9.282,9.346,normal,0.0115,1.68,False,False,False,False,False,OK: within lot-relative limits (max 1.4 robust-sigma < 5); predicted 168h drift inside the lot safety envelope.
T01,T01-P0246,Iddq,uA,9.867,10.806,PASS,0.184,0.4,0.184,11.45,11.631,normal,0.0094,-0.43,False,False,False,False,False,OK: within lot-relative limits (max 0.4 robust-sigma < 5); predicted 168h drift inside the lot safety envelope.
T01,T01-P0247,Iddq,uA,7.8511,8.9741,PASS,0.122,0.91,0.122,9.656,9.8,normal,0.0107,1.02,False,False,False,False,False,OK: within lot-relative limits (max 0.9 robust-sigma < 5); predicted 168h drift inside the lot safety envelope.
T01,T01-P0248,Iddq,uA,6.0865,6.7209,PASS,0.328,0.15,0.328,7.074,7.26,normal,0.0059,-0.39,False,False,False,False,False,OK: within lot-relative limits (max 0.1 robust-sigma < 5); predicted 168h drift inside the lot safety envelope.
T01,T01-P0249,Iddq,uA,9.9637,11.1665,PASS,0.233,0.31,0.233,11.888,12.086,normal,0.0115,0.26,False,False,False,False,False,OK: within lot-relative limits (max 0.3 robust-sigma < 5); predicted 168h drift inside the lot safety envelope.
T01,T01-P0250,Iddq,uA,14.3649,15.8539,PASS,0.878,1.43,0.878,16.797,17.132,normal,0.0145,-0.24,False,False,False,False,False,OK: within lot-relative limits (max 1.4 robust-sigma < 5); predicted 168h drift inside the lot safety envelope.
T01,T01-P0251,Iddq,uA,11.2515,12.7014,PASS,0.553,0.53,0.553,13.514,13.813,normal,0.0135,0.43,False,False,False,False,False,OK: within lot-relative limits (max 0.5 robust-sigma < 5); predicted 168h drift inside the lot safety envelope.
T01,T01-P0252,Iddq,uA,8.8835,9.7763,PASS,0.237,0.25,0.237,10.345,10.528,normal,0.0087,-0.34,False,False,False,False,False,OK: within lot-relative limits (max 0.3 robust-sigma < 5); predicted 168h drift inside the lot safety envelope.
T01,T01-P0253,Iddq,uA,9.4053,10.4698,PASS,0.36,0.1,0.36,11.125,11.313,normal,0.0102,0.05,False,False,False,False,False,OK: within lot-relative limits (max 0.1 robust-sigma < 5); predicted 168h drift inside the lot safety envelope.
T01,T01-P0254,Iddq,uA,13.7878,15.2192,PASS,0.838,1.21,0.838,16.131,16.457,normal,0.0139,-0.23,False,False,False,False,False,OK: within lot-relative limits (max 1.2 robust-sigma < 5); predicted 168h drift inside the lot safety envelope.
T01,T01-P0255,Iddq,uA,11.3908,12.5702,PASS,0.632,0.18,0.632,13.364,13.596,normal,0.0117,-0.16,False,False,False,False,False,OK: within lot-relative limits (max 0.2 robust-sigma < 5); predicted 168h drift inside the lot safety envelope.
T01,T01-P0256,Iddq,uA,11.3876,13.9368,PASS,0.952,3.01,0.952,15.72,16.383,normal,0.0258,3.91,False,False,False,False,False,OK: within lot-relative limits (max 3.0 robust-sigma < 5); predicted 168h drift inside the lot safety envelope.
T01,T01-P0257,Iddq,uA,11.1375,12.3577,PASS,0.67,0.07,0.67,13.173,13.388,normal,0.0121,0.04,False,False,False,False,False,OK: within lot-relative limits (max 0.1 robust-sigma < 5); predicted 168h drift inside the lot safety envelope.
T01,T01-P0258,Iddq,uA,11.4841,12.3207,PASS,0.557,1.03,0.557,13.08,13.225,normal,0.0095,-0.9,False,False,False,False,False,OK: within lot-relative limits (max 1.0 robust-sigma < 5); predicted 168h drift inside the lot safety envelope.
T01,T01-P0259,Iddq,uA,13.0229,14.4097,PASS,0.815,0.91,0.815,15.253,15.596,normal,0.0133,-0.2,False,False,False,False,False,OK: within lot-relative limits (max 0.9 robust-sigma < 5); predicted 168h drift inside the lot safety envelope.
T01,T01-P0260,Iddq,uA,12.4351,14.4515,PASS,0.802,1.42,0.802,15.721,15.849,normal,0.0196,1.71,False,False,False,False,False,OK: within lot-relative limits (max 1.4 robust-sigma < 5); predicted 168h drift inside the lot safety envelope.
T01,T01-P0261,Iddq,uA,11.7328,12.4891,PASS,0.693,1.27,0.693,13.173,13.383,normal,0.0086,-1.26,False,False,False,False,False,OK: within lot-relative limits (max 1.3 robust-sigma < 5); predicted 168h drift inside the lot safety envelope.
T01,T01-P0262,Iddq,uA,9.1803,10.1146,PASS,0.279,0.22,0.279,10.709,10.925,normal,0.0091,-0.3,False,False,False,False,False,OK: within lot-relative limits (max 0.2 robust-sigma < 5); predicted 168h drift inside the lot safety envelope.
T01,T01-P0263,Iddq,uA,12.4965,14.2203,PASS,0.587,0.81,0.587,15.266,15.511,normal,0.0165,0.85,False,False,False,False,False,OK: within lot-relative limits (max 0.8 robust-sigma < 5); predicted 168h drift inside the lot safety envelope.
T01,T01-P0264,Iddq,uA,9.8793,11.2352,PASS,0.087,0.76,0.087,12.054,12.263,normal,0.0129,0.82,False,False,False,False,False,OK: within lot-relative limits (max 0.8 robust-sigma < 5); predicted 168h drift inside the lot safety envelope.
T01,T01-P0265,Iddq,uA,13.6562,15.331,PASS,0.789,1.2,0.789,16.414,16.638,normal,0.0164,0.45,False,False,False,False,False,OK: within lot-relative limits (max 1.2 robust-sigma < 5); predicted 168h drift inside the lot safety envelope.
T01,T01-P0266,Iddq,uA,8.7817,10.3498,PASS,0.456,1.85,0.456,11.465,11.557,normal,0.016,2.52,False,False,False,False,False,OK: within lot-relative limits (max 1.9 robust-sigma < 5); predicted 168h drift inside the lot safety envelope.
T01,T01-P0267,Iddq,uA,10.8314,11.9261,PASS,0.247,0.24,0.247,12.658,12.89,normal,0.0109,-0.25,False,False,False,False,False,OK: within lot-relative limits (max 0.2 robust-sigma < 5); predicted 168h drift inside the lot safety envelope.
T01,T01-P0268,Iddq,uA,11.2376,12.387,PASS,0.51,0.2,0.51,13.138,13.373,normal,0.0113,-0.24,False,False,False,False,False,OK: within lot-relative limits (max 0.2 robust-sigma < 5); predicted 168h drift inside the lot safety envelope.
T01,T01-P0269,Iddq,uA,8.916,9.4252,PASS,0.384,1.49,0.384,9.924,10.117,normal,0.006,-1.47,False,False,False,False,False,OK: within lot-relative limits (max 1.5 robust-sigma < 5); predicted 168h drift inside the lot safety envelope.
T01,T01-P0270,Iddq,uA,15.5414,18.0008,PASS,0.942,2.04,0.942,19.517,19.809,normal,0.0237,1.54,False,False,False,False,False,OK: within lot-relative limits (max 2.0 robust-sigma < 5); predicted 168h drift inside the lot safety envelope.
T01,T01-P0271,Iddq,uA,14.7049,15.6811,PASS,0.876,1.56,0.876,16.546,16.787,normal,0.011,-1.2,False,False,False,False,False,OK: within lot-relative limits (max 1.6 robust-sigma < 5); predicted 168h drift inside the lot safety envelope.
T01,T01-P0272,Iddq,uA,10.5118,11.1425,PASS,0.36,1.4,0.36,11.719,11.968,normal,0.0072,-1.43,False,False,False,False,False,OK: within lot-relative limits (max 1.4 robust-sigma < 5); predicted 168h drift inside the lot safety envelope.
T01,T01-P0273,Iddq,uA,13.3008,14.1116,PASS,0.806,1.38,0.806,14.861,15.143,normal,0.0093,-1.38,False,False,False,False,False,OK: within lot-relative limits (max 1.4 robust-sigma < 5); predicted 168h drift inside the lot safety envelope.
T01,T01-P0274,Iddq,uA,12.0722,13.9332,PASS,0.682,1.21,0.682,15.065,15.302,normal,0.0178,1.39,False,False,False,False,False,OK: within lot-relative limits (max 1.2 robust-sigma < 5); predicted 168h drift inside the lot safety envelope.
T01,T01-P0275,Iddq,uA,6.8932,7.8563,PASS,0.129,0.82,0.129,8.374,8.583,normal,0.0088,0.71,False,False,False,False,False,OK: within lot-relative limits (max 0.8 robust-sigma < 5); predicted 168h drift inside the lot safety envelope.
T01,T01-P0276,Iddq,uA,11.8596,13.678,PASS,0.682,1.19,0.682,15.089,15.089,normal,0.0192,1.87,False,False,False,False,False,OK: within lot-relative limits (max 1.2 robust-sigma < 5); predicted 168h drift inside the lot safety envelope.
T01,T01-P0277,Iddq,uA,11.0194,12.0083,PASS,0.376,0.55,0.376,12.769,12.95,normal,0.0104,-0.47,False,False,False,False,False,OK: within lot-relative limits (max 0.6 robust-sigma < 5); predicted 168h drift inside the lot safety envelope.
T01,T01-P0278,Iddq,uA,11.5396,12.9511,PASS,0.56,0.35,0.56,13.909,14.059,normal,0.0141,0.52,False,False,False,False,False,OK: within lot-relative limits (max 0.4 robust-sigma < 5); predicted 168h drift inside the lot safety envelope.
T01,T01-P0279,Iddq,uA,9.2154,10.1466,PASS,0.247,0.24,0.247,10.75,10.967,normal,0.0091,-0.3,False,False,False,False,False,OK: within lot-relative limits (max 0.2 robust-sigma < 5); predicted 168h drift inside the lot safety envelope.
T01,T01-P0280,Iddq,uA,10.631,11.6554,PASS,0.219,0.37,0.219,12.374,12.535,normal,0.0104,-0.35,False,False,False,False,False,OK: within lot-relative limits (max 0.4 robust-sigma < 5); predicted 168h drift inside the lot safety envelope.
T01,T01-P0281,Iddq,uA,10.8935,12.1955,PASS,0.336,0.27,0.336,13.064,13.214,normal,0.0129,0.39,False,False,False,False,False,OK: within lot-relative limits (max 0.3 robust-sigma < 5); predicted 168h drift inside the lot safety envelope.
T01,T01-P0282,Iddq,uA,13.7041,15.2471,PASS,0.855,1.18,0.855,16.227,16.483,normal,0.015,0.07,False,False,False,False,False,OK: within lot-relative limits (max 1.2 robust-sigma < 5); predicted 168h drift inside the lot safety envelope.
T01,T01-P0283,Iddq,uA,12.2901,12.6109,PASS,0.924,2.4,0.924,13.348,13.561,normal,0.0063,-2.09,False,False,False,False,False,OK: within lot-relative limits (max 2.4 robust-sigma < 5); predicted 168h drift inside the lot safety envelope.
T01,T01-P0284,Iddq,uA,11.2786,12.3959,PASS,0.512,0.29,0.512,13.133,13.304,normal,0.011,-0.34,False,False,False,False,False,OK: within lot-relative limits (max 0.3 robust-sigma < 5); predicted 168h drift inside the lot safety envelope.
T01,T01-P0285,Iddq,uA,15.2755,15.9158,PASS,0.943,1.93,0.943,16.684,17.053,normal,0.0084,-1.95,False,False,False,False,False,OK: within lot-relative limits (max 1.9 robust-sigma < 5); predicted 168h drift inside the lot safety envelope.
T01,T01-P0286,Iddq,uA,10.1985,10.9157,PASS,0.211,1.11,0.211,11.511,11.712,normal,0.0078,-1.12,False,False,False,False,False,OK: within lot-relative limits (max 1.1 robust-sigma < 5); predicted 168h drift inside the lot safety envelope.
T01,T01-P0287,Iddq,uA,10.4443,11.8357,PASS,0.065,0.65,0.023,12.648,12.932,normal,0.0131,0.63,False,False,False,False,False,OK: within lot-relative limits (max 0.6 robust-sigma < 5); predicted 168h drift inside the lot safety envelope.
T01,T01-P0288,Iddq,uA,8.0195,8.958,PASS,0.27,0.21,0.27,9.481,9.711,normal,0.0087,0.03,False,False,False,False,False,OK: within lot-relative limits (max 0.2 robust-sigma < 5); predicted 168h drift inside the lot safety envelope.
T01,T01-P0289,Iddq,uA,15.2263,17.9172,PASS,0.951,2.02,0.951,19.976,20.038,normal,0.0283,2.64,False,False,False,False,False,OK: within lot-relative limits (max 2.0 robust-sigma < 5); predicted 168h drift inside the lot safety envelope.
T01,T01-P0290,Iddq,uA,13.2555,15.0643,PASS,0.675,1.11,0.675,16.194,16.454,normal,0.0175,0.85,False,False,False,False,False,OK: within lot-relative limits (max 1.1 robust-sigma < 5); predicted 168h drift inside the lot safety envelope.
T01,T01-P0291,Iddq,uA,13.2594,14.0291,PASS,0.821,1.46,0.821,14.815,15.045,normal,0.0093,-1.38,False,False,False,False,False,OK: within lot-relative limits (max 1.5 robust-sigma < 5); predicted 168h drift inside the lot safety envelope.
T01,T01-P0292,Iddq,uA,12.8366,13.661,PASS,0.741,1.28,0.741,14.418,14.642,normal,0.0094,-1.25,False,False,False,False,False,OK: within lot-relative limits (max 1.3 robust-sigma < 5); predicted 168h drift inside the lot safety envelope.
T01,T01-P0293,Iddq,uA,11.4601,12.3345,PASS,0.524,0.93,0.524,13.053,13.23,normal,0.0095,-0.9,False,False,False,False,False,OK: within lot-relative limits (max 0.9 robust-sigma < 5); predicted 168h drift inside the lot safety envelope.
T01,T01-P0294,Iddq,uA,11.6568,12.5923,PASS,0.577,0.82,0.577,13.297,13.502,normal,0.0098,-0.86,False,False,False,False,False,OK: within lot-relative limits (max 0.8 robust-sigma < 5); predicted 168h drift inside the lot safety envelope.
T01,T01-P0295,Iddq,uA,10.6972,11.9276,PASS,0.325,0.15,0.325,12.653,12.953,normal,0.0116,0.05,False,False,False,False,False,OK: within lot-relative limits (max 0.1 robust-sigma < 5); predicted 168h drift inside the lot safety envelope.
T01,T01-P0296,Iddq,uA,10.8925,11.7431,PASS,0.164,0.88,0.164,12.464,12.617,normal,0.0094,-0.78,False,False,False,False,False,OK: within lot-relative limits (max 0.9 robust-sigma < 5); predicted 168h drift inside the lot safety envelope.
T01,T01-P0297,Iddq,uA,11.1773,12.1279,PASS,0.455,0.69,0.455,12.784,13.03,normal,0.0096,-0.79,False,False,False,False,False,OK: within lot-relative limits (max 0.7 robust-sigma < 5); predicted 168h drift inside the lot safety envelope.
T01,T01-P0298,Iddq,uA,14.8955,20.0271,REJECT,0.984,5.89,0.984,38.08,44.387,low,0.138,19.31,False,True,False,True,True,ABNORMAL DRIFT: Iddq changed +34% from 0h to 24h vs lot median +11% (5.9 robust-sigma). | EARLY REJECT (drift forecast): predicted Iddq@168h = 38.1 uA from 0h/24h readings; drift slope 0.138 uA/h exceeds lot safety slope 0.039 uA/h (19.3 robust-sigma). | GUARD BAND: 90% upper forecast for Iddq@168h is 44.4 uA = 89% of datasheet max (guard band 70%).
T01,T01-P0299,Iddq,uA,12.4593,13.6859,PASS,0.614,0.67,0.614,14.518,14.697,normal,0.0123,-0.33,False,False,False,False,False,OK: within lot-relative limits (max 0.7 robust-sigma < 5); predicted 168h drift inside the lot safety envelope.
T01,T01-P0300,Iddq,uA,11.0015,12.2815,PASS,0.457,0.19,0.457,13.072,13.321,normal,0.0123,0.16,False,False,False,False,False,OK: within lot-relative limits (max 0.2 robust-sigma < 5); predicted 168h drift inside the lot safety envelope.
T01,T01-P0301,Iddq,uA,10.3421,11.0832,PASS,0.226,1.07,0.226,11.72,11.91,normal,0.0082,-1.02,False,False,False,False,False,OK: within lot-relative limits (max 1.1 robust-sigma < 5); predicted 168h drift inside the lot safety envelope.
T01,T01-P0302,Iddq,uA,9.8647,11.2339,PASS,0.112,0.8,0.112,12.036,12.245,normal,0.0129,0.82,False,False,False,False,False,OK: within lot-relative limits (max 0.8 robust-sigma < 5); predicted 168h drift inside the lot safety envelope.
T01,T01-P0303,Iddq,uA,15.5464,16.5818,PASS,0.921,1.86,0.921,17.448,17.782,normal,0.0113,-1.27,False,False,False,False,False,OK: within lot-relative limits (max 1.9 robust-sigma < 5); predicted 168h drift inside the lot safety envelope.
T01,T01-P0304,Iddq,uA,12.3146,14.3297,PASS,0.81,1.46,0.81,15.674,15.695,normal,0.02,1.88,False,False,False,False,False,OK: within lot-relative limits (max 1.5 robust-sigma < 5); predicted 168h drift inside the lot safety envelope.
T01,T01-P0305,Iddq,uA,11.4437,12.8714,PASS,0.557,0.42,0.557,13.793,13.962,normal,0.014,0.52,False,False,False,False,False,OK: within lot-relative limits (max 0.4 robust-sigma < 5); predicted 168h drift inside the lot safety envelope.
T01,T01-P0306,Iddq,uA,10.7785,11.9213,PASS,0.36,0.1,0.36,12.611,12.908,normal,0.0109,-0.23,False,False,False,False,False,OK: within lot-relative limits (max 0.1 robust-sigma < 5); predicted 168h drift inside the lot safety envelope.
T01,T01-P0307,Iddq,uA,9.1053,10.1375,PASS,0.356,0.1,0.356,10.75,10.952,normal,0.0098,0.0,False,False,False,False,False,OK: within lot-relative limits (max 0.1 robust-sigma < 5); predicted 168h drift inside the lot safety envelope.
T01,T01-P0308,Iddq,uA,11.0202,11.8622,PASS,0.386,0.93,0.386,12.503,12.722,normal,0.0088,-1.0,False,False,False,False,False,OK: within lot-relative limits (max 0.9 robust-sigma < 5); predicted 168h drift inside the lot safety envelope.
T01,T01-P0309,Iddq,uA,13.2912,14.5301,PASS,0.707,1.02,0.707,15.45,15.645,normal,0.0128,-0.39,False,False,False,False,False,OK: within lot-relative limits (max 1.0 robust-sigma < 5); predicted 168h drift inside the lot safety envelope.
T01,T01-P0310,Iddq,uA,10.3179,11.3583,PASS,0.262,0.24,0.262,12.038,12.279,normal,0.0102,-0.3,False,False,False,False,False,OK: within lot-relative limits (max 0.2 robust-sigma < 5); predicted 168h drift inside the lot safety envelope.
T01,T01-P0311,Iddq,uA,11.0051,12.0444,PASS,0.138,0.42,0.138,12.778,12.954,normal,0.0106,-0.42,False,False,False,False,False,OK: within lot-relative limits (max 0.4 robust-sigma < 5); predicted 168h drift inside the lot safety envelope.
T01,T01-P0312,Iddq,uA,10.9044,11.4527,PASS,0.426,1.69,0.426,12.118,12.236,normal,0.0072,-1.51,False,False,False,False,False,OK: within lot-relative limits (max 1.7 robust-sigma < 5); predicted 168h drift inside the lot safety envelope.
T01,T01-P0313,Iddq,uA,11.4954,13.5834,PASS,0.877,1.93,0.877,15.157,15.157,normal,0.0218,2.76,False,False,False,False,False,OK: within lot-relative limits (max 1.9 robust-sigma < 5); predicted 168h drift inside the lot safety envelope.
T01,T01-P0314,Iddq,uA,8.2294,9.3451,PASS,0.071,0.71,0.019,10.095,10.212,normal,0.0111,0.96,False,False,False,False,False,OK: within lot-relative limits (max 0.7 robust-sigma < 5); predicted 168h drift inside the lot safety envelope.
T01,T01-P0315,Iddq,uA,10.7706,11.536,PASS,0.216,1.08,0.216,12.966,12.966,normal,0.0131,0.49,False,False,False,False,False,OK: within lot-relative limits (max 1.1 robust-sigma < 5); predicted 168h drift inside the lot safety envelope.
T01,T01-P0316,Iddq,uA,9.4776,10.3299,PASS,0.055,0.55,0.052,10.976,11.138,normal,0.0089,-0.48,False,False,False,False,False,OK: within lot-relative limits (max 0.5 robust-sigma < 5); predicted 168h drift inside the lot safety envelope.
T01,T01-P0317,Iddq,uA,13.4656,14.5412,PASS,0.719,1.09,0.719,15.318,15.597,normal,0.011,-0.93,False,False,False,False,False,OK: within lot-relative limits (max 1.1 robust-sigma < 5); predicted 168h drift inside the lot safety envelope.
T01,T01-P0318,Iddq,uA,9.6161,10.6283,PASS,0.351,0.12,0.351,11.251,11.516,normal,0.0097,-0.23,False,False,False,False,False,OK: within lot-relative limits (max 0.1 robust-sigma < 5); predicted 168h drift inside the lot safety envelope.
T01,T01-P0319,Iddq,uA,12.4198,13.6892,PASS,0.642,0.65,0.642,14.531,14.78,normal,0.0126,-0.23,False,False,False,False,False,OK: within lot-relative limits (max 0.7 robust-sigma < 5); predicted 168h drift inside the lot safety envelope.
T01,T01-P0320,Iddq,uA,15.0236,16.6284,PASS,0.93,1.68,0.93,17.635,17.978,normal,0.0155,-0.14,False,False,False,False,False,OK: within lot-relative limits (max 1.7 robust-sigma < 5); predicted 168h drift inside the lot safety envelope.
T01,T01-P0321,Iddq,uA,10.5305,11.4915,PASS,0.051,0.51,0.039,12.22,12.392,normal,0.0101,-0.43,False,False,False,False,False,OK: within lot-relative limits (max 0.5 robust-sigma < 5); predicted 168h drift inside the lot safety envelope.
T01,T01-P0322,Iddq,uA,10.1674,11.116,PASS,0.094,0.45,0.094,11.798,11.968,normal,0.0097,-0.43,False,False,False,False,False,OK: within lot-relative limits (max 0.5 robust-sigma < 5); predicted 168h drift inside the lot safety envelope.
T01,T01-P0323,Iddq,uA,11.6871,12.6153,PASS,0.577,0.85,0.577,13.296,13.537,normal,0.0096,-0.93,False,False,False,False,False,OK: within lot-relative limits (max 0.8 robust-sigma < 5); predicted 168h drift inside the lot safety envelope.
T01,T01-P0324,Iddq,uA,11.2667,12.293,PASS,0.487,0.52,0.487,13.061,13.259,normal,0.0107,-0.46,False,False,False,False,False,OK: within lot-relative limits (max 0.5 robust-sigma < 5); predicted 168h drift inside the lot safety envelope.
T01,T01-P0325,Iddq,uA,9.2646,10.7454,PASS,0.347,1.36,0.347,11.656,11.808,normal,0.0142,1.59,False,False,False,False,False,OK: within lot-relative limits (max 1.4 robust-sigma < 5); predicted 168h drift inside the lot safety envelope.
T01,T01-P0326,Iddq,uA,12.2524,15.0026,PASS,0.954,3.02,0.954,16.868,17.627,normal,0.0275,3.84,False,False,False,False,False,OK: within lot-relative limits (max 3.0 robust-sigma < 5); predicted 168h drift inside the lot safety envelope.
T01,T01-P0327,Iddq,uA,16.5231,17.828,PASS,0.945,2.19,0.945,18.737,19.131,normal,0.0132,-1.01,False,False,False,False,False,OK: within lot-relative limits (max 2.2 robust-sigma < 5); predicted 168h drift inside the lot safety envelope.
T01,T01-P0328,Iddq,uA,10.3281,11.7222,PASS,0.069,0.69,0.011,12.602,12.815,normal,0.0135,0.82,False,False,False,False,False,OK: within lot-relative limits (max 0.7 robust-sigma < 5); predicted 168h drift inside the lot safety envelope.
T01,T01-P0329,Iddq,uA,10.9493,11.7595,PASS,0.136,1.0,0.136,12.422,12.622,normal,0.0088,-1.0,False,False,False,False,False,OK: within lot-relative limits (max 1.0 robust-sigma < 5); predicted 168h drift inside the lot safety envelope.
T01,T01-P0330,Iddq,uA,9.2154,10.4207,PASS,0.062,0.58,0.062,11.047,11.366,normal,0.0109,0.38,False,False,False,False,False,OK: within lot-relative limits (max 0.6 robust-sigma < 5); predicted 168h drift inside the lot safety envelope.
T01,T01-P0331,Iddq,uA,12.096,12.8582,PASS,0.732,1.32,0.732,13.522,13.816,normal,0.0085,-1.37,False,False,False,False,False,OK: within lot-relative limits (max 1.3 robust-sigma < 5); predicted 168h drift inside the lot safety envelope.
T01,T01-P0332,Iddq,uA,8.8871,9.6866,PASS,0.055,0.55,0.052,10.273,10.445,normal,0.0082,-0.53,False,False,False,False,False,OK: within lot-relative limits (max 0.5 robust-sigma < 5); predicted 168h drift inside the lot safety envelope.
T01,T01-P0333,Iddq,uA,9.1417,10.0201,PASS,0.209,0.38,0.209,10.621,10.779,normal,0.0088,-0.4,False,False,False,False,False,OK: within lot-relative limits (max 0.4 robust-sigma < 5); predicted 168h drift inside the lot safety envelope.
T01,T01-P0334,Iddq,uA,14.3025,15.4428,PASS,0.794,1.41,0.794,16.261,16.56,normal,0.0117,-0.94,False,False,False,False,False,OK: within lot-relative limits (max 1.4 robust-sigma < 5); predicted 168h drift inside the lot safety envelope.
T01,T01-P0335,Iddq,uA,9.5258,10.1957,PASS,0.211,1.11,0.211,10.752,10.939,normal,0.0073,-1.12,False,False,False,False,False,OK: within lot-relative limits (max 1.1 robust-sigma < 5); predicted 168h drift inside the lot safety envelope.
T01,T01-P0336,Iddq,uA,13.8888,15.0698,PASS,0.741,1.25,0.741,15.903,16.191,normal,0.012,-0.77,False,False,False,False,False,OK: within lot-relative limits (max 1.3 robust-sigma < 5); predicted 168h drift inside the lot safety envelope.
T01,T01-P0337,Iddq,uA,15.0854,15.9433,PASS,0.918,1.7,0.918,16.846,17.087,normal,0.0105,-1.39,False,False,False,False,False,OK: within lot-relative limits (max 1.7 robust-sigma < 5); predicted 168h drift inside the lot safety envelope.
T01,T01-P0338,Iddq,uA,11.6492,13.3027,PASS,0.594,0.88,0.594,14.289,14.519,normal,0.0157,0.95,False,False,False,False,False,OK: within lot-relative limits (max 0.9 robust-sigma < 5); predicted 168h drift inside the lot safety envelope.
T01,T01-P0339,Iddq,uA,12.6413,14.0713,PASS,0.761,0.75,0.761,14.969,15.205,normal,0.0139,0.07,False,False,False,False,False,OK: within lot-relative limits (max 0.8 robust-sigma < 5); predicted 168h drift inside the lot safety envelope.
T01,T01-P0340,Iddq,uA,16.1532,17.5043,PASS,0.937,2.07,0.937,18.438,18.801,normal,0.0136,-0.84,False,False,False,False,False,OK: within lot-relative limits (max 2.1 robust-sigma < 5); predicted 168h drift inside the lot safety envelope.
T01,T01-P0341,Iddq,uA,10.9442,12.0098,PASS,0.213,0.34,0.213,12.747,12.905,normal,0.0107,-0.34,False,False,False,False,False,OK: within lot-relative limits (max 0.3 robust-sigma < 5); predicted 168h drift inside the lot safety envelope.
T01,T01-P0342,Iddq,uA,10.1204,10.8419,PASS,0.214,1.08,0.214,11.469,11.64,normal,0.008,-1.02,False,False,False,False,False,OK: within lot-relative limits (max 1.1 robust-sigma < 5); predicted 168h drift inside the lot safety envelope.
T01,T01-P0343,Iddq,uA,8.5834,9.6697,PASS,0.111,0.47,0.111,10.353,10.473,normal,0.0105,0.53,False,False,False,False,False,OK: within lot-relative limits (max 0.5 robust-sigma < 5); predicted 168h drift inside the lot safety envelope.
T01,T01-P0344,Iddq,uA,11.2052,12.9058,PASS,0.624,1.15,0.624,13.938,14.128,normal,0.0163,1.3,False,False,False,False,False,OK: within lot-relative limits (max 1.1 robust-sigma < 5); predicted 168h drift inside the lot safety envelope.
T01,T01-P0345,Iddq,uA,14.8678,16.868,PASS,0.881,1.7,0.881,18.089,18.41,normal,0.0192,0.75,False,False,False,False,False,OK: within lot-relative limits (max 1.7 robust-sigma < 5); predicted 168h drift inside the lot safety envelope.
T01,T01-P0346,Iddq,uA,13.5302,14.8657,PASS,0.772,1.11,0.772,15.766,15.96,normal,0.0133,-0.33,False,False,False,False,False,OK: within lot-relative limits (max 1.1 robust-sigma < 5); predicted 168h drift inside the lot safety envelope.
T01,T01-P0347,Iddq,uA,9.4864,10.1541,PASS,0.211,1.1,0.211,10.707,10.894,normal,0.0073,-1.12,False,False,False,False,False,OK: within lot-relative limits (max 1.1 robust-sigma < 5); predicted 168h drift inside the lot safety envelope.
T01,T01-P0348,Iddq,uA,9.4246,10.9019,PASS,0.294,1.28,0.294,11.862,11.958,normal,0.0145,1.6,False,False,False,False,False,OK: within lot-relative limits (max 1.3 robust-sigma < 5); predicted 168h drift inside the lot safety envelope.
T01,T01-P0349,Iddq,uA,10.2677,10.962,PASS,0.285,1.18,0.285,11.534,11.791,normal,0.0075,-1.24,False,False,False,False,False,OK: within lot-relative limits (max 1.2 robust-sigma < 5); predicted 168h drift inside the lot safety envelope.
T01,T01-P0350,Iddq,uA,11.7952,12.6389,PASS,0.66,1.07,0.66,13.398,13.583,normal,0.0095,-0.97,False,False,False,False,False,OK: within lot-relative limits (max 1.1 robust-sigma < 5); predicted 168h drift inside the lot safety envelope.
T01,T01-P0351,Iddq,uA,10.863,11.6817,PASS,0.15,0.96,0.15,12.31,12.54,normal,0.0086,-1.02,False,False,False,False,False,OK: within lot-relative limits (max 1.0 robust-sigma < 5); predicted 168h drift inside the lot safety envelope.
T01,T01-P0352,Iddq,uA,11.715,13.7357,PASS,0.836,1.69,0.836,15.313,15.416,normal,0.0214,2.54,False,False,False,False,False,OK: within lot-relative limits (max 1.7 robust-sigma < 5); predicted 168h drift inside the lot safety envelope.
T01,T01-P0353,Iddq,uA,11.7739,13.2865,PASS,0.524,0.52,0.524,14.17,14.454,normal,0.0143,0.48,False,False,False,False,False,OK: within lot-relative limits (max 0.5 robust-sigma < 5); predicted 168h drift inside the lot safety envelope.
T01,T01-P0354,Iddq,uA,10.5495,12.3096,PASS,0.465,1.54,0.465,13.385,13.446,normal,0.0169,1.8,False,False,False,False,False,OK: within lot-relative limits (max 1.5 robust-sigma < 5); predicted 168h drift inside the lot safety envelope.
T01,T01-P0355,Iddq,uA,11.2032,12.2473,PASS,0.483,0.46,0.483,13.016,13.188,normal,0.0108,-0.4,False,False,False,False,False,OK: within lot-relative limits (max 0.5 robust-sigma < 5); predicted 168h drift inside the lot safety envelope.
T01,T01-P0356,Iddq,uA,11.6183,13.5474,PASS,0.787,1.52,0.787,14.835,14.835,normal,0.0191,1.96,False,False,False,False,False,OK: within lot-relative limits (max 1.5 robust-sigma < 5); predicted 168h drift inside the lot safety envelope.
T01,T01-P0357,Iddq,uA,11.049,12.0833,PASS,0.428,0.45,0.428,12.829,13.006,normal,0.0106,-0.42,False,False,False,False,False,OK: within lot-relative limits (max 0.4 robust-sigma < 5); predicted 168h drift inside the lot safety envelope.
T01,T01-P0358,Iddq,uA,12.2123,13.6126,PASS,0.682,0.58,0.682,14.461,14.786,normal,0.0134,0.07,False,False,False,False,False,OK: within lot-relative limits (max 0.6 robust-sigma < 5); predicted 168h drift inside the lot safety envelope.
T01,T01-P0359,Iddq,uA,16.1588,19.7214,PASS,0.978,2.92,0.978,22.03,22.747,normal,0.0349,3.6,False,False,False,False,False,OK: within lot-relative limits (max 2.9 robust-sigma < 5); predicted 168h drift inside the lot safety envelope.
T01,T01-P0360,Iddq,uA,12.7994,14.4407,PASS,0.668,0.89,0.668,15.384,15.713,normal,0.0154,0.45,False,False,False,False,False,OK: within lot-relative limits (max 0.9 robust-sigma < 5); predicted 168h drift inside the lot safety envelope.
T01,T01-P0361,Iddq,uA,11.3911,12.456,PASS,0.505,0.45,0.505,13.278,13.409,normal,0.0112,-0.32,False,False,False,False,False,OK: within lot-relative limits (max 0.4 robust-sigma < 5); predicted 168h drift inside the lot safety envelope.
T01,T01-P0362,Iddq,uA,8.0007,8.9634,PASS,0.241,0.3,0.241,9.498,9.706,normal,0.0089,0.14,False,False,False,False,False,OK: within lot-relative limits (max 0.3 robust-sigma < 5); predicted 168h drift inside the lot safety envelope.
T01,T01-P0363,Iddq,uA,12.1109,13.3156,PASS,0.606,0.51,0.606,14.733,14.733,normal,0.0156,0.75,False,False,False,False,False,OK: within lot-relative limits (max 0.5 robust-sigma < 5); predicted 168h drift inside the lot safety envelope.
T01,T01-P0364,Iddq,uA,7.7841,9.125,PASS,0.426,1.69,0.426,10.245,10.245,normal,0.0146,2.72,False,False,False,False,False,OK: within lot-relative limits (max 1.7 robust-sigma < 5); predicted 168h drift inside the lot safety envelope.
T01,T01-P0365,Iddq,uA,8.7015,9.4497,PASS,0.066,0.66,0.024,10.085,10.15,normal,0.0082,-0.46,False,False,False,False,False,OK: within lot-relative limits (max 0.7 robust-sigma < 5); predicted 168h drift inside the lot safety envelope.
T01,T01-P0366,Iddq,uA,13.1366,13.9888,PASS,0.732,1.26,0.732,14.748,14.984,normal,0.0096,-1.26,False,False,False,False,False,OK: within lot-relative limits (max 1.3 robust-sigma < 5); predicted 168h drift inside the lot safety envelope.
T01,T01-P0367,Iddq,uA,12.8514,13.9272,PASS,0.582,0.83,0.582,14.715,14.964,normal,0.0111,-0.77,False,False,False,False,False,OK: within lot-relative limits (max 0.8 robust-sigma < 5); predicted 168h drift inside the lot safety envelope.
T01,T01-P0368,Iddq,uA,10.9277,12.1584,PASS,0.368,0.08,0.368,12.933,13.144,normal,0.0119,0.06,False,False,False,False,False,OK: within lot-relative limits (max 0.1 robust-sigma < 5); predicted 168h drift inside the lot safety envelope.
T01,T01-P0369,Iddq,uA,8.0887,9.0369,PASS,0.276,0.21,0.276,9.63,9.795,normal,0.0092,0.21,False,False,False,False,False,OK: within lot-relative limits (max 0.2 robust-sigma < 5); predicted 168h drift inside the lot safety envelope.
T01,T01-P0370,Iddq,uA,10.4795,12.1545,PASS,0.347,1.36,0.347,13.184,13.357,normal,0.0161,1.59,False,False,False,False,False,OK: within lot-relative limits (max 1.4 robust-sigma < 5); predicted 168h drift inside the lot safety envelope.
T01,T01-P0371,Iddq,uA,9.845,11.1813,PASS,0.071,0.71,0.026,12.012,12.216,normal,0.0129,0.82,False,False,False,False,False,OK: within lot-relative limits (max 0.7 robust-sigma < 5); predicted 168h drift inside the lot safety envelope.
T01,T01-P0372,Iddq,uA,12.7012,14.5063,PASS,0.695,0.91,0.695,15.517,15.841,normal,0.0168,0.85,False,False,False,False,False,OK: within lot-relative limits (max 0.9 robust-sigma < 5); predicted 168h drift inside the lot safety envelope.
T01,T01-P0373,Iddq,uA,17.3319,18.7597,PASS,0.962,2.45,0.962,19.744,20.15,normal,0.0144,-0.89,False,False,False,False,False,OK: within lot-relative limits (max 2.4 robust-sigma < 5); predicted 168h drift inside the lot safety envelope.
T01,T01-P0374,Iddq,uA,11.7205,13.0784,PASS,0.7,0.37,0.7,13.897,14.192,normal,0.013,0.11,False,False,False,False,False,OK: within lot-relative limits (max 0.4 robust-sigma < 5); predicted 168h drift inside the lot safety envelope.
T01,T01-P0375,Iddq,uA,9.5916,11.6307,PASS,0.799,2.72,0.799,13.066,13.066,normal,0.0207,3.58,False,False,False,False,False,OK: within lot-relative limits (max 2.7 robust-sigma < 5); predicted 168h drift inside the lot safety envelope.
T01,T01-P0376,Iddq,uA,9.0553,10.0679,PASS,0.394,0.06,0.394,10.691,10.892,normal,0.0097,0.0,False,False,False,False,False,OK: within lot-relative limits (max 0.1 robust-sigma < 5); predicted 168h drift inside the lot safety envelope.
T01,T01-P0377,Iddq,uA,11.3473,12.2882,PASS,0.496,0.75,0.496,12.984,13.198,normal,0.0097,-0.78,False,False,False,False,False,OK: within lot-relative limits (max 0.7 robust-sigma < 5); predicted 168h drift inside the lot safety envelope.
T01,T01-P0378,Iddq,uA,10.842,12.0498,PASS,0.39,0.05,0.39,12.824,13.033,normal,0.0118,0.05,False,False,False,False,False,OK: within lot-relative limits (max 0.1 robust-sigma < 5); predicted 168h drift inside the lot safety envelope.
T01,T01-P0379,Iddq,uA,9.1955,10.4961,PASS,0.135,0.87,0.135,11.203,11.457,normal,0.0119,0.78,False,False,False,False,False,OK: within lot-relative limits (max 0.9 robust-sigma < 5); predicted 168h drift inside the lot safety envelope.
T01,T01-P0380,Iddq,uA,11.7755,12.4891,PASS,0.76,1.39,0.76,13.159,13.406,normal,0.0082,-1.37,False,False,False,False,False,OK: within lot-relative limits (max 1.4 robust-sigma < 5); predicted 168h drift inside the lot safety envelope.
T01,T01-P0381,Iddq,uA,9.0917,9.9218,PASS,0.051,0.51,0.039,10.531,10.699,normal,0.0086,-0.48,False,False,False,False,False,OK: within lot-relative limits (max 0.5 robust-sigma < 5); predicted 168h drift inside the lot safety envelope.
T01,T01-P0382,Iddq,uA,13.6475,15.9222,PASS,0.877,1.54,0.877,17.379,17.394,normal,0.0222,1.89,False,False,False,False,False,OK: within lot-relative limits (max 1.5 robust-sigma < 5); predicted 168h drift inside the lot safety envelope.
T01,T01-P0383,Iddq,uA,13.8108,15.3652,PASS,0.866,1.22,0.866,16.353,16.612,normal,0.0151,0.07,False,False,False,False,False,OK: within lot-relative limits (max 1.2 robust-sigma < 5); predicted 168h drift inside the lot safety envelope.
T01,T01-P0384,Iddq,uA,13.7502,15.131,PASS,0.796,1.2,0.796,16.059,16.294,normal,0.0137,-0.27,False,False,False,False,False,OK: within lot-relative limits (max 1.2 robust-sigma < 5); predicted 168h drift inside the lot safety envelope.
T01,T01-P0385,Iddq,uA,10.334,11.5602,PASS,0.251,0.25,0.251,12.28,12.536,normal,0.0116,0.16,False,False,False,False,False,OK: within lot-relative limits (max 0.2 robust-sigma < 5); predicted 168h drift inside the lot safety envelope.
T01,T01-P0386,Iddq,uA,12.2882,13.7726,PASS,0.648,0.64,0.648,14.678,14.906,normal,0.0142,0.29,False,False,False,False,False,OK: within lot-relative limits (max 0.6 robust-sigma < 5); predicted 168h drift inside the lot safety envelope.
T01,T01-P0387,Iddq,uA,10.8265,12.205,PASS,0.361,0.49,0.361,12.998,13.209,normal,0.0129,0.42,False,False,False,False,False,OK: within lot-relative limits (max 0.5 robust-sigma < 5); predicted 168h drift inside the lot safety envelope.
T01,T01-P0388,Iddq,uA,10.4384,11.4334,PASS,0.16,0.4,0.16,12.113,12.305,normal,0.01,-0.43,False,False,False,False,False,OK: within lot-relative limits (max 0.4 robust-sigma < 5); predicted 168h drift inside the lot safety envelope.
T01,T01-P0389,Iddq,uA,10.4874,11.4847,PASS,0.184,0.4,0.184,12.17,12.363,normal,0.01,-0.43,False,False,False,False,False,OK: within lot-relative limits (max 0.4 robust-sigma < 5); predicted 168h drift inside the lot safety envelope.
T01,T01-P0390,Iddq,uA,8.8031,9.6549,PASS,0.183,0.36,0.183,10.228,10.381,normal,0.0085,-0.4,False,False,False,False,False,OK: within lot-relative limits (max 0.4 robust-sigma < 5); predicted 168h drift inside the lot safety envelope.
T01,T01-P0391,Iddq,uA,8.687,9.8943,PASS,0.114,0.8,0.114,10.613,10.784,normal,0.0115,0.85,False,False,False,False,False,OK: within lot-relative limits (max 0.8 robust-sigma < 5); predicted 168h drift inside the lot safety envelope.
T01,T01-P0392,Iddq,uA,13.0752,14.1829,PASS,0.638,0.93,0.638,14.971,15.243,normal,0.0113,-0.77,False,False,False,False,False,OK: within lot-relative limits (max 0.9 robust-sigma < 5); predicted 168h drift inside the lot safety envelope.
T01,T01-P0393,Iddq,uA,11.1153,11.96,PASS,0.451,0.94,0.451,12.611,12.832,normal,0.0089,-1.0,False,False,False,False,False,OK: within lot-relative limits (max 0.9 robust-sigma < 5); predicted 168h drift inside the lot safety envelope.
T01,T01-P0394,Iddq,uA,11.6743,13.2148,PASS,0.515,0.61,0.515,14.13,14.426,normal,0.0146,0.62,False,False,False,False,False,OK: within lot-relative limits (max 0.6 robust-sigma < 5); predicted 168h drift inside the lot safety envelope.
T01,T01-P0395,Iddq,uA,13.7177,14.7805,PASS,0.744,1.19,0.744,15.581,15.889,normal,0.0111,-0.97,False,False,False,False,False,OK: within lot-relative limits (max 1.2 robust-sigma < 5); predicted 168h drift inside the lot safety envelope.
T01,T01-P0396,Iddq,uA,8.0945,9.4029,REJECT,0.362,1.41,0.362,13.701,13.701,normal,0.0334,9.01,False,False,False,True,False,EARLY REJECT (drift forecast): predicted Iddq@168h = 13.7 uA from 0h/24h readings; drift slope 0.033 uA/h exceeds lot safety slope 0.021 uA/h (9.0 robust-sigma).
T01,T01-P0397,Iddq,uA,9.7987,10.4922,PASS,0.191,1.09,0.191,11.06,11.252,normal,0.0075,-1.12,False,False,False,False,False,OK: within lot-relative limits (max 1.1 robust-sigma < 5); predicted 168h drift inside the lot safety envelope.
T01,T01-P0398,Iddq,uA,11.6103,13.2732,PASS,0.595,0.92,0.595,14.34,14.492,normal,0.0162,1.13,False,False,False,False,False,OK: within lot-relative limits (max 0.9 robust-sigma < 5); predicted 168h drift inside the lot safety envelope.
T01,T01-P0399,Iddq,uA,11.931,14.5549,PASS,0.95,2.91,0.95,16.425,16.794,normal,0.0268,3.84,False,False,False,False,False,OK: within lot-relative limits (max 2.9 robust-sigma < 5); predicted 168h drift inside the lot safety envelope.
T01,T01-P0400,Iddq,uA,10.4976,12.6085,PASS,0.863,2.43,0.863,14.237,14.247,normal,0.0223,3.47,False,False,False,False,False,OK: within lot-relative limits (max 2.4 robust-sigma < 5); predicted 168h drift inside the lot safety envelope.
T01,T01-P0401,Iddq,uA,13.633,15.0696,PASS,0.828,1.15,0.828,15.968,16.327,normal,0.0139,-0.2,False,False,False,False,False,OK: within lot-relative limits (max 1.2 robust-sigma < 5); predicted 168h drift inside the lot safety envelope.
T01,T01-P0402,Iddq,uA,11.5737,13.4087,PASS,0.726,1.33,0.726,14.639,14.751,normal,0.0182,1.72,False,False,False,False,False,OK: within lot-relative limits (max 1.3 robust-sigma < 5); predicted 168h drift inside the lot safety envelope.
T01,T01-P0403,Iddq,uA,8.8832,9.9704,PASS,0.19,0.35,0.19,10.649,10.824,normal,0.0105,0.38,False,False,False,False,False,OK: within lot-relative limits (max 0.4 robust-sigma < 5); predicted 168h drift inside the lot safety envelope.
T01,T01-P0404,Iddq,uA,9.3127,10.4832,PASS,0.104,0.44,0.104,11.181,11.362,normal,0.0111,0.42,False,False,False,False,False,OK: within lot-relative limits (max 0.4 robust-sigma < 5); predicted 168h drift inside the lot safety envelope.
T01,T01-P0405,Iddq,uA,13.1369,15.3474,REJECT,0.849,1.58,0.849,20.908,20.908,normal,0.0463,7.47,False,False,False,True,False,EARLY REJECT (drift forecast): predicted Iddq@168h = 20.9 uA from 0h/24h readings; drift slope 0.046 uA/h exceeds lot safety slope 0.035 uA/h (7.5 robust-sigma).
T01,T01-P0406,Iddq,uA,12.1128,13.1646,PASS,0.529,0.64,0.529,13.97,14.208,normal,0.0111,-0.58,False,False,False,False,False,OK: within lot-relative limits (max 0.6 robust-sigma < 5); predicted 168h drift inside the lot safety envelope.
T01,T01-P0407,Iddq,uA,7.9322,8.8932,PASS,0.25,0.32,0.25,9.417,9.623,normal,0.0088,0.14,False,False,False,False,False,OK: within lot-relative limits (max 0.3 robust-sigma < 5); predicted 168h drift inside the lot safety envelope.
T01,T01-P0408,Iddq,uA,34.6618,38.963,INSPECT,0.986,6.18,0.986,41.357,42.273,low,0.0399,0.26,False,True,False,False,True,"LOT OUTLIER: Iddq@0h = 34.7 uA is 6.2 robust-sigma above lot T01 median (11.0 uA); still under datasheet max 50 uA, so a static limit would pass it. | LOT OUTLIER: Iddq@24h = 39.0 uA is 6.1 robust-sigma above lot T01 median (12.2 uA); still under datasheet max 50 uA, so a static limit would pass it. | GUARD BAND: 90% upper forecast for Iddq@168h is 42.3 uA = 85% of datasheet max (guard band 70%)."
T01,T01-P0409,Iddq,uA,12.7047,14.5387,PASS,0.706,0.95,0.706,15.679,15.858,normal,0.0177,1.11,False,False,False,False,False,OK: within lot-relative limits (max 0.9 robust-sigma < 5); predicted 168h drift inside the lot safety envelope.
T01,T01-P0410,Iddq,uA,14.5643,16.2774,PASS,0.881,1.52,0.881,17.363,17.621,normal,0.0167,0.24,False,False,False,False,False,OK: within lot-relative limits (max 1.5 robust-sigma < 5); predicted 168h drift inside the lot safety envelope.
T01,T01-P0411,Iddq,uA,10.4908,11.516,PASS,0.253,0.33,0.253,12.211,12.37,normal,0.0102,-0.35,False,False,False,False,False,OK: within lot-relative limits (max 0.3 robust-sigma < 5); predicted 168h drift inside the lot safety envelope.
T01,T01-P0412,Iddq,uA,10.79,12.0515,PASS,0.27,0.2,0.27,12.822,13.065,normal,0.0121,0.16,False,False,False,False,False,OK: within lot-relative limits (max 0.2 robust-sigma < 5); predicted 168h drift inside the lot safety envelope.
T01,T01-P0413,Iddq,uA,9.1012,10.2289,PASS,0.149,0.39,0.149,10.91,11.104,normal,0.0108,0.38,False,False,False,False,False,OK: within lot-relative limits (max 0.4 robust-sigma < 5); predicted 168h drift inside the lot safety envelope.
T01,T01-P0414,Iddq,uA,18.2985,20.253,PASS,0.977,2.74,0.977,21.27,21.906,normal,0.0177,-0.39,False,False,False,False,False,OK: within lot-relative limits (max 2.7 robust-sigma < 5); predicted 168h drift inside the lot safety envelope.
T01,T01-P0415,Iddq,uA,10.964,12.0897,PASS,0.324,0.19,0.324,12.821,13.047,normal,0.0111,-0.24,False,False,False,False,False,OK: within lot-relative limits (max 0.2 robust-sigma < 5); predicted 168h drift inside the lot safety envelope.
T01,T01-P0416,Iddq,uA,15.1266,16.5764,PASS,0.895,1.71,0.895,19.982,19.982,normal,0.0289,2.81,False,False,False,False,False,OK: within lot-relative limits (max 1.7 robust-sigma < 5); predicted 168h drift inside the lot safety envelope.
T01,T01-P0417,Iddq,uA,10.0131,10.3439,PASS,0.5,2.19,0.5,10.87,11.057,normal,0.0051,-2.1,False,False,False,False,False,OK: within lot-relative limits (max 2.2 robust-sigma < 5); predicted 168h drift inside the lot safety envelope.
T01,T01-P0418,Iddq,uA,11.5109,13.3071,PASS,0.677,1.26,0.677,14.423,14.6,normal,0.0173,1.49,False,False,False,False,False,OK: within lot-relative limits (max 1.3 robust-sigma < 5); predicted 168h drift inside the lot safety envelope.
T01,T01-P0419,Iddq,uA,8.4557,9.3483,PASS,0.342,0.11,0.342,9.936,10.127,normal,0.0088,-0.12,False,False,False,False,False,OK: within lot-relative limits (max 0.1 robust-sigma < 5); predicted 168h drift inside the lot safety envelope.
T01,T01-P0420,Iddq,uA,10.3956,11.511,PASS,0.392,0.06,0.392,12.163,12.45,normal,0.0105,-0.23,False,False,False,False,False,OK: within lot-relative limits (max 0.1 robust-sigma < 5); predicted 168h drift inside the lot safety envelope.
T01,T01-P0421,Iddq,uA,13.4704,15.0105,PASS,0.812,1.09,0.812,15.95,16.31,normal,0.0148,0.07,False,False,False,False,False,OK: within lot-relative limits (max 1.1 robust-sigma < 5); predicted 168h drift inside the lot safety envelope.
T01,T01-P0422,Iddq,uA,8.7526,10.2156,PASS,0.4,1.55,0.4,11.108,11.156,normal,0.014,1.81,False,False,False,False,False,OK: within lot-relative limits (max 1.6 robust-sigma < 5); predicted 168h drift inside the lot safety envelope.
T01,T01-P0423,Iddq,uA,13.9339,15.0253,PASS,0.776,1.27,0.776,15.85,16.14,normal,0.0114,-0.93,False,False,False,False,False,OK: within lot-relative limits (max 1.3 robust-sigma < 5); predicted 168h drift inside the lot safety envelope.
T01,T01-P0424,Iddq,uA,12.2713,13.1902,PASS,0.597,0.98,0.597,13.956,14.173,normal,0.01,-0.93,False,False,False,False,False,OK: within lot-relative limits (max 1.0 robust-sigma < 5); predicted 168h drift inside the lot safety envelope.
T01,T01-P0425,Iddq,uA,9.2645,9.9751,PASS,0.132,0.92,0.132,10.499,10.695,normal,0.0073,-1.02,False,False,False,False,False,OK: within lot-relative limits (max 0.9 robust-sigma < 5); predicted 168h drift inside the lot safety envelope.
T01,T01-P0426,Iddq,uA,10.2374,11.737,PASS,0.136,1.0,0.136,12.618,12.878,normal,0.0142,1.08,False,False,False,False,False,OK: within lot-relative limits (max 1.0 robust-sigma < 5); predicted 168h drift inside the lot safety envelope.
T01,T01-P0427,Iddq,uA,10.3419,10.9861,PASS,0.337,1.34,0.337,11.533,11.774,normal,0.0071,-1.42,False,False,False,False,False,OK: within lot-relative limits (max 1.3 robust-sigma < 5); predicted 168h drift inside the lot safety envelope.
T01,T01-P0428,Iddq,uA,11.0356,13.0992,PASS,0.88,2.07,0.88,14.511,14.522,normal,0.0207,2.69,False,False,False,False,False,OK: within lot-relative limits (max 2.1 robust-sigma < 5); predicted 168h drift inside the lot safety envelope.
T01,T01-P0429,Iddq,uA,10.0522,11.1285,PASS,0.381,0.07,0.381,11.761,12.038,normal,0.0102,-0.23,False,False,False,False,False,OK: within lot-relative limits (max 0.1 robust-sigma < 5); predicted 168h drift inside the lot safety envelope.
T01,T01-P0430,Iddq,uA,9.632,10.4273,PASS,0.085,0.76,0.085,10.982,11.203,normal,0.008,-0.87,False,False,False,False,False,OK: within lot-relative limits (max 0.8 robust-sigma < 5); predicted 168h drift inside the lot safety envelope.
T01,T01-P0431,Iddq,uA,10.5349,12.295,PASS,0.465,1.55,0.465,13.367,13.427,normal,0.0169,1.8,False,False,False,False,False,OK: within lot-relative limits (max 1.6 robust-sigma < 5); predicted 168h drift inside the lot safety envelope.
T01,T01-P0432,Iddq,uA,9.0943,10.3893,PASS,0.118,0.89,0.118,11.079,11.343,normal,0.0118,0.78,False,False,False,False,False,OK: within lot-relative limits (max 0.9 robust-sigma < 5); predicted 168h drift inside the lot safety envelope.
T01,T01-P0433,Iddq,uA,8.7195,9.2892,PASS,0.308,1.25,0.308,9.791,9.953,normal,0.0064,-1.25,False,False,False,False,False,OK: within lot-relative limits (max 1.2 robust-sigma < 5); predicted 168h drift inside the lot safety envelope.
T01,T01-P0434,Iddq,uA,11.1106,12.0832,PASS,0.445,0.62,0.445,12.783,13.033,normal,0.01,-0.65,False,False,False,False,False,OK: within lot-relative limits (max 0.6 robust-sigma < 5); predicted 168h drift inside the lot safety envelope.
T01,T01-P0435,Iddq,uA,13.2586,15.0977,PASS,0.678,1.12,0.678,16.197,16.457,normal,0.0175,0.85,False,False,False,False,False,OK: within lot-relative limits (max 1.1 robust-sigma < 5); predicted 168h drift inside the lot safety envelope.
T01,T01-P0436,Iddq,uA,8.4211,9.6476,PASS,0.176,0.98,0.176,10.427,10.512,normal,0.0119,1.19,False,False,False,False,False,OK: within lot-relative limits (max 1.0 robust-sigma < 5); predicted 168h drift inside the lot safety envelope.
T01,T01-P0437,Iddq,uA,11.2045,12.2921,PASS,0.489,0.35,0.489,13.041,13.211,normal,0.0109,-0.36,False,False,False,False,False,OK: within lot-relative limits (max 0.3 robust-sigma < 5); predicted 168h drift inside the lot safety envelope.
T01,T01-P0438,Iddq,uA,9.9679,11.1735,PASS,0.244,0.31,0.244,11.893,12.092,normal,0.0115,0.26,False,False,False,False,False,OK: within lot-relative limits (max 0.3 robust-sigma < 5); predicted 168h drift inside the lot safety envelope.
T01,T01-P0439,Iddq,uA,9.2986,10.4867,PASS,0.084,0.5,0.084,11.164,11.374,normal,0.0111,0.42,False,False,False,False,False,OK: within lot-relative limits (max 0.5 robust-sigma < 5); predicted 168h drift inside the lot safety envelope.
T01,T01-P0440,Iddq,uA,13.0649,14.237,PASS,0.649,0.92,0.649,15.156,15.354,normal,0.0124,-0.44,False,False,False,False,False,OK: within lot-relative limits (max 0.9 robust-sigma < 5); predicted 168h drift inside the lot safety envelope.
T01,T01-P0441,Iddq,uA,10.1308,11.4694,PASS,0.062,0.62,0.049,12.23,12.519,normal,0.0125,0.56,False,False,False,False,False,OK: within lot-relative limits (max 0.6 robust-sigma < 5); predicted 168h drift inside the lot safety envelope.
T01,T01-P0442,Iddq,uA,14.9561,16.8501,PASS,0.887,1.7,0.887,18.038,18.248,normal,0.0183,0.53,False,False,False,False,False,OK: within lot-relative limits (max 1.7 robust-sigma < 5); predicted 168h drift inside the lot safety envelope.
T01,T01-P0443,Iddq,uA,9.8383,10.7483,PASS,0.11,0.48,0.11,11.417,11.578,normal,0.0094,-0.43,False,False,False,False,False,OK: within lot-relative limits (max 0.5 robust-sigma < 5); predicted 168h drift inside the lot safety envelope.
T01,T01-P0444,Iddq,uA,12.1211,13.192,PASS,0.518,0.59,0.518,14.063,14.24,normal,0.0116,-0.44,False,False,False,False,False,OK: within lot-relative limits (max 0.6 robust-sigma < 5); predicted 168h drift inside the lot safety envelope.
T01,T01-P0445,Iddq,uA,10.7816,11.9325,PASS,0.378,0.08,0.378,12.614,12.912,normal,0.0109,-0.23,False,False,False,False,False,OK: within lot-relative limits (max 0.1 robust-sigma < 5); predicted 168h drift inside the lot safety envelope.
T01,T01-P0446,Iddq,uA,9.6501,10.891,PASS,0.052,0.52,0.032,11.586,11.847,normal,0.0115,0.42,False,False,False,False,False,OK: within lot-relative limits (max 0.5 robust-sigma < 5); predicted 168h drift inside the lot safety envelope.
T01,T01-P0447,Iddq,uA,12.4438,13.8639,PASS,0.716,0.67,0.716,14.735,15.067,normal,0.0136,0.07,False,False,False,False,False,OK: within lot-relative limits (max 0.7 robust-sigma < 5); predicted 168h drift inside the lot safety envelope.
T01,T01-P0448,Iddq,uA,10.7894,11.9807,PASS,0.422,0.02,0.422,12.762,12.969,normal,0.0117,0.05,False,False,False,False,False,OK: within lot-relative limits (max 0.0 robust-sigma < 5); predicted 168h drift inside the lot safety envelope.
T01,T01-P0449,Iddq,uA,12.5252,14.6662,PASS,0.847,1.65,0.847,16.728,16.728,normal,0.025,3.08,False,False,False,False,False,OK: within lot-relative limits (max 1.7 robust-sigma < 5); predicted 168h drift inside the lot safety envelope.
T01,T01-P0450,Iddq,uA,71.5193,79.686,REJECT,1.0,10.08,0.993,84.069,85.647,low,0.0747,-0.11,True,True,True,False,True,STATIC FAIL: Iddq@0h = 71.5 uA exceeds datasheet max 50 uA. | LOT OUTLIER: Iddq@0h = 71.5 uA is 10.1 robust-sigma above lot T01 median (11.0 uA). | LOT OUTLIER: Iddq@24h = 79.7 uA is 9.8 robust-sigma above lot T01 median (12.2 uA). | GUARD BAND: 90% upper forecast for Iddq@168h is 85.6 uA = 171% of datasheet max (guard band 70%).
T01,T01-P0451,Iddq,uA,61.0201,69.5423,REJECT,0.992,9.22,0.992,73.968,75.23,low,0.0771,0.66,True,True,True,False,True,STATIC FAIL: Iddq@0h = 61.0 uA exceeds datasheet max 50 uA. | LOT OUTLIER: Iddq@0h = 61.0 uA is 9.2 robust-sigma above lot T01 median (11.0 uA). | LOT OUTLIER: Iddq@24h = 69.5 uA is 9.1 robust-sigma above lot T01 median (12.2 uA). | GUARD BAND: 90% upper forecast for Iddq@168h is 75.2 uA = 150% of datasheet max (guard band 70%).
T01,T01-P0452,Iddq,uA,11.127,12.9305,PASS,0.755,1.42,0.755,14.058,14.182,normal,0.0174,1.69,False,False,False,False,False,OK: within lot-relative limits (max 1.4 robust-sigma < 5); predicted 168h drift inside the lot safety envelope.
T01,T01-P0453,Iddq,uA,11.1988,12.6853,PASS,0.528,0.63,0.528,13.545,13.866,normal,0.014,0.6,False,False,False,False,False,OK: within lot-relative limits (max 0.6 robust-sigma < 5); predicted 168h drift inside the lot safety envelope.
T01,T01-P0454,Iddq,uA,13.4749,16.2368,PASS,0.943,2.53,0.943,18.282,18.288,normal,0.0286,3.48,False,False,False,False,False,OK: within lot-relative limits (max 2.5 robust-sigma < 5); predicted 168h drift inside the lot safety envelope.
T01,T01-P0455,Iddq,uA,9.4692,10.2001,PASS,0.122,0.91,0.122,10.731,10.955,normal,0.0075,-1.02,False,False,False,False,False,OK: within lot-relative limits (max 0.9 robust-sigma < 5); predicted 168h drift inside the lot safety envelope.
T01,T01-P0456,Iddq,uA,11.0745,12.5656,PASS,0.511,0.69,0.511,13.395,13.712,normal,0.0138,0.6,False,False,False,False,False,OK: within lot-relative limits (max 0.7 robust-sigma < 5); predicted 168h drift inside the lot safety envelope.
T01,T01-P0457,Iddq,uA,8.0564,8.84,PASS,0.211,0.34,0.211,9.33,9.5,normal,0.0076,-0.48,False,False,False,False,False,OK: within lot-relative limits (max 0.3 robust-sigma < 5); predicted 168h drift inside the lot safety envelope.
T01,T01-P0458,Iddq,uA,12.6309,14.9091,PASS,0.878,1.9,0.878,16.564,16.622,normal,0.0234,2.63,False,False,False,False,False,OK: within lot-relative limits (max 1.9 robust-sigma < 5); predicted 168h drift inside the lot safety envelope.
T01,T01-P0459,Iddq,uA,9.1442,10.9216,PASS,0.518,2.26,0.518,11.965,12.411,normal,0.0168,2.57,False,False,False,False,False,OK: within lot-relative limits (max 2.3 robust-sigma < 5); predicted 168h drift inside the lot safety envelope.
T01,T01-P0460,Iddq,uA,8.007,8.462,PASS,0.385,1.5,0.385,8.884,9.05,normal,0.0052,-1.55,False,False,False,False,False,OK: within lot-relative limits (max 1.5 robust-sigma < 5); predicted 168h drift inside the lot safety envelope.
T01,T01-P0461,Iddq,uA,11.2081,12.1853,PASS,0.462,0.63,0.462,12.895,13.147,normal,0.01,-0.65,False,False,False,False,False,OK: within lot-relative limits (max 0.6 robust-sigma < 5); predicted 168h drift inside the lot safety envelope.
T01,T01-P0462,Iddq,uA,13.8204,15.6326,PASS,0.772,1.3,0.772,16.611,17.078,normal,0.0166,0.45,False,False,False,False,False,OK: within lot-relative limits (max 1.3 robust-sigma < 5); predicted 168h drift inside the lot safety envelope.
T01,T01-P0463,Iddq,uA,8.4542,9.5464,PASS,0.054,0.54,0.045,10.205,10.38,normal,0.0104,0.55,False,False,False,False,False,OK: within lot-relative limits (max 0.5 robust-sigma < 5); predicted 168h drift inside the lot safety envelope.
T01,T01-P0464,Iddq,uA,9.1821,10.2891,PASS,0.243,0.3,0.243,10.935,11.138,normal,0.0104,0.22,False,False,False,False,False,OK: within lot-relative limits (max 0.3 robust-sigma < 5); predicted 168h drift inside the lot safety envelope.
T01,T01-P0465,Iddq,uA,9.7722,10.9563,PASS,0.25,0.32,0.25,11.66,11.854,normal,0.0112,0.26,False,False,False,False,False,OK: within lot-relative limits (max 0.3 robust-sigma < 5); predicted 168h drift inside the lot safety envelope.
T01,T01-P0466,Iddq,uA,9.1296,10.0871,PASS,0.333,0.13,0.333,10.662,10.934,normal,0.0091,-0.27,False,False,False,False,False,OK: within lot-relative limits (max 0.1 robust-sigma < 5); predicted 168h drift inside the lot safety envelope.
T01,T01-P0467,Iddq,uA,12.2392,13.4088,PASS,0.56,0.57,0.56,14.246,14.428,normal,0.0119,-0.36,False,False,False,False,False,OK: within lot-relative limits (max 0.6 robust-sigma < 5); predicted 168h drift inside the lot safety envelope.
T01,T01-P0468,Iddq,uA,9.5591,10.6422,PASS,0.358,0.1,0.358,11.307,11.498,normal,0.0104,0.05,False,False,False,False,False,OK: within lot-relative limits (max 0.1 robust-sigma < 5); predicted 168h drift inside the lot safety envelope.
T01,T01-P0469,Iddq,uA,9.987,11.282,PASS,0.055,0.55,0.052,11.99,12.274,normal,0.0119,0.42,False,False,False,False,False,OK: within lot-relative limits (max 0.6 robust-sigma < 5); predicted 168h drift inside the lot safety envelope.
T01,T01-P0470,Iddq,uA,12.6576,13.2712,PASS,0.85,1.74,0.85,13.963,14.158,normal,0.0078,-1.7,False,False,False,False,False,OK: within lot-relative limits (max 1.7 robust-sigma < 5); predicted 168h drift inside the lot safety envelope.
T01,T01-P0471,Iddq,uA,9.7425,11.0322,PASS,0.062,0.62,0.051,11.761,12.063,normal,0.012,0.56,False,False,False,False,False,OK: within lot-relative limits (max 0.6 robust-sigma < 5); predicted 168h drift inside the lot safety envelope.
T01,T01-P0472,Iddq,uA,12.1236,13.2717,PASS,0.548,0.52,0.548,14.111,14.271,normal,0.0118,-0.36,False,False,False,False,False,OK: within lot-relative limits (max 0.5 robust-sigma < 5); predicted 168h drift inside the lot safety envelope.
T01,T01-P0473,Iddq,uA,9.5038,10.4078,PASS,0.184,0.4,0.184,11.028,11.203,normal,0.0091,-0.43,False,False,False,False,False,OK: within lot-relative limits (max 0.4 robust-sigma < 5); predicted 168h drift inside the lot safety envelope.
T01,T01-P0474,Iddq,uA,8.7932,10.0923,PASS,0.222,1.04,0.222,10.822,11.081,normal,0.0121,1.04,False,False,False,False,False,OK: within lot-relative limits (max 1.0 robust-sigma < 5); predicted 168h drift inside the lot safety envelope.
T01,T01-P0475,Iddq,uA,8.0672,8.6731,PASS,0.128,0.97,0.128,9.096,9.318,normal,0.0061,-1.15,False,False,False,False,False,OK: within lot-relative limits (max 1.0 robust-sigma < 5); predicted 168h drift inside the lot safety envelope.
T01,T01-P0476,Iddq,uA,15.8725,18.0801,PASS,0.937,2.07,0.937,19.321,19.703,normal,0.0205,0.76,False,False,False,False,False,OK: within lot-relative limits (max 2.1 robust-sigma < 5); predicted 168h drift inside the lot safety envelope.
T01,T01-P0477,Iddq,uA,10.6937,8.0121,REJECT,1.0,12.05,0.983,8.985,15.318,low,-0.0102,-8.5,False,True,False,False,False,ABNORMAL DRIFT: Iddq changed -25% from 0h to 24h vs lot median +11% (12.1 robust-sigma).
T01,T01-P0478,Iddq,uA,11.6268,12.8928,PASS,0.769,0.3,0.769,13.849,13.955,normal,0.0132,0.22,False,False,False,False,False,OK: within lot-relative limits (max 0.3 robust-sigma < 5); predicted 168h drift inside the lot safety envelope.
T01,T01-P0479,Iddq,uA,11.1796,11.8412,PASS,0.486,1.43,0.486,12.477,12.728,normal,0.0077,-1.41,False,False,False,False,False,OK: within lot-relative limits (max 1.4 robust-sigma < 5); predicted 168h drift inside the lot safety envelope.
T01,T01-P0480,Iddq,uA,11.5156,12.9541,PASS,0.547,0.42,0.547,13.88,14.049,normal,0.0141,0.52,False,False,False,False,False,OK: within lot-relative limits (max 0.4 robust-sigma < 5); predicted 168h drift inside the lot safety envelope.
T01,T01-P0481,Iddq,uA,11.3525,12.8791,PASS,0.517,0.68,0.517,13.77,14.057,normal,0.0144,0.67,False,False,False,False,False,OK: within lot-relative limits (max 0.7 robust-sigma < 5); predicted 168h drift inside the lot safety envelope.
T01,T01-P0482,Iddq,uA,15.9739,18.6186,PASS,0.958,2.22,0.958,20.254,20.36,normal,0.0255,1.78,False,False,False,False,False,OK: within lot-relative limits (max 2.2 robust-sigma < 5); predicted 168h drift inside the lot safety envelope.
T01,T01-P0483,Iddq,uA,9.3582,10.2118,PASS,0.051,0.51,0.039,10.859,11.013,normal,0.0089,-0.43,False,False,False,False,False,OK: within lot-relative limits (max 0.5 robust-sigma < 5); predicted 168h drift inside the lot safety envelope.
T01,T01-P0484,Iddq,uA,8.3703,9.742,PASS,0.37,1.47,0.37,10.779,10.779,normal,0.0143,2.17,False,False,False,False,False,OK: within lot-relative limits (max 1.5 robust-sigma < 5); predicted 168h drift inside the lot safety envelope.
T01,T01-P0485,Iddq,uA,9.2219,10.427,PASS,0.084,0.58,0.084,11.055,11.333,normal,0.0109,0.38,False,False,False,False,False,OK: within lot-relative limits (max 0.6 robust-sigma < 5); predicted 168h drift inside the lot safety envelope.
T01,T01-P0486,Iddq,uA,8.8383,9.6063,PASS,0.063,0.63,0.019,10.138,10.368,normal,0.0077,-0.72,False,False,False,False,False,OK: within lot-relative limits (max 0.6 robust-sigma < 5); predicted 168h drift inside the lot safety envelope.
T01,T01-P0487,Iddq,uA,12.7121,14.7398,PASS,0.772,1.35,0.772,16.014,16.202,normal,0.0197,1.62,False,False,False,False,False,OK: within lot-relative limits (max 1.4 robust-sigma < 5); predicted 168h drift inside the lot safety envelope.
T01,T01-P0488,Iddq,uA,13.0483,15.1897,PASS,0.822,1.47,0.822,16.607,16.63,normal,0.0212,1.88,False,False,False,False,False,OK: within lot-relative limits (max 1.5 robust-sigma < 5); predicted 168h drift inside the lot safety envelope.
T01,T01-P0489,Iddq,uA,9.2191,10.2725,PASS,0.336,0.13,0.336,10.884,11.162,normal,0.0099,0.0,False,False,False,False,False,OK: within lot-relative limits (max 0.1 robust-sigma < 5); predicted 168h drift inside the lot safety envelope.
T01,T01-P0490,Iddq,uA,8.674,9.5008,PASS,0.16,0.4,0.16,10.075,10.226,normal,0.0083,-0.41,False,False,False,False,False,OK: within lot-relative limits (max 0.4 robust-sigma < 5); predicted 168h drift inside the lot safety envelope.
T01,T01-P0491,Iddq,uA,10.5814,11.6085,PASS,0.188,0.35,0.188,12.317,12.477,normal,0.0103,-0.35,False,False,False,False,False,OK: within lot-relative limits (max 0.3 robust-sigma < 5); predicted 168h drift inside the lot safety envelope.
T01,T01-P0492,Iddq,uA,14.8113,16.4219,PASS,0.932,1.6,0.932,17.577,17.763,normal,0.0165,0.13,False,False,False,False,False,OK: within lot-relative limits (max 1.6 robust-sigma < 5); predicted 168h drift inside the lot safety envelope.
T01,T01-P0493,Iddq,uA,6.6534,7.1618,PASS,0.142,0.93,0.142,7.527,7.671,normal,0.0052,-1.07,False,False,False,False,False,OK: within lot-relative limits (max 0.9 robust-sigma < 5); predicted 168h drift inside the lot safety envelope.
T01,T01-P0494,Iddq,uA,12.6621,14.2817,PASS,0.655,0.83,0.655,15.219,15.488,normal,0.0152,0.45,False,False,False,False,False,OK: within lot-relative limits (max 0.8 robust-sigma < 5); predicted 168h drift inside the lot safety envelope.
T01,T01-P0495,Iddq,uA,9.1407,9.8617,PASS,0.176,0.86,0.176,10.355,10.588,normal,0.0072,-1.03,False,False,False,False,False,OK: within lot-relative limits (max 0.9 robust-sigma < 5); predicted 168h drift inside the lot safety envelope.
T01,T01-P0496,Iddq,uA,13.7433,15.3849,PASS,0.815,1.22,0.815,16.349,16.671,normal,0.0155,0.19,False,False,False,False,False,OK: within lot-relative limits (max 1.2 robust-sigma < 5); predicted 168h drift inside the lot safety envelope.
T01,T01-P0497,Iddq,uA,9.2254,9.73,PASS,0.4,1.56,0.4,10.332,10.447,normal,0.0066,-1.32,False,False,False,False,False,OK: within lot-relative limits (max 1.6 robust-sigma < 5); predicted 168h drift inside the lot safety envelope.
T01,T01-P0498,Iddq,uA,10.5273,11.8639,PASS,0.11,0.48,0.11,12.639,12.844,normal,0.0126,0.42,False,False,False,False,False,OK: within lot-relative limits (max 0.5 robust-sigma < 5); predicted 168h drift inside the lot safety envelope.
T01,T01-P0499,Iddq,uA,8.3322,9.427,PASS,0.06,0.6,0.057,10.113,10.297,normal,0.0106,0.69,False,False,False,False,False,OK: within lot-relative limits (max 0.6 robust-sigma < 5); predicted 168h drift inside the lot safety envelope.
T01,T01-P0500,Iddq,uA,9.1905,10.2574,PASS,0.296,0.18,0.296,10.851,11.128,normal,0.0099,0.0,False,False,False,False,False,OK: within lot-relative limits (max 0.2 robust-sigma < 5); predicted 168h drift inside the lot safety envelope.
T02,T02-P0001,Iddq,uA,9.0278,9.578,PASS,0.73,1.04,0.73,10.002,10.222,normal,0.0058,-1.14,False,False,False,False,False,OK: within lot-relative limits (max 1.0 robust-sigma < 5); predicted 168h drift inside the lot safety envelope.
T02,T02-P0002,Iddq,uA,7.7,8.378,PASS,0.267,0.23,0.267,8.861,9.033,normal,0.0069,-0.21,False,False,False,False,False,OK: within lot-relative limits (max 0.2 robust-sigma < 5); predicted 168h drift inside the lot safety envelope.
T02,T02-P0003,Iddq,uA,7.5856,8.5117,PASS,0.075,0.75,0.072,9.088,9.242,normal,0.0089,0.78,False,False,False,False,False,OK: within lot-relative limits (max 0.8 robust-sigma < 5); predicted 168h drift inside the lot safety envelope.
T02,T02-P0004,Iddq,uA,10.9646,11.8938,PASS,0.952,2.21,0.952,12.45,12.749,normal,0.0088,-0.54,False,False,False,False,False,OK: within lot-relative limits (max 2.2 robust-sigma < 5); predicted 168h drift inside the lot safety envelope.
T02,T02-P0005,Iddq,uA,8.3525,9.5953,PASS,0.475,1.5,0.475,10.393,10.524,normal,0.0121,1.71,False,False,False,False,False,OK: within lot-relative limits (max 1.5 robust-sigma < 5); predicted 168h drift inside the lot safety envelope.
T02,T02-P0006,Iddq,uA,10.7629,11.6427,PASS,0.935,2.03,0.935,12.185,12.423,normal,0.0085,-0.61,False,False,False,False,False,OK: within lot-relative limits (max 2.0 robust-sigma < 5); predicted 168h drift inside the lot safety envelope.
T02,T02-P0007,Iddq,uA,9.2378,9.7684,PASS,0.739,1.14,0.739,10.235,10.406,normal,0.0059,-1.14,False,False,False,False,False,OK: within lot-relative limits (max 1.1 robust-sigma < 5); predicted 168h drift inside the lot safety envelope.
T02,T02-P0008,Iddq,uA,8.7432,9.2743,PASS,0.473,1.04,0.473,9.691,9.9,normal,0.0056,-1.13,False,False,False,False,False,OK: within lot-relative limits (max 1.0 robust-sigma < 5); predicted 168h drift inside the lot safety envelope.
T02,T02-P0009,Iddq,uA,9.1315,9.8315,PASS,0.591,0.57,0.591,10.318,10.509,normal,0.0071,-0.66,False,False,False,False,False,OK: within lot-relative limits (max 0.6 robust-sigma < 5); predicted 168h drift inside the lot safety envelope.
T02,T02-P0010,Iddq,uA,9.3109,10.6116,PASS,0.763,1.25,0.763,11.392,11.6,normal,0.0124,1.3,False,False,False,False,False,OK: within lot-relative limits (max 1.2 robust-sigma < 5); predicted 168h drift inside the lot safety envelope.
T02,T02-P0011,Iddq,uA,9.7039,10.7826,PASS,0.726,1.1,0.726,11.473,11.665,normal,0.0105,0.45,False,False,False,False,False,OK: within lot-relative limits (max 1.1 robust-sigma < 5); predicted 168h drift inside the lot safety envelope.
T02,T02-P0012,Iddq,uA,9.014,10.2683,PASS,0.724,1.23,0.724,11.029,11.188,normal,0.012,1.3,False,False,False,False,False,OK: within lot-relative limits (max 1.2 robust-sigma < 5); predicted 168h drift inside the lot safety envelope.
T02,T02-P0013,Iddq,uA,8.7233,9.8243,PASS,0.578,0.87,0.578,10.467,10.642,normal,0.0104,0.82,False,False,False,False,False,OK: within lot-relative limits (max 0.9 robust-sigma < 5); predicted 168h drift inside the lot safety envelope.
T02,T02-P0014,Iddq,uA,8.8183,9.6711,PASS,0.764,0.18,0.764,10.285,10.397,normal,0.0087,0.12,False,False,False,False,False,OK: within lot-relative limits (max 0.2 robust-sigma < 5); predicted 168h drift inside the lot safety envelope.
T02,T02-P0015,Iddq,uA,10.1258,10.7896,PASS,0.829,1.47,0.829,11.323,11.496,normal,0.0071,-0.92,False,False,False,False,False,OK: within lot-relative limits (max 1.5 robust-sigma < 5); predicted 168h drift inside the lot safety envelope.
T02,T02-P0016,Iddq,uA,9.4855,10.251,PASS,0.68,0.86,0.68,10.734,10.953,normal,0.0074,-0.62,False,False,False,False,False,OK: within lot-relative limits (max 0.9 robust-sigma < 5); predicted 168h drift inside the lot safety envelope.
T02,T02-P0017,Iddq,uA,7.7925,8.5832,PASS,0.312,0.16,0.312,9.085,9.273,normal,0.0077,0.11,False,False,False,False,False,OK: within lot-relative limits (max 0.2 robust-sigma < 5); predicted 168h drift inside the lot safety envelope.
T02,T02-P0018,Iddq,uA,8.0214,9.0164,PASS,0.12,0.81,0.12,9.625,9.786,normal,0.0095,0.82,False,False,False,False,False,OK: within lot-relative limits (max 0.8 robust-sigma < 5); predicted 168h drift inside the lot safety envelope.
T02,T02-P0019,Iddq,uA,9.1036,9.9364,PASS,0.732,0.48,0.732,10.559,10.712,normal,0.0087,-0.02,False,False,False,False,False,OK: within lot-relative limits (max 0.5 robust-sigma < 5); predicted 168h drift inside the lot safety envelope.
T02,T02-P0020,Iddq,uA,8.117,8.8095,PASS,0.244,0.31,0.244,9.241,9.441,normal,0.0067,-0.48,False,False,False,False,False,OK: within lot-relative limits (max 0.3 robust-sigma < 5); predicted 168h drift inside the lot safety envelope.
T02,T02-P0021,Iddq,uA,8.2968,9.0273,PASS,0.267,0.23,0.267,9.565,9.734,normal,0.0075,-0.17,False,False,False,False,False,OK: within lot-relative limits (max 0.2 robust-sigma < 5); predicted 168h drift inside the lot safety envelope.
T02,T02-P0022,Iddq,uA,7.7012,8.5227,PASS,0.228,0.31,0.228,8.989,9.223,normal,0.0077,0.14,False,False,False,False,False,OK: within lot-relative limits (max 0.3 robust-sigma < 5); predicted 168h drift inside the lot safety envelope.
T02,T02-P0023,Iddq,uA,8.3403,9.0211,PASS,0.138,0.42,0.138,9.466,9.631,normal,0.0067,-0.55,False,False,False,False,False,OK: within lot-relative limits (max 0.4 robust-sigma < 5); predicted 168h drift inside the lot safety envelope.
T02,T02-P0024,Iddq,uA,9.035,10.0231,PASS,0.514,0.46,0.514,10.697,10.861,normal,0.0099,0.49,False,False,False,False,False,OK: within lot-relative limits (max 0.5 robust-sigma < 5); predicted 168h drift inside the lot safety envelope.
T02,T02-P0025,Iddq,uA,9.5645,10.2079,PASS,0.724,0.94,0.724,10.701,10.908,normal,0.0068,-0.9,False,False,False,False,False,OK: within lot-relative limits (max 0.9 robust-sigma < 5); predicted 168h drift inside the lot safety envelope.
T02,T02-P0026,Iddq,uA,8.5083,9.334,PASS,0.41,0.03,0.41,9.894,10.032,normal,0.0082,0.05,False,False,False,False,False,OK: within lot-relative limits (max 0.0 robust-sigma < 5); predicted 168h drift inside the lot safety envelope.
T02,T02-P0027,Iddq,uA,10.8261,12.9903,PASS,0.979,2.89,0.979,14.274,14.694,normal,0.0205,3.13,False,False,False,False,False,OK: within lot-relative limits (max 2.9 robust-sigma < 5); predicted 168h drift inside the lot safety envelope.
T02,T02-P0028,Iddq,uA,8.4406,9.4619,PASS,0.072,0.72,0.029,10.065,10.238,normal,0.0097,0.66,False,False,False,False,False,OK: within lot-relative limits (max 0.7 robust-sigma < 5); predicted 168h drift inside the lot safety envelope.
T02,T02-P0029,Iddq,uA,12.435,13.1298,PASS,0.979,3.38,0.979,13.684,13.974,normal,0.0074,-1.31,False,False,False,False,False,OK: within lot-relative limits (max 3.4 robust-sigma < 5); predicted 168h drift inside the lot safety envelope.
T02,T02-P0030,Iddq,uA,9.7082,10.6434,PASS,0.861,1.08,0.861,11.291,11.446,normal,0.0094,0.05,False,False,False,False,False,OK: within lot-relative limits (max 1.1 robust-sigma < 5); predicted 168h drift inside the lot safety envelope.
T02,T02-P0031,Iddq,uA,9.1266,10.4658,PASS,0.836,1.44,0.836,11.275,11.48,normal,0.0128,1.53,False,False,False,False,False,OK: within lot-relative limits (max 1.4 robust-sigma < 5); predicted 168h drift inside the lot safety envelope.
T02,T02-P0032,Iddq,uA,8.0398,8.9159,PASS,0.209,0.38,0.209,9.504,9.664,normal,0.0087,0.45,False,False,False,False,False,OK: within lot-relative limits (max 0.4 robust-sigma < 5); predicted 168h drift inside the lot safety envelope.
T02,T02-P0033,Iddq,uA,6.3272,7.1893,PASS,0.244,1.15,0.244,7.656,7.848,normal,0.0079,1.02,False,False,False,False,False,OK: within lot-relative limits (max 1.2 robust-sigma < 5); predicted 168h drift inside the lot safety envelope.
T02,T02-P0034,Iddq,uA,8.4242,9.2894,PASS,0.287,0.19,0.287,9.84,10.025,normal,0.0084,0.16,False,False,False,False,False,OK: within lot-relative limits (max 0.2 robust-sigma < 5); predicted 168h drift inside the lot safety envelope.
T02,T02-P0035,Iddq,uA,8.7076,9.4701,PASS,0.47,0.25,0.47,9.978,10.2,normal,0.0076,-0.32,False,False,False,False,False,OK: within lot-relative limits (max 0.2 robust-sigma < 5); predicted 168h drift inside the lot safety envelope.
T02,T02-P0036,Iddq,uA,10.6042,13.2596,REJECT,0.983,4.2,0.983,20.062,22.634,normal,0.0563,12.01,False,False,False,True,False,EARLY REJECT (drift forecast): predicted Iddq@168h = 20.1 uA from 0h/24h readings; drift slope 0.056 uA/h exceeds lot safety slope 0.027 uA/h (12.0 robust-sigma).
T02,T02-P0037,Iddq,uA,7.4798,8.0921,PASS,0.199,0.41,0.199,8.526,8.638,normal,0.0062,-0.44,False,False,False,False,False,OK: within lot-relative limits (max 0.4 robust-sigma < 5); predicted 168h drift inside the lot safety envelope.
T02,T02-P0038,Iddq,uA,10.596,11.2982,PASS,0.91,1.89,0.91,11.818,12.03,normal,0.0073,-0.98,False,False,False,False,False,OK: within lot-relative limits (max 1.9 robust-sigma < 5); predicted 168h drift inside the lot safety envelope.
T02,T02-P0039,Iddq,uA,8.4659,8.8761,PASS,0.368,1.41,0.368,9.251,9.429,normal,0.0047,-1.48,False,False,False,False,False,OK: within lot-relative limits (max 1.4 robust-sigma < 5); predicted 168h drift inside the lot safety envelope.
T02,T02-P0040,Iddq,uA,9.2531,10.4163,PASS,0.611,0.85,0.611,11.105,11.288,normal,0.011,0.82,False,False,False,False,False,OK: within lot-relative limits (max 0.9 robust-sigma < 5); predicted 168h drift inside the lot safety envelope.
T02,T02-P0041,Iddq,uA,6.5224,7.2542,PASS,0.104,0.47,0.104,7.677,7.84,normal,0.0069,0.34,False,False,False,False,False,OK: within lot-relative limits (max 0.5 robust-sigma < 5); predicted 168h drift inside the lot safety envelope.
T02,T02-P0042,Iddq,uA,8.7639,9.5668,PASS,0.555,0.13,0.555,10.154,10.313,normal,0.0083,-0.04,False,False,False,False,False,OK: within lot-relative limits (max 0.1 robust-sigma < 5); predicted 168h drift inside the lot safety envelope.
T02,T02-P0043,Iddq,uA,8.2653,9.0907,PASS,0.351,0.11,0.351,9.638,9.771,normal,0.0082,0.11,False,False,False,False,False,OK: within lot-relative limits (max 0.1 robust-sigma < 5); predicted 168h drift inside the lot safety envelope.
T02,T02-P0044,Iddq,uA,9.3969,9.8283,PASS,0.841,1.49,0.841,10.275,10.466,normal,0.0052,-1.47,False,False,False,False,False,OK: within lot-relative limits (max 1.5 robust-sigma < 5); predicted 168h drift inside the lot safety envelope.
T02,T02-P0045,Iddq,uA,8.6559,9.4679,PASS,0.456,0.06,0.456,10.031,10.188,normal,0.0082,-0.04,False,False,False,False,False,OK: within lot-relative limits (max 0.1 robust-sigma < 5); predicted 168h drift inside the lot safety envelope.
T02,T02-P0046,Iddq,uA,7.6529,8.0869,PASS,0.273,1.16,0.273,8.461,8.606,normal,0.0048,-1.2,False,False,False,False,False,OK: within lot-relative limits (max 1.2 robust-sigma < 5); predicted 168h drift inside the lot safety envelope.
T02,T02-P0047,Iddq,uA,9.4922,10.4605,PASS,0.782,0.87,0.782,11.089,11.296,normal,0.0095,0.16,False,False,False,False,False,OK: within lot-relative limits (max 0.9 robust-sigma < 5); predicted 168h drift inside the lot safety envelope.
T02,T02-P0048,Iddq,uA,9.1714,9.7503,PASS,0.713,0.97,0.713,10.162,10.404,normal,0.0059,-1.14,False,False,False,False,False,OK: within lot-relative limits (max 1.0 robust-sigma < 5); predicted 168h drift inside the lot safety envelope.
T02,T02-P0049,Iddq,uA,9.0992,9.8317,PASS,0.587,0.47,0.587,10.298,10.507,normal,0.0071,-0.62,False,False,False,False,False,OK: within lot-relative limits (max 0.5 robust-sigma < 5); predicted 168h drift inside the lot safety envelope.
T02,T02-P0050,Iddq,uA,9.7158,10.2798,PASS,0.778,1.12,0.778,10.764,10.944,normal,0.0062,-1.15,False,False,False,False,False,OK: within lot-relative limits (max 1.1 robust-sigma < 5); predicted 168h drift inside the lot safety envelope.
T02,T02-P0051,Iddq,uA,9.734,10.5275,PASS,0.756,1.1,0.756,11.054,11.24,normal,0.0079,-0.54,False,False,False,False,False,OK: within lot-relative limits (max 1.1 robust-sigma < 5); predicted 168h drift inside the lot safety envelope.
T02,T02-P0052,Iddq,uA,8.5474,9.1185,PASS,0.176,0.86,0.176,9.558,9.74,normal,0.006,-0.92,False,False,False,False,False,OK: within lot-relative limits (max 0.9 robust-sigma < 5); predicted 168h drift inside the lot safety envelope.
T02,T02-P0053,Iddq,uA,7.3571,8.0324,PASS,0.34,0.12,0.34,8.557,8.658,normal,0.0071,0.05,False,False,False,False,False,OK: within lot-relative limits (max 0.1 robust-sigma < 5); predicted 168h drift inside the lot safety envelope.
T02,T02-P0054,Iddq,uA,7.3862,8.115,PASS,0.378,0.08,0.378,8.626,8.713,normal,0.0074,0.15,False,False,False,False,False,OK: within lot-relative limits (max 0.1 robust-sigma < 5); predicted 168h drift inside the lot safety envelope.
T02,T02-P0055,Iddq,uA,9.8601,10.6632,PASS,0.769,1.22,0.769,11.197,11.386,normal,0.008,-0.54,False,False,False,False,False,OK: within lot-relative limits (max 1.2 robust-sigma < 5); predicted 168h drift inside the lot safety envelope.
T02,T02-P0056,Iddq,uA,9.2977,9.9728,PASS,0.543,0.69,0.543,10.519,10.664,normal,0.0073,-0.63,False,False,False,False,False,OK: within lot-relative limits (max 0.7 robust-sigma < 5); predicted 168h drift inside the lot safety envelope.
T02,T02-P0057,Iddq,uA,8.7114,9.285,PASS,0.46,0.89,0.46,9.747,9.898,normal,0.0062,-0.9,False,False,False,False,False,OK: within lot-relative limits (max 0.9 robust-sigma < 5); predicted 168h drift inside the lot safety envelope.
T02,T02-P0058,Iddq,uA,8.1771,9.1265,PASS,0.067,0.58,0.067,9.667,9.901,normal,0.0089,0.45,False,False,False,False,False,OK: within lot-relative limits (max 0.6 robust-sigma < 5); predicted 168h drift inside the lot safety envelope.
T02,T02-P0059,Iddq,uA,8.6056,9.0626,PASS,0.301,1.27,0.301,9.603,9.656,normal,0.0059,-0.97,False,False,False,False,False,OK: within lot-relative limits (max 1.3 robust-sigma < 5); predicted 168h drift inside the lot safety envelope.
T02,T02-P0060,Iddq,uA,8.4943,9.3195,PASS,0.407,0.03,0.407,9.877,10.015,normal,0.0082,0.05,False,False,False,False,False,OK: within lot-relative limits (max 0.0 robust-sigma < 5); predicted 168h drift inside the lot safety envelope.
T02,T02-P0061,Iddq,uA,8.3161,8.7552,PASS,0.291,1.28,0.291,9.192,9.326,normal,0.0052,-1.2,False,False,False,False,False,OK: within lot-relative limits (max 1.3 robust-sigma < 5); predicted 168h drift inside the lot safety envelope.
T02,T02-P0062,Iddq,uA,8.019,8.6944,PASS,0.173,0.34,0.173,9.129,9.328,normal,0.0066,-0.48,False,False,False,False,False,OK: within lot-relative limits (max 0.3 robust-sigma < 5); predicted 168h drift inside the lot safety envelope.
T02,T02-P0063,Iddq,uA,10.9718,12.1971,PASS,0.952,2.21,0.952,12.932,13.189,normal,0.0117,0.38,False,False,False,False,False,OK: within lot-relative limits (max 2.2 robust-sigma < 5); predicted 168h drift inside the lot safety envelope.
T02,T02-P0064,Iddq,uA,8.9102,9.4787,PASS,0.596,0.95,0.596,9.915,10.107,normal,0.006,-1.04,False,False,False,False,False,OK: within lot-relative limits (max 1.0 robust-sigma < 5); predicted 168h drift inside the lot safety envelope.
T02,T02-P0065,Iddq,uA,8.048,8.9379,PASS,0.138,0.42,0.138,9.514,9.674,normal,0.0087,0.45,False,False,False,False,False,OK: within lot-relative limits (max 0.4 robust-sigma < 5); predicted 168h drift inside the lot safety envelope.
T02,T02-P0066,Iddq,uA,7.5177,7.9636,PASS,0.216,1.09,0.216,8.537,8.537,normal,0.0061,-0.54,False,False,False,False,False,OK: within lot-relative limits (max 1.1 robust-sigma < 5); predicted 168h drift inside the lot safety envelope.
T02,T02-P0067,Iddq,uA,8.0713,9.3348,PASS,0.434,1.71,0.434,10.158,10.237,normal,0.0124,1.99,False,False,False,False,False,OK: within lot-relative limits (max 1.7 robust-sigma < 5); predicted 168h drift inside the lot safety envelope.
T02,T02-P0068,Iddq,uA,9.3779,10.4732,PASS,0.632,0.84,0.632,11.139,11.355,normal,0.0105,0.57,False,False,False,False,False,OK: within lot-relative limits (max 0.8 robust-sigma < 5); predicted 168h drift inside the lot safety envelope.
T02,T02-P0069,Iddq,uA,9.3644,10.5684,PASS,0.708,0.93,0.708,11.239,11.496,normal,0.0112,0.82,False,False,False,False,False,OK: within lot-relative limits (max 0.9 robust-sigma < 5); predicted 168h drift inside the lot safety envelope.
T02,T02-P0070,Iddq,uA,8.44,8.7883,PASS,0.416,1.63,0.416,9.174,9.383,normal,0.0044,-1.61,False,False,False,False,False,OK: within lot-relative limits (max 1.6 robust-sigma < 5); predicted 168h drift inside the lot safety envelope.
T02,T02-P0071,Iddq,uA,8.5953,9.2948,PASS,0.127,0.43,0.127,9.846,9.925,normal,0.0074,-0.32,False,False,False,False,False,OK: within lot-relative limits (max 0.4 robust-sigma < 5); predicted 168h drift inside the lot safety envelope.
T02,T02-P0072,Iddq,uA,8.3517,9.9771,PASS,0.929,2.75,0.929,11.103,11.335,normal,0.0164,3.34,False,False,False,False,False,OK: within lot-relative limits (max 2.7 robust-sigma < 5); predicted 168h drift inside the lot safety envelope.
T02,T02-P0073,Iddq,uA,7.559,8.4118,PASS,0.095,0.49,0.095,8.922,9.093,normal,0.0081,0.41,False,False,False,False,False,OK: within lot-relative limits (max 0.5 robust-sigma < 5); predicted 168h drift inside the lot safety envelope.
T02,T02-P0074,Iddq,uA,10.0761,10.7803,PASS,0.801,1.42,0.801,11.322,11.519,normal,0.0074,-0.8,False,False,False,False,False,OK: within lot-relative limits (max 1.4 robust-sigma < 5); predicted 168h drift inside the lot safety envelope.
T02,T02-P0075,Iddq,uA,8.9733,9.9639,PASS,0.549,0.42,0.549,10.624,10.786,normal,0.0098,0.49,False,False,False,False,False,OK: within lot-relative limits (max 0.4 robust-sigma < 5); predicted 168h drift inside the lot safety envelope.
T02,T02-P0076,Iddq,uA,11.4528,12.082,PASS,0.965,2.61,0.965,12.648,12.87,normal,0.0071,-1.22,False,False,False,False,False,OK: within lot-relative limits (max 2.6 robust-sigma < 5); predicted 168h drift inside the lot safety envelope.
T02,T02-P0077,Iddq,uA,7.9526,8.7572,PASS,0.325,0.15,0.325,9.289,9.464,normal,0.008,0.16,False,False,False,False,False,OK: within lot-relative limits (max 0.2 robust-sigma < 5); predicted 168h drift inside the lot safety envelope.
T02,T02-P0078,Iddq,uA,8.4118,9.4798,PASS,0.139,0.89,0.139,10.094,10.262,normal,0.01,0.82,False,False,False,False,False,OK: within lot-relative limits (max 0.9 robust-sigma < 5); predicted 168h drift inside the lot safety envelope.
T02,T02-P0079,Iddq,uA,9.521,10.3135,PASS,0.698,0.89,0.698,10.845,11.053,normal,0.0079,-0.46,False,False,False,False,False,OK: within lot-relative limits (max 0.9 robust-sigma < 5); predicted 168h drift inside the lot safety envelope.
T02,T02-P0080,Iddq,uA,8.3039,9.0105,PASS,0.25,0.32,0.25,9.453,9.659,normal,0.0068,-0.48,False,False,False,False,False,OK: within lot-relative limits (max 0.3 robust-sigma < 5); predicted 168h drift inside the lot safety envelope.
T02,T02-P0081,Iddq,uA,7.4518,8.2919,PASS,0.102,0.48,0.102,8.85,8.964,normal,0.0083,0.56,False,False,False,False,False,OK: within lot-relative limits (max 0.5 robust-sigma < 5); predicted 168h drift inside the lot safety envelope.
T02,T02-P0082,Iddq,uA,7.8453,8.3022,PASS,0.205,1.12,0.205,8.687,8.837,normal,0.005,-1.16,False,False,False,False,False,OK: within lot-relative limits (max 1.1 robust-sigma < 5); predicted 168h drift inside the lot safety envelope.
T02,T02-P0083,Iddq,uA,8.7788,9.8108,PASS,0.546,0.62,0.546,10.43,10.629,normal,0.0098,0.57,False,False,False,False,False,OK: within lot-relative limits (max 0.6 robust-sigma < 5); predicted 168h drift inside the lot safety envelope.
T02,T02-P0084,Iddq,uA,8.8252,10.105,PASS,0.782,1.4,0.782,10.932,11.015,normal,0.0125,1.6,False,False,False,False,False,OK: within lot-relative limits (max 1.4 robust-sigma < 5); predicted 168h drift inside the lot safety envelope.
T02,T02-P0085,Iddq,uA,8.4675,9.698,PASS,0.505,1.4,0.505,10.439,10.568,normal,0.0117,1.48,False,False,False,False,False,OK: within lot-relative limits (max 1.4 robust-sigma < 5); predicted 168h drift inside the lot safety envelope.
T02,T02-P0086,Iddq,uA,9.6195,10.5384,PASS,0.856,0.99,0.856,11.143,11.339,normal,0.0091,-0.05,False,False,False,False,False,OK: within lot-relative limits (max 1.0 robust-sigma < 5); predicted 168h drift inside the lot safety envelope.
T02,T02-P0087,Iddq,uA,9.6352,10.4874,PASS,0.776,1.01,0.776,11.114,11.304,normal,0.0088,-0.15,False,False,False,False,False,OK: within lot-relative limits (max 1.0 robust-sigma < 5); predicted 168h drift inside the lot safety envelope.
T02,T02-P0088,Iddq,uA,8.953,9.4028,PASS,0.71,1.36,0.71,9.89,10.027,normal,0.0056,-1.22,False,False,False,False,False,OK: within lot-relative limits (max 1.4 robust-sigma < 5); predicted 168h drift inside the lot safety envelope.
T02,T02-P0089,Iddq,uA,8.5832,9.6909,PASS,0.485,0.95,0.485,10.292,10.537,normal,0.0102,0.8,False,False,False,False,False,OK: within lot-relative limits (max 0.9 robust-sigma < 5); predicted 168h drift inside the lot safety envelope.
T02,T02-P0090,Iddq,uA,8.3286,9.1116,PASS,0.389,0.06,0.389,9.646,9.803,normal,0.0078,-0.05,False,False,False,False,False,OK: within lot-relative limits (max 0.1 robust-sigma < 5); predicted 168h drift inside the lot safety envelope.
T02,T02-P0091,Iddq,uA,9.2039,10.0239,PASS,0.653,0.58,0.653,10.631,10.794,normal,0.0085,-0.12,False,False,False,False,False,OK: within lot-relative limits (max 0.6 robust-sigma < 5); predicted 168h drift inside the lot safety envelope.
T02,T02-P0092,Iddq,uA,9.5344,10.5094,PASS,0.769,0.91,0.769,11.138,11.346,normal,0.0095,0.16,False,False,False,False,False,OK: within lot-relative limits (max 0.9 robust-sigma < 5); predicted 168h drift inside the lot safety envelope.
T02,T02-P0093,Iddq,uA,8.5179,9.1939,PASS,0.095,0.49,0.095,9.634,9.836,normal,0.0066,-0.64,False,False,False,False,False,OK: within lot-relative limits (max 0.5 robust-sigma < 5); predicted 168h drift inside the lot safety envelope.
T02,T02-P0094,Iddq,uA,9.0893,9.7455,PASS,0.621,0.7,0.621,10.271,10.425,normal,0.007,-0.66,False,False,False,False,False,OK: within lot-relative limits (max 0.7 robust-sigma < 5); predicted 168h drift inside the lot safety envelope.
T02,T02-P0095,Iddq,uA,8.3032,9.1632,PASS,0.279,0.22,0.279,9.698,9.91,normal,0.0083,0.16,False,False,False,False,False,OK: within lot-relative limits (max 0.2 robust-sigma < 5); predicted 168h drift inside the lot safety envelope.
T02,T02-P0096,Iddq,uA,7.461,8.5842,PASS,0.398,1.55,0.398,9.423,9.423,normal,0.0117,2.07,False,False,False,False,False,OK: within lot-relative limits (max 1.5 robust-sigma < 5); predicted 168h drift inside the lot safety envelope.
T02,T02-P0097,Iddq,uA,7.6869,8.8025,PASS,0.358,1.4,0.358,9.479,9.594,normal,0.0107,1.49,False,False,False,False,False,OK: within lot-relative limits (max 1.4 robust-sigma < 5); predicted 168h drift inside the lot safety envelope.
T02,T02-P0098,Iddq,uA,9.4276,10.0363,PASS,0.73,0.93,0.73,10.519,10.694,normal,0.0065,-0.97,False,False,False,False,False,OK: within lot-relative limits (max 0.9 robust-sigma < 5); predicted 168h drift inside the lot safety envelope.
T02,T02-P0099,Iddq,uA,9.0155,10.5844,PASS,0.92,2.19,0.92,11.884,11.884,normal,0.0171,3.13,False,False,False,False,False,OK: within lot-relative limits (max 2.2 robust-sigma < 5); predicted 168h drift inside the lot safety envelope.
T02,T02-P0100,Iddq,uA,10.2683,10.8812,PASS,0.878,1.6,0.878,11.369,11.618,normal,0.0066,-1.16,False,False,False,False,False,OK: within lot-relative limits (max 1.6 robust-sigma < 5); predicted 168h drift inside the lot safety envelope.
T02,T02-P0101,Iddq,uA,8.5991,10.1145,PASS,0.906,2.25,0.906,11.471,11.471,normal,0.0171,3.42,False,False,False,False,False,OK: within lot-relative limits (max 2.3 robust-sigma < 5); predicted 168h drift inside the lot safety envelope.
T02,T02-P0102,Iddq,uA,9.3738,10.3869,PASS,0.669,0.77,0.669,11.083,11.231,normal,0.0102,0.45,False,False,False,False,False,OK: within lot-relative limits (max 0.8 robust-sigma < 5); predicted 168h drift inside the lot safety envelope.
T02,T02-P0103,Iddq,uA,10.0406,10.5179,PASS,0.883,1.44,0.883,10.971,11.183,normal,0.0055,-1.48,False,False,False,False,False,OK: within lot-relative limits (max 1.4 robust-sigma < 5); predicted 168h drift inside the lot safety envelope.
T02,T02-P0104,Iddq,uA,9.6859,10.7885,PASS,0.684,1.1,0.684,11.452,11.727,normal,0.0105,0.45,False,False,False,False,False,OK: within lot-relative limits (max 1.1 robust-sigma < 5); predicted 168h drift inside the lot safety envelope.
T02,T02-P0105,Iddq,uA,8.0077,9.1599,PASS,0.344,1.36,0.344,9.857,9.994,normal,0.011,1.44,False,False,False,False,False,OK: within lot-relative limits (max 1.4 robust-sigma < 5); predicted 168h drift inside the lot safety envelope.
T02,T02-P0106,Iddq,uA,8.3409,8.9241,PASS,0.092,0.77,0.092,9.372,9.543,normal,0.0061,-0.8,False,False,False,False,False,OK: within lot-relative limits (max 0.8 robust-sigma < 5); predicted 168h drift inside the lot safety envelope.
T02,T02-P0107,Iddq,uA,8.8263,10.0605,PASS,0.731,1.25,0.731,10.843,10.996,normal,0.012,1.39,False,False,False,False,False,OK: within lot-relative limits (max 1.3 robust-sigma < 5); predicted 168h drift inside the lot safety envelope.
T02,T02-P0108,Iddq,uA,7.793,8.2338,PASS,0.276,1.17,0.276,8.616,8.761,normal,0.0049,-1.2,False,False,False,False,False,OK: within lot-relative limits (max 1.2 robust-sigma < 5); predicted 168h drift inside the lot safety envelope.
T02,T02-P0109,Iddq,uA,8.9645,10.3954,PASS,0.878,1.8,0.878,11.352,11.426,normal,0.0142,2.14,False,False,False,False,False,OK: within lot-relative limits (max 1.8 robust-sigma < 5); predicted 168h drift inside the lot safety envelope.
T02,T02-P0110,Iddq,uA,9.7494,10.2032,PASS,0.862,1.47,0.862,10.659,10.859,normal,0.0054,-1.47,False,False,False,False,False,OK: within lot-relative limits (max 1.5 robust-sigma < 5); predicted 168h drift inside the lot safety envelope.
T02,T02-P0111,Iddq,uA,8.2399,8.7683,PASS,0.126,0.94,0.126,9.175,9.347,normal,0.0056,-1.02,False,False,False,False,False,OK: within lot-relative limits (max 0.9 robust-sigma < 5); predicted 168h drift inside the lot safety envelope.
T02,T02-P0112,Iddq,uA,10.5858,11.9485,PASS,0.931,2.0,0.931,12.659,12.996,normal,0.0123,0.73,False,False,False,False,False,OK: within lot-relative limits (max 2.0 robust-sigma < 5); predicted 168h drift inside the lot safety envelope.
T02,T02-P0113,Iddq,uA,8.3194,9.3913,PASS,0.126,0.94,0.126,9.983,10.213,normal,0.0099,0.82,False,False,False,False,False,OK: within lot-relative limits (max 0.9 robust-sigma < 5); predicted 168h drift inside the lot safety envelope.
T02,T02-P0114,Iddq,uA,8.5603,10.1114,PASS,0.913,2.39,0.913,11.506,11.506,normal,0.0175,3.6,False,False,False,False,False,OK: within lot-relative limits (max 2.4 robust-sigma < 5); predicted 168h drift inside the lot safety envelope.
T02,T02-P0115,Iddq,uA,8.3462,9.6213,PASS,0.496,1.61,0.496,10.385,10.567,normal,0.0121,1.71,False,False,False,False,False,OK: within lot-relative limits (max 1.6 robust-sigma < 5); predicted 168h drift inside the lot safety envelope.
T02,T02-P0116,Iddq,uA,7.9368,9.09,PASS,0.36,1.4,0.36,9.802,9.906,normal,0.0111,1.52,False,False,False,False,False,OK: within lot-relative limits (max 1.4 robust-sigma < 5); predicted 168h drift inside the lot safety envelope.
T02,T02-P0117,Iddq,uA,8.8581,9.9493,PASS,0.556,0.78,0.556,10.674,10.792,normal,0.0108,0.92,False,False,False,False,False,OK: within lot-relative limits (max 0.8 robust-sigma < 5); predicted 168h drift inside the lot safety envelope.
T02,T02-P0118,Iddq,uA,8.4442,9.4065,PASS,0.052,0.52,0.036,9.982,10.224,normal,0.0092,0.45,False,False,False,False,False,OK: within lot-relative limits (max 0.5 robust-sigma < 5); predicted 168h drift inside the lot safety envelope.
T02,T02-P0119,Iddq,uA,10.3544,11.2701,PASS,0.903,1.67,0.903,11.97,12.138,normal,0.0096,-0.1,False,False,False,False,False,OK: within lot-relative limits (max 1.7 robust-sigma < 5); predicted 168h drift inside the lot safety envelope.
T02,T02-P0120,Iddq,uA,9.37,9.8541,PASS,0.787,1.32,0.787,10.351,10.475,normal,0.0058,-1.22,False,False,False,False,False,OK: within lot-relative limits (max 1.3 robust-sigma < 5); predicted 168h drift inside the lot safety envelope.
T02,T02-P0121,Iddq,uA,8.9106,9.8432,PASS,0.584,0.3,0.584,10.439,10.671,normal,0.0091,0.23,False,False,False,False,False,OK: within lot-relative limits (max 0.3 robust-sigma < 5); predicted 168h drift inside the lot safety envelope.
T02,T02-P0122,Iddq,uA,8.3373,8.8012,PASS,0.298,1.2,0.298,9.231,9.373,normal,0.0053,-1.16,False,False,False,False,False,OK: within lot-relative limits (max 1.2 robust-sigma < 5); predicted 168h drift inside the lot safety envelope.
T02,T02-P0123,Iddq,uA,7.4091,8.1507,PASS,0.347,0.12,0.347,8.676,8.759,normal,0.0075,0.22,False,False,False,False,False,OK: within lot-relative limits (max 0.1 robust-sigma < 5); predicted 168h drift inside the lot safety envelope.
T02,T02-P0124,Iddq,uA,8.6902,9.2765,PASS,0.447,0.84,0.447,9.724,9.943,normal,0.0062,-0.9,False,False,False,False,False,OK: within lot-relative limits (max 0.8 robust-sigma < 5); predicted 168h drift inside the lot safety envelope.
T02,T02-P0125,Iddq,uA,7.6907,9.4771,REJECT,0.934,3.74,0.934,13.28,13.28,normal,0.0333,9.76,False,False,False,True,False,EARLY REJECT (drift forecast): predicted Iddq@168h = 13.3 uA from 0h/24h readings; drift slope 0.033 uA/h exceeds lot safety slope 0.019 uA/h (9.8 robust-sigma).
T02,T02-P0126,Iddq,uA,9.5113,10.6534,PASS,0.639,0.99,0.639,11.344,11.537,normal,0.0109,0.67,False,False,False,False,False,OK: within lot-relative limits (max 1.0 robust-sigma < 5); predicted 168h drift inside the lot safety envelope.
T02,T02-P0127,Iddq,uA,8.5665,9.125,PASS,0.122,0.91,0.122,9.579,9.733,normal,0.006,-0.92,False,False,False,False,False,OK: within lot-relative limits (max 0.9 robust-sigma < 5); predicted 168h drift inside the lot safety envelope.
T02,T02-P0128,Iddq,uA,10.4212,11.5123,PASS,0.914,1.73,0.914,12.174,12.471,normal,0.0104,0.16,False,False,False,False,False,OK: within lot-relative limits (max 1.7 robust-sigma < 5); predicted 168h drift inside the lot safety envelope.
T02,T02-P0129,Iddq,uA,9.3896,9.7606,PASS,0.88,1.69,0.88,10.178,10.439,normal,0.0047,-1.68,False,False,False,False,False,OK: within lot-relative limits (max 1.7 robust-sigma < 5); predicted 168h drift inside the lot safety envelope.
T02,T02-P0130,Iddq,uA,9.4424,10.2143,PASS,0.691,0.82,0.691,10.723,10.903,normal,0.0076,-0.54,False,False,False,False,False,OK: within lot-relative limits (max 0.8 robust-sigma < 5); predicted 168h drift inside the lot safety envelope.
T02,T02-P0131,Iddq,uA,8.7422,9.2636,PASS,0.474,1.08,0.474,9.69,9.899,normal,0.0056,-1.13,False,False,False,False,False,OK: within lot-relative limits (max 1.1 robust-sigma < 5); predicted 168h drift inside the lot safety envelope.
T02,T02-P0132,Iddq,uA,8.865,10.1407,PASS,0.766,1.36,0.766,10.946,11.064,normal,0.0124,1.52,False,False,False,False,False,OK: within lot-relative limits (max 1.4 robust-sigma < 5); predicted 168h drift inside the lot safety envelope.
T02,T02-P0133,Iddq,uA,9.2649,10.3156,PASS,0.554,0.71,0.554,10.954,11.144,normal,0.0101,0.45,False,False,False,False,False,OK: within lot-relative limits (max 0.7 robust-sigma < 5); predicted 168h drift inside the lot safety envelope.
T02,T02-P0134,Iddq,uA,9.4763,10.1274,PASS,0.682,0.85,0.682,10.654,10.842,normal,0.007,-0.78,False,False,False,False,False,OK: within lot-relative limits (max 0.9 robust-sigma < 5); predicted 168h drift inside the lot safety envelope.
T02,T02-P0135,Iddq,uA,7.7772,8.5949,PASS,0.266,0.26,0.266,9.077,9.314,normal,0.0077,0.14,False,False,False,False,False,OK: within lot-relative limits (max 0.3 robust-sigma < 5); predicted 168h drift inside the lot safety envelope.
T02,T02-P0136,Iddq,uA,9.0432,10.1673,PASS,0.606,0.81,0.606,10.853,11.032,normal,0.0108,0.82,False,False,False,False,False,OK: within lot-relative limits (max 0.8 robust-sigma < 5); predicted 168h drift inside the lot safety envelope.
T02,T02-P0137,Iddq,uA,11.4526,12.7698,PASS,0.969,2.61,0.969,13.438,13.861,normal,0.0118,0.27,False,False,False,False,False,OK: within lot-relative limits (max 2.6 robust-sigma < 5); predicted 168h drift inside the lot safety envelope.
T02,T02-P0138,Iddq,uA,8.5632,9.4718,PASS,0.243,0.29,0.243,10.013,10.255,normal,0.0086,0.18,False,False,False,False,False,OK: within lot-relative limits (max 0.3 robust-sigma < 5); predicted 168h drift inside the lot safety envelope.
T02,T02-P0139,Iddq,uA,8.3609,9.0422,PASS,0.145,0.43,0.145,9.49,9.654,normal,0.0067,-0.55,False,False,False,False,False,OK: within lot-relative limits (max 0.4 robust-sigma < 5); predicted 168h drift inside the lot safety envelope.
T02,T02-P0140,Iddq,uA,7.9847,8.5513,PASS,0.074,0.74,0.057,8.972,9.136,normal,0.0059,-0.8,False,False,False,False,False,OK: within lot-relative limits (max 0.7 robust-sigma < 5); predicted 168h drift inside the lot safety envelope.
T02,T02-P0141,Iddq,uA,7.3433,8.1989,PASS,0.067,0.59,0.067,8.768,8.892,normal,0.0085,0.7,False,False,False,False,False,OK: within lot-relative limits (max 0.6 robust-sigma < 5); predicted 168h drift inside the lot safety envelope.
T02,T02-P0142,Iddq,uA,9.9904,10.9786,PASS,0.872,1.34,0.872,11.613,11.784,normal,0.0097,0.04,False,False,False,False,False,OK: within lot-relative limits (max 1.3 robust-sigma < 5); predicted 168h drift inside the lot safety envelope.
T02,T02-P0143,Iddq,uA,8.72,9.1912,PASS,0.476,1.25,0.476,9.667,9.803,normal,0.0056,-1.13,False,False,False,False,False,OK: within lot-relative limits (max 1.2 robust-sigma < 5); predicted 168h drift inside the lot safety envelope.
T02,T02-P0144,Iddq,uA,8.7849,9.4811,PASS,0.482,0.49,0.482,9.946,10.144,normal,0.0069,-0.61,False,False,False,False,False,OK: within lot-relative limits (max 0.5 robust-sigma < 5); predicted 168h drift inside the lot safety envelope.
T02,T02-P0145,Iddq,uA,10.5185,11.8222,PASS,0.921,1.91,0.921,12.578,12.827,normal,0.0123,0.73,False,False,False,False,False,OK: within lot-relative limits (max 1.9 robust-sigma < 5); predicted 168h drift inside the lot safety envelope.
T02,T02-P0146,Iddq,uA,11.4445,12.1037,PASS,0.964,2.6,0.964,12.639,12.887,normal,0.0071,-1.22,False,False,False,False,False,OK: within lot-relative limits (max 2.6 robust-sigma < 5); predicted 168h drift inside the lot safety envelope.
T02,T02-P0147,Iddq,uA,7.7914,8.9516,PASS,0.39,1.5,0.39,9.697,9.817,normal,0.0113,1.72,False,False,False,False,False,OK: within lot-relative limits (max 1.5 robust-sigma < 5); predicted 168h drift inside the lot safety envelope.
T02,T02-P0148,Iddq,uA,9.7682,10.5219,PASS,0.742,1.13,0.742,11.037,11.266,normal,0.0076,-0.66,False,False,False,False,False,OK: within lot-relative limits (max 1.1 robust-sigma < 5); predicted 168h drift inside the lot safety envelope.
T02,T02-P0149,Iddq,uA,9.2991,10.411,PASS,0.578,0.79,0.578,11.046,11.279,normal,0.0104,0.57,False,False,False,False,False,OK: within lot-relative limits (max 0.8 robust-sigma < 5); predicted 168h drift inside the lot safety envelope.
T02,T02-P0150,Iddq,uA,8.9066,10.4085,PASS,0.905,2.05,0.905,11.772,11.772,normal,0.0171,3.19,False,False,False,False,False,OK: within lot-relative limits (max 2.0 robust-sigma < 5); predicted 168h drift inside the lot safety envelope.
T02,T02-P0151,Iddq,uA,9.1468,10.1307,PASS,0.61,0.55,0.61,10.697,10.954,normal,0.0092,0.19,False,False,False,False,False,OK: within lot-relative limits (max 0.6 robust-sigma < 5); predicted 168h drift inside the lot safety envelope.
T02,T02-P0152,Iddq,uA,8.4525,9.5265,PASS,0.386,0.89,0.386,10.143,10.312,normal,0.0101,0.82,False,False,False,False,False,OK: within lot-relative limits (max 0.9 robust-sigma < 5); predicted 168h drift inside the lot safety envelope.
T02,T02-P0153,Iddq,uA,10.4261,11.1129,PASS,0.894,1.74,0.894,11.643,11.837,normal,0.0072,-0.95,False,False,False,False,False,OK: within lot-relative limits (max 1.7 robust-sigma < 5); predicted 168h drift inside the lot safety envelope.
T02,T02-P0154,Iddq,uA,9.0993,9.7787,PASS,0.618,0.63,0.618,10.282,10.472,normal,0.007,-0.66,False,False,False,False,False,OK: within lot-relative limits (max 0.6 robust-sigma < 5); predicted 168h drift inside the lot safety envelope.
T02,T02-P0155,Iddq,uA,8.9821,9.9875,PASS,0.535,0.46,0.535,10.634,10.804,normal,0.0098,0.49,False,False,False,False,False,OK: within lot-relative limits (max 0.5 robust-sigma < 5); predicted 168h drift inside the lot safety envelope.
T02,T02-P0156,Iddq,uA,9.7417,11.3454,PASS,0.917,1.94,0.917,12.637,12.637,normal,0.0172,2.73,False,False,False,False,False,OK: within lot-relative limits (max 1.9 robust-sigma < 5); predicted 168h drift inside the lot safety envelope.
T02,T02-P0157,Iddq,uA,9.4679,10.8198,PASS,0.796,1.33,0.796,11.659,11.817,normal,0.013,1.45,False,False,False,False,False,OK: within lot-relative limits (max 1.3 robust-sigma < 5); predicted 168h drift inside the lot safety envelope.
T02,T02-P0158,Iddq,uA,8.9303,10.7099,PASS,0.954,2.87,0.954,11.943,12.12,normal,0.0179,3.48,False,False,False,False,False,OK: within lot-relative limits (max 2.9 robust-sigma < 5); predicted 168h drift inside the lot safety envelope.
T02,T02-P0159,Iddq,uA,8.8584,9.9096,PASS,0.525,0.65,0.525,10.552,10.745,normal,0.0101,0.64,False,False,False,False,False,OK: within lot-relative limits (max 0.7 robust-sigma < 5); predicted 168h drift inside the lot safety envelope.
T02,T02-P0160,Iddq,uA,10.5025,11.476,PASS,0.936,1.81,0.936,12.175,12.349,normal,0.01,-0.03,False,False,False,False,False,OK: within lot-relative limits (max 1.8 robust-sigma < 5); predicted 168h drift inside the lot safety envelope.
T02,T02-P0161,Iddq,uA,9.1775,10.1513,PASS,0.623,0.57,0.623,10.733,10.991,normal,0.0093,0.19,False,False,False,False,False,OK: within lot-relative limits (max 0.6 robust-sigma < 5); predicted 168h drift inside the lot safety envelope.
T02,T02-P0162,Iddq,uA,8.4679,9.2104,PASS,0.266,0.24,0.266,9.697,9.919,normal,0.0073,-0.33,False,False,False,False,False,OK: within lot-relative limits (max 0.2 robust-sigma < 5); predicted 168h drift inside the lot safety envelope.
T02,T02-P0163,Iddq,uA,7.7636,8.6019,PASS,0.173,0.35,0.173,9.126,9.298,normal,0.0081,0.31,False,False,False,False,False,OK: within lot-relative limits (max 0.3 robust-sigma < 5); predicted 168h drift inside the lot safety envelope.
T02,T02-P0164,Iddq,uA,8.2039,8.9324,PASS,0.276,0.21,0.276,9.458,9.621,normal,0.0075,-0.17,False,False,False,False,False,OK: within lot-relative limits (max 0.2 robust-sigma < 5); predicted 168h drift inside the lot safety envelope.
T02,T02-P0165,Iddq,uA,7.732,8.6945,PASS,0.126,0.82,0.126,9.264,9.433,normal,0.0091,0.78,False,False,False,False,False,OK: within lot-relative limits (max 0.8 robust-sigma < 5); predicted 168h drift inside the lot safety envelope.
T02,T02-P0166,Iddq,uA,8.6104,9.261,PASS,0.06,0.6,0.057,9.729,9.909,normal,0.0067,-0.66,False,False,False,False,False,OK: within lot-relative limits (max 0.6 robust-sigma < 5); predicted 168h drift inside the lot safety envelope.
T02,T02-P0167,Iddq,uA,8.8027,9.6903,PASS,0.639,0.17,0.639,10.268,10.475,normal,0.0087,0.12,False,False,False,False,False,OK: within lot-relative limits (max 0.2 robust-sigma < 5); predicted 168h drift inside the lot safety envelope.
T02,T02-P0168,Iddq,uA,6.9052,7.2071,PASS,0.402,1.56,0.402,7.552,7.681,normal,0.0039,-1.46,False,False,False,False,False,OK: within lot-relative limits (max 1.6 robust-sigma < 5); predicted 168h drift inside the lot safety envelope.
T02,T02-P0169,Iddq,uA,8.6824,9.6375,PASS,0.506,0.4,0.506,10.263,10.437,normal,0.0094,0.45,False,False,False,False,False,OK: within lot-relative limits (max 0.4 robust-sigma < 5); predicted 168h drift inside the lot safety envelope.
T02,T02-P0170,Iddq,uA,9.1404,9.9311,PASS,0.681,0.52,0.681,10.487,10.707,normal,0.008,-0.28,False,False,False,False,False,OK: within lot-relative limits (max 0.5 robust-sigma < 5); predicted 168h drift inside the lot safety envelope.
T02,T02-P0171,Iddq,uA,8.709,9.908,PASS,0.719,1.19,0.719,10.862,10.862,normal,0.0128,1.77,False,False,False,False,False,OK: within lot-relative limits (max 1.2 robust-sigma < 5); predicted 168h drift inside the lot safety envelope.
T02,T02-P0172,Iddq,uA,7.797,8.2207,PASS,0.303,1.24,0.303,8.626,8.765,normal,0.0049,-1.18,False,False,False,False,False,OK: within lot-relative limits (max 1.2 robust-sigma < 5); predicted 168h drift inside the lot safety envelope.
T02,T02-P0173,Iddq,uA,9.8537,10.7063,PASS,0.806,1.21,0.806,11.29,11.542,normal,0.0086,-0.32,False,False,False,False,False,OK: within lot-relative limits (max 1.2 robust-sigma < 5); predicted 168h drift inside the lot safety envelope.
T02,T02-P0174,Iddq,uA,7.9029,9.1267,PASS,0.419,1.67,0.419,9.881,10.016,normal,0.0118,1.83,False,False,False,False,False,OK: within lot-relative limits (max 1.7 robust-sigma < 5); predicted 168h drift inside the lot safety envelope.
T02,T02-P0175,Iddq,uA,7.5475,8.0648,PASS,0.12,0.81,0.12,8.465,8.636,normal,0.0055,-0.84,False,False,False,False,False,OK: within lot-relative limits (max 0.8 robust-sigma < 5); predicted 168h drift inside the lot safety envelope.
T02,T02-P0176,Iddq,uA,7.7428,8.3422,PASS,0.055,0.55,0.053,8.727,8.941,normal,0.0059,-0.72,False,False,False,False,False,OK: within lot-relative limits (max 0.5 robust-sigma < 5); predicted 168h drift inside the lot safety envelope.
T02,T02-P0177,Iddq,uA,8.7676,9.3857,PASS,0.467,0.75,0.467,9.862,10.031,normal,0.0065,-0.77,False,False,False,False,False,OK: within lot-relative limits (max 0.8 robust-sigma < 5); predicted 168h drift inside the lot safety envelope.
T02,T02-P0178,Iddq,uA,9.5356,10.0518,PASS,0.787,1.24,0.787,10.585,10.72,normal,0.0062,-1.1,False,False,False,False,False,OK: within lot-relative limits (max 1.2 robust-sigma < 5); predicted 168h drift inside the lot safety envelope.
T02,T02-P0179,Iddq,uA,9.6209,10.9109,PASS,0.777,1.2,0.777,11.638,11.912,normal,0.012,1.02,False,False,False,False,False,OK: within lot-relative limits (max 1.2 robust-sigma < 5); predicted 168h drift inside the lot safety envelope.
T02,T02-P0180,Iddq,uA,8.8056,9.7048,PASS,0.641,0.18,0.641,10.316,10.479,normal,0.009,0.23,False,False,False,False,False,OK: within lot-relative limits (max 0.2 robust-sigma < 5); predicted 168h drift inside the lot safety envelope.
T02,T02-P0181,Iddq,uA,7.4406,8.166,PASS,0.403,0.04,0.403,8.689,8.773,normal,0.0074,0.15,False,False,False,False,False,OK: within lot-relative limits (max 0.0 robust-sigma < 5); predicted 168h drift inside the lot safety envelope.
T02,T02-P0182,Iddq,uA,8.0485,9.0122,PASS,0.068,0.68,0.007,9.559,9.763,normal,0.009,0.56,False,False,False,False,False,OK: within lot-relative limits (max 0.7 robust-sigma < 5); predicted 168h drift inside the lot safety envelope.
T02,T02-P0183,Iddq,uA,7.8097,8.3078,PASS,0.126,0.95,0.126,8.686,8.859,normal,0.0052,-1.05,False,False,False,False,False,OK: within lot-relative limits (max 1.0 robust-sigma < 5); predicted 168h drift inside the lot safety envelope.
T02,T02-P0184,Iddq,uA,8.6291,8.8517,PASS,0.492,2.11,0.492,9.299,9.449,normal,0.004,-1.82,False,False,False,False,False,OK: within lot-relative limits (max 2.1 robust-sigma < 5); predicted 168h drift inside the lot safety envelope.
T02,T02-P0185,Iddq,uA,6.998,7.7296,PASS,0.265,0.25,0.265,8.129,8.366,normal,0.0067,0.02,False,False,False,False,False,OK: within lot-relative limits (max 0.2 robust-sigma < 5); predicted 168h drift inside the lot safety envelope.
T02,T02-P0186,Iddq,uA,8.6468,9.5202,PASS,0.416,0.15,0.416,10.089,10.29,normal,0.0086,0.13,False,False,False,False,False,OK: within lot-relative limits (max 0.1 robust-sigma < 5); predicted 168h drift inside the lot safety envelope.
T02,T02-P0187,Iddq,uA,33.5532,39.7076,REJECT,1.0,12.6,0.997,44.008,44.008,low,0.0622,3.0,False,True,True,False,True,"LOT OUTLIER: Iddq@0h = 33.6 uA is 12.6 robust-sigma above lot T02 median (8.6 uA); still under datasheet max 50 uA, so a static limit would pass it. | LOT OUTLIER: Iddq@24h = 39.7 uA is 12.5 robust-sigma above lot T02 median (9.5 uA); still under datasheet max 50 uA, so a static limit would pass it. | GUARD BAND: 90% upper forecast for Iddq@168h is 44.0 uA = 88% of datasheet max (guard band 70%)."
T02,T02-P0188,Iddq,uA,8.5392,8.9842,PASS,0.33,1.3,0.33,9.427,9.546,normal,0.0053,-1.23,False,False,False,False,False,OK: within lot-relative limits (max 1.3 robust-sigma < 5); predicted 168h drift inside the lot safety envelope.
T02,T02-P0189,Iddq,uA,8.85,10.0845,PASS,0.727,1.24,0.727,10.857,11.026,normal,0.0119,1.36,False,False,False,False,False,OK: within lot-relative limits (max 1.2 robust-sigma < 5); predicted 168h drift inside the lot safety envelope.
T02,T02-P0190,Iddq,uA,7.7753,8.6712,PASS,0.064,0.55,0.064,9.178,9.414,normal,0.0083,0.41,False,False,False,False,False,OK: within lot-relative limits (max 0.6 robust-sigma < 5); predicted 168h drift inside the lot safety envelope.
T02,T02-P0191,Iddq,uA,7.3928,7.6954,PASS,0.42,1.64,0.42,8.016,8.195,normal,0.0037,-1.67,False,False,False,False,False,OK: within lot-relative limits (max 1.6 robust-sigma < 5); predicted 168h drift inside the lot safety envelope.
T02,T02-P0192,Iddq,uA,7.8334,8.4054,PASS,0.068,0.68,0.007,8.846,8.984,normal,0.006,-0.67,False,False,False,False,False,OK: within lot-relative limits (max 0.7 robust-sigma < 5); predicted 168h drift inside the lot safety envelope.
T02,T02-P0193,Iddq,uA,9.8633,10.8572,PASS,0.842,1.22,0.842,11.503,11.737,normal,0.0098,0.12,False,False,False,False,False,OK: within lot-relative limits (max 1.2 robust-sigma < 5); predicted 168h drift inside the lot safety envelope.
T02,T02-P0194,Iddq,uA,9.6322,10.4145,PASS,0.716,1.0,0.716,10.939,11.122,normal,0.0078,-0.54,False,False,False,False,False,OK: within lot-relative limits (max 1.0 robust-sigma < 5); predicted 168h drift inside the lot safety envelope.
T02,T02-P0195,Iddq,uA,8.2476,9.1009,PASS,0.279,0.22,0.279,9.634,9.844,normal,0.0082,0.16,False,False,False,False,False,OK: within lot-relative limits (max 0.2 robust-sigma < 5); predicted 168h drift inside the lot safety envelope.
T02,T02-P0196,Iddq,uA,9.9081,10.9412,PASS,0.825,1.26,0.825,11.575,11.826,normal,0.0099,0.16,False,False,False,False,False,OK: within lot-relative limits (max 1.3 robust-sigma < 5); predicted 168h drift inside the lot safety envelope.
T02,T02-P0197,Iddq,uA,8.2443,9.0202,PASS,0.388,0.05,0.388,9.548,9.704,normal,0.0078,-0.05,False,False,False,False,False,OK: within lot-relative limits (max 0.1 robust-sigma < 5); predicted 168h drift inside the lot safety envelope.
T02,T02-P0198,Iddq,uA,10.3658,11.5484,PASS,0.891,1.7,0.891,12.298,12.546,normal,0.0115,0.54,False,False,False,False,False,OK: within lot-relative limits (max 1.7 robust-sigma < 5); predicted 168h drift inside the lot safety envelope.
T02,T02-P0199,Iddq,uA,9.177,9.5361,PASS,0.877,1.7,0.877,9.94,10.187,normal,0.0045,-1.7,False,False,False,False,False,OK: within lot-relative limits (max 1.7 robust-sigma < 5); predicted 168h drift inside the lot safety envelope.
T02,T02-P0200,Iddq,uA,8.1807,9.034,PASS,0.256,0.24,0.256,9.555,9.764,normal,0.0082,0.16,False,False,False,False,False,OK: within lot-relative limits (max 0.2 robust-sigma < 5); predicted 168h drift inside the lot safety envelope.
T02,T02-P0201,Iddq,uA,9.2774,10.0725,PASS,0.629,0.65,0.629,10.581,10.791,normal,0.0078,-0.43,False,False,False,False,False,OK: within lot-relative limits (max 0.7 robust-sigma < 5); predicted 168h drift inside the lot safety envelope.
T02,T02-P0202,Iddq,uA,8.0033,8.8347,PASS,0.276,0.23,0.276,9.348,9.552,normal,0.008,0.16,False,False,False,False,False,OK: within lot-relative limits (max 0.2 robust-sigma < 5); predicted 168h drift inside the lot safety envelope.
T02,T02-P0203,Iddq,uA,7.9112,8.5891,PASS,0.232,0.3,0.232,9.006,9.202,normal,0.0065,-0.48,False,False,False,False,False,OK: within lot-relative limits (max 0.3 robust-sigma < 5); predicted 168h drift inside the lot safety envelope.
T02,T02-P0204,Iddq,uA,7.3326,7.7665,PASS,0.196,1.09,0.196,8.099,8.303,normal,0.0046,-1.22,False,False,False,False,False,OK: within lot-relative limits (max 1.1 robust-sigma < 5); predicted 168h drift inside the lot safety envelope.
T02,T02-P0205,Iddq,uA,8.9631,10.3317,PASS,0.84,1.61,0.84,11.182,11.348,normal,0.0132,1.77,False,False,False,False,False,OK: within lot-relative limits (max 1.6 robust-sigma < 5); predicted 168h drift inside the lot safety envelope.
T02,T02-P0206,Iddq,uA,8.5003,9.6563,PASS,0.475,1.14,0.475,10.338,10.55,normal,0.0109,1.15,False,False,False,False,False,OK: within lot-relative limits (max 1.1 robust-sigma < 5); predicted 168h drift inside the lot safety envelope.
T02,T02-P0207,Iddq,uA,8.7988,9.5481,PASS,0.519,0.32,0.519,10.021,10.235,normal,0.0073,-0.47,False,False,False,False,False,OK: within lot-relative limits (max 0.3 robust-sigma < 5); predicted 168h drift inside the lot safety envelope.
T02,T02-P0208,Iddq,uA,8.2996,8.7727,PASS,0.273,1.16,0.273,9.19,9.349,normal,0.0053,-1.16,False,False,False,False,False,OK: within lot-relative limits (max 1.2 robust-sigma < 5); predicted 168h drift inside the lot safety envelope.
T02,T02-P0209,Iddq,uA,10.1835,11.0142,PASS,0.843,1.52,0.843,11.558,11.75,normal,0.0082,-0.55,False,False,False,False,False,OK: within lot-relative limits (max 1.5 robust-sigma < 5); predicted 168h drift inside the lot safety envelope.
T02,T02-P0210,Iddq,uA,8.295,8.9431,PASS,0.052,0.52,0.032,9.367,9.578,normal,0.0064,-0.67,False,False,False,False,False,OK: within lot-relative limits (max 0.5 robust-sigma < 5); predicted 168h drift inside the lot safety envelope.
T02,T02-P0211,Iddq,uA,7.8964,8.592,PASS,0.267,0.23,0.267,9.103,9.264,normal,0.0072,-0.17,False,False,False,False,False,OK: within lot-relative limits (max 0.2 robust-sigma < 5); predicted 168h drift inside the lot safety envelope.
T02,T02-P0212,Iddq,uA,9.9488,10.5309,PASS,0.815,1.3,0.815,11.016,11.234,normal,0.0063,-1.16,False,False,False,False,False,OK: within lot-relative limits (max 1.3 robust-sigma < 5); predicted 168h drift inside the lot safety envelope.
T02,T02-P0213,Iddq,uA,10.0188,11.1831,PASS,0.792,1.42,0.792,11.839,12.131,normal,0.0108,0.44,False,False,False,False,False,OK: within lot-relative limits (max 1.4 robust-sigma < 5); predicted 168h drift inside the lot safety envelope.
T02,T02-P0214,Iddq,uA,8.7656,9.8753,PASS,0.61,0.88,0.61,10.523,10.694,normal,0.0105,0.83,False,False,False,False,False,OK: within lot-relative limits (max 0.9 robust-sigma < 5); predicted 168h drift inside the lot safety envelope.
T02,T02-P0215,Iddq,uA,7.1894,7.89,PASS,0.404,0.04,0.404,8.318,8.477,normal,0.0067,-0.08,False,False,False,False,False,OK: within lot-relative limits (max 0.0 robust-sigma < 5); predicted 168h drift inside the lot safety envelope.
T02,T02-P0216,Iddq,uA,8.1024,8.931,PASS,0.294,0.18,0.294,9.464,9.642,normal,0.0081,0.16,False,False,False,False,False,OK: within lot-relative limits (max 0.2 robust-sigma < 5); predicted 168h drift inside the lot safety envelope.
T02,T02-P0217,Iddq,uA,9.1897,10.4369,PASS,0.71,1.14,0.71,11.201,11.402,normal,0.012,1.2,False,False,False,False,False,OK: within lot-relative limits (max 1.1 robust-sigma < 5); predicted 168h drift inside the lot safety envelope.
T02,T02-P0218,Iddq,uA,8.5273,9.6097,PASS,0.462,0.89,0.462,10.225,10.403,normal,0.0101,0.8,False,False,False,False,False,OK: within lot-relative limits (max 0.9 robust-sigma < 5); predicted 168h drift inside the lot safety envelope.
T02,T02-P0219,Iddq,uA,10.2152,10.6502,PASS,0.91,1.59,0.91,11.179,11.369,normal,0.0057,-1.45,False,False,False,False,False,OK: within lot-relative limits (max 1.6 robust-sigma < 5); predicted 168h drift inside the lot safety envelope.
T02,T02-P0220,Iddq,uA,7.3535,8.057,PASS,0.431,0.01,0.431,8.553,8.669,normal,0.0071,0.05,False,False,False,False,False,OK: within lot-relative limits (max 0.0 robust-sigma < 5); predicted 168h drift inside the lot safety envelope.
T02,T02-P0221,Iddq,uA,9.1112,10.0304,PASS,0.654,0.49,0.654,10.64,10.843,normal,0.0091,0.15,False,False,False,False,False,OK: within lot-relative limits (max 0.5 robust-sigma < 5); predicted 168h drift inside the lot safety envelope.
T02,T02-P0222,Iddq,uA,7.9891,9.0768,PASS,0.244,1.15,0.244,9.734,9.916,normal,0.0104,1.19,False,False,False,False,False,OK: within lot-relative limits (max 1.1 robust-sigma < 5); predicted 168h drift inside the lot safety envelope.
T02,T02-P0223,Iddq,uA,9.7533,10.7709,PASS,0.773,1.12,0.773,11.394,11.641,normal,0.0098,0.16,False,False,False,False,False,OK: within lot-relative limits (max 1.1 robust-sigma < 5); predicted 168h drift inside the lot safety envelope.
T02,T02-P0224,Iddq,uA,8.6226,9.2064,PASS,0.162,0.83,0.162,9.648,9.865,normal,0.0061,-0.9,False,False,False,False,False,OK: within lot-relative limits (max 0.8 robust-sigma < 5); predicted 168h drift inside the lot safety envelope.
T02,T02-P0225,Iddq,uA,9.459,10.1476,PASS,0.665,0.83,0.665,10.687,10.849,normal,0.0073,-0.66,False,False,False,False,False,OK: within lot-relative limits (max 0.8 robust-sigma < 5); predicted 168h drift inside the lot safety envelope.
T02,T02-P0226,Iddq,uA,7.973,8.87,PASS,0.11,0.48,0.11,9.425,9.59,normal,0.0086,0.45,False,False,False,False,False,OK: within lot-relative limits (max 0.5 robust-sigma < 5); predicted 168h drift inside the lot safety envelope.
T02,T02-P0227,Iddq,uA,7.3721,8.1227,PASS,0.318,0.17,0.318,8.648,8.774,normal,0.0076,0.26,False,False,False,False,False,OK: within lot-relative limits (max 0.2 robust-sigma < 5); predicted 168h drift inside the lot safety envelope.
T02,T02-P0228,Iddq,uA,7.6902,8.1875,PASS,0.132,0.93,0.132,8.552,8.723,normal,0.0051,-1.05,False,False,False,False,False,OK: within lot-relative limits (max 0.9 robust-sigma < 5); predicted 168h drift inside the lot safety envelope.
T02,T02-P0229,Iddq,uA,8.0398,8.7626,PASS,0.305,0.18,0.305,9.283,9.437,normal,0.0074,-0.13,False,False,False,False,False,OK: within lot-relative limits (max 0.2 robust-sigma < 5); predicted 168h drift inside the lot safety envelope.
T02,T02-P0230,Iddq,uA,7.737,8.4932,PASS,0.39,0.05,0.39,8.98,9.122,normal,0.0074,0.0,False,False,False,False,False,OK: within lot-relative limits (max 0.1 robust-sigma < 5); predicted 168h drift inside the lot safety envelope.
T02,T02-P0231,Iddq,uA,9.8441,10.6831,PASS,0.801,1.2,0.801,11.213,11.45,normal,0.0081,-0.46,False,False,False,False,False,OK: within lot-relative limits (max 1.2 robust-sigma < 5); predicted 168h drift inside the lot safety envelope.
T02,T02-P0232,Iddq,uA,10.079,10.5275,PASS,0.894,1.54,0.894,11.081,11.217,normal,0.006,-1.33,False,False,False,False,False,OK: within lot-relative limits (max 1.5 robust-sigma < 5); predicted 168h drift inside the lot safety envelope.
T02,T02-P0233,Iddq,uA,8.8909,9.9194,PASS,0.539,0.57,0.539,10.555,10.765,normal,0.0099,0.55,False,False,False,False,False,OK: within lot-relative limits (max 0.6 robust-sigma < 5); predicted 168h drift inside the lot safety envelope.
T02,T02-P0234,Iddq,uA,7.6492,8.3304,PASS,0.27,0.2,0.27,8.802,8.971,normal,0.0069,-0.21,False,False,False,False,False,OK: within lot-relative limits (max 0.2 robust-sigma < 5); predicted 168h drift inside the lot safety envelope.
T02,T02-P0235,Iddq,uA,8.6378,9.4219,PASS,0.326,0.15,0.326,9.98,10.139,normal,0.008,-0.11,False,False,False,False,False,OK: within lot-relative limits (max 0.2 robust-sigma < 5); predicted 168h drift inside the lot safety envelope.
T02,T02-P0236,Iddq,uA,8.0749,9.1506,PASS,0.226,1.07,0.226,9.773,9.998,normal,0.0101,1.03,False,False,False,False,False,OK: within lot-relative limits (max 1.1 robust-sigma < 5); predicted 168h drift inside the lot safety envelope.
T02,T02-P0237,Iddq,uA,10.1603,11.4387,PASS,0.856,1.62,0.856,12.221,12.391,normal,0.0123,0.88,False,False,False,False,False,OK: within lot-relative limits (max 1.6 robust-sigma < 5); predicted 168h drift inside the lot safety envelope.
T02,T02-P0238,Iddq,uA,8.9303,10.1137,PASS,0.659,1.05,0.659,10.808,11.057,normal,0.0112,1.03,False,False,False,False,False,OK: within lot-relative limits (max 1.0 robust-sigma < 5); predicted 168h drift inside the lot safety envelope.
T02,T02-P0239,Iddq,uA,9.1031,9.8478,PASS,0.611,0.48,0.611,10.339,10.511,normal,0.0074,-0.53,False,False,False,False,False,OK: within lot-relative limits (max 0.5 robust-sigma < 5); predicted 168h drift inside the lot safety envelope.
T02,T02-P0240,Iddq,uA,8.1823,8.9599,PASS,0.417,0.03,0.417,9.476,9.645,normal,0.0077,-0.05,False,False,False,False,False,OK: within lot-relative limits (max 0.0 robust-sigma < 5); predicted 168h drift inside the lot safety envelope.
T02,T02-P0241,Iddq,uA,6.8455,7.3915,PASS,0.11,0.48,0.11,7.7,7.899,normal,0.0051,-0.77,False,False,False,False,False,OK: within lot-relative limits (max 0.5 robust-sigma < 5); predicted 168h drift inside the lot safety envelope.
T02,T02-P0242,Iddq,uA,7.9183,9.0336,PASS,0.294,1.28,0.294,9.685,9.865,normal,0.0105,1.29,False,False,False,False,False,OK: within lot-relative limits (max 1.3 robust-sigma < 5); predicted 168h drift inside the lot safety envelope.
T02,T02-P0243,Iddq,uA,7.5915,8.4383,PASS,0.088,0.45,0.088,8.961,9.128,normal,0.0081,0.41,False,False,False,False,False,OK: within lot-relative limits (max 0.4 robust-sigma < 5); predicted 168h drift inside the lot safety envelope.
T02,T02-P0244,Iddq,uA,9.119,10.2718,PASS,0.61,0.87,0.61,10.944,11.125,normal,0.0109,0.82,False,False,False,False,False,OK: within lot-relative limits (max 0.9 robust-sigma < 5); predicted 168h drift inside the lot safety envelope.
T02,T02-P0245,Iddq,uA,8.6277,9.6099,PASS,0.463,0.52,0.463,10.199,10.446,normal,0.0094,0.45,False,False,False,False,False,OK: within lot-relative limits (max 0.5 robust-sigma < 5); predicted 168h drift inside the lot safety envelope.
T02,T02-P0246,Iddq,uA,7.8231,8.3561,PASS,0.127,0.82,0.127,8.79,8.951,normal,0.0058,-0.8,False,False,False,False,False,OK: within lot-relative limits (max 0.8 robust-sigma < 5); predicted 168h drift inside the lot safety envelope.
T02,T02-P0247,Iddq,uA,8.4493,9.5293,PASS,0.397,0.91,0.397,10.139,10.334,normal,0.0101,0.82,False,False,False,False,False,OK: within lot-relative limits (max 0.9 robust-sigma < 5); predicted 168h drift inside the lot safety envelope.
T02,T02-P0248,Iddq,uA,10.3386,11.3529,PASS,0.929,1.66,0.929,12.05,12.18,normal,0.0102,0.1,False,False,False,False,False,OK: within lot-relative limits (max 1.7 robust-sigma < 5); predicted 168h drift inside the lot safety envelope.
T02,T02-P0249,Iddq,uA,7.8699,8.4018,PASS,0.164,0.84,0.164,8.8,9.004,normal,0.0055,-0.92,False,False,False,False,False,OK: within lot-relative limits (max 0.8 robust-sigma < 5); predicted 168h drift inside the lot safety envelope.
T02,T02-P0250,Iddq,uA,7.7982,8.6517,PASS,0.15,0.39,0.15,9.205,9.374,normal,0.0084,0.41,False,False,False,False,False,OK: within lot-relative limits (max 0.4 robust-sigma < 5); predicted 168h drift inside the lot safety envelope.
T02,T02-P0251,Iddq,uA,8.3813,9.4518,PASS,0.122,0.91,0.122,10.057,10.251,normal,0.01,0.82,False,False,False,False,False,OK: within lot-relative limits (max 0.9 robust-sigma < 5); predicted 168h drift inside the lot safety envelope.
T02,T02-P0252,Iddq,uA,8.0052,8.6926,PASS,0.241,0.3,0.241,9.113,9.311,normal,0.0066,-0.48,False,False,False,False,False,OK: within lot-relative limits (max 0.3 robust-sigma < 5); predicted 168h drift inside the lot safety envelope.
T02,T02-P0253,Iddq,uA,8.2692,8.6124,PASS,0.414,1.63,0.414,8.988,9.205,normal,0.0043,-1.61,False,False,False,False,False,OK: within lot-relative limits (max 1.6 robust-sigma < 5); predicted 168h drift inside the lot safety envelope.
T02,T02-P0254,Iddq,uA,9.1633,10.3261,PASS,0.609,0.89,0.609,10.997,11.179,normal,0.0109,0.82,False,False,False,False,False,OK: within lot-relative limits (max 0.9 robust-sigma < 5); predicted 168h drift inside the lot safety envelope.
T02,T02-P0255,Iddq,uA,10.571,11.1818,PASS,0.926,1.87,0.926,11.675,11.898,normal,0.0066,-1.22,False,False,False,False,False,OK: within lot-relative limits (max 1.9 robust-sigma < 5); predicted 168h drift inside the lot safety envelope.
T02,T02-P0256,Iddq,uA,7.0624,7.7642,PASS,0.36,0.1,0.36,8.167,8.349,normal,0.0066,-0.09,False,False,False,False,False,OK: within lot-relative limits (max 0.1 robust-sigma < 5); predicted 168h drift inside the lot safety envelope.
T02,T02-P0257,Iddq,uA,8.5798,9.9554,PASS,0.838,1.82,0.838,10.864,10.935,normal,0.0136,2.14,False,False,False,False,False,OK: within lot-relative limits (max 1.8 robust-sigma < 5); predicted 168h drift inside the lot safety envelope.
T02,T02-P0258,Iddq,uA,8.625,9.8052,PASS,0.579,1.17,0.579,10.496,10.705,normal,0.0111,1.16,False,False,False,False,False,OK: within lot-relative limits (max 1.2 robust-sigma < 5); predicted 168h drift inside the lot safety envelope.
T02,T02-P0259,Iddq,uA,8.5012,9.1335,PASS,0.064,0.64,0.02,9.6,9.772,normal,0.0065,-0.67,False,False,False,False,False,OK: within lot-relative limits (max 0.6 robust-sigma < 5); predicted 168h drift inside the lot safety envelope.
T02,T02-P0260,Iddq,uA,8.3892,8.9443,PASS,0.172,0.88,0.172,9.381,9.532,normal,0.0059,-0.92,False,False,False,False,False,OK: within lot-relative limits (max 0.9 robust-sigma < 5); predicted 168h drift inside the lot safety envelope.
T02,T02-P0261,Iddq,uA,8.4074,9.0358,PASS,0.062,0.62,0.051,9.494,9.676,normal,0.0065,-0.67,False,False,False,False,False,OK: within lot-relative limits (max 0.6 robust-sigma < 5); predicted 168h drift inside the lot safety envelope.
T02,T02-P0262,Iddq,uA,9.6782,10.692,PASS,0.75,1.05,0.75,11.306,11.591,normal,0.0097,0.16,False,False,False,False,False,OK: within lot-relative limits (max 1.0 robust-sigma < 5); predicted 168h drift inside the lot safety envelope.
T02,T02-P0263,Iddq,uA,8.228,9.0543,PASS,0.336,0.13,0.336,9.594,9.75,normal,0.0081,0.11,False,False,False,False,False,OK: within lot-relative limits (max 0.1 robust-sigma < 5); predicted 168h drift inside the lot safety envelope.
T02,T02-P0264,Iddq,uA,8.5223,9.0887,PASS,0.135,0.87,0.135,9.53,9.711,normal,0.006,-0.92,False,False,False,False,False,OK: within lot-relative limits (max 0.9 robust-sigma < 5); predicted 168h drift inside the lot safety envelope.
T02,T02-P0265,Iddq,uA,8.6259,9.287,PASS,0.098,0.57,0.098,9.747,9.927,normal,0.0067,-0.66,False,False,False,False,False,OK: within lot-relative limits (max 0.6 robust-sigma < 5); predicted 168h drift inside the lot safety envelope.
T02,T02-P0266,Iddq,uA,8.7491,9.2497,PASS,0.476,1.15,0.476,9.698,9.855,normal,0.0056,-1.13,False,False,False,False,False,OK: within lot-relative limits (max 1.1 robust-sigma < 5); predicted 168h drift inside the lot safety envelope.
T02,T02-P0267,Iddq,uA,8.5753,9.1961,PASS,0.069,0.69,0.011,9.684,9.835,normal,0.0066,-0.67,False,False,False,False,False,OK: within lot-relative limits (max 0.7 robust-sigma < 5); predicted 168h drift inside the lot safety envelope.
T02,T02-P0268,Iddq,uA,9.5439,10.8278,PASS,0.757,1.14,0.757,11.545,11.816,normal,0.0119,1.02,False,False,False,False,False,OK: within lot-relative limits (max 1.1 robust-sigma < 5); predicted 168h drift inside the lot safety envelope.
T02,T02-P0269,Iddq,uA,31.2098,36.2914,REJECT,1.0,11.93,0.997,39.174,39.318,low,0.0474,1.92,False,True,True,False,True,"LOT OUTLIER: Iddq@0h = 31.2 uA is 11.9 robust-sigma above lot T02 median (8.6 uA); still under datasheet max 50 uA, so a static limit would pass it. | LOT OUTLIER: Iddq@24h = 36.3 uA is 11.7 robust-sigma above lot T02 median (9.5 uA); still under datasheet max 50 uA, so a static limit would pass it. | GUARD BAND: 90% upper forecast for Iddq@168h is 39.3 uA = 79% of datasheet max (guard band 70%)."
T02,T02-P0270,Iddq,uA,8.6984,9.5064,PASS,0.483,0.09,0.483,10.08,10.236,normal,0.0082,-0.04,False,False,False,False,False,OK: within lot-relative limits (max 0.1 robust-sigma < 5); predicted 168h drift inside the lot safety envelope.
T02,T02-P0271,Iddq,uA,8.6296,9.2781,PASS,0.061,0.61,0.054,9.751,9.931,normal,0.0067,-0.66,False,False,False,False,False,OK: within lot-relative limits (max 0.6 robust-sigma < 5); predicted 168h drift inside the lot safety envelope.
T02,T02-P0272,Iddq,uA,7.6025,8.5033,PASS,0.065,0.65,0.023,9.015,9.222,normal,0.0084,0.53,False,False,False,False,False,OK: within lot-relative limits (max 0.6 robust-sigma < 5); predicted 168h drift inside the lot safety envelope.
T02,T02-P0273,Iddq,uA,7.8739,8.5406,PASS,0.253,0.33,0.253,8.964,9.159,normal,0.0065,-0.48,False,False,False,False,False,OK: within lot-relative limits (max 0.3 robust-sigma < 5); predicted 168h drift inside the lot safety envelope.
T02,T02-P0274,Iddq,uA,7.6782,8.3416,PASS,0.261,0.28,0.261,8.777,8.994,normal,0.0065,-0.38,False,False,False,False,False,OK: within lot-relative limits (max 0.3 robust-sigma < 5); predicted 168h drift inside the lot safety envelope.
T02,T02-P0275,Iddq,uA,8.8795,10.4248,PASS,0.917,2.19,0.917,11.736,11.736,normal,0.017,3.19,False,False,False,False,False,OK: within lot-relative limits (max 2.2 robust-sigma < 5); predicted 168h drift inside the lot safety envelope.
T02,T02-P0276,Iddq,uA,8.1075,8.721,PASS,0.06,0.6,0.054,9.155,9.33,normal,0.0062,-0.67,False,False,False,False,False,OK: within lot-relative limits (max 0.6 robust-sigma < 5); predicted 168h drift inside the lot safety envelope.
T02,T02-P0277,Iddq,uA,7.6067,8.632,PASS,0.207,1.11,0.207,9.185,9.439,normal,0.0094,0.97,False,False,False,False,False,OK: within lot-relative limits (max 1.1 robust-sigma < 5); predicted 168h drift inside the lot safety envelope.
T02,T02-P0278,Iddq,uA,8.8282,9.4221,PASS,0.495,0.85,0.495,9.905,10.069,normal,0.0064,-0.83,False,False,False,False,False,OK: within lot-relative limits (max 0.8 robust-sigma < 5); predicted 168h drift inside the lot safety envelope.
T02,T02-P0279,Iddq,uA,9.3436,10.1452,PASS,0.677,0.72,0.677,10.643,10.868,normal,0.0077,-0.46,False,False,False,False,False,OK: within lot-relative limits (max 0.7 robust-sigma < 5); predicted 168h drift inside the lot safety envelope.
T02,T02-P0280,Iddq,uA,7.1698,7.5895,PASS,0.207,1.11,0.207,7.901,8.087,normal,0.0044,-1.28,False,False,False,False,False,OK: within lot-relative limits (max 1.1 robust-sigma < 5); predicted 168h drift inside the lot safety envelope.
T02,T02-P0281,Iddq,uA,10.2895,11.3916,PASS,0.895,1.62,0.895,12.102,12.313,normal,0.0108,0.33,False,False,False,False,False,OK: within lot-relative limits (max 1.6 robust-sigma < 5); predicted 168h drift inside the lot safety envelope.
T02,T02-P0282,Iddq,uA,8.5516,9.8429,PASS,0.744,1.56,0.744,10.655,10.781,normal,0.0125,1.74,False,False,False,False,False,OK: within lot-relative limits (max 1.6 robust-sigma < 5); predicted 168h drift inside the lot safety envelope.
T02,T02-P0283,Iddq,uA,8.6696,11.4126,REJECT,0.983,5.84,0.983,19.879,25.833,low,0.0667,16.73,False,True,False,True,False,ABNORMAL DRIFT: Iddq changed +32% from 0h to 24h vs lot median +10% (5.8 robust-sigma). | EARLY REJECT (drift forecast): predicted Iddq@168h = 19.9 uA from 0h/24h readings; drift slope 0.067 uA/h exceeds lot safety slope 0.022 uA/h (16.7 robust-sigma).
T02,T02-P0284,Iddq,uA,9.6873,11.0945,PASS,0.857,1.4,0.857,11.968,12.091,normal,0.0136,1.53,False,False,False,False,False,OK: within lot-relative limits (max 1.4 robust-sigma < 5); predicted 168h drift inside the lot safety envelope.
T02,T02-P0285,Iddq,uA,8.7152,9.4807,PASS,0.476,0.24,0.476,9.987,10.209,normal,0.0076,-0.32,False,False,False,False,False,OK: within lot-relative limits (max 0.2 robust-sigma < 5); predicted 168h drift inside the lot safety envelope.
T02,T02-P0286,Iddq,uA,8.0883,8.8951,PASS,0.343,0.11,0.343,9.431,9.562,normal,0.008,0.11,False,False,False,False,False,OK: within lot-relative limits (max 0.1 robust-sigma < 5); predicted 168h drift inside the lot safety envelope.
T02,T02-P0287,Iddq,uA,10.9933,11.7329,PASS,0.943,2.23,0.943,12.262,12.533,normal,0.0075,-0.98,False,False,False,False,False,OK: within lot-relative limits (max 2.2 robust-sigma < 5); predicted 168h drift inside the lot safety envelope.
T02,T02-P0288,Iddq,uA,7.7529,8.4716,PASS,0.359,0.1,0.359,8.962,9.123,normal,0.0072,-0.1,False,False,False,False,False,OK: within lot-relative limits (max 0.1 robust-sigma < 5); predicted 168h drift inside the lot safety envelope.
T02,T02-P0289,Iddq,uA,8.4643,9.4621,PASS,0.063,0.63,0.023,10.052,10.248,normal,0.0095,0.56,False,False,False,False,False,OK: within lot-relative limits (max 0.6 robust-sigma < 5); predicted 168h drift inside the lot safety envelope.
T02,T02-P0290,Iddq,uA,9.4569,10.0805,PASS,0.719,0.89,0.719,10.581,10.745,normal,0.0067,-0.9,False,False,False,False,False,OK: within lot-relative limits (max 0.9 robust-sigma < 5); predicted 168h drift inside the lot safety envelope.
T02,T02-P0291,Iddq,uA,7.656,8.6119,PASS,0.196,0.83,0.196,9.173,9.341,normal,0.009,0.78,False,False,False,False,False,OK: within lot-relative limits (max 0.8 robust-sigma < 5); predicted 168h drift inside the lot safety envelope.
T02,T02-P0292,Iddq,uA,8.6672,9.2264,PASS,0.435,0.93,0.435,9.659,9.831,normal,0.0059,-1.0,False,False,False,False,False,OK: within lot-relative limits (max 0.9 robust-sigma < 5); predicted 168h drift inside the lot safety envelope.
T02,T02-P0293,Iddq,uA,8.9826,9.4062,PASS,0.786,1.45,0.786,9.822,10.005,normal,0.005,-1.47,False,False,False,False,False,OK: within lot-relative limits (max 1.5 robust-sigma < 5); predicted 168h drift inside the lot safety envelope.
T02,T02-P0294,Iddq,uA,11.2884,12.004,PASS,0.96,2.48,0.96,12.487,12.8,normal,0.0071,-1.18,False,False,False,False,False,OK: within lot-relative limits (max 2.5 robust-sigma < 5); predicted 168h drift inside the lot safety envelope.
T02,T02-P0295,Iddq,uA,7.5707,8.2775,PASS,0.379,0.08,0.379,8.752,8.912,normal,0.007,-0.1,False,False,False,False,False,OK: within lot-relative limits (max 0.1 robust-sigma < 5); predicted 168h drift inside the lot safety envelope.
T02,T02-P0296,Iddq,uA,8.4984,9.1114,PASS,0.07,0.7,0.016,9.597,9.747,normal,0.0065,-0.67,False,False,False,False,False,OK: within lot-relative limits (max 0.7 robust-sigma < 5); predicted 168h drift inside the lot safety envelope.
T02,T02-P0297,Iddq,uA,9.2853,10.4707,PASS,0.667,0.91,0.667,11.144,11.357,normal,0.0111,0.82,False,False,False,False,False,OK: within lot-relative limits (max 0.9 robust-sigma < 5); predicted 168h drift inside the lot safety envelope.
T02,T02-P0298,Iddq,uA,8.6988,9.4099,PASS,0.457,0.42,0.457,9.879,10.045,normal,0.007,-0.53,False,False,False,False,False,OK: within lot-relative limits (max 0.4 robust-sigma < 5); predicted 168h drift inside the lot safety envelope.
T02,T02-P0299,Iddq,uA,7.5186,8.1502,PASS,0.188,0.35,0.188,8.567,8.749,normal,0.0062,-0.45,False,False,False,False,False,OK: within lot-relative limits (max 0.4 robust-sigma < 5); predicted 168h drift inside the lot safety envelope.
T02,T02-P0300,Iddq,uA,8.9805,10.1946,PASS,0.685,1.12,0.685,10.946,11.142,normal,0.0117,1.2,False,False,False,False,False,OK: within lot-relative limits (max 1.1 robust-sigma < 5); predicted 168h drift inside the lot safety envelope.
T02,T02-P0301,Iddq,uA,8.6792,9.7715,PASS,0.579,0.86,0.579,10.414,10.588,normal,0.0103,0.82,False,False,False,False,False,OK: within lot-relative limits (max 0.9 robust-sigma < 5); predicted 168h drift inside the lot safety envelope.
T02,T02-P0302,Iddq,uA,9.1296,9.824,PASS,0.599,0.59,0.599,10.316,10.507,normal,0.0071,-0.66,False,False,False,False,False,OK: within lot-relative limits (max 0.6 robust-sigma < 5); predicted 168h drift inside the lot safety envelope.
T02,T02-P0303,Iddq,uA,9.7844,11.3459,PASS,0.907,1.8,0.907,12.521,12.521,normal,0.0163,2.4,False,False,False,False,False,OK: within lot-relative limits (max 1.8 robust-sigma < 5); predicted 168h drift inside the lot safety envelope.
T02,T02-P0304,Iddq,uA,9.7072,10.5425,PASS,0.788,1.07,0.788,11.123,11.37,normal,0.0084,-0.32,False,False,False,False,False,OK: within lot-relative limits (max 1.1 robust-sigma < 5); predicted 168h drift inside the lot safety envelope.
T02,T02-P0305,Iddq,uA,8.9725,9.9106,PASS,0.632,0.36,0.632,10.484,10.746,normal,0.009,0.16,False,False,False,False,False,OK: within lot-relative limits (max 0.4 robust-sigma < 5); predicted 168h drift inside the lot safety envelope.
T02,T02-P0306,Iddq,uA,8.9016,9.8851,PASS,0.536,0.42,0.536,10.555,10.7,normal,0.0098,0.52,False,False,False,False,False,OK: within lot-relative limits (max 0.4 robust-sigma < 5); predicted 168h drift inside the lot safety envelope.
T02,T02-P0307,Iddq,uA,7.6526,8.1713,PASS,0.162,0.83,0.162,8.585,8.756,normal,0.0056,-0.84,False,False,False,False,False,OK: within lot-relative limits (max 0.8 robust-sigma < 5); predicted 168h drift inside the lot safety envelope.
T02,T02-P0308,Iddq,uA,8.5065,9.185,PASS,0.11,0.48,0.11,9.621,9.823,normal,0.0066,-0.64,False,False,False,False,False,OK: within lot-relative limits (max 0.5 robust-sigma < 5); predicted 168h drift inside the lot safety envelope.
T02,T02-P0309,Iddq,uA,8.8478,9.6206,PASS,0.574,0.25,0.574,10.166,10.364,normal,0.0078,-0.25,False,False,False,False,False,OK: within lot-relative limits (max 0.3 robust-sigma < 5); predicted 168h drift inside the lot safety envelope.
T02,T02-P0310,Iddq,uA,8.153,9.2357,PASS,0.212,1.05,0.212,9.868,10.094,normal,0.0102,1.03,False,False,False,False,False,OK: within lot-relative limits (max 1.1 robust-sigma < 5); predicted 168h drift inside the lot safety envelope.
T02,T02-P0311,Iddq,uA,8.8236,9.3463,PASS,0.495,1.09,0.495,9.803,9.991,normal,0.0058,-1.08,False,False,False,False,False,OK: within lot-relative limits (max 1.1 robust-sigma < 5); predicted 168h drift inside the lot safety envelope.
T02,T02-P0312,Iddq,uA,7.8648,8.7336,PASS,0.154,0.42,0.154,9.297,9.454,normal,0.0085,0.45,False,False,False,False,False,OK: within lot-relative limits (max 0.4 robust-sigma < 5); predicted 168h drift inside the lot safety envelope.
T02,T02-P0313,Iddq,uA,10.2355,11.4598,PASS,0.867,1.63,0.867,12.184,12.405,normal,0.0116,0.62,False,False,False,False,False,OK: within lot-relative limits (max 1.6 robust-sigma < 5); predicted 168h drift inside the lot safety envelope.
T02,T02-P0314,Iddq,uA,10.8755,12.6101,PASS,0.968,2.47,0.968,13.661,13.862,normal,0.0166,1.94,False,False,False,False,False,OK: within lot-relative limits (max 2.5 robust-sigma < 5); predicted 168h drift inside the lot safety envelope.
T02,T02-P0315,Iddq,uA,8.2146,9.194,PASS,0.067,0.67,0.004,9.756,9.964,normal,0.0092,0.56,False,False,False,False,False,OK: within lot-relative limits (max 0.7 robust-sigma < 5); predicted 168h drift inside the lot safety envelope.
T02,T02-P0316,Iddq,uA,9.0154,10.2125,PASS,0.675,1.05,0.675,10.915,11.162,normal,0.0113,1.04,False,False,False,False,False,OK: within lot-relative limits (max 1.1 robust-sigma < 5); predicted 168h drift inside the lot safety envelope.
T02,T02-P0317,Iddq,uA,74.8261,80.9941,REJECT,1.0,20.05,0.999,84.441,85.824,low,0.0572,-0.69,True,True,True,False,True,STATIC FAIL: Iddq@0h = 74.8 uA exceeds datasheet max 50 uA. | LOT OUTLIER: Iddq@0h = 74.8 uA is 20.1 robust-sigma above lot T02 median (8.6 uA). | LOT OUTLIER: Iddq@24h = 81.0 uA is 18.8 robust-sigma above lot T02 median (9.5 uA). | GUARD BAND: 90% upper forecast for Iddq@168h is 85.8 uA = 172% of datasheet max (guard band 70%).
T02,T02-P0318,Iddq,uA,10.0372,10.5739,PASS,0.849,1.38,0.849,11.094,11.284,normal,0.0063,-1.2,False,False,False,False,False,OK: within lot-relative limits (max 1.4 robust-sigma < 5); predicted 168h drift inside the lot safety envelope.
T02,T02-P0319,Iddq,uA,8.9348,9.9425,PASS,0.527,0.48,0.527,10.607,10.747,normal,0.01,0.55,False,False,False,False,False,OK: within lot-relative limits (max 0.5 robust-sigma < 5); predicted 168h drift inside the lot safety envelope.
T02,T02-P0320,Iddq,uA,8.4752,9.2259,PASS,0.279,0.22,0.279,9.771,9.943,normal,0.0077,-0.17,False,False,False,False,False,OK: within lot-relative limits (max 0.2 robust-sigma < 5); predicted 168h drift inside the lot safety envelope.
T02,T02-P0321,Iddq,uA,8.3956,8.9269,PASS,0.137,0.97,0.137,9.296,9.524,normal,0.0054,-1.16,False,False,False,False,False,OK: within lot-relative limits (max 1.0 robust-sigma < 5); predicted 168h drift inside the lot safety envelope.
T02,T02-P0322,Iddq,uA,8.7177,10.041,PASS,0.84,1.58,0.84,10.887,10.991,normal,0.0129,1.8,False,False,False,False,False,OK: within lot-relative limits (max 1.6 robust-sigma < 5); predicted 168h drift inside the lot safety envelope.
T02,T02-P0323,Iddq,uA,7.7304,8.4397,PASS,0.337,0.12,0.337,8.936,9.096,normal,0.0072,-0.1,False,False,False,False,False,OK: within lot-relative limits (max 0.1 robust-sigma < 5); predicted 168h drift inside the lot safety envelope.
T02,T02-P0324,Iddq,uA,9.2002,9.957,PASS,0.594,0.58,0.594,10.462,10.668,normal,0.0075,-0.5,False,False,False,False,False,OK: within lot-relative limits (max 0.6 robust-sigma < 5); predicted 168h drift inside the lot safety envelope.
T02,T02-P0325,Iddq,uA,8.0406,8.8674,PASS,0.284,0.2,0.284,9.392,9.569,normal,0.008,0.16,False,False,False,False,False,OK: within lot-relative limits (max 0.2 robust-sigma < 5); predicted 168h drift inside the lot safety envelope.
T02,T02-P0326,Iddq,uA,9.1931,10.5552,PASS,0.839,1.48,0.839,11.463,11.583,normal,0.0135,1.76,False,False,False,False,False,OK: within lot-relative limits (max 1.5 robust-sigma < 5); predicted 168h drift inside the lot safety envelope.
T02,T02-P0327,Iddq,uA,8.8491,9.6557,PASS,0.632,0.21,0.632,10.383,10.413,normal,0.0091,0.27,False,False,False,False,False,OK: within lot-relative limits (max 0.2 robust-sigma < 5); predicted 168h drift inside the lot safety envelope.
T02,T02-P0328,Iddq,uA,9.7255,10.9829,PASS,0.77,1.26,0.77,11.672,11.939,normal,0.0116,0.82,False,False,False,False,False,OK: within lot-relative limits (max 1.3 robust-sigma < 5); predicted 168h drift inside the lot safety envelope.
T02,T02-P0329,Iddq,uA,8.4464,9.2806,PASS,0.376,0.08,0.376,9.822,9.963,normal,0.0082,0.05,False,False,False,False,False,OK: within lot-relative limits (max 0.1 robust-sigma < 5); predicted 168h drift inside the lot safety envelope.
T02,T02-P0330,Iddq,uA,9.7204,10.6405,PASS,0.855,1.09,0.855,11.259,11.441,normal,0.0092,-0.05,False,False,False,False,False,OK: within lot-relative limits (max 1.1 robust-sigma < 5); predicted 168h drift inside the lot safety envelope.
T02,T02-P0331,Iddq,uA,7.6495,8.3948,PASS,0.404,0.04,0.404,8.879,9.02,normal,0.0073,0.0,False,False,False,False,False,OK: within lot-relative limits (max 0.0 robust-sigma < 5); predicted 168h drift inside the lot safety envelope.
T02,T02-P0332,Iddq,uA,9.3269,10.0421,PASS,0.58,0.7,0.58,10.552,10.734,normal,0.0073,-0.63,False,False,False,False,False,OK: within lot-relative limits (max 0.7 robust-sigma < 5); predicted 168h drift inside the lot safety envelope.
T02,T02-P0333,Iddq,uA,8.3198,9.7037,PASS,0.771,1.98,0.771,10.677,10.677,normal,0.014,2.47,False,False,False,False,False,OK: within lot-relative limits (max 2.0 robust-sigma < 5); predicted 168h drift inside the lot safety envelope.
T02,T02-P0334,Iddq,uA,8.8285,9.4663,PASS,0.487,0.7,0.487,10.003,10.126,normal,0.007,-0.59,False,False,False,False,False,OK: within lot-relative limits (max 0.7 robust-sigma < 5); predicted 168h drift inside the lot safety envelope.
T02,T02-P0335,Iddq,uA,8.6664,9.8977,PASS,0.75,1.31,0.75,10.601,10.801,normal,0.0115,1.29,False,False,False,False,False,OK: within lot-relative limits (max 1.3 robust-sigma < 5); predicted 168h drift inside the lot safety envelope.
T02,T02-P0336,Iddq,uA,9.4989,10.2832,PASS,0.681,0.87,0.681,10.798,11.027,normal,0.0077,-0.51,False,False,False,False,False,OK: within lot-relative limits (max 0.9 robust-sigma < 5); predicted 168h drift inside the lot safety envelope.
T02,T02-P0337,Iddq,uA,6.9498,7.507,PASS,0.106,0.46,0.106,7.817,8.02,normal,0.0052,-0.77,False,False,False,False,False,OK: within lot-relative limits (max 0.5 robust-sigma < 5); predicted 168h drift inside the lot safety envelope.
T02,T02-P0338,Iddq,uA,9.0885,10.1537,PASS,0.521,0.61,0.521,10.795,11.004,normal,0.0102,0.57,False,False,False,False,False,OK: within lot-relative limits (max 0.6 robust-sigma < 5); predicted 168h drift inside the lot safety envelope.
T02,T02-P0339,Iddq,uA,7.2617,8.2052,PASS,0.151,0.97,0.151,8.761,8.924,normal,0.0089,0.95,False,False,False,False,False,OK: within lot-relative limits (max 1.0 robust-sigma < 5); predicted 168h drift inside the lot safety envelope.
T02,T02-P0340,Iddq,uA,9.6688,11.0447,PASS,0.844,1.32,0.844,11.83,12.058,normal,0.0129,1.3,False,False,False,False,False,OK: within lot-relative limits (max 1.3 robust-sigma < 5); predicted 168h drift inside the lot safety envelope.
T02,T02-P0341,Iddq,uA,6.9493,7.297,PASS,0.344,1.37,0.344,7.629,7.734,normal,0.004,-1.37,False,False,False,False,False,OK: within lot-relative limits (max 1.4 robust-sigma < 5); predicted 168h drift inside the lot safety envelope.
T02,T02-P0342,Iddq,uA,7.661,8.6213,PASS,0.165,0.84,0.165,9.179,9.347,normal,0.009,0.78,False,False,False,False,False,OK: within lot-relative limits (max 0.8 robust-sigma < 5); predicted 168h drift inside the lot safety envelope.
T02,T02-P0343,Iddq,uA,7.2599,7.646,PASS,0.301,1.27,0.301,8.005,8.122,normal,0.0044,-1.26,False,False,False,False,False,OK: within lot-relative limits (max 1.3 robust-sigma < 5); predicted 168h drift inside the lot safety envelope.
T02,T02-P0344,Iddq,uA,10.0957,12.4702,REJECT,0.978,3.81,0.978,15.035,16.385,normal,0.0294,6.13,False,False,False,True,False,EARLY REJECT (drift forecast): predicted Iddq@168h = 15.0 uA from 0h/24h readings; drift slope 0.029 uA/h exceeds lot safety slope 0.025 uA/h (6.1 robust-sigma).
T02,T02-P0345,Iddq,uA,7.3618,7.9794,PASS,0.2,0.35,0.2,8.417,8.567,normal,0.0063,-0.37,False,False,False,False,False,OK: within lot-relative limits (max 0.4 robust-sigma < 5); predicted 168h drift inside the lot safety envelope.
T02,T02-P0346,Iddq,uA,8.7367,9.4713,PASS,0.473,0.35,0.473,9.952,10.162,normal,0.0072,-0.46,False,False,False,False,False,OK: within lot-relative limits (max 0.3 robust-sigma < 5); predicted 168h drift inside the lot safety envelope.
T02,T02-P0347,Iddq,uA,8.0866,8.5922,PASS,0.189,0.99,0.189,8.954,9.157,normal,0.0052,-1.16,False,False,False,False,False,OK: within lot-relative limits (max 1.0 robust-sigma < 5); predicted 168h drift inside the lot safety envelope.
T02,T02-P0348,Iddq,uA,7.0229,7.6805,PASS,0.38,0.07,0.38,8.089,8.247,normal,0.0063,-0.19,False,False,False,False,False,OK: within lot-relative limits (max 0.1 robust-sigma < 5); predicted 168h drift inside the lot safety envelope.
T02,T02-P0349,Iddq,uA,8.2076,8.7948,PASS,0.072,0.72,0.029,9.269,9.414,normal,0.0063,-0.67,False,False,False,False,False,OK: within lot-relative limits (max 0.7 robust-sigma < 5); predicted 168h drift inside the lot safety envelope.
T02,T02-P0350,Iddq,uA,9.0943,10.5054,PASS,0.86,1.68,0.86,11.392,11.534,normal,0.0137,1.87,False,False,False,False,False,OK: within lot-relative limits (max 1.7 robust-sigma < 5); predicted 168h drift inside the lot safety envelope.
T02,T02-P0351,Iddq,uA,8.3292,9.1722,PASS,0.326,0.15,0.326,9.729,9.912,normal,0.0083,0.16,False,False,False,False,False,OK: within lot-relative limits (max 0.2 robust-sigma < 5); predicted 168h drift inside the lot safety envelope.
T02,T02-P0352,Iddq,uA,9.5525,10.6915,PASS,0.649,1.02,0.649,11.347,11.587,normal,0.0107,0.57,False,False,False,False,False,OK: within lot-relative limits (max 1.0 robust-sigma < 5); predicted 168h drift inside the lot safety envelope.
T02,T02-P0353,Iddq,uA,8.0927,8.8189,PASS,0.31,0.18,0.31,9.345,9.499,normal,0.0075,-0.13,False,False,False,False,False,OK: within lot-relative limits (max 0.2 robust-sigma < 5); predicted 168h drift inside the lot safety envelope.
T02,T02-P0354,Iddq,uA,8.6887,9.6972,PASS,0.536,0.58,0.536,10.271,10.52,normal,0.0094,0.45,False,False,False,False,False,OK: within lot-relative limits (max 0.6 robust-sigma < 5); predicted 168h drift inside the lot safety envelope.
T02,T02-P0355,Iddq,uA,8.2242,9.4084,PASS,0.344,1.37,0.344,10.157,10.265,normal,0.0115,1.52,False,False,False,False,False,OK: within lot-relative limits (max 1.4 robust-sigma < 5); predicted 168h drift inside the lot safety envelope.
T02,T02-P0356,Iddq,uA,9.146,9.5744,PASS,0.838,1.46,0.838,10.0,10.187,normal,0.0051,-1.47,False,False,False,False,False,OK: within lot-relative limits (max 1.5 robust-sigma < 5); predicted 168h drift inside the lot safety envelope.
T02,T02-P0357,Iddq,uA,10.7129,11.3391,PASS,0.931,1.99,0.931,11.831,12.087,normal,0.0067,-1.22,False,False,False,False,False,OK: within lot-relative limits (max 2.0 robust-sigma < 5); predicted 168h drift inside the lot safety envelope.
T02,T02-P0358,Iddq,uA,9.0652,10.0261,PASS,0.601,0.46,0.601,10.616,10.857,normal,0.0092,0.22,False,False,False,False,False,OK: within lot-relative limits (max 0.5 robust-sigma < 5); predicted 168h drift inside the lot safety envelope.
T02,T02-P0359,Iddq,uA,8.5448,9.3334,PASS,0.353,0.11,0.353,9.896,10.055,normal,0.008,-0.05,False,False,False,False,False,OK: within lot-relative limits (max 0.1 robust-sigma < 5); predicted 168h drift inside the lot safety envelope.
T02,T02-P0360,Iddq,uA,8.0075,8.7323,PASS,0.31,0.16,0.31,9.246,9.399,normal,0.0074,-0.13,False,False,False,False,False,OK: within lot-relative limits (max 0.2 robust-sigma < 5); predicted 168h drift inside the lot safety envelope.
T02,T02-P0361,Iddq,uA,7.7913,8.9037,PASS,0.344,1.33,0.344,9.576,9.724,normal,0.0106,1.41,False,False,False,False,False,OK: within lot-relative limits (max 1.3 robust-sigma < 5); predicted 168h drift inside the lot safety envelope.
T02,T02-P0362,Iddq,uA,10.124,11.072,PASS,0.896,1.46,0.896,11.72,11.907,normal,0.0095,-0.06,False,False,False,False,False,OK: within lot-relative limits (max 1.5 robust-sigma < 5); predicted 168h drift inside the lot safety envelope.
T02,T02-P0363,Iddq,uA,7.4273,8.5363,PASS,0.395,1.51,0.395,9.38,9.38,normal,0.0116,2.07,False,False,False,False,False,OK: within lot-relative limits (max 1.5 robust-sigma < 5); predicted 168h drift inside the lot safety envelope.
T02,T02-P0364,Iddq,uA,7.7881,8.6469,PASS,0.201,0.41,0.201,9.193,9.362,normal,0.0084,0.41,False,False,False,False,False,OK: within lot-relative limits (max 0.4 robust-sigma < 5); predicted 168h drift inside the lot safety envelope.
T02,T02-P0365,Iddq,uA,8.5471,9.7366,PASS,0.518,1.23,0.518,10.435,10.608,normal,0.0112,1.24,False,False,False,False,False,OK: within lot-relative limits (max 1.2 robust-sigma < 5); predicted 168h drift inside the lot safety envelope.
T02,T02-P0366,Iddq,uA,8.2867,9.3839,PASS,0.203,1.04,0.203,9.998,10.26,normal,0.0102,0.95,False,False,False,False,False,OK: within lot-relative limits (max 1.0 robust-sigma < 5); predicted 168h drift inside the lot safety envelope.
T02,T02-P0367,Iddq,uA,10.7435,11.5025,PASS,0.925,2.02,0.925,12.041,12.282,normal,0.0077,-0.86,False,False,False,False,False,OK: within lot-relative limits (max 2.0 robust-sigma < 5); predicted 168h drift inside the lot safety envelope.
T02,T02-P0368,Iddq,uA,6.5743,7.2425,PASS,0.309,0.16,0.309,7.637,7.819,normal,0.0063,0.02,False,False,False,False,False,OK: within lot-relative limits (max 0.2 robust-sigma < 5); predicted 168h drift inside the lot safety envelope.
T02,T02-P0369,Iddq,uA,8.9637,9.7058,PASS,0.612,0.39,0.612,10.211,10.406,normal,0.0074,-0.46,False,False,False,False,False,OK: within lot-relative limits (max 0.4 robust-sigma < 5); predicted 168h drift inside the lot safety envelope.
T02,T02-P0370,Iddq,uA,9.3748,10.2695,PASS,0.817,0.75,0.817,10.859,11.05,normal,0.0088,-0.05,False,False,False,False,False,OK: within lot-relative limits (max 0.8 robust-sigma < 5); predicted 168h drift inside the lot safety envelope.
T02,T02-P0371,Iddq,uA,7.642,8.5736,PASS,0.075,0.75,0.072,9.156,9.311,normal,0.009,0.78,False,False,False,False,False,OK: within lot-relative limits (max 0.7 robust-sigma < 5); predicted 168h drift inside the lot safety envelope.
T02,T02-P0372,Iddq,uA,8.0227,8.5809,PASS,0.086,0.78,0.086,9.014,9.179,normal,0.0059,-0.8,False,False,False,False,False,OK: within lot-relative limits (max 0.8 robust-sigma < 5); predicted 168h drift inside the lot safety envelope.
T02,T02-P0373,Iddq,uA,9.171,10.3276,PASS,0.596,0.86,0.596,11.006,11.188,normal,0.0109,0.82,False,False,False,False,False,OK: within lot-relative limits (max 0.9 robust-sigma < 5); predicted 168h drift inside the lot safety envelope.
T02,T02-P0374,Iddq,uA,10.1844,10.9996,PASS,0.837,1.52,0.837,11.518,11.751,normal,0.0079,-0.64,False,False,False,False,False,OK: within lot-relative limits (max 1.5 robust-sigma < 5); predicted 168h drift inside the lot safety envelope.
T02,T02-P0375,Iddq,uA,7.8305,8.3878,PASS,0.073,0.73,0.048,8.843,8.97,normal,0.006,-0.67,False,False,False,False,False,OK: within lot-relative limits (max 0.7 robust-sigma < 5); predicted 168h drift inside the lot safety envelope.
T02,T02-P0376,Iddq,uA,7.2808,7.5221,PASS,0.462,1.88,0.462,7.833,7.962,normal,0.0033,-1.86,False,False,False,False,False,OK: within lot-relative limits (max 1.9 robust-sigma < 5); predicted 168h drift inside the lot safety envelope.
T02,T02-P0377,Iddq,uA,9.4828,11.4252,PASS,0.96,3.02,0.96,13.364,13.364,normal,0.0231,4.77,False,False,False,False,False,OK: within lot-relative limits (max 3.0 robust-sigma < 5); predicted 168h drift inside the lot safety envelope.
T02,T02-P0378,Iddq,uA,10.422,11.0489,PASS,0.897,1.73,0.897,11.523,11.792,normal,0.0066,-1.19,False,False,False,False,False,OK: within lot-relative limits (max 1.7 robust-sigma < 5); predicted 168h drift inside the lot safety envelope.
T02,T02-P0379,Iddq,uA,8.1195,9.2298,PASS,0.273,1.16,0.273,9.893,10.078,normal,0.0106,1.19,False,False,False,False,False,OK: within lot-relative limits (max 1.2 robust-sigma < 5); predicted 168h drift inside the lot safety envelope.
T02,T02-P0380,Iddq,uA,6.6799,7.2894,PASS,0.324,0.14,0.324,7.694,7.855,normal,0.006,-0.19,False,False,False,False,False,OK: within lot-relative limits (max 0.1 robust-sigma < 5); predicted 168h drift inside the lot safety envelope.
T02,T02-P0381,Iddq,uA,10.0692,11.2715,PASS,0.818,1.49,0.818,11.986,12.209,normal,0.0114,0.62,False,False,False,False,False,OK: within lot-relative limits (max 1.5 robust-sigma < 5); predicted 168h drift inside the lot safety envelope.
T02,T02-P0382,Iddq,uA,8.3685,8.8215,PASS,0.299,1.24,0.299,9.272,9.408,normal,0.0054,-1.14,False,False,False,False,False,OK: within lot-relative limits (max 1.2 robust-sigma < 5); predicted 168h drift inside the lot safety envelope.
T02,T02-P0383,Iddq,uA,9.8354,10.6381,PASS,0.767,1.2,0.767,11.169,11.357,normal,0.0079,-0.54,False,False,False,False,False,OK: within lot-relative limits (max 1.2 robust-sigma < 5); predicted 168h drift inside the lot safety envelope.
T02,T02-P0384,Iddq,uA,8.6481,10.1957,PASS,0.921,2.33,0.921,11.422,11.422,normal,0.0165,3.17,False,False,False,False,False,OK: within lot-relative limits (max 2.3 robust-sigma < 5); predicted 168h drift inside the lot safety envelope.
T02,T02-P0385,Iddq,uA,8.448,9.0407,PASS,0.082,0.76,0.082,9.492,9.666,normal,0.0062,-0.8,False,False,False,False,False,OK: within lot-relative limits (max 0.8 robust-sigma < 5); predicted 168h drift inside the lot safety envelope.
T02,T02-P0386,Iddq,uA,8.157,8.8774,PASS,0.281,0.22,0.281,9.404,9.57,normal,0.0074,-0.17,False,False,False,False,False,OK: within lot-relative limits (max 0.2 robust-sigma < 5); predicted 168h drift inside the lot safety envelope.
T02,T02-P0387,Iddq,uA,10.0753,11.1294,PASS,0.853,1.42,0.853,11.764,12.135,normal,0.0101,0.15,False,False,False,False,False,OK: within lot-relative limits (max 1.4 robust-sigma < 5); predicted 168h drift inside the lot safety envelope.
T02,T02-P0388,Iddq,uA,10.0452,10.8338,PASS,0.79,1.39,0.79,11.361,11.599,normal,0.0078,-0.64,False,False,False,False,False,OK: within lot-relative limits (max 1.4 robust-sigma < 5); predicted 168h drift inside the lot safety envelope.
T02,T02-P0389,Iddq,uA,6.8007,7.3563,PASS,0.154,0.42,0.154,7.677,7.848,normal,0.0052,-0.68,False,False,False,False,False,OK: within lot-relative limits (max 0.4 robust-sigma < 5); predicted 168h drift inside the lot safety envelope.
T02,T02-P0390,Iddq,uA,7.7107,8.7813,PASS,0.289,1.22,0.289,9.416,9.57,normal,0.0102,1.25,False,False,False,False,False,OK: within lot-relative limits (max 1.2 robust-sigma < 5); predicted 168h drift inside the lot safety envelope.
T02,T02-P0391,Iddq,uA,10.4481,11.3455,PASS,0.911,1.76,0.911,11.9,12.159,normal,0.0086,-0.46,False,False,False,False,False,OK: within lot-relative limits (max 1.8 robust-sigma < 5); predicted 168h drift inside the lot safety envelope.
T02,T02-P0392,Iddq,uA,8.3311,9.0963,PASS,0.351,0.12,0.351,9.649,9.803,normal,0.0078,-0.05,False,False,False,False,False,OK: within lot-relative limits (max 0.1 robust-sigma < 5); predicted 168h drift inside the lot safety envelope.
T02,T02-P0393,Iddq,uA,7.5052,8.1012,PASS,0.095,0.49,0.095,8.496,8.667,normal,0.0059,-0.61,False,False,False,False,False,OK: within lot-relative limits (max 0.5 robust-sigma < 5); predicted 168h drift inside the lot safety envelope.
T02,T02-P0394,Iddq,uA,8.6894,9.5887,PASS,0.497,0.22,0.497,10.149,10.371,normal,0.0087,0.15,False,False,False,False,False,OK: within lot-relative limits (max 0.2 robust-sigma < 5); predicted 168h drift inside the lot safety envelope.
T02,T02-P0395,Iddq,uA,8.5283,9.549,PASS,0.432,0.68,0.432,10.122,10.345,normal,0.0095,0.55,False,False,False,False,False,OK: within lot-relative limits (max 0.7 robust-sigma < 5); predicted 168h drift inside the lot safety envelope.
T02,T02-P0396,Iddq,uA,8.4955,9.751,PASS,0.606,1.47,0.606,10.473,10.704,normal,0.0118,1.48,False,False,False,False,False,OK: within lot-relative limits (max 1.5 robust-sigma < 5); predicted 168h drift inside the lot safety envelope.
T02,T02-P0397,Iddq,uA,8.0144,9.1471,PASS,0.31,1.29,0.31,9.802,9.985,normal,0.0106,1.29,False,False,False,False,False,OK: within lot-relative limits (max 1.3 robust-sigma < 5); predicted 168h drift inside the lot safety envelope.
T02,T02-P0398,Iddq,uA,8.3406,9.1543,PASS,0.402,0.05,0.402,9.699,9.834,normal,0.0081,0.05,False,False,False,False,False,OK: within lot-relative limits (max 0.0 robust-sigma < 5); predicted 168h drift inside the lot safety envelope.
T02,T02-P0399,Iddq,uA,8.1508,8.4622,PASS,0.438,1.73,0.438,8.819,9.013,normal,0.004,-1.73,False,False,False,False,False,OK: within lot-relative limits (max 1.7 robust-sigma < 5); predicted 168h drift inside the lot safety envelope.
T02,T02-P0400,Iddq,uA,8.7585,9.9806,PASS,0.72,1.24,0.72,10.732,10.912,normal,0.0117,1.33,False,False,False,False,False,OK: within lot-relative limits (max 1.2 robust-sigma < 5); predicted 168h drift inside the lot safety envelope.
T02,T02-P0401,Iddq,uA,7.8536,8.8087,PASS,0.074,0.74,0.057,9.424,9.568,normal,0.0093,0.82,False,False,False,False,False,OK: within lot-relative limits (max 0.7 robust-sigma < 5); predicted 168h drift inside the lot safety envelope.
T02,T02-P0402,Iddq,uA,8.201,8.9488,PASS,0.33,0.14,0.33,9.498,9.65,normal,0.0077,-0.05,False,False,False,False,False,OK: within lot-relative limits (max 0.1 robust-sigma < 5); predicted 168h drift inside the lot safety envelope.
T02,T02-P0403,Iddq,uA,8.5138,8.8291,PASS,0.445,1.76,0.445,9.211,9.375,normal,0.0042,-1.73,False,False,False,False,False,OK: within lot-relative limits (max 1.8 robust-sigma < 5); predicted 168h drift inside the lot safety envelope.
T02,T02-P0404,Iddq,uA,10.0329,10.6217,PASS,0.829,1.38,0.829,11.109,11.36,normal,0.0064,-1.16,False,False,False,False,False,OK: within lot-relative limits (max 1.4 robust-sigma < 5); predicted 168h drift inside the lot safety envelope.
T02,T02-P0405,Iddq,uA,8.9821,10.1022,PASS,0.619,0.82,0.619,10.78,10.958,normal,0.0107,0.82,False,False,False,False,False,OK: within lot-relative limits (max 0.8 robust-sigma < 5); predicted 168h drift inside the lot safety envelope.
T02,T02-P0406,Iddq,uA,8.4827,9.1331,PASS,0.098,0.57,0.098,9.579,9.762,normal,0.0065,-0.67,False,False,False,False,False,OK: within lot-relative limits (max 0.6 robust-sigma < 5); predicted 168h drift inside the lot safety envelope.
T02,T02-P0407,Iddq,uA,9.0824,9.7384,PASS,0.625,0.7,0.625,10.263,10.417,normal,0.007,-0.66,False,False,False,False,False,OK: within lot-relative limits (max 0.7 robust-sigma < 5); predicted 168h drift inside the lot safety envelope.
T02,T02-P0408,Iddq,uA,9.0144,10.0273,PASS,0.518,0.47,0.518,10.672,10.843,normal,0.0099,0.49,False,False,False,False,False,OK: within lot-relative limits (max 0.5 robust-sigma < 5); predicted 168h drift inside the lot safety envelope.
T02,T02-P0409,Iddq,uA,9.504,10.9074,PASS,0.835,1.47,0.835,11.741,11.975,normal,0.0133,1.53,False,False,False,False,False,OK: within lot-relative limits (max 1.5 robust-sigma < 5); predicted 168h drift inside the lot safety envelope.
T02,T02-P0410,Iddq,uA,8.9457,9.9723,PASS,0.519,0.54,0.519,10.596,10.831,normal,0.0098,0.5,False,False,False,False,False,OK: within lot-relative limits (max 0.5 robust-sigma < 5); predicted 168h drift inside the lot safety envelope.
T02,T02-P0411,Iddq,uA,10.419,11.7008,PASS,0.902,1.82,0.902,12.519,12.688,normal,0.0125,0.85,False,False,False,False,False,OK: within lot-relative limits (max 1.8 robust-sigma < 5); predicted 168h drift inside the lot safety envelope.
T02,T02-P0412,Iddq,uA,10.1647,15.0535,REJECT,0.99,9.6,0.99,13.622,16.893,low,0.0206,3.53,False,True,False,False,False,ABNORMAL DRIFT: Iddq changed +48% from 0h to 24h vs lot median +10% (9.6 robust-sigma).
T02,T02-P0413,Iddq,uA,8.5931,9.9456,PASS,0.817,1.74,0.817,10.87,13.587,normal,0.0136,2.11,False,False,False,False,False,OK: within lot-relative limits (max 1.7 robust-sigma < 5); predicted 168h drift inside the lot safety envelope.
T02,T02-P0414,Iddq,uA,8.3139,9.3034,PASS,0.066,0.66,0.018,9.874,10.084,normal,0.0093,0.56,False,False,False,False,False,OK: within lot-relative limits (max 0.7 robust-sigma < 5); predicted 168h drift inside the lot safety envelope.
T02,T02-P0415,Iddq,uA,9.5903,10.3201,PASS,0.672,0.96,0.672,10.836,11.037,normal,0.0074,-0.66,False,False,False,False,False,OK: within lot-relative limits (max 1.0 robust-sigma < 5); predicted 168h drift inside the lot safety envelope.
T02,T02-P0416,Iddq,uA,9.1353,10.7623,PASS,0.929,2.3,0.929,12.069,12.069,normal,0.0175,3.18,False,False,False,False,False,OK: within lot-relative limits (max 2.3 robust-sigma < 5); predicted 168h drift inside the lot safety envelope.
T02,T02-P0417,Iddq,uA,8.6034,9.3045,PASS,0.145,0.43,0.145,9.771,9.934,normal,0.0069,-0.53,False,False,False,False,False,OK: within lot-relative limits (max 0.4 robust-sigma < 5); predicted 168h drift inside the lot safety envelope.
T02,T02-P0418,Iddq,uA,7.4409,8.1109,PASS,0.309,0.17,0.309,8.629,8.735,normal,0.0071,-0.02,False,False,False,False,False,OK: within lot-relative limits (max 0.2 robust-sigma < 5); predicted 168h drift inside the lot safety envelope.
T02,T02-P0419,Iddq,uA,7.0976,7.7106,PASS,0.261,0.28,0.261,8.083,8.294,normal,0.0059,-0.47,False,False,False,False,False,OK: within lot-relative limits (max 0.3 robust-sigma < 5); predicted 168h drift inside the lot safety envelope.
T02,T02-P0420,Iddq,uA,9.0582,10.0779,PASS,0.544,0.51,0.544,10.71,10.895,normal,0.0098,0.45,False,False,False,False,False,OK: within lot-relative limits (max 0.5 robust-sigma < 5); predicted 168h drift inside the lot safety envelope.
T02,T02-P0421,Iddq,uA,9.5113,10.4134,PASS,0.847,0.88,0.847,11.017,11.208,normal,0.009,-0.05,False,False,False,False,False,OK: within lot-relative limits (max 0.9 robust-sigma < 5); predicted 168h drift inside the lot safety envelope.
T02,T02-P0422,Iddq,uA,9.4856,10.2984,PASS,0.724,0.86,0.724,10.804,11.033,normal,0.0078,-0.46,False,False,False,False,False,OK: within lot-relative limits (max 0.9 robust-sigma < 5); predicted 168h drift inside the lot safety envelope.
T02,T02-P0423,Iddq,uA,7.4331,8.3542,PASS,0.114,0.8,0.114,8.961,9.069,normal,0.0091,0.93,False,False,False,False,False,OK: within lot-relative limits (max 0.8 robust-sigma < 5); predicted 168h drift inside the lot safety envelope.
T02,T02-P0424,Iddq,uA,9.7787,10.8169,PASS,0.789,1.14,0.789,11.437,11.711,normal,0.0099,0.19,False,False,False,False,False,OK: within lot-relative limits (max 1.1 robust-sigma < 5); predicted 168h drift inside the lot safety envelope.
T02,T02-P0425,Iddq,uA,8.0951,8.7714,PASS,0.17,0.36,0.17,9.216,9.408,normal,0.0067,-0.48,False,False,False,False,False,OK: within lot-relative limits (max 0.4 robust-sigma < 5); predicted 168h drift inside the lot safety envelope.
T02,T02-P0426,Iddq,uA,8.9547,9.7056,PASS,0.611,0.36,0.611,10.201,10.419,normal,0.0074,-0.46,False,False,False,False,False,OK: within lot-relative limits (max 0.4 robust-sigma < 5); predicted 168h drift inside the lot safety envelope.
T02,T02-P0427,Iddq,uA,9.0708,10.7156,PASS,0.934,2.39,0.934,12.01,12.01,normal,0.0175,3.24,False,False,False,False,False,OK: within lot-relative limits (max 2.4 robust-sigma < 5); predicted 168h drift inside the lot safety envelope.
T02,T02-P0428,Iddq,uA,7.9462,8.3503,PASS,0.345,1.34,0.345,8.772,8.879,normal,0.0049,-1.23,False,False,False,False,False,OK: within lot-relative limits (max 1.3 robust-sigma < 5); predicted 168h drift inside the lot safety envelope.
T02,T02-P0429,Iddq,uA,7.8974,8.5586,PASS,0.183,0.36,0.183,8.991,9.178,normal,0.0065,-0.48,False,False,False,False,False,OK: within lot-relative limits (max 0.4 robust-sigma < 5); predicted 168h drift inside the lot safety envelope.
T02,T02-P0430,Iddq,uA,6.8903,7.8516,PASS,0.299,1.24,0.299,8.44,8.585,normal,0.0092,1.32,False,False,False,False,False,OK: within lot-relative limits (max 1.2 robust-sigma < 5); predicted 168h drift inside the lot safety envelope.
T02,T02-P0431,Iddq,uA,7.9353,8.5618,PASS,0.084,0.5,0.084,8.975,9.163,normal,0.0062,-0.64,False,False,False,False,False,OK: within lot-relative limits (max 0.5 robust-sigma < 5); predicted 168h drift inside the lot safety envelope.
T02,T02-P0432,Iddq,uA,7.0141,7.6206,PASS,0.26,0.28,0.26,7.988,8.197,normal,0.0058,-0.47,False,False,False,False,False,OK: within lot-relative limits (max 0.3 robust-sigma < 5); predicted 168h drift inside the lot safety envelope.
T02,T02-P0433,Iddq,uA,8.9299,9.8353,PASS,0.658,0.3,0.658,10.494,10.627,normal,0.0093,0.31,False,False,False,False,False,OK: within lot-relative limits (max 0.3 robust-sigma < 5); predicted 168h drift inside the lot safety envelope.
T02,T02-P0434,Iddq,uA,8.6202,9.6394,PASS,0.468,0.64,0.468,10.237,10.456,normal,0.0096,0.56,False,False,False,False,False,OK: within lot-relative limits (max 0.6 robust-sigma < 5); predicted 168h drift inside the lot safety envelope.
T02,T02-P0435,Iddq,uA,9.4183,10.5872,PASS,0.677,0.94,0.677,11.303,11.49,normal,0.0112,0.82,False,False,False,False,False,OK: within lot-relative limits (max 0.9 robust-sigma < 5); predicted 168h drift inside the lot safety envelope.
T02,T02-P0436,Iddq,uA,9.1532,10.3433,PASS,0.66,0.97,0.66,10.985,11.248,normal,0.0109,0.82,False,False,False,False,False,OK: within lot-relative limits (max 1.0 robust-sigma < 5); predicted 168h drift inside the lot safety envelope.
T02,T02-P0437,Iddq,uA,8.0302,8.6816,PASS,0.115,0.44,0.115,9.114,9.273,normal,0.0065,-0.55,False,False,False,False,False,OK: within lot-relative limits (max 0.4 robust-sigma < 5); predicted 168h drift inside the lot safety envelope.
T02,T02-P0438,Iddq,uA,8.9284,10.2613,PASS,0.828,1.51,0.828,11.163,11.25,normal,0.0133,1.83,False,False,False,False,False,OK: within lot-relative limits (max 1.5 robust-sigma < 5); predicted 168h drift inside the lot safety envelope.
T02,T02-P0439,Iddq,uA,8.2255,8.7001,PASS,0.229,1.13,0.229,9.108,9.265,normal,0.0053,-1.16,False,False,False,False,False,OK: within lot-relative limits (max 1.1 robust-sigma < 5); predicted 168h drift inside the lot safety envelope.
T02,T02-P0440,Iddq,uA,9.3308,10.3232,PASS,0.669,0.72,0.669,10.913,11.175,normal,0.0094,0.19,False,False,False,False,False,OK: within lot-relative limits (max 0.7 robust-sigma < 5); predicted 168h drift inside the lot safety envelope.
T02,T02-P0441,Iddq,uA,8.9124,9.5699,PASS,0.594,0.65,0.594,10.098,10.222,normal,0.0071,-0.59,False,False,False,False,False,OK: within lot-relative limits (max 0.7 robust-sigma < 5); predicted 168h drift inside the lot safety envelope.
T02,T02-P0442,Iddq,uA,7.7586,8.5213,PASS,0.386,0.07,0.386,9.005,9.151,normal,0.0074,0.0,False,False,False,False,False,OK: within lot-relative limits (max 0.1 robust-sigma < 5); predicted 168h drift inside the lot safety envelope.
T02,T02-P0443,Iddq,uA,8.4741,9.7163,PASS,0.555,1.44,0.555,10.447,10.659,normal,0.0117,1.48,False,False,False,False,False,OK: within lot-relative limits (max 1.4 robust-sigma < 5); predicted 168h drift inside the lot safety envelope.
T02,T02-P0444,Iddq,uA,8.6347,9.7293,PASS,0.502,0.88,0.502,10.36,10.534,normal,0.0103,0.82,False,False,False,False,False,OK: within lot-relative limits (max 0.9 robust-sigma < 5); predicted 168h drift inside the lot safety envelope.
T02,T02-P0445,Iddq,uA,8.4791,8.9325,PASS,0.292,1.26,0.292,9.372,9.532,normal,0.0053,-1.2,False,False,False,False,False,OK: within lot-relative limits (max 1.3 robust-sigma < 5); predicted 168h drift inside the lot safety envelope.
T02,T02-P0446,Iddq,uA,9.5053,10.8699,PASS,0.807,1.35,0.807,11.705,11.864,normal,0.0131,1.45,False,False,False,False,False,OK: within lot-relative limits (max 1.4 robust-sigma < 5); predicted 168h drift inside the lot safety envelope.
T02,T02-P0447,Iddq,uA,10.4654,11.289,PASS,0.894,1.77,0.894,11.842,12.075,normal,0.0082,-0.63,False,False,False,False,False,OK: within lot-relative limits (max 1.8 robust-sigma < 5); predicted 168h drift inside the lot safety envelope.
T02,T02-P0448,Iddq,uA,8.3756,8.6633,PASS,0.456,1.85,0.456,9.033,9.213,normal,0.0039,-1.8,False,False,False,False,False,OK: within lot-relative limits (max 1.8 robust-sigma < 5); predicted 168h drift inside the lot safety envelope.
T02,T02-P0449,Iddq,uA,8.2695,8.8511,PASS,0.087,0.76,0.087,9.292,9.461,normal,0.0061,-0.8,False,False,False,False,False,OK: within lot-relative limits (max 0.8 robust-sigma < 5); predicted 168h drift inside the lot safety envelope.
T02,T02-P0450,Iddq,uA,6.7137,7.0969,PASS,0.259,1.15,0.259,7.395,7.553,normal,0.0041,-1.29,False,False,False,False,False,OK: within lot-relative limits (max 1.2 robust-sigma < 5); predicted 168h drift inside the lot safety envelope.
T02,T02-P0451,Iddq,uA,8.3445,9.2046,PASS,0.27,0.21,0.27,9.747,9.96,normal,0.0083,0.16,False,False,False,False,False,OK: within lot-relative limits (max 0.2 robust-sigma < 5); predicted 168h drift inside the lot safety envelope.
T02,T02-P0452,Iddq,uA,8.2212,9.0382,PASS,0.36,0.1,0.36,9.56,9.719,normal,0.008,0.05,False,False,False,False,False,OK: within lot-relative limits (max 0.1 robust-sigma < 5); predicted 168h drift inside the lot safety envelope.
T02,T02-P0453,Iddq,uA,28.3694,31.0441,REJECT,1.0,11.04,0.994,32.622,32.993,low,0.0253,-0.23,False,True,True,False,False,"LOT OUTLIER: Iddq@0h = 28.4 uA is 11.0 robust-sigma above lot T02 median (8.6 uA); still under datasheet max 50 uA, so a static limit would pass it. | LOT OUTLIER: Iddq@24h = 31.0 uA is 10.4 robust-sigma above lot T02 median (9.5 uA); still under datasheet max 50 uA, so a static limit would pass it."
T02,T02-P0454,Iddq,uA,8.8464,9.7886,PASS,0.595,0.3,0.595,10.375,10.594,normal,0.0091,0.26,False,False,False,False,False,OK: within lot-relative limits (max 0.3 robust-sigma < 5); predicted 168h drift inside the lot safety envelope.
T02,T02-P0455,Iddq,uA,9.1708,9.9558,PASS,0.645,0.55,0.645,10.46,10.667,normal,0.0077,-0.43,False,False,False,False,False,OK: within lot-relative limits (max 0.5 robust-sigma < 5); predicted 168h drift inside the lot safety envelope.
T02,T02-P0456,Iddq,uA,7.9893,8.7902,PASS,0.34,0.12,0.34,9.316,9.457,normal,0.0079,0.11,False,False,False,False,False,OK: within lot-relative limits (max 0.1 robust-sigma < 5); predicted 168h drift inside the lot safety envelope.
T02,T02-P0457,Iddq,uA,8.3626,8.9492,PASS,0.082,0.76,0.082,9.396,9.568,normal,0.0062,-0.8,False,False,False,False,False,OK: within lot-relative limits (max 0.8 robust-sigma < 5); predicted 168h drift inside the lot safety envelope.
T02,T02-P0458,Iddq,uA,7.796,8.4301,PASS,0.131,0.43,0.131,8.832,9.002,normal,0.0062,-0.59,False,False,False,False,False,OK: within lot-relative limits (max 0.4 robust-sigma < 5); predicted 168h drift inside the lot safety envelope.
T02,T02-P0459,Iddq,uA,9.4771,10.1752,PASS,0.664,0.85,0.664,10.708,10.87,normal,0.0073,-0.66,False,False,False,False,False,OK: within lot-relative limits (max 0.9 robust-sigma < 5); predicted 168h drift inside the lot safety envelope.
T02,T02-P0460,Iddq,uA,7.4795,7.795,PASS,0.412,1.61,0.412,8.165,8.534,normal,0.0041,-1.51,False,False,False,False,False,OK: within lot-relative limits (max 1.6 robust-sigma < 5); predicted 168h drift inside the lot safety envelope.
T02,T02-P0461,Iddq,uA,8.4395,9.1233,PASS,0.111,0.44,0.111,9.579,9.745,normal,0.0068,-0.55,False,False,False,False,False,OK: within lot-relative limits (max 0.4 robust-sigma < 5); predicted 168h drift inside the lot safety envelope.
T02,T02-P0462,Iddq,uA,10.6833,11.7647,PASS,0.946,1.96,0.946,12.442,12.709,normal,0.0105,0.08,False,False,False,False,False,OK: within lot-relative limits (max 2.0 robust-sigma < 5); predicted 168h drift inside the lot safety envelope.
T02,T02-P0463,Iddq,uA,8.7506,9.1276,PASS,0.505,1.58,0.505,9.672,9.746,normal,0.0055,-1.2,False,False,False,False,False,OK: within lot-relative limits (max 1.6 robust-sigma < 5); predicted 168h drift inside the lot safety envelope.
T02,T02-P0464,Iddq,uA,9.2221,9.6485,PASS,0.831,1.48,0.831,10.084,10.271,normal,0.0051,-1.47,False,False,False,False,False,OK: within lot-relative limits (max 1.5 robust-sigma < 5); predicted 168h drift inside the lot safety envelope.
T02,T02-P0465,Iddq,uA,8.3572,9.1503,PASS,0.409,0.03,0.409,9.679,9.848,normal,0.0079,-0.05,False,False,False,False,False,OK: within lot-relative limits (max 0.0 robust-sigma < 5); predicted 168h drift inside the lot safety envelope.
T02,T02-P0466,Iddq,uA,7.5809,8.4508,PASS,0.054,0.54,0.037,8.948,9.179,normal,0.0081,0.41,False,False,False,False,False,OK: within lot-relative limits (max 0.5 robust-sigma < 5); predicted 168h drift inside the lot safety envelope.
T02,T02-P0467,Iddq,uA,8.6479,9.4998,PASS,0.403,0.07,0.403,10.062,10.2,normal,0.0084,0.06,False,False,False,False,False,OK: within lot-relative limits (max 0.1 robust-sigma < 5); predicted 168h drift inside the lot safety envelope.
T02,T02-P0468,Iddq,uA,8.8631,10.242,PASS,0.856,1.69,0.856,11.133,11.241,normal,0.0135,1.94,False,False,False,False,False,OK: within lot-relative limits (max 1.7 robust-sigma < 5); predicted 168h drift inside the lot safety envelope.
T02,T02-P0469,Iddq,uA,7.7043,8.8601,PASS,0.398,1.53,0.398,9.589,9.707,normal,0.0112,1.72,False,False,False,False,False,OK: within lot-relative limits (max 1.5 robust-sigma < 5); predicted 168h drift inside the lot safety envelope.
T02,T02-P0470,Iddq,uA,9.0502,9.939,PASS,0.776,0.42,0.776,10.54,10.675,normal,0.0089,0.08,False,False,False,False,False,OK: within lot-relative limits (max 0.4 robust-sigma < 5); predicted 168h drift inside the lot safety envelope.
T02,T02-P0471,Iddq,uA,9.9907,10.8949,PASS,0.845,1.34,0.845,11.532,11.727,normal,0.0092,-0.14,False,False,False,False,False,OK: within lot-relative limits (max 1.3 robust-sigma < 5); predicted 168h drift inside the lot safety envelope.
T02,T02-P0472,Iddq,uA,9.6629,10.3757,PASS,0.699,1.03,0.699,10.918,11.083,normal,0.0075,-0.66,False,False,False,False,False,OK: within lot-relative limits (max 1.0 robust-sigma < 5); predicted 168h drift inside the lot safety envelope.
T02,T02-P0473,Iddq,uA,7.2358,7.8432,PASS,0.2,0.35,0.2,9.442,9.442,normal,0.0131,2.88,False,False,False,False,False,OK: within lot-relative limits (max 0.4 robust-sigma < 5); predicted 168h drift inside the lot safety envelope.
T02,T02-P0474,Iddq,uA,7.7563,8.2461,PASS,0.136,0.97,0.136,8.575,8.799,normal,0.0049,-1.2,False,False,False,False,False,OK: within lot-relative limits (max 1.0 robust-sigma < 5); predicted 168h drift inside the lot safety envelope.
T02,T02-P0475,Iddq,uA,7.1976,7.8555,PASS,0.332,0.13,0.332,8.294,8.47,normal,0.0065,-0.18,False,False,False,False,False,OK: within lot-relative limits (max 0.1 robust-sigma < 5); predicted 168h drift inside the lot safety envelope.
T02,T02-P0476,Iddq,uA,9.642,10.5563,PASS,0.852,1.01,0.852,11.169,11.349,normal,0.0091,-0.05,False,False,False,False,False,OK: within lot-relative limits (max 1.0 robust-sigma < 5); predicted 168h drift inside the lot safety envelope.
T02,T02-P0477,Iddq,uA,9.0208,10.0382,PASS,0.515,0.48,0.515,10.68,10.85,normal,0.0099,0.49,False,False,False,False,False,OK: within lot-relative limits (max 0.5 robust-sigma < 5); predicted 168h drift inside the lot safety envelope.
T02,T02-P0478,Iddq,uA,9.2671,10.1805,PASS,0.735,0.64,0.735,10.778,10.931,normal,0.009,0.05,False,False,False,False,False,OK: within lot-relative limits (max 0.6 robust-sigma < 5); predicted 168h drift inside the lot safety envelope.
T02,T02-P0479,Iddq,uA,7.7919,8.7629,PASS,0.127,0.82,0.127,9.336,9.506,normal,0.0092,0.78,False,False,False,False,False,OK: within lot-relative limits (max 0.8 robust-sigma < 5); predicted 168h drift inside the lot safety envelope.
T02,T02-P0480,Iddq,uA,7.6358,8.0636,PASS,0.285,1.19,0.285,8.442,8.585,normal,0.0048,-1.2,False,False,False,False,False,OK: within lot-relative limits (max 1.2 robust-sigma < 5); predicted 168h drift inside the lot safety envelope.
T02,T02-P0481,Iddq,uA,8.7149,9.4282,PASS,0.466,0.41,0.466,9.898,10.063,normal,0.007,-0.53,False,False,False,False,False,OK: within lot-relative limits (max 0.4 robust-sigma < 5); predicted 168h drift inside the lot safety envelope.
T02,T02-P0482,Iddq,uA,8.6661,9.6261,PASS,0.492,0.43,0.492,10.244,10.417,normal,0.0094,0.45,False,False,False,False,False,OK: within lot-relative limits (max 0.4 robust-sigma < 5); predicted 168h drift inside the lot safety envelope.
T02,T02-P0483,Iddq,uA,7.8885,8.4303,PASS,0.114,0.81,0.114,8.864,9.025,normal,0.0058,-0.8,False,False,False,False,False,OK: within lot-relative limits (max 0.8 robust-sigma < 5); predicted 168h drift inside the lot safety envelope.
T02,T02-P0484,Iddq,uA,8.7499,9.2578,PASS,0.475,1.12,0.475,9.699,9.856,normal,0.0056,-1.13,False,False,False,False,False,OK: within lot-relative limits (max 1.1 robust-sigma < 5); predicted 168h drift inside the lot safety envelope.
T02,T02-P0485,Iddq,uA,9.423,10.3494,PASS,0.814,0.8,0.814,10.959,11.114,normal,0.0091,0.05,False,False,False,False,False,OK: within lot-relative limits (max 0.8 robust-sigma < 5); predicted 168h drift inside the lot safety envelope.
T02,T02-P0486,Iddq,uA,8.9485,9.7573,PASS,0.667,0.32,0.667,10.335,10.504,normal,0.0083,-0.12,False,False,False,False,False,OK: within lot-relative limits (max 0.3 robust-sigma < 5); predicted 168h drift inside the lot safety envelope.
T02,T02-P0487,Iddq,uA,7.845,8.2367,PASS,0.344,1.37,0.344,8.657,8.742,normal,0.0048,-1.24,False,False,False,False,False,OK: within lot-relative limits (max 1.4 robust-sigma < 5); predicted 168h drift inside the lot safety envelope.
T02,T02-P0488,Iddq,uA,6.8243,7.3649,PASS,0.089,0.49,0.089,7.676,7.875,normal,0.0051,-0.77,False,False,False,False,False,OK: within lot-relative limits (max 0.5 robust-sigma < 5); predicted 168h drift inside the lot safety envelope.
T02,T02-P0489,Iddq,uA,8.4318,9.8282,PASS,0.837,1.96,0.837,10.789,10.789,normal,0.014,2.4,False,False,False,False,False,OK: within lot-relative limits (max 2.0 robust-sigma < 5); predicted 168h drift inside the lot safety envelope.
T02,T02-P0490,Iddq,uA,8.8405,9.4502,PASS,0.493,0.8,0.493,9.967,10.115,normal,0.0067,-0.72,False,False,False,False,False,OK: within lot-relative limits (max 0.8 robust-sigma < 5); predicted 168h drift inside the lot safety envelope.
T02,T02-P0491,Iddq,uA,8.4697,9.1092,PASS,0.06,0.6,0.056,9.565,9.747,normal,0.0065,-0.67,False,False,False,False,False,OK: within lot-relative limits (max 0.6 robust-sigma < 5); predicted 168h drift inside the lot safety envelope.
T02,T02-P0492,Iddq,uA,8.4055,8.9931,PASS,0.077,0.77,0.075,9.445,9.617,normal,0.0062,-0.8,False,False,False,False,False,OK: within lot-relative limits (max 0.8 robust-sigma < 5); predicted 168h drift inside the lot safety envelope.
T02,T02-P0493,Iddq,uA,8.0058,8.4697,PASS,0.231,1.13,0.231,8.864,9.018,normal,0.0051,-1.16,False,False,False,False,False,OK: within lot-relative limits (max 1.1 robust-sigma < 5); predicted 168h drift inside the lot safety envelope.
T02,T02-P0494,Iddq,uA,36.9451,41.358,REJECT,1.0,13.49,0.997,43.564,44.277,low,0.0394,0.39,False,True,True,False,True,"LOT OUTLIER: Iddq@0h = 36.9 uA is 13.5 robust-sigma above lot T02 median (8.6 uA); still under datasheet max 50 uA, so a static limit would pass it. | LOT OUTLIER: Iddq@24h = 41.4 uA is 12.9 robust-sigma above lot T02 median (9.5 uA); still under datasheet max 50 uA, so a static limit would pass it. | GUARD BAND: 90% upper forecast for Iddq@168h is 44.3 uA = 89% of datasheet max (guard band 70%)."
T02,T02-P0495,Iddq,uA,8.5517,9.9685,PASS,0.861,1.97,0.861,10.97,10.97,normal,0.0144,2.46,False,False,False,False,False,OK: within lot-relative limits (max 2.0 robust-sigma < 5); predicted 168h drift inside the lot safety envelope.
T02,T02-P0496,Iddq,uA,8.7185,9.7836,PASS,0.53,0.75,0.53,10.461,10.621,normal,0.0104,0.82,False,False,False,False,False,OK: within lot-relative limits (max 0.8 robust-sigma < 5); predicted 168h drift inside the lot safety envelope.
T02,T02-P0497,Iddq,uA,7.8373,8.7313,PASS,0.052,0.52,0.032,9.265,9.489,normal,0.0085,0.45,False,False,False,False,False,OK: within lot-relative limits (max 0.5 robust-sigma < 5); predicted 168h drift inside the lot safety envelope.
T02,T02-P0498,Iddq,uA,7.9207,9.008,PASS,0.279,1.18,0.279,9.651,9.831,normal,0.0103,1.19,False,False,False,False,False,OK: within lot-relative limits (max 1.2 robust-sigma < 5); predicted 168h drift inside the lot safety envelope.
T02,T02-P0499,Iddq,uA,8.8534,9.7523,PASS,0.661,0.22,0.661,10.372,10.536,normal,0.009,0.23,False,False,False,False,False,OK: within lot-relative limits (max 0.2 robust-sigma < 5); predicted 168h drift inside the lot safety envelope.
T02,T02-P0500,Iddq,uA,7.744,8.5287,PASS,0.324,0.15,0.324,9.029,9.216,normal,0.0076,0.11,False,False,False,False,False,OK: within lot-relative limits (max 0.2 robust-sigma < 5); predicted 168h drift inside the lot safety envelope.
T03,T03-P0001,Iddq,uA,9.4809,9.9593,PASS,0.61,1.11,0.61,10.473,10.584,normal,0.0059,-0.75,False,False,False,False,False,OK: within lot-relative limits (max 1.1 robust-sigma < 5); predicted 168h drift inside the lot safety envelope.
T03,T03-P0002,Iddq,uA,8.5196,9.2924,PASS,0.233,0.31,0.233,9.838,9.98,normal,0.0078,0.48,False,False,False,False,False,OK: within lot-relative limits (max 0.3 robust-sigma < 5); predicted 168h drift inside the lot safety envelope.
T03,T03-P0003,Iddq,uA,10.9956,12.297,PASS,0.84,1.42,0.84,13.1,13.309,normal,0.0125,1.35,False,False,False,False,False,OK: within lot-relative limits (max 1.4 robust-sigma < 5); predicted 168h drift inside the lot safety envelope.
T03,T03-P0004,Iddq,uA,7.7819,8.3881,PASS,0.329,0.14,0.329,8.788,8.967,normal,0.006,-0.14,False,False,False,False,False,OK: within lot-relative limits (max 0.1 robust-sigma < 5); predicted 168h drift inside the lot safety envelope.
T03,T03-P0005,Iddq,uA,12.4418,13.3458,PASS,0.935,1.91,0.935,14.014,14.245,normal,0.0094,-0.21,False,False,False,False,False,OK: within lot-relative limits (max 1.9 robust-sigma < 5); predicted 168h drift inside the lot safety envelope.
T03,T03-P0006,Iddq,uA,8.4637,8.8842,PASS,0.229,1.13,0.229,9.343,9.421,normal,0.0052,-0.77,False,False,False,False,False,OK: within lot-relative limits (max 1.1 robust-sigma < 5); predicted 168h drift inside the lot safety envelope.
T03,T03-P0007,Iddq,uA,7.6807,8.4714,PASS,0.073,0.73,0.026,8.971,9.148,normal,0.0077,0.8,False,False,False,False,False,OK: within lot-relative limits (max 0.7 robust-sigma < 5); predicted 168h drift inside the lot safety envelope.
T03,T03-P0008,Iddq,uA,10.2396,11.349,PASS,0.679,1.0,0.679,12.107,12.243,normal,0.0111,1.14,False,False,False,False,False,OK: within lot-relative limits (max 1.0 robust-sigma < 5); predicted 168h drift inside the lot safety envelope.
T03,T03-P0009,Iddq,uA,9.8709,10.6214,PASS,0.648,0.67,0.648,11.153,11.336,normal,0.0076,-0.13,False,False,False,False,False,OK: within lot-relative limits (max 0.7 robust-sigma < 5); predicted 168h drift inside the lot safety envelope.
T03,T03-P0010,Iddq,uA,6.0858,6.4566,PASS,0.073,0.73,0.048,6.704,6.872,normal,0.0037,-0.83,False,False,False,False,False,OK: within lot-relative limits (max 0.7 robust-sigma < 5); predicted 168h drift inside the lot safety envelope.
T03,T03-P0011,Iddq,uA,9.1911,10.4732,PASS,0.87,1.95,0.87,11.325,11.43,normal,0.0127,2.29,False,False,False,False,False,OK: within lot-relative limits (max 2.0 robust-sigma < 5); predicted 168h drift inside the lot safety envelope.
T03,T03-P0012,Iddq,uA,6.8929,7.3112,PASS,0.074,0.74,0.072,7.62,7.797,normal,0.0043,-0.73,False,False,False,False,False,OK: within lot-relative limits (max 0.7 robust-sigma < 5); predicted 168h drift inside the lot safety envelope.
T03,T03-P0013,Iddq,uA,7.7754,7.8238,PASS,0.796,2.72,0.796,8.225,8.417,normal,0.0027,-1.96,False,False,False,False,False,OK: within lot-relative limits (max 2.7 robust-sigma < 5); predicted 168h drift inside the lot safety envelope.
T03,T03-P0014,Iddq,uA,10.2394,11.2405,PASS,0.649,0.94,0.649,11.909,12.048,normal,0.0099,0.68,False,False,False,False,False,OK: within lot-relative limits (max 0.9 robust-sigma < 5); predicted 168h drift inside the lot safety envelope.
T03,T03-P0015,Iddq,uA,7.6021,8.3365,PASS,0.051,0.51,0.038,8.84,8.945,normal,0.0074,0.67,False,False,False,False,False,OK: within lot-relative limits (max 0.5 robust-sigma < 5); predicted 168h drift inside the lot safety envelope.
T03,T03-P0016,Iddq,uA,9.4591,10.5693,PASS,0.666,1.21,0.666,11.269,11.429,normal,0.0108,1.35,False,False,False,False,False,OK: within lot-relative limits (max 1.2 robust-sigma < 5); predicted 168h drift inside the lot safety envelope.
T03,T03-P0017,Iddq,uA,8.2167,9.2357,PASS,0.369,1.44,0.369,9.884,10.002,normal,0.0099,1.62,False,False,False,False,False,OK: within lot-relative limits (max 1.4 robust-sigma < 5); predicted 168h drift inside the lot safety envelope.
T03,T03-P0018,Iddq,uA,12.8876,14.1791,PASS,0.947,2.18,0.947,14.983,15.219,normal,0.0125,0.67,False,False,False,False,False,OK: within lot-relative limits (max 2.2 robust-sigma < 5); predicted 168h drift inside the lot safety envelope.
T03,T03-P0019,Iddq,uA,8.6814,9.4202,PASS,0.432,0.11,0.432,9.889,10.073,normal,0.0072,0.1,False,False,False,False,False,OK: within lot-relative limits (max 0.1 robust-sigma < 5); predicted 168h drift inside the lot safety envelope.
T03,T03-P0020,Iddq,uA,7.1127,7.5506,PASS,0.071,0.71,0.019,7.863,8.045,normal,0.0045,-0.73,False,False,False,False,False,OK: within lot-relative limits (max 0.7 robust-sigma < 5); predicted 168h drift inside the lot safety envelope.
T03,T03-P0021,Iddq,uA,7.1843,7.5953,PASS,0.135,0.87,0.135,7.943,8.083,normal,0.0045,-0.73,False,False,False,False,False,OK: within lot-relative limits (max 0.9 robust-sigma < 5); predicted 168h drift inside the lot safety envelope.
T03,T03-P0022,Iddq,uA,7.6087,8.2491,PASS,0.376,0.08,0.376,8.662,8.828,normal,0.0063,0.08,False,False,False,False,False,OK: within lot-relative limits (max 0.1 robust-sigma < 5); predicted 168h drift inside the lot safety envelope.
T03,T03-P0023,Iddq,uA,9.2274,9.9106,PASS,0.611,0.3,0.611,10.455,10.592,normal,0.0073,-0.05,False,False,False,False,False,OK: within lot-relative limits (max 0.3 robust-sigma < 5); predicted 168h drift inside the lot safety envelope.
T03,T03-P0024,Iddq,uA,8.8389,9.388,PASS,0.454,0.69,0.454,9.793,9.997,normal,0.0057,-0.67,False,False,False,False,False,OK: within lot-relative limits (max 0.7 robust-sigma < 5); predicted 168h drift inside the lot safety envelope.
T03,T03-P0025,Iddq,uA,10.6729,11.4383,PASS,0.742,1.08,0.742,12.059,12.229,normal,0.0083,-0.13,False,False,False,False,False,OK: within lot-relative limits (max 1.1 robust-sigma < 5); predicted 168h drift inside the lot safety envelope.
T03,T03-P0026,Iddq,uA,9.3304,10.0769,PASS,0.78,0.37,0.78,10.572,10.752,normal,0.0074,-0.05,False,False,False,False,False,OK: within lot-relative limits (max 0.4 robust-sigma < 5); predicted 168h drift inside the lot safety envelope.
T03,T03-P0027,Iddq,uA,9.1008,9.4985,PASS,0.621,1.35,0.621,9.981,10.119,normal,0.0052,-0.95,False,False,False,False,False,OK: within lot-relative limits (max 1.3 robust-sigma < 5); predicted 168h drift inside the lot safety envelope.
T03,T03-P0028,Iddq,uA,9.5001,10.0496,PASS,0.592,0.84,0.592,10.526,10.689,normal,0.0061,-0.67,False,False,False,False,False,OK: within lot-relative limits (max 0.8 robust-sigma < 5); predicted 168h drift inside the lot safety envelope.
T03,T03-P0029,Iddq,uA,8.718,9.3067,PASS,0.084,0.5,0.084,9.755,9.964,normal,0.0062,-0.4,False,False,False,False,False,OK: within lot-relative limits (max 0.5 robust-sigma < 5); predicted 168h drift inside the lot safety envelope.
T03,T03-P0030,Iddq,uA,9.5114,10.2028,PASS,0.59,0.47,0.59,10.761,10.894,normal,0.0074,-0.09,False,False,False,False,False,OK: within lot-relative limits (max 0.5 robust-sigma < 5); predicted 168h drift inside the lot safety envelope.
T03,T03-P0031,Iddq,uA,10.4419,11.0621,PASS,0.642,0.97,0.642,11.568,11.81,normal,0.0067,-0.67,False,False,False,False,False,OK: within lot-relative limits (max 1.0 robust-sigma < 5); predicted 168h drift inside the lot safety envelope.
T03,T03-P0032,Iddq,uA,10.2637,10.6999,PASS,0.773,1.39,0.773,11.169,11.413,normal,0.0054,-1.17,False,False,False,False,False,OK: within lot-relative limits (max 1.4 robust-sigma < 5); predicted 168h drift inside the lot safety envelope.
T03,T03-P0033,Iddq,uA,7.9052,8.7069,PASS,0.067,0.67,0.004,9.234,9.388,normal,0.0079,0.8,False,False,False,False,False,OK: within lot-relative limits (max 0.7 robust-sigma < 5); predicted 168h drift inside the lot safety envelope.
T03,T03-P0034,Iddq,uA,6.297,6.7824,PASS,0.306,0.17,0.306,7.075,7.236,normal,0.0046,-0.28,False,False,False,False,False,OK: within lot-relative limits (max 0.2 robust-sigma < 5); predicted 168h drift inside the lot safety envelope.
T03,T03-P0035,Iddq,uA,7.7672,8.2457,PASS,0.071,0.71,0.017,8.6,8.785,normal,0.005,-0.69,False,False,False,False,False,OK: within lot-relative limits (max 0.7 robust-sigma < 5); predicted 168h drift inside the lot safety envelope.
T03,T03-P0036,Iddq,uA,9.4463,10.1047,PASS,0.556,0.43,0.556,10.634,10.797,normal,0.0071,-0.23,False,False,False,False,False,OK: within lot-relative limits (max 0.4 robust-sigma < 5); predicted 168h drift inside the lot safety envelope.
T03,T03-P0037,Iddq,uA,5.5427,6.0623,PASS,0.167,0.41,0.167,6.391,6.516,normal,0.0051,0.44,False,False,False,False,False,OK: within lot-relative limits (max 0.4 robust-sigma < 5); predicted 168h drift inside the lot safety envelope.
T03,T03-P0038,Iddq,uA,8.1097,8.9613,PASS,0.117,0.8,0.117,9.483,9.692,normal,0.0082,0.83,False,False,False,False,False,OK: within lot-relative limits (max 0.8 robust-sigma < 5); predicted 168h drift inside the lot safety envelope.
T03,T03-P0039,Iddq,uA,9.7366,10.2846,PASS,0.578,0.9,0.578,10.801,10.934,normal,0.0063,-0.64,False,False,False,False,False,OK: within lot-relative limits (max 0.9 robust-sigma < 5); predicted 168h drift inside the lot safety envelope.
T03,T03-P0040,Iddq,uA,8.1214,8.7327,PASS,0.276,0.23,0.276,9.171,9.331,normal,0.0062,-0.14,False,False,False,False,False,OK: within lot-relative limits (max 0.2 robust-sigma < 5); predicted 168h drift inside the lot safety envelope.
T03,T03-P0041,Iddq,uA,7.267,8.1115,PASS,0.276,1.18,0.276,8.57,8.78,normal,0.0078,1.07,False,False,False,False,False,OK: within lot-relative limits (max 1.2 robust-sigma < 5); predicted 168h drift inside the lot safety envelope.
T03,T03-P0042,Iddq,uA,12.5482,13.7146,PASS,0.938,2.0,0.938,14.49,14.73,normal,0.0116,0.48,False,False,False,False,False,OK: within lot-relative limits (max 2.0 robust-sigma < 5); predicted 168h drift inside the lot safety envelope.
T03,T03-P0043,Iddq,uA,11.7125,16.0822,REJECT,0.987,8.96,0.987,28.779,35.031,low,0.1016,21.5,False,True,False,True,True,ABNORMAL DRIFT: Iddq changed +37% from 0h to 24h vs lot median +8% (9.0 robust-sigma). | EARLY REJECT (drift forecast): predicted Iddq@168h = 28.8 uA from 0h/24h readings; drift slope 0.102 uA/h exceeds lot safety slope 0.025 uA/h (21.5 robust-sigma). | GUARD BAND: 90% upper forecast for Iddq@168h is 35.0 uA = 70% of datasheet max (guard band 70%).
T03,T03-P0044,Iddq,uA,8.4024,9.1073,PASS,0.381,0.07,0.381,9.565,9.749,normal,0.0069,0.08,False,False,False,False,False,OK: within lot-relative limits (max 0.1 robust-sigma < 5); predicted 168h drift inside the lot safety envelope.
T03,T03-P0045,Iddq,uA,11.5841,12.6923,PASS,0.857,1.59,0.857,13.448,13.616,normal,0.0111,0.63,False,False,False,False,False,OK: within lot-relative limits (max 1.6 robust-sigma < 5); predicted 168h drift inside the lot safety envelope.
T03,T03-P0046,Iddq,uA,11.6215,12.5446,PASS,0.913,1.54,0.913,13.18,13.381,normal,0.0093,-0.02,False,False,False,False,False,OK: within lot-relative limits (max 1.5 robust-sigma < 5); predicted 168h drift inside the lot safety envelope.
T03,T03-P0047,Iddq,uA,7.2023,7.7283,PASS,0.233,0.31,0.233,8.118,8.249,normal,0.0055,-0.19,False,False,False,False,False,OK: within lot-relative limits (max 0.3 robust-sigma < 5); predicted 168h drift inside the lot safety envelope.
T03,T03-P0048,Iddq,uA,14.8861,16.3325,PASS,0.977,2.93,0.977,17.181,17.509,normal,0.0137,0.47,False,False,False,False,False,OK: within lot-relative limits (max 2.9 robust-sigma < 5); predicted 168h drift inside the lot safety envelope.
T03,T03-P0049,Iddq,uA,7.4935,7.9841,PASS,0.091,0.57,0.091,8.38,8.505,normal,0.0053,-0.41,False,False,False,False,False,OK: within lot-relative limits (max 0.6 robust-sigma < 5); predicted 168h drift inside the lot safety envelope.
T03,T03-P0050,Iddq,uA,8.4034,9.1316,PASS,0.309,0.17,0.309,9.624,9.82,normal,0.0073,0.25,False,False,False,False,False,OK: within lot-relative limits (max 0.2 robust-sigma < 5); predicted 168h drift inside the lot safety envelope.
T03,T03-P0051,Iddq,uA,7.364,7.8132,PASS,0.073,0.73,0.048,8.154,8.329,normal,0.0047,-0.69,False,False,False,False,False,OK: within lot-relative limits (max 0.7 robust-sigma < 5); predicted 168h drift inside the lot safety envelope.
T03,T03-P0052,Iddq,uA,8.994,10.0672,PASS,0.652,1.28,0.652,12.006,12.006,normal,0.0179,4.51,False,False,False,False,False,OK: within lot-relative limits (max 1.3 robust-sigma < 5); predicted 168h drift inside the lot safety envelope.
T03,T03-P0053,Iddq,uA,7.018,7.4245,PASS,0.148,0.84,0.148,7.759,7.897,normal,0.0044,-0.73,False,False,False,False,False,OK: within lot-relative limits (max 0.8 robust-sigma < 5); predicted 168h drift inside the lot safety envelope.
T03,T03-P0054,Iddq,uA,8.9143,9.7285,PASS,0.579,0.33,0.579,10.328,10.469,normal,0.0084,0.57,False,False,False,False,False,OK: within lot-relative limits (max 0.3 robust-sigma < 5); predicted 168h drift inside the lot safety envelope.
T03,T03-P0055,Iddq,uA,11.1027,11.4498,PASS,0.895,1.8,0.895,11.954,12.143,normal,0.0051,-1.47,False,False,False,False,False,OK: within lot-relative limits (max 1.8 robust-sigma < 5); predicted 168h drift inside the lot safety envelope.
T03,T03-P0056,Iddq,uA,9.2922,10.4761,PASS,0.802,1.55,0.802,11.18,11.312,normal,0.0112,1.62,False,False,False,False,False,OK: within lot-relative limits (max 1.6 robust-sigma < 5); predicted 168h drift inside the lot safety envelope.
T03,T03-P0057,Iddq,uA,8.4742,9.495,PASS,0.452,1.32,0.452,10.129,10.257,normal,0.0098,1.44,False,False,False,False,False,OK: within lot-relative limits (max 1.3 robust-sigma < 5); predicted 168h drift inside the lot safety envelope.
T03,T03-P0058,Iddq,uA,12.0294,13.0502,PASS,0.934,1.74,0.934,13.718,13.952,normal,0.0101,0.13,False,False,False,False,False,OK: within lot-relative limits (max 1.7 robust-sigma < 5); predicted 168h drift inside the lot safety envelope.
T03,T03-P0059,Iddq,uA,7.4555,8.1434,PASS,0.162,0.36,0.162,8.635,8.755,normal,0.007,0.56,False,False,False,False,False,OK: within lot-relative limits (max 0.4 robust-sigma < 5); predicted 168h drift inside the lot safety envelope.
T03,T03-P0060,Iddq,uA,10.6914,11.5049,PASS,0.783,1.09,0.783,12.08,12.278,normal,0.0083,-0.13,False,False,False,False,False,OK: within lot-relative limits (max 1.1 robust-sigma < 5); predicted 168h drift inside the lot safety envelope.
T03,T03-P0061,Iddq,uA,8.3701,8.7571,PASS,0.293,1.26,0.293,9.149,9.307,normal,0.0046,-1.05,False,False,False,False,False,OK: within lot-relative limits (max 1.3 robust-sigma < 5); predicted 168h drift inside the lot safety envelope.
T03,T03-P0062,Iddq,uA,9.2984,9.8748,PASS,0.558,0.7,0.558,10.302,10.517,normal,0.006,-0.67,False,False,False,False,False,OK: within lot-relative limits (max 0.7 robust-sigma < 5); predicted 168h drift inside the lot safety envelope.
T03,T03-P0063,Iddq,uA,8.9566,9.3133,PASS,0.503,1.49,0.503,9.719,9.956,normal,0.0045,-1.25,False,False,False,False,False,OK: within lot-relative limits (max 1.5 robust-sigma < 5); predicted 168h drift inside the lot safety envelope.
T03,T03-P0064,Iddq,uA,9.2483,9.6113,PASS,0.752,1.51,0.752,10.023,10.28,normal,0.0046,-1.29,False,False,False,False,False,OK: within lot-relative limits (max 1.5 robust-sigma < 5); predicted 168h drift inside the lot safety envelope.
T03,T03-P0065,Iddq,uA,8.736,9.8179,PASS,0.672,1.43,0.672,10.508,10.634,normal,0.0106,1.62,False,False,False,False,False,OK: within lot-relative limits (max 1.4 robust-sigma < 5); predicted 168h drift inside the lot safety envelope.
T03,T03-P0066,Iddq,uA,7.6451,8.1416,PASS,0.067,0.59,0.067,8.549,8.663,normal,0.0054,-0.41,False,False,False,False,False,OK: within lot-relative limits (max 0.6 robust-sigma < 5); predicted 168h drift inside the lot safety envelope.
T03,T03-P0067,Iddq,uA,7.9773,9.0557,PASS,0.452,1.81,0.452,9.801,9.88,normal,0.0109,2.21,False,False,False,False,False,OK: within lot-relative limits (max 1.8 robust-sigma < 5); predicted 168h drift inside the lot safety envelope.
T03,T03-P0068,Iddq,uA,9.48,10.2072,PASS,0.661,0.45,0.661,10.725,10.887,normal,0.0074,-0.09,False,False,False,False,False,OK: within lot-relative limits (max 0.4 robust-sigma < 5); predicted 168h drift inside the lot safety envelope.
T03,T03-P0069,Iddq,uA,8.7688,9.5792,PASS,0.502,0.37,0.502,10.155,10.298,normal,0.0083,0.56,False,False,False,False,False,OK: within lot-relative limits (max 0.4 robust-sigma < 5); predicted 168h drift inside the lot safety envelope.
T03,T03-P0070,Iddq,uA,7.1741,7.611,PASS,0.073,0.73,0.048,7.931,8.114,normal,0.0045,-0.73,False,False,False,False,False,OK: within lot-relative limits (max 0.7 robust-sigma < 5); predicted 168h drift inside the lot safety envelope.
T03,T03-P0071,Iddq,uA,7.8008,8.4453,PASS,0.416,0.03,0.416,8.863,9.03,normal,0.0063,0.03,False,False,False,False,False,OK: within lot-relative limits (max 0.0 robust-sigma < 5); predicted 168h drift inside the lot safety envelope.
T03,T03-P0072,Iddq,uA,7.8133,8.1862,PASS,0.295,1.2,0.295,8.541,8.688,normal,0.0043,-1.05,False,False,False,False,False,OK: within lot-relative limits (max 1.2 robust-sigma < 5); predicted 168h drift inside the lot safety envelope.
T03,T03-P0073,Iddq,uA,8.7735,9.3184,PASS,0.439,0.69,0.439,9.72,9.923,normal,0.0056,-0.67,False,False,False,False,False,OK: within lot-relative limits (max 0.7 robust-sigma < 5); predicted 168h drift inside the lot safety envelope.
T03,T03-P0074,Iddq,uA,9.3759,10.0001,PASS,0.52,0.53,0.52,10.492,10.673,normal,0.0066,-0.4,False,False,False,False,False,OK: within lot-relative limits (max 0.5 robust-sigma < 5); predicted 168h drift inside the lot safety envelope.
T03,T03-P0075,Iddq,uA,8.9521,9.6844,PASS,0.784,0.15,0.784,10.165,10.316,normal,0.0072,0.01,False,False,False,False,False,OK: within lot-relative limits (max 0.2 robust-sigma < 5); predicted 168h drift inside the lot safety envelope.
T03,T03-P0076,Iddq,uA,7.8547,8.6547,PASS,0.069,0.69,0.006,9.175,9.328,normal,0.0079,0.8,False,False,False,False,False,OK: within lot-relative limits (max 0.7 robust-sigma < 5); predicted 168h drift inside the lot safety envelope.
T03,T03-P0077,Iddq,uA,8.7373,10.0762,PASS,0.904,2.4,0.904,11.02,11.042,normal,0.0136,2.94,False,False,False,False,False,OK: within lot-relative limits (max 2.4 robust-sigma < 5); predicted 168h drift inside the lot safety envelope.
T03,T03-P0078,Iddq,uA,6.9435,7.425,PASS,0.115,0.44,0.115,7.787,7.937,normal,0.005,-0.33,False,False,False,False,False,OK: within lot-relative limits (max 0.4 robust-sigma < 5); predicted 168h drift inside the lot safety envelope.
T03,T03-P0079,Iddq,uA,5.1899,5.6604,PASS,0.233,0.3,0.233,5.96,6.084,normal,0.0046,0.32,False,False,False,False,False,OK: within lot-relative limits (max 0.3 robust-sigma < 5); predicted 168h drift inside the lot safety envelope.
T03,T03-P0080,Iddq,uA,8.7911,9.4942,PASS,0.572,0.06,0.572,9.942,10.13,normal,0.0069,-0.1,False,False,False,False,False,OK: within lot-relative limits (max 0.1 robust-sigma < 5); predicted 168h drift inside the lot safety envelope.
T03,T03-P0081,Iddq,uA,6.4298,7.0519,PASS,0.051,0.51,0.042,7.517,7.57,normal,0.0065,0.82,False,False,False,False,False,OK: within lot-relative limits (max 0.5 robust-sigma < 5); predicted 168h drift inside the lot safety envelope.
T03,T03-P0082,Iddq,uA,7.4941,8.4816,PASS,0.426,1.7,0.426,9.092,9.243,normal,0.0095,1.85,False,False,False,False,False,OK: within lot-relative limits (max 1.7 robust-sigma < 5); predicted 168h drift inside the lot safety envelope.
T03,T03-P0083,Iddq,uA,7.1401,7.389,PASS,0.419,1.67,0.419,7.711,7.857,normal,0.0034,-1.39,False,False,False,False,False,OK: within lot-relative limits (max 1.7 robust-sigma < 5); predicted 168h drift inside the lot safety envelope.
T03,T03-P0084,Iddq,uA,9.9687,10.7325,PASS,0.693,0.72,0.693,11.263,11.448,normal,0.0077,-0.13,False,False,False,False,False,OK: within lot-relative limits (max 0.7 robust-sigma < 5); predicted 168h drift inside the lot safety envelope.
T03,T03-P0085,Iddq,uA,7.0653,7.309,PASS,0.425,1.68,0.425,7.63,7.772,normal,0.0034,-1.39,False,False,False,False,False,OK: within lot-relative limits (max 1.7 robust-sigma < 5); predicted 168h drift inside the lot safety envelope.
T03,T03-P0086,Iddq,uA,9.4172,10.112,PASS,0.612,0.41,0.612,10.654,10.786,normal,0.0074,-0.09,False,False,False,False,False,OK: within lot-relative limits (max 0.4 robust-sigma < 5); predicted 168h drift inside the lot safety envelope.
T03,T03-P0087,Iddq,uA,8.3184,8.6867,PASS,0.341,1.33,0.341,9.093,9.25,normal,0.0046,-1.05,False,False,False,False,False,OK: within lot-relative limits (max 1.3 robust-sigma < 5); predicted 168h drift inside the lot safety envelope.
T03,T03-P0088,Iddq,uA,7.0953,8.7557,REJECT,0.96,4.95,0.96,15.183,19.072,normal,0.0481,17.65,False,False,False,True,False,EARLY REJECT (drift forecast): predicted Iddq@168h = 15.2 uA from 0h/24h readings; drift slope 0.048 uA/h exceeds lot safety slope 0.015 uA/h (17.6 robust-sigma).
T03,T03-P0089,Iddq,uA,6.577,7.1333,PASS,0.361,0.1,0.361,7.52,7.635,normal,0.0056,0.2,False,False,False,False,False,OK: within lot-relative limits (max 0.1 robust-sigma < 5); predicted 168h drift inside the lot safety envelope.
T03,T03-P0090,Iddq,uA,9.6148,11.1081,PASS,0.928,2.47,0.928,12.141,12.172,normal,0.015,2.97,False,False,False,False,False,OK: within lot-relative limits (max 2.5 robust-sigma < 5); predicted 168h drift inside the lot safety envelope.
T03,T03-P0091,Iddq,uA,9.6225,10.5255,PASS,0.582,0.6,0.582,11.146,11.303,normal,0.0091,0.57,False,False,False,False,False,OK: within lot-relative limits (max 0.6 robust-sigma < 5); predicted 168h drift inside the lot safety envelope.
T03,T03-P0092,Iddq,uA,10.2003,11.0612,PASS,0.806,0.86,0.806,11.618,11.835,normal,0.0084,0.1,False,False,False,False,False,OK: within lot-relative limits (max 0.9 robust-sigma < 5); predicted 168h drift inside the lot safety envelope.
T03,T03-P0093,Iddq,uA,12.583,13.9107,PASS,0.937,2.08,0.937,14.663,15.032,normal,0.0124,0.73,False,False,False,False,False,OK: within lot-relative limits (max 2.1 robust-sigma < 5); predicted 168h drift inside the lot safety envelope.
T03,T03-P0094,Iddq,uA,9.2723,10.5137,PASS,0.843,1.77,0.843,11.3,11.459,normal,0.0121,1.98,False,False,False,False,False,OK: within lot-relative limits (max 1.8 robust-sigma < 5); predicted 168h drift inside the lot safety envelope.
T03,T03-P0095,Iddq,uA,9.4068,10.1992,PASS,0.734,0.43,0.734,10.729,10.915,normal,0.0079,0.14,False,False,False,False,False,OK: within lot-relative limits (max 0.4 robust-sigma < 5); predicted 168h drift inside the lot safety envelope.
T03,T03-P0096,Iddq,uA,8.6235,9.3816,PASS,0.276,0.21,0.276,9.886,10.077,normal,0.0075,0.28,False,False,False,False,False,OK: within lot-relative limits (max 0.2 robust-sigma < 5); predicted 168h drift inside the lot safety envelope.
T03,T03-P0097,Iddq,uA,9.0672,9.9523,PASS,0.519,0.54,0.519,10.575,10.669,normal,0.009,0.76,False,False,False,False,False,OK: within lot-relative limits (max 0.5 robust-sigma < 5); predicted 168h drift inside the lot safety envelope.
T03,T03-P0098,Iddq,uA,8.3752,8.7848,PASS,0.269,1.16,0.269,9.155,9.313,normal,0.0046,-1.05,False,False,False,False,False,OK: within lot-relative limits (max 1.2 robust-sigma < 5); predicted 168h drift inside the lot safety envelope.
T03,T03-P0099,Iddq,uA,7.434,7.948,PASS,0.08,0.44,0.08,8.353,8.497,normal,0.0055,-0.28,False,False,False,False,False,OK: within lot-relative limits (max 0.4 robust-sigma < 5); predicted 168h drift inside the lot safety envelope.
T03,T03-P0100,Iddq,uA,13.0666,14.3954,PASS,0.953,2.26,0.953,15.217,15.511,normal,0.0128,0.72,False,False,False,False,False,OK: within lot-relative limits (max 2.3 robust-sigma < 5); predicted 168h drift inside the lot safety envelope.
T03,T03-P0101,Iddq,uA,6.0813,7.1899,REJECT,0.905,3.34,0.905,8.867,8.867,normal,0.0166,6.97,False,False,False,True,False,EARLY REJECT (drift forecast): predicted Iddq@168h = 8.9 uA from 0h/24h readings; drift slope 0.017 uA/h exceeds lot safety slope 0.013 uA/h (7.0 robust-sigma).
T03,T03-P0102,Iddq,uA,9.2547,9.9428,PASS,0.572,0.32,0.572,10.491,10.624,normal,0.0074,-0.04,False,False,False,False,False,OK: within lot-relative limits (max 0.3 robust-sigma < 5); predicted 168h drift inside the lot safety envelope.
T03,T03-P0103,Iddq,uA,9.5408,10.2727,PASS,0.635,0.48,0.635,10.794,10.957,normal,0.0075,-0.09,False,False,False,False,False,OK: within lot-relative limits (max 0.5 robust-sigma < 5); predicted 168h drift inside the lot safety envelope.
T03,T03-P0104,Iddq,uA,9.1108,9.8861,PASS,0.718,0.26,0.718,10.407,10.571,normal,0.0077,0.18,False,False,False,False,False,OK: within lot-relative limits (max 0.3 robust-sigma < 5); predicted 168h drift inside the lot safety envelope.
T03,T03-P0105,Iddq,uA,7.3188,7.98,PASS,0.241,0.29,0.241,8.451,8.573,normal,0.0067,0.48,False,False,False,False,False,OK: within lot-relative limits (max 0.3 robust-sigma < 5); predicted 168h drift inside the lot safety envelope.
T03,T03-P0106,Iddq,uA,8.487,9.2457,PASS,0.26,0.26,0.26,9.8,9.933,normal,0.0078,0.48,False,False,False,False,False,OK: within lot-relative limits (max 0.3 robust-sigma < 5); predicted 168h drift inside the lot safety envelope.
T03,T03-P0107,Iddq,uA,32.1187,34.6547,REJECT,0.987,6.99,0.987,36.081,36.997,low,0.0236,-0.29,False,True,False,False,True,"LOT OUTLIER: Iddq@0h = 32.1 uA is 7.0 robust-sigma above lot T03 median (8.7 uA); still under datasheet max 50 uA, so a static limit would pass it. | LOT OUTLIER: Iddq@24h = 34.7 uA is 6.9 robust-sigma above lot T03 median (9.4 uA); still under datasheet max 50 uA, so a static limit would pass it. | GUARD BAND: 90% upper forecast for Iddq@168h is 37.0 uA = 74% of datasheet max (guard band 70%)."
T03,T03-P0108,Iddq,uA,7.2107,7.7926,PASS,0.407,0.04,0.407,8.14,8.309,normal,0.0055,-0.15,False,False,False,False,False,OK: within lot-relative limits (max 0.0 robust-sigma < 5); predicted 168h drift inside the lot safety envelope.
T03,T03-P0109,Iddq,uA,8.718,9.2166,PASS,0.135,0.87,0.135,9.659,9.809,normal,0.0056,-0.67,False,False,False,False,False,OK: within lot-relative limits (max 0.9 robust-sigma < 5); predicted 168h drift inside the lot safety envelope.
T03,T03-P0110,Iddq,uA,59.0516,62.6192,REJECT,1.0,10.26,0.993,64.981,66.064,low,0.0353,-0.86,True,True,True,False,True,STATIC FAIL: Iddq@0h = 59.1 uA exceeds datasheet max 50 uA. | LOT OUTLIER: Iddq@0h = 59.1 uA is 10.3 robust-sigma above lot T03 median (8.7 uA). | LOT OUTLIER: Iddq@24h = 62.6 uA is 10.1 robust-sigma above lot T03 median (9.4 uA). | GUARD BAND: 90% upper forecast for Iddq@168h is 66.1 uA = 132% of datasheet max (guard band 70%).
T03,T03-P0111,Iddq,uA,7.9728,8.7444,PASS,0.052,0.52,0.042,9.271,9.381,normal,0.0077,0.67,False,False,False,False,False,OK: within lot-relative limits (max 0.5 robust-sigma < 5); predicted 168h drift inside the lot safety envelope.
T03,T03-P0112,Iddq,uA,10.1473,10.6116,PASS,0.72,1.27,0.72,11.098,11.283,normal,0.0057,-1.03,False,False,False,False,False,OK: within lot-relative limits (max 1.3 robust-sigma < 5); predicted 168h drift inside the lot safety envelope.
T03,T03-P0113,Iddq,uA,7.1485,7.8443,PASS,0.053,0.53,0.041,8.3,8.411,normal,0.0069,0.63,False,False,False,False,False,OK: within lot-relative limits (max 0.5 robust-sigma < 5); predicted 168h drift inside the lot safety envelope.
T03,T03-P0114,Iddq,uA,9.7951,10.3562,PASS,0.57,0.86,0.57,10.851,11.021,normal,0.0063,-0.67,False,False,False,False,False,OK: within lot-relative limits (max 0.9 robust-sigma < 5); predicted 168h drift inside the lot safety envelope.
T03,T03-P0115,Iddq,uA,7.814,8.4548,PASS,0.434,0.01,0.434,8.869,9.004,normal,0.0063,0.0,False,False,False,False,False,OK: within lot-relative limits (max 0.0 robust-sigma < 5); predicted 168h drift inside the lot safety envelope.
T03,T03-P0116,Iddq,uA,9.598,10.5831,PASS,0.543,0.72,0.543,11.213,11.398,normal,0.0096,0.8,False,False,False,False,False,OK: within lot-relative limits (max 0.7 robust-sigma < 5); predicted 168h drift inside the lot safety envelope.
T03,T03-P0117,Iddq,uA,8.9359,9.5975,PASS,0.534,0.27,0.534,10.095,10.258,normal,0.0069,-0.13,False,False,False,False,False,OK: within lot-relative limits (max 0.3 robust-sigma < 5); predicted 168h drift inside the lot safety envelope.
T03,T03-P0118,Iddq,uA,9.235,9.7923,PASS,0.533,0.75,0.533,10.26,10.445,normal,0.0061,-0.6,False,False,False,False,False,OK: within lot-relative limits (max 0.8 robust-sigma < 5); predicted 168h drift inside the lot safety envelope.
T03,T03-P0119,Iddq,uA,7.2883,7.7453,PASS,0.067,0.67,0.004,8.058,8.243,normal,0.0046,-0.73,False,False,False,False,False,OK: within lot-relative limits (max 0.7 robust-sigma < 5); predicted 168h drift inside the lot safety envelope.
T03,T03-P0120,Iddq,uA,7.6084,8.2735,PASS,0.303,0.19,0.303,8.713,8.891,normal,0.0066,0.25,False,False,False,False,False,OK: within lot-relative limits (max 0.2 robust-sigma < 5); predicted 168h drift inside the lot safety envelope.
T03,T03-P0121,Iddq,uA,7.4344,8.8654,REJECT,0.928,3.66,0.928,10.437,11.62,normal,0.0179,5.92,False,False,False,True,False,EARLY REJECT (drift forecast): predicted Iddq@168h = 10.4 uA from 0h/24h readings; drift slope 0.018 uA/h exceeds lot safety slope 0.016 uA/h (5.9 robust-sigma).
T03,T03-P0122,Iddq,uA,9.1844,9.6804,PASS,0.571,0.98,0.571,10.203,10.314,normal,0.0061,-0.6,False,False,False,False,False,OK: within lot-relative limits (max 1.0 robust-sigma < 5); predicted 168h drift inside the lot safety envelope.
T03,T03-P0123,Iddq,uA,10.1326,11.0832,PASS,0.688,0.87,0.688,11.737,11.903,normal,0.0095,0.57,False,False,False,False,False,OK: within lot-relative limits (max 0.9 robust-sigma < 5); predicted 168h drift inside the lot safety envelope.
T03,T03-P0124,Iddq,uA,10.7904,11.7119,PASS,0.834,1.16,0.834,12.291,12.52,normal,0.0089,0.1,False,False,False,False,False,OK: within lot-relative limits (max 1.2 robust-sigma < 5); predicted 168h drift inside the lot safety envelope.
T03,T03-P0125,Iddq,uA,7.9556,8.6805,PASS,0.25,0.32,0.25,9.186,9.343,normal,0.0073,0.48,False,False,False,False,False,OK: within lot-relative limits (max 0.3 robust-sigma < 5); predicted 168h drift inside the lot safety envelope.
T03,T03-P0126,Iddq,uA,8.9804,9.4284,PASS,0.496,1.13,0.496,9.924,9.996,normal,0.0056,-0.74,False,False,False,False,False,OK: within lot-relative limits (max 1.1 robust-sigma < 5); predicted 168h drift inside the lot safety envelope.
T03,T03-P0127,Iddq,uA,6.5861,6.7324,PASS,0.493,2.13,0.493,6.998,7.192,normal,0.0025,-1.84,False,False,False,False,False,OK: within lot-relative limits (max 2.1 robust-sigma < 5); predicted 168h drift inside the lot safety envelope.
T03,T03-P0128,Iddq,uA,5.7196,6.5008,PASS,0.458,1.85,0.458,7.031,7.079,normal,0.0078,2.22,False,False,False,False,False,OK: within lot-relative limits (max 1.9 robust-sigma < 5); predicted 168h drift inside the lot safety envelope.
T03,T03-P0129,Iddq,uA,7.5119,7.8121,PASS,0.382,1.48,0.382,8.143,8.35,normal,0.0038,-1.28,False,False,False,False,False,OK: within lot-relative limits (max 1.5 robust-sigma < 5); predicted 168h drift inside the lot safety envelope.
T03,T03-P0130,Iddq,uA,7.6826,8.2443,PASS,0.233,0.3,0.233,8.676,8.8,normal,0.0059,-0.14,False,False,False,False,False,OK: within lot-relative limits (max 0.3 robust-sigma < 5); predicted 168h drift inside the lot safety envelope.
T03,T03-P0131,Iddq,uA,6.4662,7.0085,PASS,0.381,0.07,0.381,7.393,7.507,normal,0.0055,0.2,False,False,False,False,False,OK: within lot-relative limits (max 0.1 robust-sigma < 5); predicted 168h drift inside the lot safety envelope.
T03,T03-P0132,Iddq,uA,6.2602,6.6214,PASS,0.147,0.85,0.147,6.899,7.033,normal,0.0038,-0.82,False,False,False,False,False,OK: within lot-relative limits (max 0.8 robust-sigma < 5); predicted 168h drift inside the lot safety envelope.
T03,T03-P0133,Iddq,uA,9.5916,10.6583,PASS,0.631,1.01,0.631,11.341,11.506,normal,0.0104,1.14,False,False,False,False,False,OK: within lot-relative limits (max 1.0 robust-sigma < 5); predicted 168h drift inside the lot safety envelope.
T03,T03-P0134,Iddq,uA,7.5258,8.2841,PASS,0.065,0.65,0.012,8.775,8.937,normal,0.0074,0.75,False,False,False,False,False,OK: within lot-relative limits (max 0.7 robust-sigma < 5); predicted 168h drift inside the lot safety envelope.
T03,T03-P0135,Iddq,uA,6.3953,7.0178,PASS,0.053,0.53,0.041,7.46,7.529,normal,0.0063,0.76,False,False,False,False,False,OK: within lot-relative limits (max 0.5 robust-sigma < 5); predicted 168h drift inside the lot safety envelope.
T03,T03-P0136,Iddq,uA,13.7268,14.9992,PASS,0.967,2.48,0.967,15.779,16.114,normal,0.0122,0.35,False,False,False,False,False,OK: within lot-relative limits (max 2.5 robust-sigma < 5); predicted 168h drift inside the lot safety envelope.
T03,T03-P0137,Iddq,uA,9.1027,9.8987,PASS,0.646,0.27,0.646,10.459,10.637,normal,0.0081,0.34,False,False,False,False,False,OK: within lot-relative limits (max 0.3 robust-sigma < 5); predicted 168h drift inside the lot safety envelope.
T03,T03-P0138,Iddq,uA,8.2128,8.8658,PASS,0.376,0.08,0.376,9.289,9.464,normal,0.0064,-0.1,False,False,False,False,False,OK: within lot-relative limits (max 0.1 robust-sigma < 5); predicted 168h drift inside the lot safety envelope.
T03,T03-P0139,Iddq,uA,10.1502,11.4106,PASS,0.798,1.44,0.798,12.212,12.356,normal,0.0123,1.62,False,False,False,False,False,OK: within lot-relative limits (max 1.4 robust-sigma < 5); predicted 168h drift inside the lot safety envelope.
T03,T03-P0140,Iddq,uA,7.7321,8.3092,PASS,0.251,0.25,0.251,8.732,8.883,normal,0.0059,-0.14,False,False,False,False,False,OK: within lot-relative limits (max 0.3 robust-sigma < 5); predicted 168h drift inside the lot safety envelope.
T03,T03-P0141,Iddq,uA,12.0924,12.993,PASS,0.92,1.75,0.92,13.679,13.876,normal,0.0094,-0.09,False,False,False,False,False,OK: within lot-relative limits (max 1.8 robust-sigma < 5); predicted 168h drift inside the lot safety envelope.
T03,T03-P0142,Iddq,uA,6.5244,6.9012,PASS,0.166,0.85,0.166,7.207,7.345,normal,0.0041,-0.76,False,False,False,False,False,OK: within lot-relative limits (max 0.8 robust-sigma < 5); predicted 168h drift inside the lot safety envelope.
T03,T03-P0143,Iddq,uA,6.8527,7.4864,PASS,0.219,0.37,0.219,7.946,8.052,normal,0.0065,0.6,False,False,False,False,False,OK: within lot-relative limits (max 0.4 robust-sigma < 5); predicted 168h drift inside the lot safety envelope.
T03,T03-P0144,Iddq,uA,8.5861,9.2788,PASS,0.407,0.04,0.407,9.711,9.894,normal,0.0067,-0.1,False,False,False,False,False,OK: within lot-relative limits (max 0.0 robust-sigma < 5); predicted 168h drift inside the lot safety envelope.
T03,T03-P0145,Iddq,uA,7.5917,8.3379,PASS,0.098,0.57,0.098,8.828,8.936,normal,0.0074,0.67,False,False,False,False,False,OK: within lot-relative limits (max 0.6 robust-sigma < 5); predicted 168h drift inside the lot safety envelope.
T03,T03-P0146,Iddq,uA,11.3621,12.2491,PASS,0.878,1.42,0.878,12.831,13.082,normal,0.0087,-0.14,False,False,False,False,False,OK: within lot-relative limits (max 1.4 robust-sigma < 5); predicted 168h drift inside the lot safety envelope.
T03,T03-P0147,Iddq,uA,6.51,7.3888,PASS,0.451,1.8,0.451,8.102,8.102,normal,0.0095,2.56,False,False,False,False,False,OK: within lot-relative limits (max 1.8 robust-sigma < 5); predicted 168h drift inside the lot safety envelope.
T03,T03-P0148,Iddq,uA,7.6899,8.1332,PASS,0.17,0.85,0.17,8.515,8.652,normal,0.0049,-0.69,False,False,False,False,False,OK: within lot-relative limits (max 0.8 robust-sigma < 5); predicted 168h drift inside the lot safety envelope.
T03,T03-P0149,Iddq,uA,9.1634,10.0808,PASS,0.519,0.63,0.519,10.73,10.825,normal,0.0093,0.87,False,False,False,False,False,OK: within lot-relative limits (max 0.6 robust-sigma < 5); predicted 168h drift inside the lot safety envelope.
T03,T03-P0150,Iddq,uA,9.9199,10.5235,PASS,0.518,0.74,0.518,10.99,11.22,normal,0.0064,-0.67,False,False,False,False,False,OK: within lot-relative limits (max 0.7 robust-sigma < 5); predicted 168h drift inside the lot safety envelope.
T03,T03-P0151,Iddq,uA,10.4772,12.0028,PASS,0.917,2.15,0.917,13.006,13.053,normal,0.0151,2.49,False,False,False,False,False,OK: within lot-relative limits (max 2.2 robust-sigma < 5); predicted 168h drift inside the lot safety envelope.
T03,T03-P0152,Iddq,uA,9.2815,9.7351,PASS,0.64,1.16,0.64,10.152,10.32,normal,0.0052,-1.03,False,False,False,False,False,OK: within lot-relative limits (max 1.2 robust-sigma < 5); predicted 168h drift inside the lot safety envelope.
T03,T03-P0153,Iddq,uA,13.3934,15.3096,PASS,0.975,2.58,0.975,16.368,16.687,normal,0.0177,2.06,False,False,False,False,False,OK: within lot-relative limits (max 2.6 robust-sigma < 5); predicted 168h drift inside the lot safety envelope.
T03,T03-P0154,Iddq,uA,8.1297,8.5307,PASS,0.224,1.15,0.224,8.887,9.04,normal,0.0045,-1.05,False,False,False,False,False,OK: within lot-relative limits (max 1.1 robust-sigma < 5); predicted 168h drift inside the lot safety envelope.
T03,T03-P0155,Iddq,uA,9.1334,9.6066,PASS,0.584,1.06,0.584,10.116,10.199,normal,0.0059,-0.68,False,False,False,False,False,OK: within lot-relative limits (max 1.1 robust-sigma < 5); predicted 168h drift inside the lot safety envelope.
T03,T03-P0156,Iddq,uA,10.2949,11.1461,PASS,0.85,0.9,0.85,11.703,11.917,normal,0.0084,0.04,False,False,False,False,False,OK: within lot-relative limits (max 0.9 robust-sigma < 5); predicted 168h drift inside the lot safety envelope.
T03,T03-P0157,Iddq,uA,8.3163,9.611,PASS,0.832,2.48,0.832,10.474,10.528,normal,0.0128,2.89,False,False,False,False,False,OK: within lot-relative limits (max 2.5 robust-sigma < 5); predicted 168h drift inside the lot safety envelope.
T03,T03-P0158,Iddq,uA,8.3758,9.2472,PASS,0.082,0.76,0.082,9.783,9.976,normal,0.0084,0.8,False,False,False,False,False,OK: within lot-relative limits (max 0.8 robust-sigma < 5); predicted 168h drift inside the lot safety envelope.
T03,T03-P0159,Iddq,uA,8.1575,8.4315,PASS,0.434,1.71,0.434,8.823,8.957,normal,0.004,-1.34,False,False,False,False,False,OK: within lot-relative limits (max 1.7 robust-sigma < 5); predicted 168h drift inside the lot safety envelope.
T03,T03-P0160,Iddq,uA,7.7406,8.3004,PASS,0.253,0.33,0.253,8.741,8.866,normal,0.006,-0.14,False,False,False,False,False,OK: within lot-relative limits (max 0.3 robust-sigma < 5); predicted 168h drift inside the lot safety envelope.
T03,T03-P0161,Iddq,uA,6.9578,7.8274,PASS,0.371,1.47,0.371,8.357,8.47,normal,0.0083,1.58,False,False,False,False,False,OK: within lot-relative limits (max 1.5 robust-sigma < 5); predicted 168h drift inside the lot safety envelope.
T03,T03-P0162,Iddq,uA,7.8445,8.2421,PASS,0.187,1.1,0.187,8.66,8.757,normal,0.0049,-0.77,False,False,False,False,False,OK: within lot-relative limits (max 1.1 robust-sigma < 5); predicted 168h drift inside the lot safety envelope.
T03,T03-P0163,Iddq,uA,6.4688,6.9814,PASS,0.363,0.09,0.363,7.348,7.458,normal,0.0052,0.02,False,False,False,False,False,OK: within lot-relative limits (max 0.1 robust-sigma < 5); predicted 168h drift inside the lot safety envelope.
T03,T03-P0164,Iddq,uA,9.3492,10.1568,PASS,0.691,0.41,0.691,10.727,10.925,normal,0.0082,0.3,False,False,False,False,False,OK: within lot-relative limits (max 0.4 robust-sigma < 5); predicted 168h drift inside the lot safety envelope.
T03,T03-P0165,Iddq,uA,6.4066,7.5361,REJECT,0.884,3.15,0.884,9.458,9.458,normal,0.0182,7.32,False,False,False,True,False,EARLY REJECT (drift forecast): predicted Iddq@168h = 9.5 uA from 0h/24h readings; drift slope 0.018 uA/h exceeds lot safety slope 0.014 uA/h (7.3 robust-sigma).
T03,T03-P0166,Iddq,uA,13.1374,14.1081,PASS,0.956,2.2,0.956,14.797,15.058,normal,0.0099,-0.21,False,False,False,False,False,OK: within lot-relative limits (max 2.2 robust-sigma < 5); predicted 168h drift inside the lot safety envelope.
T03,T03-P0167,Iddq,uA,11.9954,13.4835,PASS,0.934,1.91,0.934,14.482,14.597,normal,0.0148,1.72,False,False,False,False,False,OK: within lot-relative limits (max 1.9 robust-sigma < 5); predicted 168h drift inside the lot safety envelope.
T03,T03-P0168,Iddq,uA,10.8809,11.5371,PASS,0.712,1.19,0.712,12.054,12.307,normal,0.007,-0.67,False,False,False,False,False,OK: within lot-relative limits (max 1.2 robust-sigma < 5); predicted 168h drift inside the lot safety envelope.
T03,T03-P0169,Iddq,uA,8.5223,9.198,PASS,0.363,0.09,0.363,9.639,9.82,normal,0.0066,-0.1,False,False,False,False,False,OK: within lot-relative limits (max 0.1 robust-sigma < 5); predicted 168h drift inside the lot safety envelope.
T03,T03-P0170,Iddq,uA,7.791,8.6035,PASS,0.077,0.77,0.075,9.1,9.28,normal,0.0078,0.8,False,False,False,False,False,OK: within lot-relative limits (max 0.8 robust-sigma < 5); predicted 168h drift inside the lot safety envelope.
T03,T03-P0171,Iddq,uA,10.9362,12.027,PASS,0.764,1.3,0.764,12.754,12.902,normal,0.0108,0.75,False,False,False,False,False,OK: within lot-relative limits (max 1.3 robust-sigma < 5); predicted 168h drift inside the lot safety envelope.
T03,T03-P0172,Iddq,uA,8.8379,9.5961,PASS,0.588,0.14,0.588,10.06,10.255,normal,0.0073,0.08,False,False,False,False,False,OK: within lot-relative limits (max 0.1 robust-sigma < 5); predicted 168h drift inside the lot safety envelope.
T03,T03-P0173,Iddq,uA,9.7693,10.6055,PASS,0.704,0.64,0.704,11.128,11.335,normal,0.0081,0.1,False,False,False,False,False,OK: within lot-relative limits (max 0.6 robust-sigma < 5); predicted 168h drift inside the lot safety envelope.
T03,T03-P0174,Iddq,uA,7.7046,8.4216,PASS,0.157,0.39,0.157,8.923,9.05,normal,0.0073,0.56,False,False,False,False,False,OK: within lot-relative limits (max 0.4 robust-sigma < 5); predicted 168h drift inside the lot safety envelope.
T03,T03-P0175,Iddq,uA,10.8688,11.524,PASS,0.715,1.18,0.715,12.041,12.293,normal,0.007,-0.67,False,False,False,False,False,OK: within lot-relative limits (max 1.2 robust-sigma < 5); predicted 168h drift inside the lot safety envelope.
T03,T03-P0176,Iddq,uA,7.4449,8.0156,PASS,0.296,0.18,0.296,8.407,8.55,normal,0.0057,-0.14,False,False,False,False,False,OK: within lot-relative limits (max 0.2 robust-sigma < 5); predicted 168h drift inside the lot safety envelope.
T03,T03-P0177,Iddq,uA,8.865,9.6985,PASS,0.545,0.42,0.545,10.266,10.414,normal,0.0083,0.56,False,False,False,False,False,OK: within lot-relative limits (max 0.4 robust-sigma < 5); predicted 168h drift inside the lot safety envelope.
T03,T03-P0178,Iddq,uA,6.2002,6.72,PASS,0.38,0.07,0.38,7.02,7.198,normal,0.0049,-0.07,False,False,False,False,False,OK: within lot-relative limits (max 0.1 robust-sigma < 5); predicted 168h drift inside the lot safety envelope.
T03,T03-P0179,Iddq,uA,7.7294,8.6453,PASS,0.312,1.25,0.312,9.207,9.356,normal,0.0088,1.34,False,False,False,False,False,OK: within lot-relative limits (max 1.3 robust-sigma < 5); predicted 168h drift inside the lot safety envelope.
T03,T03-P0180,Iddq,uA,9.5908,10.2942,PASS,0.608,0.51,0.608,10.851,10.985,normal,0.0075,-0.09,False,False,False,False,False,OK: within lot-relative limits (max 0.5 robust-sigma < 5); predicted 168h drift inside the lot safety envelope.
T03,T03-P0181,Iddq,uA,7.8776,8.7919,PASS,0.276,1.17,0.276,9.305,9.518,normal,0.0085,1.11,False,False,False,False,False,OK: within lot-relative limits (max 1.2 robust-sigma < 5); predicted 168h drift inside the lot safety envelope.
T03,T03-P0182,Iddq,uA,8.0469,8.5959,PASS,0.11,0.48,0.11,9.042,9.197,normal,0.0059,-0.28,False,False,False,False,False,OK: within lot-relative limits (max 0.5 robust-sigma < 5); predicted 168h drift inside the lot safety envelope.
T03,T03-P0183,Iddq,uA,10.3249,11.1046,PASS,0.751,0.91,0.751,11.666,11.862,normal,0.008,-0.13,False,False,False,False,False,OK: within lot-relative limits (max 0.9 robust-sigma < 5); predicted 168h drift inside the lot safety envelope.
T03,T03-P0184,Iddq,uA,8.5653,8.9487,PASS,0.333,1.31,0.333,9.363,9.524,normal,0.0047,-1.05,False,False,False,False,False,OK: within lot-relative limits (max 1.3 robust-sigma < 5); predicted 168h drift inside the lot safety envelope.
T03,T03-P0185,Iddq,uA,11.1807,11.8704,PASS,0.754,1.33,0.754,12.38,12.646,normal,0.0071,-0.69,False,False,False,False,False,OK: within lot-relative limits (max 1.3 robust-sigma < 5); predicted 168h drift inside the lot safety envelope.
T03,T03-P0186,Iddq,uA,5.4804,5.802,PASS,0.136,0.81,0.136,6.037,6.199,normal,0.0033,-0.83,False,False,False,False,False,OK: within lot-relative limits (max 0.8 robust-sigma < 5); predicted 168h drift inside the lot safety envelope.
T03,T03-P0187,Iddq,uA,9.7933,10.1577,PASS,0.799,1.58,0.799,10.688,10.81,normal,0.0053,-1.09,False,False,False,False,False,OK: within lot-relative limits (max 1.6 robust-sigma < 5); predicted 168h drift inside the lot safety envelope.
T03,T03-P0188,Iddq,uA,9.7079,10.7033,PASS,0.542,0.71,0.542,11.341,11.529,normal,0.0097,0.8,False,False,False,False,False,OK: within lot-relative limits (max 0.7 robust-sigma < 5); predicted 168h drift inside the lot safety envelope.
T03,T03-P0189,Iddq,uA,6.4697,7.433,PASS,0.518,2.26,0.518,8.208,8.208,normal,0.0103,3.1,False,False,False,False,False,OK: within lot-relative limits (max 2.3 robust-sigma < 5); predicted 168h drift inside the lot safety envelope.
T03,T03-P0190,Iddq,uA,6.7894,7.7214,PASS,0.459,1.88,0.459,8.443,8.443,normal,0.0098,2.54,False,False,False,False,False,OK: within lot-relative limits (max 1.9 robust-sigma < 5); predicted 168h drift inside the lot safety envelope.
T03,T03-P0191,Iddq,uA,34.4828,35.3138,REJECT,0.987,7.37,0.987,36.609,37.699,low,0.0127,-1.86,False,True,False,False,True,"LOT OUTLIER: Iddq@0h = 34.5 uA is 7.4 robust-sigma above lot T03 median (8.7 uA); still under datasheet max 50 uA, so a static limit would pass it. | LOT OUTLIER: Iddq@24h = 35.3 uA is 7.0 robust-sigma above lot T03 median (9.4 uA); still under datasheet max 50 uA, so a static limit would pass it. | GUARD BAND: 90% upper forecast for Iddq@168h is 37.7 uA = 75% of datasheet max (guard band 70%)."
T03,T03-P0192,Iddq,uA,7.2166,7.807,PASS,0.437,0.0,0.437,8.176,8.316,normal,0.0057,-0.05,False,False,False,False,False,OK: within lot-relative limits (max 0.0 robust-sigma < 5); predicted 168h drift inside the lot safety envelope.
T03,T03-P0193,Iddq,uA,7.8484,8.2305,PASS,0.276,1.17,0.276,8.579,8.727,normal,0.0043,-1.05,False,False,False,False,False,OK: within lot-relative limits (max 1.2 robust-sigma < 5); predicted 168h drift inside the lot safety envelope.
T03,T03-P0194,Iddq,uA,9.7541,10.7323,PASS,0.542,0.7,0.542,11.375,11.523,normal,0.0097,0.75,False,False,False,False,False,OK: within lot-relative limits (max 0.7 robust-sigma < 5); predicted 168h drift inside the lot safety envelope.
T03,T03-P0195,Iddq,uA,8.2461,8.6378,PASS,0.29,1.21,0.29,9.014,9.169,normal,0.0046,-1.05,False,False,False,False,False,OK: within lot-relative limits (max 1.2 robust-sigma < 5); predicted 168h drift inside the lot safety envelope.
T03,T03-P0196,Iddq,uA,9.5814,10.46,PASS,0.61,0.56,0.61,11.098,11.252,normal,0.009,0.57,False,False,False,False,False,OK: within lot-relative limits (max 0.6 robust-sigma < 5); predicted 168h drift inside the lot safety envelope.
T03,T03-P0197,Iddq,uA,7.285,9.4686,REJECT,0.978,6.9,0.978,18.443,20.607,low,0.0664,22.33,False,True,False,True,False,ABNORMAL DRIFT: Iddq changed +30% from 0h to 24h vs lot median +8% (6.9 robust-sigma). | EARLY REJECT (drift forecast): predicted Iddq@168h = 18.4 uA from 0h/24h readings; drift slope 0.066 uA/h exceeds lot safety slope 0.016 uA/h (22.3 robust-sigma).
T03,T03-P0198,Iddq,uA,9.2144,10.039,PASS,0.611,0.35,0.611,10.672,10.794,normal,0.0087,0.56,False,False,False,False,False,OK: within lot-relative limits (max 0.3 robust-sigma < 5); predicted 168h drift inside the lot safety envelope.
T03,T03-P0199,Iddq,uA,10.7352,11.4431,PASS,0.685,1.12,0.685,12.011,12.185,normal,0.0076,-0.4,False,False,False,False,False,OK: within lot-relative limits (max 1.1 robust-sigma < 5); predicted 168h drift inside the lot safety envelope.
T03,T03-P0200,Iddq,uA,9.2933,9.9834,PASS,0.624,0.34,0.624,10.502,10.668,normal,0.0072,-0.12,False,False,False,False,False,OK: within lot-relative limits (max 0.3 robust-sigma < 5); predicted 168h drift inside the lot safety envelope.
T03,T03-P0201,Iddq,uA,5.6888,6.2172,PASS,0.186,0.38,0.186,6.56,6.686,normal,0.0052,0.44,False,False,False,False,False,OK: within lot-relative limits (max 0.4 robust-sigma < 5); predicted 168h drift inside the lot safety envelope.
T03,T03-P0202,Iddq,uA,9.9955,10.802,PASS,0.805,0.73,0.805,11.311,11.518,normal,0.0078,-0.08,False,False,False,False,False,OK: within lot-relative limits (max 0.7 robust-sigma < 5); predicted 168h drift inside the lot safety envelope.
T03,T03-P0203,Iddq,uA,8.9008,10.0324,PASS,0.784,1.54,0.784,10.712,10.835,normal,0.0108,1.63,False,False,False,False,False,OK: within lot-relative limits (max 1.5 robust-sigma < 5); predicted 168h drift inside the lot safety envelope.
T03,T03-P0204,Iddq,uA,7.3371,7.7582,PASS,0.167,0.86,0.167,8.124,8.255,normal,0.0047,-0.69,False,False,False,False,False,OK: within lot-relative limits (max 0.9 robust-sigma < 5); predicted 168h drift inside the lot safety envelope.
T03,T03-P0205,Iddq,uA,11.3816,12.3113,PASS,0.914,1.43,0.914,12.918,13.105,normal,0.0091,-0.0,False,False,False,False,False,OK: within lot-relative limits (max 1.4 robust-sigma < 5); predicted 168h drift inside the lot safety envelope.
T03,T03-P0206,Iddq,uA,6.2193,6.7,PASS,0.319,0.16,0.319,6.988,7.177,normal,0.0046,-0.28,False,False,False,False,False,OK: within lot-relative limits (max 0.2 robust-sigma < 5); predicted 168h drift inside the lot safety envelope.
T03,T03-P0207,Iddq,uA,12.3889,13.3892,PASS,0.953,1.88,0.953,13.976,14.27,normal,0.0094,-0.17,False,False,False,False,False,OK: within lot-relative limits (max 1.9 robust-sigma < 5); predicted 168h drift inside the lot safety envelope.
T03,T03-P0208,Iddq,uA,7.832,10.3596,REJECT,0.982,7.55,0.982,20.672,23.311,low,0.0764,23.49,False,True,False,True,False,ABNORMAL DRIFT: Iddq changed +32% from 0h to 24h vs lot median +8% (7.6 robust-sigma). | EARLY REJECT (drift forecast): predicted Iddq@168h = 20.7 uA from 0h/24h readings; drift slope 0.076 uA/h exceeds lot safety slope 0.017 uA/h (23.5 robust-sigma).
T03,T03-P0209,Iddq,uA,11.9446,13.0546,PASS,0.905,1.74,0.905,13.884,14.022,normal,0.0115,0.66,False,False,False,False,False,OK: within lot-relative limits (max 1.7 robust-sigma < 5); predicted 168h drift inside the lot safety envelope.
T03,T03-P0210,Iddq,uA,8.6166,9.2266,PASS,0.16,0.39,0.16,9.682,9.849,normal,0.0063,-0.28,False,False,False,False,False,OK: within lot-relative limits (max 0.4 robust-sigma < 5); predicted 168h drift inside the lot safety envelope.
T03,T03-P0211,Iddq,uA,6.8349,7.1991,PASS,0.181,1.01,0.181,7.564,7.665,normal,0.0043,-0.7,False,False,False,False,False,OK: within lot-relative limits (max 1.0 robust-sigma < 5); predicted 168h drift inside the lot safety envelope.
T03,T03-P0212,Iddq,uA,8.9946,10.0399,PASS,0.62,1.18,0.62,10.656,10.868,normal,0.0099,1.19,False,False,False,False,False,OK: within lot-relative limits (max 1.2 robust-sigma < 5); predicted 168h drift inside the lot safety envelope.
T03,T03-P0213,Iddq,uA,9.3844,10.1527,PASS,0.812,0.41,0.812,10.671,10.814,normal,0.0077,0.05,False,False,False,False,False,OK: within lot-relative limits (max 0.4 robust-sigma < 5); predicted 168h drift inside the lot safety envelope.
T03,T03-P0214,Iddq,uA,9.5581,10.7134,PASS,0.745,1.33,0.745,11.429,11.569,normal,0.0111,1.45,False,False,False,False,False,OK: within lot-relative limits (max 1.3 robust-sigma < 5); predicted 168h drift inside the lot safety envelope.
T03,T03-P0215,Iddq,uA,10.7992,11.5093,PASS,0.705,1.15,0.705,12.083,12.258,normal,0.0076,-0.4,False,False,False,False,False,OK: within lot-relative limits (max 1.1 robust-sigma < 5); predicted 168h drift inside the lot safety envelope.
T03,T03-P0216,Iddq,uA,7.403,7.9084,PASS,0.107,0.47,0.107,8.318,8.461,normal,0.0054,-0.28,False,False,False,False,False,OK: within lot-relative limits (max 0.5 robust-sigma < 5); predicted 168h drift inside the lot safety envelope.
T03,T03-P0217,Iddq,uA,9.7033,10.5303,PASS,0.718,0.6,0.718,11.052,11.259,normal,0.008,0.1,False,False,False,False,False,OK: within lot-relative limits (max 0.6 robust-sigma < 5); predicted 168h drift inside the lot safety envelope.
T03,T03-P0218,Iddq,uA,10.076,10.8769,PASS,0.806,0.78,0.806,11.402,11.611,normal,0.0079,-0.08,False,False,False,False,False,OK: within lot-relative limits (max 0.8 robust-sigma < 5); predicted 168h drift inside the lot safety envelope.
T03,T03-P0219,Iddq,uA,8.2504,8.8509,PASS,0.25,0.32,0.25,9.317,9.45,normal,0.0063,-0.14,False,False,False,False,False,OK: within lot-relative limits (max 0.3 robust-sigma < 5); predicted 168h drift inside the lot safety envelope.
T03,T03-P0220,Iddq,uA,7.3613,7.937,PASS,0.335,0.13,0.335,8.326,8.483,normal,0.0057,-0.1,False,False,False,False,False,OK: within lot-relative limits (max 0.1 robust-sigma < 5); predicted 168h drift inside the lot safety envelope.
T03,T03-P0221,Iddq,uA,7.3715,8.0195,PASS,0.276,0.21,0.276,8.45,8.614,normal,0.0064,0.28,False,False,False,False,False,OK: within lot-relative limits (max 0.2 robust-sigma < 5); predicted 168h drift inside the lot safety envelope.
T03,T03-P0222,Iddq,uA,10.0188,10.8941,PASS,0.729,0.78,0.729,11.48,11.707,normal,0.0087,0.26,False,False,False,False,False,OK: within lot-relative limits (max 0.8 robust-sigma < 5); predicted 168h drift inside the lot safety envelope.
T03,T03-P0223,Iddq,uA,10.1157,11.3509,PASS,0.77,1.37,0.77,12.171,12.298,normal,0.0122,1.62,False,False,False,False,False,OK: within lot-relative limits (max 1.4 robust-sigma < 5); predicted 168h drift inside the lot safety envelope.
T03,T03-P0224,Iddq,uA,7.4505,8.144,PASS,0.157,0.39,0.157,8.629,8.752,normal,0.007,0.56,False,False,False,False,False,OK: within lot-relative limits (max 0.4 robust-sigma < 5); predicted 168h drift inside the lot safety envelope.
T03,T03-P0225,Iddq,uA,6.7576,7.1436,PASS,0.135,0.87,0.135,7.517,7.608,normal,0.0045,-0.56,False,False,False,False,False,OK: within lot-relative limits (max 0.9 robust-sigma < 5); predicted 168h drift inside the lot safety envelope.
T03,T03-P0226,Iddq,uA,10.8449,12.1547,PASS,0.85,1.36,0.85,12.967,13.127,normal,0.0126,1.45,False,False,False,False,False,OK: within lot-relative limits (max 1.4 robust-sigma < 5); predicted 168h drift inside the lot safety envelope.
T03,T03-P0227,Iddq,uA,6.6363,6.8718,PASS,0.42,1.65,0.42,7.163,7.303,normal,0.0031,-1.4,False,False,False,False,False,OK: within lot-relative limits (max 1.6 robust-sigma < 5); predicted 168h drift inside the lot safety envelope.
T03,T03-P0228,Iddq,uA,9.0212,9.8458,PASS,0.572,0.33,0.572,10.479,10.594,normal,0.0087,0.64,False,False,False,False,False,OK: within lot-relative limits (max 0.3 robust-sigma < 5); predicted 168h drift inside the lot safety envelope.
T03,T03-P0229,Iddq,uA,7.4972,8.3593,PASS,0.229,1.13,0.229,8.855,9.059,normal,0.0081,1.11,False,False,False,False,False,OK: within lot-relative limits (max 1.1 robust-sigma < 5); predicted 168h drift inside the lot safety envelope.
T03,T03-P0230,Iddq,uA,6.3185,6.7223,PASS,0.063,0.63,0.034,6.974,7.164,normal,0.0039,-0.78,False,False,False,False,False,OK: within lot-relative limits (max 0.6 robust-sigma < 5); predicted 168h drift inside the lot safety envelope.
T03,T03-P0231,Iddq,uA,8.8955,9.3774,PASS,0.47,0.97,0.47,9.86,9.989,normal,0.0057,-0.66,False,False,False,False,False,OK: within lot-relative limits (max 1.0 robust-sigma < 5); predicted 168h drift inside the lot safety envelope.
T03,T03-P0232,Iddq,uA,8.2811,9.181,PASS,0.127,0.92,0.127,9.79,9.919,normal,0.009,1.13,False,False,False,False,False,OK: within lot-relative limits (max 0.9 robust-sigma < 5); predicted 168h drift inside the lot safety envelope.
T03,T03-P0233,Iddq,uA,11.6397,12.414,PASS,0.847,1.55,0.847,13.04,13.239,normal,0.0083,-0.36,False,False,False,False,False,OK: within lot-relative limits (max 1.5 robust-sigma < 5); predicted 168h drift inside the lot safety envelope.
T03,T03-P0234,Iddq,uA,13.5842,14.7231,PASS,0.969,2.38,0.969,15.347,15.756,normal,0.0105,-0.13,False,False,False,False,False,OK: within lot-relative limits (max 2.4 robust-sigma < 5); predicted 168h drift inside the lot safety envelope.
T03,T03-P0235,Iddq,uA,8.3983,9.1459,PASS,0.266,0.25,0.266,9.682,9.829,normal,0.0076,0.43,False,False,False,False,False,OK: within lot-relative limits (max 0.2 robust-sigma < 5); predicted 168h drift inside the lot safety envelope.
T03,T03-P0236,Iddq,uA,10.5988,12.2281,PASS,0.936,2.42,0.936,13.355,13.394,normal,0.0164,2.91,False,False,False,False,False,OK: within lot-relative limits (max 2.4 robust-sigma < 5); predicted 168h drift inside the lot safety envelope.
T03,T03-P0237,Iddq,uA,10.7637,11.4611,PASS,0.68,1.13,0.68,11.994,12.197,normal,0.0073,-0.51,False,False,False,False,False,OK: within lot-relative limits (max 1.1 robust-sigma < 5); predicted 168h drift inside the lot safety envelope.
T03,T03-P0238,Iddq,uA,7.9036,8.7905,PASS,0.203,1.04,0.203,9.343,9.487,normal,0.0086,1.13,False,False,False,False,False,OK: within lot-relative limits (max 1.0 robust-sigma < 5); predicted 168h drift inside the lot safety envelope.
T03,T03-P0239,Iddq,uA,7.3754,7.6989,PASS,0.345,1.34,0.345,8.062,8.201,normal,0.0041,-1.05,False,False,False,False,False,OK: within lot-relative limits (max 1.3 robust-sigma < 5); predicted 168h drift inside the lot safety envelope.
T03,T03-P0240,Iddq,uA,11.7729,13.086,PASS,0.895,1.75,0.895,13.968,14.12,normal,0.0131,1.23,False,False,False,False,False,OK: within lot-relative limits (max 1.8 robust-sigma < 5); predicted 168h drift inside the lot safety envelope.
T03,T03-P0241,Iddq,uA,8.1141,9.295,PASS,0.497,2.15,0.497,10.069,10.109,normal,0.0116,2.48,False,False,False,False,False,OK: within lot-relative limits (max 2.1 robust-sigma < 5); predicted 168h drift inside the lot safety envelope.
T03,T03-P0242,Iddq,uA,8.6442,9.1432,PASS,0.164,0.85,0.164,9.577,9.726,normal,0.0056,-0.67,False,False,False,False,False,OK: within lot-relative limits (max 0.8 robust-sigma < 5); predicted 168h drift inside the lot safety envelope.
T03,T03-P0243,Iddq,uA,8.2023,9.0142,PASS,0.067,0.59,0.067,9.538,9.655,normal,0.0079,0.67,False,False,False,False,False,OK: within lot-relative limits (max 0.6 robust-sigma < 5); predicted 168h drift inside the lot safety envelope.
T03,T03-P0244,Iddq,uA,8.511,9.399,PASS,0.077,0.77,0.075,9.941,10.137,normal,0.0085,0.8,False,False,False,False,False,OK: within lot-relative limits (max 0.8 robust-sigma < 5); predicted 168h drift inside the lot safety envelope.
T03,T03-P0245,Iddq,uA,7.7032,8.4015,PASS,0.233,0.3,0.233,8.895,9.024,normal,0.0071,0.48,False,False,False,False,False,OK: within lot-relative limits (max 0.3 robust-sigma < 5); predicted 168h drift inside the lot safety envelope.
T03,T03-P0246,Iddq,uA,10.0171,10.8643,PASS,0.773,0.76,0.773,11.41,11.623,normal,0.0083,0.1,False,False,False,False,False,OK: within lot-relative limits (max 0.8 robust-sigma < 5); predicted 168h drift inside the lot safety envelope.
T03,T03-P0247,Iddq,uA,11.0805,11.6712,PASS,0.78,1.29,0.78,12.255,12.419,normal,0.007,-0.72,False,False,False,False,False,OK: within lot-relative limits (max 1.3 robust-sigma < 5); predicted 168h drift inside the lot safety envelope.
T03,T03-P0248,Iddq,uA,8.1408,8.7139,PASS,0.17,0.4,0.17,9.147,9.305,normal,0.006,-0.28,False,False,False,False,False,OK: within lot-relative limits (max 0.4 robust-sigma < 5); predicted 168h drift inside the lot safety envelope.
T03,T03-P0249,Iddq,uA,6.7137,7.5713,PASS,0.402,1.56,0.402,8.183,8.198,normal,0.0087,1.98,False,False,False,False,False,OK: within lot-relative limits (max 1.6 robust-sigma < 5); predicted 168h drift inside the lot safety envelope.
T03,T03-P0250,Iddq,uA,8.7843,9.8056,PASS,0.621,1.18,0.621,10.423,10.614,normal,0.0098,1.24,False,False,False,False,False,OK: within lot-relative limits (max 1.2 robust-sigma < 5); predicted 168h drift inside the lot safety envelope.
T03,T03-P0251,Iddq,uA,6.6407,7.1142,PASS,0.219,0.37,0.219,7.531,7.606,normal,0.0053,-0.02,False,False,False,False,False,OK: within lot-relative limits (max 0.4 robust-sigma < 5); predicted 168h drift inside the lot safety envelope.
T03,T03-P0252,Iddq,uA,7.7455,8.1796,PASS,0.116,0.91,0.116,8.576,8.698,normal,0.0049,-0.69,False,False,False,False,False,OK: within lot-relative limits (max 0.9 robust-sigma < 5); predicted 168h drift inside the lot safety envelope.
T03,T03-P0253,Iddq,uA,11.0818,12.8667,PASS,0.951,2.66,0.951,14.299,14.299,normal,0.0192,3.57,False,False,False,False,False,OK: within lot-relative limits (max 2.7 robust-sigma < 5); predicted 168h drift inside the lot safety envelope.
T03,T03-P0254,Iddq,uA,13.6089,15.0436,PASS,0.966,2.49,0.966,15.788,16.258,normal,0.013,0.61,False,False,False,False,False,OK: within lot-relative limits (max 2.5 robust-sigma < 5); predicted 168h drift inside the lot safety envelope.
T03,T03-P0255,Iddq,uA,9.4333,10.2285,PASS,0.719,0.44,0.719,10.759,10.945,normal,0.0079,0.14,False,False,False,False,False,OK: within lot-relative limits (max 0.4 robust-sigma < 5); predicted 168h drift inside the lot safety envelope.
T03,T03-P0256,Iddq,uA,7.1159,7.9063,PASS,0.136,1.0,0.136,8.399,8.536,normal,0.0076,1.09,False,False,False,False,False,OK: within lot-relative limits (max 1.0 robust-sigma < 5); predicted 168h drift inside the lot safety envelope.
T03,T03-P0257,Iddq,uA,10.1513,10.7133,PASS,0.64,0.93,0.64,11.246,11.399,normal,0.0065,-0.67,False,False,False,False,False,OK: within lot-relative limits (max 0.9 robust-sigma < 5); predicted 168h drift inside the lot safety envelope.
T03,T03-P0258,Iddq,uA,5.6945,6.1887,PASS,0.315,0.17,0.315,6.485,6.659,normal,0.0047,0.09,False,False,False,False,False,OK: within lot-relative limits (max 0.2 robust-sigma < 5); predicted 168h drift inside the lot safety envelope.
T03,T03-P0259,Iddq,uA,7.5958,8.2822,PASS,0.241,0.29,0.241,8.771,8.898,normal,0.007,0.48,False,False,False,False,False,OK: within lot-relative limits (max 0.3 robust-sigma < 5); predicted 168h drift inside the lot safety envelope.
T03,T03-P0260,Iddq,uA,11.7933,13.2812,PASS,0.927,1.83,0.927,14.238,14.357,normal,0.0146,1.72,False,False,False,False,False,OK: within lot-relative limits (max 1.8 robust-sigma < 5); predicted 168h drift inside the lot safety envelope.
T03,T03-P0261,Iddq,uA,63.4284,68.8523,REJECT,1.0,10.64,0.994,71.721,72.715,low,0.0494,-0.11,True,True,True,False,True,STATIC FAIL: Iddq@0h = 63.4 uA exceeds datasheet max 50 uA. | LOT OUTLIER: Iddq@0h = 63.4 uA is 10.6 robust-sigma above lot T03 median (8.7 uA). | LOT OUTLIER: Iddq@24h = 68.9 uA is 10.6 robust-sigma above lot T03 median (9.4 uA). | GUARD BAND: 90% upper forecast for Iddq@168h is 72.7 uA = 145% of datasheet max (guard band 70%).
T03,T03-P0262,Iddq,uA,6.7181,7.3969,PASS,0.066,0.66,0.024,7.89,7.982,normal,0.007,0.95,False,False,False,False,False,OK: within lot-relative limits (max 0.7 robust-sigma < 5); predicted 168h drift inside the lot safety envelope.
T03,T03-P0263,Iddq,uA,6.3528,6.7831,PASS,0.089,0.49,0.089,7.07,7.265,normal,0.0043,-0.55,False,False,False,False,False,OK: within lot-relative limits (max 0.5 robust-sigma < 5); predicted 168h drift inside the lot safety envelope.
T03,T03-P0264,Iddq,uA,10.1979,10.675,PASS,0.702,1.24,0.702,11.153,11.339,normal,0.0057,-1.03,False,False,False,False,False,OK: within lot-relative limits (max 1.2 robust-sigma < 5); predicted 168h drift inside the lot safety envelope.
T03,T03-P0265,Iddq,uA,8.6201,9.3652,PASS,0.312,0.16,0.312,9.872,10.073,normal,0.0074,0.25,False,False,False,False,False,OK: within lot-relative limits (max 0.2 robust-sigma < 5); predicted 168h drift inside the lot safety envelope.
T03,T03-P0266,Iddq,uA,7.7804,8.5483,PASS,0.062,0.58,0.062,9.047,9.159,normal,0.0075,0.67,False,False,False,False,False,OK: within lot-relative limits (max 0.6 robust-sigma < 5); predicted 168h drift inside the lot safety envelope.
T03,T03-P0267,Iddq,uA,9.5726,10.1402,PASS,0.562,0.79,0.562,10.619,10.827,normal,0.0062,-0.64,False,False,False,False,False,OK: within lot-relative limits (max 0.8 robust-sigma < 5); predicted 168h drift inside the lot safety envelope.
T03,T03-P0268,Iddq,uA,7.8658,8.3253,PASS,0.129,0.82,0.129,8.709,8.872,normal,0.005,-0.69,False,False,False,False,False,OK: within lot-relative limits (max 0.8 robust-sigma < 5); predicted 168h drift inside the lot safety envelope.
T03,T03-P0269,Iddq,uA,6.1731,6.553,PASS,0.071,0.71,0.019,6.8,6.975,normal,0.0037,-0.83,False,False,False,False,False,OK: within lot-relative limits (max 0.7 robust-sigma < 5); predicted 168h drift inside the lot safety envelope.
T03,T03-P0270,Iddq,uA,10.1512,11.0979,PASS,0.698,0.88,0.698,11.758,11.924,normal,0.0096,0.57,False,False,False,False,False,OK: within lot-relative limits (max 0.9 robust-sigma < 5); predicted 168h drift inside the lot safety envelope.
T03,T03-P0271,Iddq,uA,7.7087,8.6471,PASS,0.347,1.36,0.347,9.273,9.372,normal,0.0093,1.62,False,False,False,False,False,OK: within lot-relative limits (max 1.4 robust-sigma < 5); predicted 168h drift inside the lot safety envelope.
T03,T03-P0272,Iddq,uA,7.248,7.8156,PASS,0.34,0.12,0.34,8.182,8.352,normal,0.0056,-0.15,False,False,False,False,False,OK: within lot-relative limits (max 0.1 robust-sigma < 5); predicted 168h drift inside the lot safety envelope.
T03,T03-P0273,Iddq,uA,6.6519,7.144,PASS,0.263,0.27,0.263,7.544,7.631,normal,0.0053,-0.02,False,False,False,False,False,OK: within lot-relative limits (max 0.3 robust-sigma < 5); predicted 168h drift inside the lot safety envelope.
T03,T03-P0274,Iddq,uA,9.2525,9.9811,PASS,0.691,0.32,0.691,10.472,10.662,normal,0.0073,-0.08,False,False,False,False,False,OK: within lot-relative limits (max 0.3 robust-sigma < 5); predicted 168h drift inside the lot safety envelope.
T03,T03-P0275,Iddq,uA,7.579,8.4074,PASS,0.126,0.94,0.126,8.96,9.091,normal,0.0082,1.13,False,False,False,False,False,OK: within lot-relative limits (max 0.9 robust-sigma < 5); predicted 168h drift inside the lot safety envelope.
T03,T03-P0276,Iddq,uA,9.8837,10.6695,PASS,0.744,0.67,0.744,11.184,11.389,normal,0.0077,-0.08,False,False,False,False,False,OK: within lot-relative limits (max 0.7 robust-sigma < 5); predicted 168h drift inside the lot safety envelope.
T03,T03-P0277,Iddq,uA,8.2545,8.9085,PASS,0.364,0.09,0.364,9.336,9.512,normal,0.0064,-0.1,False,False,False,False,False,OK: within lot-relative limits (max 0.1 robust-sigma < 5); predicted 168h drift inside the lot safety envelope.
T03,T03-P0278,Iddq,uA,10.7784,11.6373,PASS,0.847,1.14,0.847,12.197,12.42,normal,0.0084,-0.08,False,False,False,False,False,OK: within lot-relative limits (max 1.1 robust-sigma < 5); predicted 168h drift inside the lot safety envelope.
T03,T03-P0279,Iddq,uA,8.1962,8.8584,PASS,0.406,0.04,0.406,9.27,9.445,normal,0.0064,-0.1,False,False,False,False,False,OK: within lot-relative limits (max 0.0 robust-sigma < 5); predicted 168h drift inside the lot safety envelope.
T03,T03-P0280,Iddq,uA,7.7607,8.4657,PASS,0.244,0.31,0.244,8.961,9.091,normal,0.0071,0.48,False,False,False,False,False,OK: within lot-relative limits (max 0.3 robust-sigma < 5); predicted 168h drift inside the lot safety envelope.
T03,T03-P0281,Iddq,uA,6.0095,6.3852,PASS,0.068,0.68,0.007,6.619,6.79,normal,0.0036,-0.83,False,False,False,False,False,OK: within lot-relative limits (max 0.7 robust-sigma < 5); predicted 168h drift inside the lot safety envelope.
T03,T03-P0282,Iddq,uA,7.0609,7.6706,PASS,0.324,0.16,0.324,8.071,8.252,normal,0.006,0.2,False,False,False,False,False,OK: within lot-relative limits (max 0.2 robust-sigma < 5); predicted 168h drift inside the lot safety envelope.
T03,T03-P0283,Iddq,uA,9.9554,11.1556,PASS,0.788,1.32,0.788,11.909,12.05,normal,0.0116,1.46,False,False,False,False,False,OK: within lot-relative limits (max 1.3 robust-sigma < 5); predicted 168h drift inside the lot safety envelope.
T03,T03-P0284,Iddq,uA,15.7342,17.3165,PASS,0.979,3.24,0.979,18.216,18.6,normal,0.0148,0.55,False,False,False,False,False,OK: within lot-relative limits (max 3.2 robust-sigma < 5); predicted 168h drift inside the lot safety envelope.
T03,T03-P0285,Iddq,uA,6.9686,7.4621,PASS,0.16,0.38,0.16,7.816,7.966,normal,0.005,-0.33,False,False,False,False,False,OK: within lot-relative limits (max 0.4 robust-sigma < 5); predicted 168h drift inside the lot safety envelope.
T03,T03-P0286,Iddq,uA,7.2115,7.955,PASS,0.073,0.73,0.048,8.41,8.589,normal,0.0071,0.76,False,False,False,False,False,OK: within lot-relative limits (max 0.7 robust-sigma < 5); predicted 168h drift inside the lot safety envelope.
T03,T03-P0287,Iddq,uA,9.3503,9.9477,PASS,0.526,0.63,0.526,10.377,10.595,normal,0.0061,-0.63,False,False,False,False,False,OK: within lot-relative limits (max 0.6 robust-sigma < 5); predicted 168h drift inside the lot safety envelope.
T03,T03-P0288,Iddq,uA,9.5569,10.276,PASS,0.597,0.49,0.597,10.812,10.98,normal,0.0075,-0.09,False,False,False,False,False,OK: within lot-relative limits (max 0.5 robust-sigma < 5); predicted 168h drift inside the lot safety envelope.
T03,T03-P0289,Iddq,uA,7.6367,8.4426,PASS,0.142,0.81,0.142,8.93,9.127,normal,0.0077,0.83,False,False,False,False,False,OK: within lot-relative limits (max 0.8 robust-sigma < 5); predicted 168h drift inside the lot safety envelope.
T03,T03-P0290,Iddq,uA,8.8448,9.4962,PASS,0.498,0.29,0.498,9.987,10.131,normal,0.0068,-0.14,False,False,False,False,False,OK: within lot-relative limits (max 0.3 robust-sigma < 5); predicted 168h drift inside the lot safety envelope.
T03,T03-P0291,Iddq,uA,6.5154,6.8831,PASS,0.126,0.89,0.126,7.197,7.32,normal,0.0041,-0.76,False,False,False,False,False,OK: within lot-relative limits (max 0.9 robust-sigma < 5); predicted 168h drift inside the lot safety envelope.
T03,T03-P0292,Iddq,uA,8.4335,8.5264,PASS,0.716,2.54,0.716,8.921,9.13,normal,0.0029,-1.96,False,False,False,False,False,OK: within lot-relative limits (max 2.5 robust-sigma < 5); predicted 168h drift inside the lot safety envelope.
T03,T03-P0293,Iddq,uA,10.3413,11.0311,PASS,0.66,0.92,0.66,11.57,11.772,normal,0.0073,-0.4,False,False,False,False,False,OK: within lot-relative limits (max 0.9 robust-sigma < 5); predicted 168h drift inside the lot safety envelope.
T03,T03-P0294,Iddq,uA,11.6797,12.7286,PASS,0.895,1.6,0.895,13.518,13.671,normal,0.0109,0.54,False,False,False,False,False,OK: within lot-relative limits (max 1.6 robust-sigma < 5); predicted 168h drift inside the lot safety envelope.
T03,T03-P0295,Iddq,uA,8.535,8.9612,PASS,0.221,1.12,0.221,9.422,9.5,normal,0.0053,-0.77,False,False,False,False,False,OK: within lot-relative limits (max 1.1 robust-sigma < 5); predicted 168h drift inside the lot safety envelope.
T03,T03-P0296,Iddq,uA,8.1822,9.0837,PASS,0.136,0.97,0.136,9.673,9.815,normal,0.0089,1.13,False,False,False,False,False,OK: within lot-relative limits (max 1.0 robust-sigma < 5); predicted 168h drift inside the lot safety envelope.
T03,T03-P0297,Iddq,uA,9.7113,10.1378,PASS,0.697,1.34,0.697,10.635,10.798,normal,0.0055,-1.0,False,False,False,False,False,OK: within lot-relative limits (max 1.3 robust-sigma < 5); predicted 168h drift inside the lot safety envelope.
T03,T03-P0298,Iddq,uA,10.8992,11.4587,PASS,0.776,1.2,0.776,12.038,12.165,normal,0.0068,-0.76,False,False,False,False,False,OK: within lot-relative limits (max 1.2 robust-sigma < 5); predicted 168h drift inside the lot safety envelope.
T03,T03-P0299,Iddq,uA,9.6518,10.2065,PASS,0.576,0.86,0.576,10.707,10.86,normal,0.0063,-0.64,False,False,False,False,False,OK: within lot-relative limits (max 0.9 robust-sigma < 5); predicted 168h drift inside the lot safety envelope.
T03,T03-P0300,Iddq,uA,7.4819,7.9663,PASS,0.06,0.6,0.057,8.333,8.478,normal,0.0051,-0.53,False,False,False,False,False,OK: within lot-relative limits (max 0.6 robust-sigma < 5); predicted 168h drift inside the lot safety envelope.
T03,T03-P0301,Iddq,uA,9.2905,10.2596,PASS,0.54,0.77,0.54,10.868,11.066,normal,0.0094,0.84,False,False,False,False,False,OK: within lot-relative limits (max 0.8 robust-sigma < 5); predicted 168h drift inside the lot safety envelope.
T03,T03-P0302,Iddq,uA,10.4949,11.1333,PASS,0.648,0.99,0.648,11.627,11.87,normal,0.0067,-0.67,False,False,False,False,False,OK: within lot-relative limits (max 1.0 robust-sigma < 5); predicted 168h drift inside the lot safety envelope.
T03,T03-P0303,Iddq,uA,7.6289,8.2707,PASS,0.376,0.08,0.376,8.685,8.852,normal,0.0063,0.08,False,False,False,False,False,OK: within lot-relative limits (max 0.1 robust-sigma < 5); predicted 168h drift inside the lot safety envelope.
T03,T03-P0304,Iddq,uA,34.5772,36.6542,REJECT,0.987,7.39,0.987,38.049,39.093,low,0.0207,-0.86,False,True,False,False,True,"LOT OUTLIER: Iddq@0h = 34.6 uA is 7.4 robust-sigma above lot T03 median (8.7 uA); still under datasheet max 50 uA, so a static limit would pass it. | LOT OUTLIER: Iddq@24h = 36.7 uA is 7.2 robust-sigma above lot T03 median (9.4 uA); still under datasheet max 50 uA, so a static limit would pass it. | GUARD BAND: 90% upper forecast for Iddq@168h is 39.1 uA = 78% of datasheet max (guard band 70%)."
T03,T03-P0305,Iddq,uA,9.6538,10.2506,PASS,0.513,0.7,0.513,10.709,10.919,normal,0.0063,-0.64,False,False,False,False,False,OK: within lot-relative limits (max 0.7 robust-sigma < 5); predicted 168h drift inside the lot safety envelope.
T03,T03-P0306,Iddq,uA,9.3802,10.0924,PASS,0.649,0.39,0.649,10.613,10.773,normal,0.0073,-0.09,False,False,False,False,False,OK: within lot-relative limits (max 0.4 robust-sigma < 5); predicted 168h drift inside the lot safety envelope.
T03,T03-P0307,Iddq,uA,10.4848,11.1176,PASS,0.643,0.99,0.643,11.616,11.859,normal,0.0067,-0.67,False,False,False,False,False,OK: within lot-relative limits (max 1.0 robust-sigma < 5); predicted 168h drift inside the lot safety envelope.
T03,T03-P0308,Iddq,uA,8.8625,9.5655,PASS,0.61,0.09,0.61,10.023,10.212,normal,0.0069,-0.1,False,False,False,False,False,OK: within lot-relative limits (max 0.1 robust-sigma < 5); predicted 168h drift inside the lot safety envelope.
T03,T03-P0309,Iddq,uA,7.8048,8.1961,PASS,0.205,1.12,0.205,8.616,8.687,normal,0.0048,-0.77,False,False,False,False,False,OK: within lot-relative limits (max 1.1 robust-sigma < 5); predicted 168h drift inside the lot safety envelope.
T03,T03-P0310,Iddq,uA,8.0279,8.9678,PASS,0.295,1.2,0.295,9.562,9.7,normal,0.0091,1.34,False,False,False,False,False,OK: within lot-relative limits (max 1.2 robust-sigma < 5); predicted 168h drift inside the lot safety envelope.
T03,T03-P0311,Iddq,uA,7.2472,7.7371,PASS,0.084,0.5,0.084,8.092,8.283,normal,0.005,-0.46,False,False,False,False,False,OK: within lot-relative limits (max 0.5 robust-sigma < 5); predicted 168h drift inside the lot safety envelope.
T03,T03-P0312,Iddq,uA,7.4181,7.9576,PASS,0.25,0.32,0.25,8.377,8.497,normal,0.0057,-0.14,False,False,False,False,False,OK: within lot-relative limits (max 0.3 robust-sigma < 5); predicted 168h drift inside the lot safety envelope.
T03,T03-P0313,Iddq,uA,7.8602,8.4407,PASS,0.26,0.28,0.26,8.876,9.013,normal,0.006,-0.14,False,False,False,False,False,OK: within lot-relative limits (max 0.3 robust-sigma < 5); predicted 168h drift inside the lot safety envelope.
T03,T03-P0314,Iddq,uA,7.9131,9.276,PASS,0.875,3.02,0.875,10.635,10.968,normal,0.0162,4.7,False,False,False,False,False,OK: within lot-relative limits (max 3.0 robust-sigma < 5); predicted 168h drift inside the lot safety envelope.
T03,T03-P0315,Iddq,uA,10.7845,11.9981,PASS,0.803,1.29,0.803,12.751,12.945,normal,0.0117,1.14,False,False,False,False,False,OK: within lot-relative limits (max 1.3 robust-sigma < 5); predicted 168h drift inside the lot safety envelope.
T03,T03-P0316,Iddq,uA,6.9031,7.6142,PASS,0.073,0.73,0.026,8.051,8.223,normal,0.0068,0.76,False,False,False,False,False,OK: within lot-relative limits (max 0.7 robust-sigma < 5); predicted 168h drift inside the lot safety envelope.
T03,T03-P0317,Iddq,uA,8.8254,9.4926,PASS,0.501,0.22,0.501,9.965,10.139,normal,0.0068,-0.14,False,False,False,False,False,OK: within lot-relative limits (max 0.2 robust-sigma < 5); predicted 168h drift inside the lot safety envelope.
T03,T03-P0318,Iddq,uA,7.7617,8.3357,PASS,0.26,0.27,0.26,8.765,8.9,normal,0.006,-0.14,False,False,False,False,False,OK: within lot-relative limits (max 0.3 robust-sigma < 5); predicted 168h drift inside the lot safety envelope.
T03,T03-P0319,Iddq,uA,11.5749,12.3933,PASS,0.856,1.52,0.856,13.006,13.219,normal,0.0085,-0.28,False,False,False,False,False,OK: within lot-relative limits (max 1.5 robust-sigma < 5); predicted 168h drift inside the lot safety envelope.
T03,T03-P0320,Iddq,uA,9.1103,10.1046,PASS,0.591,0.94,0.591,10.815,10.928,normal,0.0101,1.25,False,False,False,False,False,OK: within lot-relative limits (max 0.9 robust-sigma < 5); predicted 168h drift inside the lot safety envelope.
T03,T03-P0321,Iddq,uA,8.2721,8.7838,PASS,0.07,0.7,0.016,9.159,9.356,normal,0.0053,-0.69,False,False,False,False,False,OK: within lot-relative limits (max 0.7 robust-sigma < 5); predicted 168h drift inside the lot safety envelope.
T03,T03-P0322,Iddq,uA,10.225,10.8689,PASS,0.617,0.85,0.617,11.328,11.565,normal,0.0066,-0.67,False,False,False,False,False,OK: within lot-relative limits (max 0.9 robust-sigma < 5); predicted 168h drift inside the lot safety envelope.
T03,T03-P0323,Iddq,uA,8.7292,9.358,PASS,0.41,0.34,0.41,9.863,9.998,normal,0.0068,-0.12,False,False,False,False,False,OK: within lot-relative limits (max 0.3 robust-sigma < 5); predicted 168h drift inside the lot safety envelope.
T03,T03-P0324,Iddq,uA,7.9689,8.7333,PASS,0.095,0.49,0.095,9.266,9.377,normal,0.0077,0.67,False,False,False,False,False,OK: within lot-relative limits (max 0.5 robust-sigma < 5); predicted 168h drift inside the lot safety envelope.
T03,T03-P0325,Iddq,uA,11.534,12.8857,PASS,0.885,1.67,0.885,13.771,13.925,normal,0.0133,1.41,False,False,False,False,False,OK: within lot-relative limits (max 1.7 robust-sigma < 5); predicted 168h drift inside the lot safety envelope.
T03,T03-P0326,Iddq,uA,9.7746,10.4791,PASS,0.595,0.61,0.595,11.044,11.196,normal,0.0076,-0.13,False,False,False,False,False,OK: within lot-relative limits (max 0.6 robust-sigma < 5); predicted 168h drift inside the lot safety envelope.
T03,T03-P0327,Iddq,uA,12.3425,13.2517,PASS,0.935,1.86,0.935,13.902,14.132,normal,0.0093,-0.21,False,False,False,False,False,OK: within lot-relative limits (max 1.9 robust-sigma < 5); predicted 168h drift inside the lot safety envelope.
T03,T03-P0328,Iddq,uA,11.0269,12.2386,PASS,0.815,1.4,0.815,13.038,13.227,normal,0.012,1.14,False,False,False,False,False,OK: within lot-relative limits (max 1.4 robust-sigma < 5); predicted 168h drift inside the lot safety envelope.
T03,T03-P0329,Iddq,uA,10.0621,10.9185,PASS,0.786,0.79,0.786,11.461,11.675,normal,0.0083,0.1,False,False,False,False,False,OK: within lot-relative limits (max 0.8 robust-sigma < 5); predicted 168h drift inside the lot safety envelope.
T03,T03-P0330,Iddq,uA,8.8256,9.6727,PASS,0.532,0.49,0.532,10.262,10.385,normal,0.0085,0.67,False,False,False,False,False,OK: within lot-relative limits (max 0.5 robust-sigma < 5); predicted 168h drift inside the lot safety envelope.
T03,T03-P0331,Iddq,uA,6.9905,7.7418,PASS,0.172,0.88,0.172,8.162,8.355,normal,0.007,0.79,False,False,False,False,False,OK: within lot-relative limits (max 0.9 robust-sigma < 5); predicted 168h drift inside the lot safety envelope.
T03,T03-P0332,Iddq,uA,10.226,11.262,PASS,0.645,0.96,0.645,11.946,12.144,normal,0.0102,0.8,False,False,False,False,False,OK: within lot-relative limits (max 1.0 robust-sigma < 5); predicted 168h drift inside the lot safety envelope.
T03,T03-P0333,Iddq,uA,8.7144,9.3139,PASS,0.092,0.46,0.092,9.798,9.96,normal,0.0064,-0.26,False,False,False,False,False,OK: within lot-relative limits (max 0.5 robust-sigma < 5); predicted 168h drift inside the lot safety envelope.
T03,T03-P0334,Iddq,uA,9.8208,10.4235,PASS,0.509,0.72,0.509,10.88,11.108,normal,0.0063,-0.67,False,False,False,False,False,OK: within lot-relative limits (max 0.7 robust-sigma < 5); predicted 168h drift inside the lot safety envelope.
T03,T03-P0335,Iddq,uA,8.769,9.3575,PASS,0.44,0.52,0.44,9.812,9.991,normal,0.0062,-0.4,False,False,False,False,False,OK: within lot-relative limits (max 0.5 robust-sigma < 5); predicted 168h drift inside the lot safety envelope.
T03,T03-P0336,Iddq,uA,7.617,8.9114,PASS,0.856,2.94,0.856,10.226,10.226,normal,0.0155,4.67,False,False,False,False,False,OK: within lot-relative limits (max 2.9 robust-sigma < 5); predicted 168h drift inside the lot safety envelope.
T03,T03-P0337,Iddq,uA,7.2855,7.7413,PASS,0.068,0.68,0.007,8.054,8.24,normal,0.0046,-0.73,False,False,False,False,False,OK: within lot-relative limits (max 0.7 robust-sigma < 5); predicted 168h drift inside the lot safety envelope.
T03,T03-P0338,Iddq,uA,10.1958,10.5861,PASS,0.822,1.54,0.822,11.112,11.297,normal,0.0055,-1.13,False,False,False,False,False,OK: within lot-relative limits (max 1.5 robust-sigma < 5); predicted 168h drift inside the lot safety envelope.
T03,T03-P0339,Iddq,uA,11.2735,12.377,PASS,0.808,1.46,0.808,13.104,13.265,normal,0.0109,0.66,False,False,False,False,False,OK: within lot-relative limits (max 1.5 robust-sigma < 5); predicted 168h drift inside the lot safety envelope.
T03,T03-P0340,Iddq,uA,8.2963,8.8822,PASS,0.156,0.39,0.156,9.322,9.482,normal,0.0061,-0.28,False,False,False,False,False,OK: within lot-relative limits (max 0.4 robust-sigma < 5); predicted 168h drift inside the lot safety envelope.
T03,T03-P0341,Iddq,uA,9.5076,10.6802,PASS,0.763,1.41,0.763,11.439,11.559,normal,0.0115,1.62,False,False,False,False,False,OK: within lot-relative limits (max 1.4 robust-sigma < 5); predicted 168h drift inside the lot safety envelope.
T03,T03-P0342,Iddq,uA,11.185,12.1254,PASS,0.882,1.35,0.882,12.733,12.978,normal,0.0092,0.08,False,False,False,False,False,OK: within lot-relative limits (max 1.3 robust-sigma < 5); predicted 168h drift inside the lot safety envelope.
T03,T03-P0343,Iddq,uA,74.0438,77.8519,REJECT,1.0,11.47,0.995,81.234,81.862,low,0.0428,-0.95,True,True,True,False,True,STATIC FAIL: Iddq@0h = 74.0 uA exceeds datasheet max 50 uA. | LOT OUTLIER: Iddq@0h = 74.0 uA is 11.5 robust-sigma above lot T03 median (8.7 uA). | LOT OUTLIER: Iddq@24h = 77.9 uA is 11.2 robust-sigma above lot T03 median (9.4 uA). | GUARD BAND: 90% upper forecast for Iddq@168h is 81.9 uA = 164% of datasheet max (guard band 70%).
T03,T03-P0344,Iddq,uA,8.2152,8.9059,PASS,0.378,0.08,0.378,9.352,9.532,normal,0.0068,0.08,False,False,False,False,False,OK: within lot-relative limits (max 0.1 robust-sigma < 5); predicted 168h drift inside the lot safety envelope.
T03,T03-P0345,Iddq,uA,7.1021,7.7749,PASS,0.072,0.45,0.072,8.213,8.343,normal,0.0066,0.52,False,False,False,False,False,OK: within lot-relative limits (max 0.4 robust-sigma < 5); predicted 168h drift inside the lot safety envelope.
T03,T03-P0346,Iddq,uA,10.8772,11.918,PASS,0.77,1.26,0.77,12.599,12.796,normal,0.0103,0.57,False,False,False,False,False,OK: within lot-relative limits (max 1.3 robust-sigma < 5); predicted 168h drift inside the lot safety envelope.
T03,T03-P0347,Iddq,uA,9.2159,10.2331,PASS,0.591,0.98,0.591,10.94,11.055,normal,0.0103,1.25,False,False,False,False,False,OK: within lot-relative limits (max 1.0 robust-sigma < 5); predicted 168h drift inside the lot safety envelope.
T03,T03-P0348,Iddq,uA,8.1352,8.5363,PASS,0.244,1.15,0.244,8.893,9.046,normal,0.0045,-1.05,False,False,False,False,False,OK: within lot-relative limits (max 1.1 robust-sigma < 5); predicted 168h drift inside the lot safety envelope.
T03,T03-P0349,Iddq,uA,6.3605,6.7858,PASS,0.052,0.52,0.032,7.079,7.244,normal,0.0043,-0.55,False,False,False,False,False,OK: within lot-relative limits (max 0.5 robust-sigma < 5); predicted 168h drift inside the lot safety envelope.
T03,T03-P0350,Iddq,uA,8.3471,8.9122,PASS,0.089,0.49,0.089,9.334,9.541,normal,0.0059,-0.41,False,False,False,False,False,OK: within lot-relative limits (max 0.5 robust-sigma < 5); predicted 168h drift inside the lot safety envelope.
T03,T03-P0351,Iddq,uA,10.4966,11.7601,PASS,0.807,1.32,0.807,12.557,12.705,normal,0.0123,1.46,False,False,False,False,False,OK: within lot-relative limits (max 1.3 robust-sigma < 5); predicted 168h drift inside the lot safety envelope.
T03,T03-P0352,Iddq,uA,8.209,9.0352,PASS,0.065,0.65,0.023,9.572,9.708,normal,0.0081,0.75,False,False,False,False,False,OK: within lot-relative limits (max 0.6 robust-sigma < 5); predicted 168h drift inside the lot safety envelope.
T03,T03-P0353,Iddq,uA,8.0895,8.6475,PASS,0.088,0.45,0.088,9.09,9.246,normal,0.006,-0.28,False,False,False,False,False,OK: within lot-relative limits (max 0.4 robust-sigma < 5); predicted 168h drift inside the lot safety envelope.
T03,T03-P0354,Iddq,uA,9.8894,10.5155,PASS,0.519,0.68,0.519,10.956,11.206,normal,0.0063,-0.67,False,False,False,False,False,OK: within lot-relative limits (max 0.7 robust-sigma < 5); predicted 168h drift inside the lot safety envelope.
T03,T03-P0355,Iddq,uA,6.8476,7.6237,PASS,0.214,1.08,0.214,8.098,8.224,normal,0.0074,1.14,False,False,False,False,False,OK: within lot-relative limits (max 1.1 robust-sigma < 5); predicted 168h drift inside the lot safety envelope.
T03,T03-P0356,Iddq,uA,9.001,9.7572,PASS,0.71,0.19,0.71,10.281,10.444,normal,0.0076,0.18,False,False,False,False,False,OK: within lot-relative limits (max 0.2 robust-sigma < 5); predicted 168h drift inside the lot safety envelope.
T03,T03-P0357,Iddq,uA,9.8669,11.5278,REJECT,0.95,2.89,0.95,17.8,17.8,normal,0.0472,12.9,False,False,False,True,False,EARLY REJECT (drift forecast): predicted Iddq@168h = 17.8 uA from 0h/24h readings; drift slope 0.047 uA/h exceeds lot safety slope 0.021 uA/h (12.9 robust-sigma).
T03,T03-P0358,Iddq,uA,7.6228,8.0127,PASS,0.219,1.08,0.219,8.415,8.508,normal,0.0047,-0.77,False,False,False,False,False,OK: within lot-relative limits (max 1.1 robust-sigma < 5); predicted 168h drift inside the lot safety envelope.
T03,T03-P0359,Iddq,uA,7.4902,8.5099,PASS,0.455,1.84,0.455,9.193,9.28,normal,0.0101,2.18,False,False,False,False,False,OK: within lot-relative limits (max 1.8 robust-sigma < 5); predicted 168h drift inside the lot safety envelope.
T03,T03-P0360,Iddq,uA,9.199,9.765,PASS,0.542,0.71,0.542,10.22,10.404,normal,0.0061,-0.6,False,False,False,False,False,OK: within lot-relative limits (max 0.7 robust-sigma < 5); predicted 168h drift inside the lot safety envelope.
T03,T03-P0361,Iddq,uA,8.6394,9.1882,PASS,0.064,0.64,0.023,9.587,9.79,normal,0.0056,-0.63,False,False,False,False,False,OK: within lot-relative limits (max 0.6 robust-sigma < 5); predicted 168h drift inside the lot safety envelope.
T03,T03-P0362,Iddq,uA,8.2663,9.0188,PASS,0.25,0.32,0.25,9.545,9.708,normal,0.0076,0.48,False,False,False,False,False,OK: within lot-relative limits (max 0.3 robust-sigma < 5); predicted 168h drift inside the lot safety envelope.
T03,T03-P0363,Iddq,uA,9.1282,9.8823,PASS,0.772,0.26,0.772,10.406,10.567,normal,0.0076,0.12,False,False,False,False,False,OK: within lot-relative limits (max 0.3 robust-sigma < 5); predicted 168h drift inside the lot safety envelope.
T03,T03-P0364,Iddq,uA,9.2837,9.5712,PASS,0.839,1.81,0.839,9.998,10.158,normal,0.0043,-1.46,False,False,False,False,False,OK: within lot-relative limits (max 1.8 robust-sigma < 5); predicted 168h drift inside the lot safety envelope.
T03,T03-P0365,Iddq,uA,7.335,7.6727,PASS,0.294,1.26,0.294,8.018,8.156,normal,0.0041,-1.05,False,False,False,False,False,OK: within lot-relative limits (max 1.3 robust-sigma < 5); predicted 168h drift inside the lot safety envelope.
T03,T03-P0366,Iddq,uA,7.7223,8.3667,PASS,0.388,0.06,0.388,8.791,8.95,normal,0.0064,0.08,False,False,False,False,False,OK: within lot-relative limits (max 0.1 robust-sigma < 5); predicted 168h drift inside the lot safety envelope.
T03,T03-P0367,Iddq,uA,9.6056,10.3015,PASS,0.592,0.52,0.592,10.868,11.002,normal,0.0075,-0.09,False,False,False,False,False,OK: within lot-relative limits (max 0.5 robust-sigma < 5); predicted 168h drift inside the lot safety envelope.
T03,T03-P0368,Iddq,uA,11.1891,12.1965,PASS,0.844,1.38,0.844,12.915,13.107,normal,0.0103,0.47,False,False,False,False,False,OK: within lot-relative limits (max 1.4 robust-sigma < 5); predicted 168h drift inside the lot safety envelope.
T03,T03-P0369,Iddq,uA,11.449,12.2003,PASS,0.823,1.46,0.823,12.803,12.985,normal,0.0081,-0.41,False,False,False,False,False,OK: within lot-relative limits (max 1.5 robust-sigma < 5); predicted 168h drift inside the lot safety envelope.
T03,T03-P0370,Iddq,uA,7.4471,8.2394,PASS,0.165,0.84,0.165,8.708,8.9,normal,0.0075,0.83,False,False,False,False,False,OK: within lot-relative limits (max 0.8 robust-sigma < 5); predicted 168h drift inside the lot safety envelope.
T03,T03-P0371,Iddq,uA,10.6108,12.0824,PASS,0.904,1.92,0.904,13.039,13.146,normal,0.0145,2.21,False,False,False,False,False,OK: within lot-relative limits (max 1.9 robust-sigma < 5); predicted 168h drift inside the lot safety envelope.
T03,T03-P0372,Iddq,uA,10.1402,10.9532,PASS,0.826,0.81,0.826,11.475,11.685,normal,0.0079,-0.08,False,False,False,False,False,OK: within lot-relative limits (max 0.8 robust-sigma < 5); predicted 168h drift inside the lot safety envelope.
T03,T03-P0373,Iddq,uA,8.6771,9.3316,PASS,0.275,0.22,0.275,9.805,9.969,normal,0.0067,-0.12,False,False,False,False,False,OK: within lot-relative limits (max 0.2 robust-sigma < 5); predicted 168h drift inside the lot safety envelope.
T03,T03-P0374,Iddq,uA,9.6814,10.3595,PASS,0.554,0.56,0.554,10.884,11.066,normal,0.0072,-0.27,False,False,False,False,False,OK: within lot-relative limits (max 0.6 robust-sigma < 5); predicted 168h drift inside the lot safety envelope.
T03,T03-P0375,Iddq,uA,10.2737,10.9166,PASS,0.625,0.88,0.625,11.382,11.62,normal,0.0066,-0.67,False,False,False,False,False,OK: within lot-relative limits (max 0.9 robust-sigma < 5); predicted 168h drift inside the lot safety envelope.
T03,T03-P0376,Iddq,uA,12.3514,13.4646,PASS,0.937,1.9,0.937,14.22,14.463,normal,0.0111,0.4,False,False,False,False,False,OK: within lot-relative limits (max 1.9 robust-sigma < 5); predicted 168h drift inside the lot safety envelope.
T03,T03-P0377,Iddq,uA,7.1449,7.7849,PASS,0.263,0.27,0.263,8.235,8.37,normal,0.0065,0.43,False,False,False,False,False,OK: within lot-relative limits (max 0.3 robust-sigma < 5); predicted 168h drift inside the lot safety envelope.
T03,T03-P0378,Iddq,uA,9.962,10.8921,PASS,0.653,0.78,0.653,11.539,11.702,normal,0.0094,0.57,False,False,False,False,False,OK: within lot-relative limits (max 0.8 robust-sigma < 5); predicted 168h drift inside the lot safety envelope.
T03,T03-P0379,Iddq,uA,8.5222,9.6627,PASS,0.605,1.76,0.605,10.364,10.532,normal,0.011,1.92,False,False,False,False,False,OK: within lot-relative limits (max 1.8 robust-sigma < 5); predicted 168h drift inside the lot safety envelope.
T03,T03-P0380,Iddq,uA,8.3945,9.3091,PASS,0.142,0.93,0.142,9.924,10.07,normal,0.0091,1.13,False,False,False,False,False,OK: within lot-relative limits (max 0.9 robust-sigma < 5); predicted 168h drift inside the lot safety envelope.
T03,T03-P0381,Iddq,uA,11.0999,11.8701,PASS,0.796,1.3,0.796,12.472,12.687,normal,0.0082,-0.28,False,False,False,False,False,OK: within lot-relative limits (max 1.3 robust-sigma < 5); predicted 168h drift inside the lot safety envelope.
T03,T03-P0382,Iddq,uA,10.296,10.9176,PASS,0.61,0.89,0.61,11.406,11.645,normal,0.0066,-0.67,False,False,False,False,False,OK: within lot-relative limits (max 0.9 robust-sigma < 5); predicted 168h drift inside the lot safety envelope.
T03,T03-P0383,Iddq,uA,7.1965,7.8347,PASS,0.247,0.24,0.247,8.281,8.422,normal,0.0065,0.38,False,False,False,False,False,OK: within lot-relative limits (max 0.2 robust-sigma < 5); predicted 168h drift inside the lot safety envelope.
T03,T03-P0384,Iddq,uA,8.138,9.0931,PASS,0.29,1.21,0.29,9.694,9.833,normal,0.0093,1.34,False,False,False,False,False,OK: within lot-relative limits (max 1.2 robust-sigma < 5); predicted 168h drift inside the lot safety envelope.
T03,T03-P0385,Iddq,uA,9.2678,10.1216,PASS,0.562,0.39,0.562,10.749,10.884,normal,0.0088,0.6,False,False,False,False,False,OK: within lot-relative limits (max 0.4 robust-sigma < 5); predicted 168h drift inside the lot safety envelope.
T03,T03-P0386,Iddq,uA,6.6957,7.1383,PASS,0.055,0.55,0.052,7.522,7.604,normal,0.0049,-0.29,False,False,False,False,False,OK: within lot-relative limits (max 0.6 robust-sigma < 5); predicted 168h drift inside the lot safety envelope.
T03,T03-P0387,Iddq,uA,10.2981,10.9501,PASS,0.626,0.89,0.626,11.409,11.669,normal,0.0066,-0.67,False,False,False,False,False,OK: within lot-relative limits (max 0.9 robust-sigma < 5); predicted 168h drift inside the lot safety envelope.
T03,T03-P0388,Iddq,uA,8.6947,9.8861,PASS,0.815,1.87,0.815,10.67,10.772,normal,0.0118,2.17,False,False,False,False,False,OK: within lot-relative limits (max 1.9 robust-sigma < 5); predicted 168h drift inside the lot safety envelope.
T03,T03-P0389,Iddq,uA,9.2212,9.689,PASS,0.598,1.1,0.598,10.214,10.294,normal,0.0059,-0.68,False,False,False,False,False,OK: within lot-relative limits (max 1.1 robust-sigma < 5); predicted 168h drift inside the lot safety envelope.
T03,T03-P0390,Iddq,uA,9.483,10.5029,PASS,0.594,0.88,0.594,11.091,11.333,normal,0.0096,0.83,False,False,False,False,False,OK: within lot-relative limits (max 0.9 robust-sigma < 5); predicted 168h drift inside the lot safety envelope.
T03,T03-P0391,Iddq,uA,12.2619,13.6114,PASS,0.928,1.96,0.928,14.446,14.703,normal,0.013,1.04,False,False,False,False,False,OK: within lot-relative limits (max 2.0 robust-sigma < 5); predicted 168h drift inside the lot safety envelope.
T03,T03-P0392,Iddq,uA,8.8316,9.35,PASS,0.461,0.81,0.461,9.785,9.989,normal,0.0057,-0.67,False,False,False,False,False,OK: within lot-relative limits (max 0.8 robust-sigma < 5); predicted 168h drift inside the lot safety envelope.
T03,T03-P0393,Iddq,uA,8.0613,11.2279,REJECT,0.985,9.49,0.985,16.375,24.573,low,0.0495,16.2,False,True,False,True,False,ABNORMAL DRIFT: Iddq changed +39% from 0h to 24h vs lot median +8% (9.5 robust-sigma). | EARLY REJECT (drift forecast): predicted Iddq@168h = 16.4 uA from 0h/24h readings; drift slope 0.049 uA/h exceeds lot safety slope 0.017 uA/h (16.2 robust-sigma).
T03,T03-P0394,Iddq,uA,12.2697,13.1128,PASS,0.914,1.83,0.914,13.751,14.019,normal,0.0088,-0.35,False,False,False,False,False,OK: within lot-relative limits (max 1.8 robust-sigma < 5); predicted 168h drift inside the lot safety envelope.
T03,T03-P0395,Iddq,uA,7.8763,8.6653,PASS,0.063,0.63,0.023,9.184,9.304,normal,0.0078,0.75,False,False,False,False,False,OK: within lot-relative limits (max 0.6 robust-sigma < 5); predicted 168h drift inside the lot safety envelope.
T03,T03-P0396,Iddq,uA,7.9092,8.2239,PASS,0.384,1.49,0.384,8.573,8.792,normal,0.004,-1.28,False,False,False,False,False,OK: within lot-relative limits (max 1.5 robust-sigma < 5); predicted 168h drift inside the lot safety envelope.
T03,T03-P0397,Iddq,uA,6.5984,6.8881,PASS,0.345,1.34,0.345,7.195,7.341,normal,0.0036,-1.11,False,False,False,False,False,OK: within lot-relative limits (max 1.3 robust-sigma < 5); predicted 168h drift inside the lot safety envelope.
T03,T03-P0398,Iddq,uA,10.7074,11.8873,PASS,0.765,1.24,0.765,12.66,12.844,normal,0.0116,1.14,False,False,False,False,False,OK: within lot-relative limits (max 1.2 robust-sigma < 5); predicted 168h drift inside the lot safety envelope.
T03,T03-P0399,Iddq,uA,9.221,10.0244,PASS,0.675,0.34,0.675,10.596,10.775,normal,0.0082,0.34,False,False,False,False,False,OK: within lot-relative limits (max 0.3 robust-sigma < 5); predicted 168h drift inside the lot safety envelope.
T03,T03-P0400,Iddq,uA,9.685,10.4202,PASS,0.647,0.56,0.647,10.943,11.123,normal,0.0075,-0.13,False,False,False,False,False,OK: within lot-relative limits (max 0.6 robust-sigma < 5); predicted 168h drift inside the lot safety envelope.
T03,T03-P0401,Iddq,uA,8.9336,9.6506,PASS,0.71,0.14,0.71,10.108,10.294,normal,0.007,-0.09,False,False,False,False,False,OK: within lot-relative limits (max 0.1 robust-sigma < 5); predicted 168h drift inside the lot safety envelope.
T03,T03-P0402,Iddq,uA,8.4095,9.1929,PASS,0.159,0.39,0.159,9.739,9.878,normal,0.0079,0.56,False,False,False,False,False,OK: within lot-relative limits (max 0.4 robust-sigma < 5); predicted 168h drift inside the lot safety envelope.
T03,T03-P0403,Iddq,uA,7.633,8.2208,PASS,0.318,0.17,0.318,8.62,8.766,normal,0.0059,-0.14,False,False,False,False,False,OK: within lot-relative limits (max 0.2 robust-sigma < 5); predicted 168h drift inside the lot safety envelope.
T03,T03-P0404,Iddq,uA,7.5703,7.9757,PASS,0.196,1.0,0.196,8.382,8.501,normal,0.0048,-0.69,False,False,False,False,False,OK: within lot-relative limits (max 1.0 robust-sigma < 5); predicted 168h drift inside the lot safety envelope.
T03,T03-P0405,Iddq,uA,9.6284,10.0362,PASS,0.736,1.4,0.736,10.479,10.706,normal,0.0051,-1.17,False,False,False,False,False,OK: within lot-relative limits (max 1.4 robust-sigma < 5); predicted 168h drift inside the lot safety envelope.
T03,T03-P0406,Iddq,uA,9.0426,9.7508,PASS,0.686,0.2,0.686,10.261,10.42,normal,0.0073,-0.01,False,False,False,False,False,OK: within lot-relative limits (max 0.2 robust-sigma < 5); predicted 168h drift inside the lot safety envelope.
T03,T03-P0407,Iddq,uA,11.9273,12.9671,PASS,0.925,1.7,0.925,13.714,13.932,normal,0.0106,0.36,False,False,False,False,False,OK: within lot-relative limits (max 1.7 robust-sigma < 5); predicted 168h drift inside the lot safety envelope.
T03,T03-P0408,Iddq,uA,7.8428,8.0581,PASS,0.467,1.94,0.467,8.406,8.573,normal,0.0034,-1.59,False,False,False,False,False,OK: within lot-relative limits (max 1.9 robust-sigma < 5); predicted 168h drift inside the lot safety envelope.
T03,T03-P0409,Iddq,uA,7.7987,8.6135,PASS,0.086,0.78,0.086,9.109,9.32,normal,0.0078,0.8,False,False,False,False,False,OK: within lot-relative limits (max 0.8 robust-sigma < 5); predicted 168h drift inside the lot safety envelope.
T03,T03-P0410,Iddq,uA,7.2826,7.8765,PASS,0.431,0.01,0.431,8.251,8.392,normal,0.0058,-0.05,False,False,False,False,False,OK: within lot-relative limits (max 0.0 robust-sigma < 5); predicted 168h drift inside the lot safety envelope.
T03,T03-P0411,Iddq,uA,11.1905,13.0328,PASS,0.957,2.77,0.957,14.612,14.612,normal,0.0204,3.9,False,False,False,False,False,OK: within lot-relative limits (max 2.8 robust-sigma < 5); predicted 168h drift inside the lot safety envelope.
T03,T03-P0412,Iddq,uA,6.9905,7.6449,PASS,0.168,0.41,0.168,8.084,8.212,normal,0.0065,0.52,False,False,False,False,False,OK: within lot-relative limits (max 0.4 robust-sigma < 5); predicted 168h drift inside the lot safety envelope.
T03,T03-P0413,Iddq,uA,10.1549,11.0812,PASS,0.731,0.87,0.731,11.804,11.925,normal,0.0098,0.66,False,False,False,False,False,OK: within lot-relative limits (max 0.9 robust-sigma < 5); predicted 168h drift inside the lot safety envelope.
T03,T03-P0414,Iddq,uA,11.5539,13.4185,PASS,0.96,2.67,0.96,14.822,14.822,normal,0.0195,3.41,False,False,False,False,False,OK: within lot-relative limits (max 2.7 robust-sigma < 5); predicted 168h drift inside the lot safety envelope.
T03,T03-P0415,Iddq,uA,8.4044,9.3149,PASS,0.122,0.91,0.122,9.935,10.049,normal,0.0091,1.13,False,False,False,False,False,OK: within lot-relative limits (max 0.9 robust-sigma < 5); predicted 168h drift inside the lot safety envelope.
T03,T03-P0416,Iddq,uA,9.9589,11.217,PASS,0.829,1.51,0.829,11.982,12.123,normal,0.012,1.62,False,False,False,False,False,OK: within lot-relative limits (max 1.5 robust-sigma < 5); predicted 168h drift inside the lot safety envelope.
T03,T03-P0417,Iddq,uA,5.787,6.0184,PASS,0.382,1.48,0.382,6.24,6.433,normal,0.0027,-1.43,False,False,False,False,False,OK: within lot-relative limits (max 1.5 robust-sigma < 5); predicted 168h drift inside the lot safety envelope.
T03,T03-P0418,Iddq,uA,8.1082,9.1164,PASS,0.375,1.45,0.375,9.754,9.87,normal,0.0098,1.62,False,False,False,False,False,OK: within lot-relative limits (max 1.4 robust-sigma < 5); predicted 168h drift inside the lot safety envelope.
T03,T03-P0419,Iddq,uA,6.4352,6.9243,PASS,0.27,0.2,0.27,7.247,7.395,normal,0.0048,-0.22,False,False,False,False,False,OK: within lot-relative limits (max 0.2 robust-sigma < 5); predicted 168h drift inside the lot safety envelope.
T03,T03-P0420,Iddq,uA,9.1735,9.3615,PASS,0.859,2.19,0.859,9.784,10.017,normal,0.0036,-1.73,False,False,False,False,False,OK: within lot-relative limits (max 2.2 robust-sigma < 5); predicted 168h drift inside the lot safety envelope.
T03,T03-P0421,Iddq,uA,8.7604,9.5822,PASS,0.497,0.41,0.497,10.145,10.291,normal,0.0082,0.56,False,False,False,False,False,OK: within lot-relative limits (max 0.4 robust-sigma < 5); predicted 168h drift inside the lot safety envelope.
T03,T03-P0422,Iddq,uA,7.6088,8.4358,PASS,0.132,0.92,0.132,8.995,9.114,normal,0.0082,1.13,False,False,False,False,False,OK: within lot-relative limits (max 0.9 robust-sigma < 5); predicted 168h drift inside the lot safety envelope.
T03,T03-P0423,Iddq,uA,10.4502,11.8092,PASS,0.859,1.64,0.859,12.573,12.818,normal,0.0126,1.62,False,False,False,False,False,OK: within lot-relative limits (max 1.6 robust-sigma < 5); predicted 168h drift inside the lot safety envelope.
T03,T03-P0424,Iddq,uA,9.0832,10.4357,PASS,0.899,2.26,0.899,11.412,11.424,normal,0.0139,2.83,False,False,False,False,False,OK: within lot-relative limits (max 2.3 robust-sigma < 5); predicted 168h drift inside the lot safety envelope.
T03,T03-P0425,Iddq,uA,7.8493,8.5564,PASS,0.256,0.29,0.256,9.064,9.195,normal,0.0072,0.48,False,False,False,False,False,OK: within lot-relative limits (max 0.3 robust-sigma < 5); predicted 168h drift inside the lot safety envelope.
T03,T03-P0426,Iddq,uA,8.0184,8.4711,PASS,0.139,0.89,0.139,8.878,9.004,normal,0.0051,-0.69,False,False,False,False,False,OK: within lot-relative limits (max 0.9 robust-sigma < 5); predicted 168h drift inside the lot safety envelope.
T03,T03-P0427,Iddq,uA,6.6511,7.0864,PASS,0.091,0.57,0.091,7.472,7.553,normal,0.0049,-0.29,False,False,False,False,False,OK: within lot-relative limits (max 0.6 robust-sigma < 5); predicted 168h drift inside the lot safety envelope.
T03,T03-P0428,Iddq,uA,8.5438,9.1909,PASS,0.276,0.21,0.276,9.648,9.812,normal,0.0066,-0.14,False,False,False,False,False,OK: within lot-relative limits (max 0.2 robust-sigma < 5); predicted 168h drift inside the lot safety envelope.
T03,T03-P0429,Iddq,uA,12.9969,14.0925,PASS,0.96,2.14,0.96,14.758,15.075,normal,0.0105,0.01,False,False,False,False,False,OK: within lot-relative limits (max 2.1 robust-sigma < 5); predicted 168h drift inside the lot safety envelope.
T03,T03-P0430,Iddq,uA,7.6997,8.3057,PASS,0.343,0.11,0.343,8.708,8.872,normal,0.006,-0.1,False,False,False,False,False,OK: within lot-relative limits (max 0.1 robust-sigma < 5); predicted 168h drift inside the lot safety envelope.
T03,T03-P0431,Iddq,uA,9.5812,10.4228,PASS,0.654,0.54,0.654,10.978,11.196,normal,0.0083,0.26,False,False,False,False,False,OK: within lot-relative limits (max 0.5 robust-sigma < 5); predicted 168h drift inside the lot safety envelope.
T03,T03-P0432,Iddq,uA,8.0191,8.7792,PASS,0.068,0.45,0.068,9.287,9.42,normal,0.0075,0.56,False,False,False,False,False,OK: within lot-relative limits (max 0.4 robust-sigma < 5); predicted 168h drift inside the lot safety envelope.
T03,T03-P0433,Iddq,uA,10.3615,11.2221,PASS,0.841,0.94,0.841,11.802,11.995,normal,0.0086,0.1,False,False,False,False,False,OK: within lot-relative limits (max 0.9 robust-sigma < 5); predicted 168h drift inside the lot safety envelope.
T03,T03-P0434,Iddq,uA,9.4241,11.0725,PASS,0.953,3.1,0.953,12.607,13.063,normal,0.0189,4.57,False,False,False,False,False,OK: within lot-relative limits (max 3.1 robust-sigma < 5); predicted 168h drift inside the lot safety envelope.
T03,T03-P0435,Iddq,uA,8.2964,9.8418,REJECT,0.95,3.46,0.95,11.758,12.547,normal,0.0206,6.18,False,False,False,True,False,EARLY REJECT (drift forecast): predicted Iddq@168h = 11.8 uA from 0h/24h readings; drift slope 0.021 uA/h exceeds lot safety slope 0.018 uA/h (6.2 robust-sigma).
T03,T03-P0436,Iddq,uA,6.1965,6.6472,PASS,0.25,0.32,0.25,6.959,7.091,normal,0.0045,-0.29,False,False,False,False,False,OK: within lot-relative limits (max 0.3 robust-sigma < 5); predicted 168h drift inside the lot safety envelope.
T03,T03-P0437,Iddq,uA,7.8459,8.4883,PASS,0.437,0.0,0.437,8.905,9.041,normal,0.0063,0.0,False,False,False,False,False,OK: within lot-relative limits (max 0.0 robust-sigma < 5); predicted 168h drift inside the lot safety envelope.
T03,T03-P0438,Iddq,uA,10.8662,11.669,PASS,0.799,1.18,0.799,12.277,12.459,normal,0.0084,-0.13,False,False,False,False,False,OK: within lot-relative limits (max 1.2 robust-sigma < 5); predicted 168h drift inside the lot safety envelope.
T03,T03-P0439,Iddq,uA,8.2831,8.7088,PASS,0.228,1.07,0.228,9.144,9.245,normal,0.0051,-0.77,False,False,False,False,False,OK: within lot-relative limits (max 1.1 robust-sigma < 5); predicted 168h drift inside the lot safety envelope.
T03,T03-P0440,Iddq,uA,9.8071,13.1179,REJECT,0.985,7.97,0.985,26.076,29.217,low,0.0968,23.69,False,True,False,True,False,ABNORMAL DRIFT: Iddq changed +34% from 0h to 24h vs lot median +8% (8.0 robust-sigma). | EARLY REJECT (drift forecast): predicted Iddq@168h = 26.1 uA from 0h/24h readings; drift slope 0.097 uA/h exceeds lot safety slope 0.021 uA/h (23.7 robust-sigma).
T03,T03-P0441,Iddq,uA,8.1018,8.5208,PASS,0.226,1.06,0.226,8.944,9.047,normal,0.005,-0.77,False,False,False,False,False,OK: within lot-relative limits (max 1.1 robust-sigma < 5); predicted 168h drift inside the lot safety envelope.
T03,T03-P0442,Iddq,uA,6.0528,6.3542,PASS,0.231,1.13,0.231,6.647,6.738,normal,0.0035,-0.92,False,False,False,False,False,OK: within lot-relative limits (max 1.1 robust-sigma < 5); predicted 168h drift inside the lot safety envelope.
T03,T03-P0443,Iddq,uA,9.5887,10.3961,PASS,0.74,0.53,0.74,10.922,11.126,normal,0.0079,0.1,False,False,False,False,False,OK: within lot-relative limits (max 0.5 robust-sigma < 5); predicted 168h drift inside the lot safety envelope.
T03,T03-P0444,Iddq,uA,9.3716,10.4596,PASS,0.651,1.17,0.651,11.071,11.323,normal,0.0101,1.11,False,False,False,False,False,OK: within lot-relative limits (max 1.2 robust-sigma < 5); predicted 168h drift inside the lot safety envelope.
T03,T03-P0445,Iddq,uA,7.8471,8.4209,PASS,0.233,0.3,0.233,8.861,8.988,normal,0.006,-0.14,False,False,False,False,False,OK: within lot-relative limits (max 0.3 robust-sigma < 5); predicted 168h drift inside the lot safety envelope.
T03,T03-P0446,Iddq,uA,8.0963,8.8479,PASS,0.18,0.38,0.18,9.377,9.508,normal,0.0076,0.56,False,False,False,False,False,OK: within lot-relative limits (max 0.4 robust-sigma < 5); predicted 168h drift inside the lot safety envelope.
T03,T03-P0447,Iddq,uA,9.2643,10.3277,PASS,0.638,1.13,0.638,10.959,11.194,normal,0.0101,1.15,False,False,False,False,False,OK: within lot-relative limits (max 1.1 robust-sigma < 5); predicted 168h drift inside the lot safety envelope.
T03,T03-P0448,Iddq,uA,7.8786,8.7157,PASS,0.164,0.84,0.164,9.213,9.416,normal,0.0079,0.83,False,False,False,False,False,OK: within lot-relative limits (max 0.8 robust-sigma < 5); predicted 168h drift inside the lot safety envelope.
T03,T03-P0449,Iddq,uA,9.3574,10.2706,PASS,0.521,0.54,0.521,10.897,11.011,normal,0.0092,0.72,False,False,False,False,False,OK: within lot-relative limits (max 0.5 robust-sigma < 5); predicted 168h drift inside the lot safety envelope.
T03,T03-P0450,Iddq,uA,8.4291,9.4185,PASS,0.395,1.21,0.395,10.04,10.184,normal,0.0096,1.34,False,False,False,False,False,OK: within lot-relative limits (max 1.2 robust-sigma < 5); predicted 168h drift inside the lot safety envelope.
T03,T03-P0451,Iddq,uA,5.5665,5.9318,PASS,0.098,0.57,0.098,6.192,6.323,normal,0.0037,-0.56,False,False,False,False,False,OK: within lot-relative limits (max 0.6 robust-sigma < 5); predicted 168h drift inside the lot safety envelope.
T03,T03-P0452,Iddq,uA,8.5,9.4137,PASS,0.346,0.88,0.346,9.939,10.158,normal,0.0086,0.83,False,False,False,False,False,OK: within lot-relative limits (max 0.9 robust-sigma < 5); predicted 168h drift inside the lot safety envelope.
T03,T03-P0453,Iddq,uA,7.8427,8.2374,PASS,0.178,1.11,0.178,8.658,8.74,normal,0.0049,-0.77,False,False,False,False,False,OK: within lot-relative limits (max 1.1 robust-sigma < 5); predicted 168h drift inside the lot safety envelope.
T03,T03-P0454,Iddq,uA,7.4109,8.3425,PASS,0.385,1.49,0.385,8.915,9.021,normal,0.009,1.62,False,False,False,False,False,OK: within lot-relative limits (max 1.5 robust-sigma < 5); predicted 168h drift inside the lot safety envelope.
T03,T03-P0455,Iddq,uA,9.3858,10.3999,PASS,0.614,0.9,0.614,11.097,11.222,normal,0.0102,1.14,False,False,False,False,False,OK: within lot-relative limits (max 0.9 robust-sigma < 5); predicted 168h drift inside the lot safety envelope.
T03,T03-P0456,Iddq,uA,8.0336,8.5156,PASS,0.082,0.77,0.082,8.895,9.086,normal,0.0051,-0.69,False,False,False,False,False,OK: within lot-relative limits (max 0.8 robust-sigma < 5); predicted 168h drift inside the lot safety envelope.
T03,T03-P0457,Iddq,uA,9.9308,10.7154,PASS,0.73,0.7,0.73,11.238,11.443,normal,0.0078,-0.08,False,False,False,False,False,OK: within lot-relative limits (max 0.7 robust-sigma < 5); predicted 168h drift inside the lot safety envelope.
T03,T03-P0458,Iddq,uA,10.8162,11.3805,PASS,0.762,1.16,0.762,11.947,12.095,normal,0.0067,-0.76,False,False,False,False,False,OK: within lot-relative limits (max 1.2 robust-sigma < 5); predicted 168h drift inside the lot safety envelope.
T03,T03-P0459,Iddq,uA,8.9005,10.0614,PASS,0.812,1.65,0.812,10.755,10.918,normal,0.011,1.74,False,False,False,False,False,OK: within lot-relative limits (max 1.7 robust-sigma < 5); predicted 168h drift inside the lot safety envelope.
T03,T03-P0460,Iddq,uA,6.6201,6.8778,PASS,0.396,1.52,0.396,7.197,7.363,normal,0.0034,-1.2,False,False,False,False,False,OK: within lot-relative limits (max 1.5 robust-sigma < 5); predicted 168h drift inside the lot safety envelope.
T03,T03-P0461,Iddq,uA,7.6608,8.1399,PASS,0.068,0.68,0.007,8.482,8.665,normal,0.0049,-0.69,False,False,False,False,False,OK: within lot-relative limits (max 0.7 robust-sigma < 5); predicted 168h drift inside the lot safety envelope.
T03,T03-P0462,Iddq,uA,10.5369,11.2636,PASS,0.704,1.02,0.704,11.846,12.043,normal,0.0078,-0.27,False,False,False,False,False,OK: within lot-relative limits (max 1.0 robust-sigma < 5); predicted 168h drift inside the lot safety envelope.
T03,T03-P0463,Iddq,uA,8.2287,8.9803,PASS,0.253,0.33,0.253,9.53,9.663,normal,0.0077,0.56,False,False,False,False,False,OK: within lot-relative limits (max 0.3 robust-sigma < 5); predicted 168h drift inside the lot safety envelope.
T03,T03-P0464,Iddq,uA,7.7149,8.1966,PASS,0.068,0.68,0.007,8.542,8.726,normal,0.0049,-0.69,False,False,False,False,False,OK: within lot-relative limits (max 0.7 robust-sigma < 5); predicted 168h drift inside the lot safety envelope.
T03,T03-P0465,Iddq,uA,8.6384,9.2301,PASS,0.111,0.47,0.111,9.712,9.873,normal,0.0064,-0.26,False,False,False,False,False,OK: within lot-relative limits (max 0.5 robust-sigma < 5); predicted 168h drift inside the lot safety envelope.
T03,T03-P0466,Iddq,uA,9.4134,10.7505,PASS,0.884,2.04,0.884,11.568,11.71,normal,0.0128,2.21,False,False,False,False,False,OK: within lot-relative limits (max 2.0 robust-sigma < 5); predicted 168h drift inside the lot safety envelope.
T03,T03-P0467,Iddq,uA,9.3603,9.7047,PASS,0.807,1.6,0.807,10.202,10.328,normal,0.005,-1.13,False,False,False,False,False,OK: within lot-relative limits (max 1.6 robust-sigma < 5); predicted 168h drift inside the lot safety envelope.
T03,T03-P0468,Iddq,uA,9.9376,10.8448,PASS,0.668,0.75,0.668,11.551,11.67,normal,0.0096,0.66,False,False,False,False,False,OK: within lot-relative limits (max 0.8 robust-sigma < 5); predicted 168h drift inside the lot safety envelope.
T03,T03-P0469,Iddq,uA,7.4777,8.2638,PASS,0.114,0.8,0.114,8.744,8.937,normal,0.0075,0.83,False,False,False,False,False,OK: within lot-relative limits (max 0.8 robust-sigma < 5); predicted 168h drift inside the lot safety envelope.
T03,T03-P0470,Iddq,uA,8.3598,8.7557,PASS,0.288,1.22,0.288,9.138,9.296,normal,0.0046,-1.05,False,False,False,False,False,OK: within lot-relative limits (max 1.2 robust-sigma < 5); predicted 168h drift inside the lot safety envelope.
T03,T03-P0471,Iddq,uA,8.3376,9.0693,PASS,0.27,0.21,0.27,9.548,9.743,normal,0.0072,0.25,False,False,False,False,False,OK: within lot-relative limits (max 0.2 robust-sigma < 5); predicted 168h drift inside the lot safety envelope.
T03,T03-P0472,Iddq,uA,8.7775,9.2543,PASS,0.445,0.97,0.445,9.725,9.857,normal,0.0056,-0.67,False,False,False,False,False,OK: within lot-relative limits (max 1.0 robust-sigma < 5); predicted 168h drift inside the lot safety envelope.
T03,T03-P0473,Iddq,uA,5.8896,6.2429,PASS,0.082,0.77,0.082,6.487,6.662,normal,0.0036,-0.83,False,False,False,False,False,OK: within lot-relative limits (max 0.8 robust-sigma < 5); predicted 168h drift inside the lot safety envelope.
T03,T03-P0474,Iddq,uA,8.3772,9.038,PASS,0.358,0.1,0.358,9.475,9.653,normal,0.0065,-0.1,False,False,False,False,False,OK: within lot-relative limits (max 0.1 robust-sigma < 5); predicted 168h drift inside the lot safety envelope.
T03,T03-P0475,Iddq,uA,6.7945,7.3476,PASS,0.427,0.02,0.427,7.745,7.834,normal,0.0057,0.12,False,False,False,False,False,OK: within lot-relative limits (max 0.0 robust-sigma < 5); predicted 168h drift inside the lot safety envelope.
T03,T03-P0476,Iddq,uA,11.2566,12.5363,PASS,0.839,1.52,0.839,13.327,13.511,normal,0.0123,1.17,False,False,False,False,False,OK: within lot-relative limits (max 1.5 robust-sigma < 5); predicted 168h drift inside the lot safety envelope.
T03,T03-P0477,Iddq,uA,11.9406,12.8156,PASS,0.906,1.69,0.906,13.521,13.666,normal,0.0094,-0.07,False,False,False,False,False,OK: within lot-relative limits (max 1.7 robust-sigma < 5); predicted 168h drift inside the lot safety envelope.
T03,T03-P0478,Iddq,uA,12.0879,13.6121,PASS,0.939,1.96,0.939,14.548,14.716,normal,0.0146,1.63,False,False,False,False,False,OK: within lot-relative limits (max 2.0 robust-sigma < 5); predicted 168h drift inside the lot safety envelope.
T03,T03-P0479,Iddq,uA,10.1892,11.6449,PASS,0.896,2.06,0.896,12.607,12.694,normal,0.0144,2.4,False,False,False,False,False,OK: within lot-relative limits (max 2.1 robust-sigma < 5); predicted 168h drift inside the lot safety envelope.
T03,T03-P0480,Iddq,uA,8.045,8.9498,PASS,0.206,1.05,0.206,9.51,9.656,normal,0.0087,1.13,False,False,False,False,False,OK: within lot-relative limits (max 1.0 robust-sigma < 5); predicted 168h drift inside the lot safety envelope.
T03,T03-P0481,Iddq,uA,10.4667,11.6589,PASS,0.741,1.14,0.741,12.365,12.646,normal,0.0113,1.11,False,False,False,False,False,OK: within lot-relative limits (max 1.1 robust-sigma < 5); predicted 168h drift inside the lot safety envelope.
T03,T03-P0482,Iddq,uA,8.446,9.2173,PASS,0.241,0.33,0.241,10.205,10.205,normal,0.0105,1.74,False,False,False,False,False,OK: within lot-relative limits (max 0.3 robust-sigma < 5); predicted 168h drift inside the lot safety envelope.
T03,T03-P0483,Iddq,uA,9.9602,10.3859,PASS,0.751,1.38,0.751,10.839,11.075,normal,0.0052,-1.17,False,False,False,False,False,OK: within lot-relative limits (max 1.4 robust-sigma < 5); predicted 168h drift inside the lot safety envelope.
T03,T03-P0484,Iddq,uA,7.3479,8.015,PASS,0.242,0.31,0.242,8.485,8.607,normal,0.0068,0.48,False,False,False,False,False,OK: within lot-relative limits (max 0.3 robust-sigma < 5); predicted 168h drift inside the lot safety envelope.
T03,T03-P0485,Iddq,uA,7.9246,8.7907,PASS,0.126,0.94,0.126,9.368,9.506,normal,0.0086,1.13,False,False,False,False,False,OK: within lot-relative limits (max 0.9 robust-sigma < 5); predicted 168h drift inside the lot safety envelope.
T03,T03-P0486,Iddq,uA,9.6973,10.4888,PASS,0.8,0.58,0.8,11.013,11.174,normal,0.0078,0.02,False,False,False,False,False,OK: within lot-relative limits (max 0.6 robust-sigma < 5); predicted 168h drift inside the lot safety envelope.
T03,T03-P0487,Iddq,uA,12.3765,13.2763,PASS,0.933,1.88,0.933,13.94,14.171,normal,0.0093,-0.21,False,False,False,False,False,OK: within lot-relative limits (max 1.9 robust-sigma < 5); predicted 168h drift inside the lot safety envelope.
T03,T03-P0488,Iddq,uA,8.7396,9.1171,PASS,0.441,1.37,0.441,9.511,9.718,normal,0.0046,-1.17,False,False,False,False,False,OK: within lot-relative limits (max 1.4 robust-sigma < 5); predicted 168h drift inside the lot safety envelope.
T03,T03-P0489,Iddq,uA,13.4017,14.874,PASS,0.964,2.43,0.964,15.709,16.07,normal,0.0137,0.9,False,False,False,False,False,OK: within lot-relative limits (max 2.4 robust-sigma < 5); predicted 168h drift inside the lot safety envelope.
T03,T03-P0490,Iddq,uA,14.7147,12.2502,REJECT,0.987,9.84,0.987,12.667,21.599,low,-0.0122,-7.7,False,True,False,False,False,ABNORMAL DRIFT: Iddq changed -17% from 0h to 24h vs lot median +8% (9.8 robust-sigma).
T03,T03-P0491,Iddq,uA,6.9577,7.3612,PASS,0.159,0.84,0.159,7.692,7.829,normal,0.0044,-0.73,False,False,False,False,False,OK: within lot-relative limits (max 0.8 robust-sigma < 5); predicted 168h drift inside the lot safety envelope.
T03,T03-P0492,Iddq,uA,8.824,9.3729,PASS,0.449,0.69,0.449,9.776,9.98,normal,0.0057,-0.67,False,False,False,False,False,OK: within lot-relative limits (max 0.7 robust-sigma < 5); predicted 168h drift inside the lot safety envelope.
T03,T03-P0493,Iddq,uA,7.2664,8.0578,PASS,0.142,0.93,0.142,8.577,8.719,normal,0.0078,1.09,False,False,False,False,False,OK: within lot-relative limits (max 0.9 robust-sigma < 5); predicted 168h drift inside the lot safety envelope.
T03,T03-P0494,Iddq,uA,8.7566,9.2038,PASS,0.444,1.08,0.444,9.672,9.774,normal,0.0055,-0.76,False,False,False,False,False,OK: within lot-relative limits (max 1.1 robust-sigma < 5); predicted 168h drift inside the lot safety envelope.
T03,T03-P0495,Iddq,uA,7.9395,8.8857,PASS,0.301,1.28,0.301,9.457,9.61,normal,0.009,1.34,False,False,False,False,False,OK: within lot-relative limits (max 1.3 robust-sigma < 5); predicted 168h drift inside the lot safety envelope.
T03,T03-P0496,Iddq,uA,8.6904,9.5905,PASS,0.462,0.75,0.462,10.15,10.351,normal,0.0087,0.8,False,False,False,False,False,OK: within lot-relative limits (max 0.7 robust-sigma < 5); predicted 168h drift inside the lot safety envelope.
T03,T03-P0497,Iddq,uA,10.7387,11.0474,PASS,0.895,1.89,0.895,11.556,11.736,normal,0.0049,-1.48,False,False,False,False,False,OK: within lot-relative limits (max 1.9 robust-sigma < 5); predicted 168h drift inside the lot safety envelope.
T03,T03-P0498,Iddq,uA,10.5704,11.3462,PASS,0.753,1.03,0.753,11.943,12.107,normal,0.0082,-0.13,False,False,False,False,False,OK: within lot-relative limits (max 1.0 robust-sigma < 5); predicted 168h drift inside the lot safety envelope.
T03,T03-P0499,Iddq,uA,9.2632,10.0983,PASS,0.613,0.38,0.613,10.712,10.851,normal,0.0086,0.52,False,False,False,False,False,OK: within lot-relative limits (max 0.4 robust-sigma < 5); predicted 168h drift inside the lot safety envelope.
T03,T03-P0500,Iddq,uA,8.6291,9.7746,PASS,0.727,1.73,0.727,10.622,10.664,normal,0.0119,2.26,False,False,False,False,False,OK: within lot-relative limits (max 1.7 robust-sigma < 5); predicted 168h drift inside the lot safety envelope.
T04,T04-P0001,Iddq,uA,8.126,8.3207,PASS,0.15,0.96,0.15,8.585,8.741,normal,0.0027,-1.01,False,False,False,False,False,OK: within lot-relative limits (max 1.0 robust-sigma < 5); predicted 168h drift inside the lot safety envelope.
T04,T04-P0002,Iddq,uA,6.2245,6.7011,PASS,0.337,1.34,0.337,7.043,7.062,normal,0.0049,2.45,False,False,False,False,False,OK: within lot-relative limits (max 1.3 robust-sigma < 5); predicted 168h drift inside the lot safety envelope.
T04,T04-P0003,Iddq,uA,8.9525,9.2346,PASS,0.48,0.62,0.48,9.547,9.664,normal,0.0035,-0.54,False,False,False,False,False,OK: within lot-relative limits (max 0.6 robust-sigma < 5); predicted 168h drift inside the lot safety envelope.
T04,T04-P0004,Iddq,uA,9.268,9.8135,PASS,0.504,0.58,0.504,10.153,10.337,normal,0.0053,0.82,False,False,False,False,False,OK: within lot-relative limits (max 0.6 robust-sigma < 5); predicted 168h drift inside the lot safety envelope.
T04,T04-P0005,Iddq,uA,10.3461,10.9977,PASS,0.632,0.86,0.632,11.301,11.539,normal,0.0057,0.67,False,False,False,False,False,OK: within lot-relative limits (max 0.9 robust-sigma < 5); predicted 168h drift inside the lot safety envelope.
T04,T04-P0006,Iddq,uA,12.5236,13.1257,PASS,0.932,1.72,0.932,13.552,13.707,normal,0.0061,0.2,False,False,False,False,False,OK: within lot-relative limits (max 1.7 robust-sigma < 5); predicted 168h drift inside the lot safety envelope.
T04,T04-P0007,Iddq,uA,9.0732,9.5953,PASS,0.538,0.52,0.538,9.939,10.077,normal,0.0052,0.82,False,False,False,False,False,OK: within lot-relative limits (max 0.5 robust-sigma < 5); predicted 168h drift inside the lot safety envelope.
T04,T04-P0008,Iddq,uA,10.0862,10.761,PASS,0.597,0.92,0.597,11.127,11.335,normal,0.0062,1.17,False,False,False,False,False,OK: within lot-relative limits (max 0.9 robust-sigma < 5); predicted 168h drift inside the lot safety envelope.
T04,T04-P0009,Iddq,uA,6.962,7.0118,PASS,0.435,1.72,0.435,7.271,7.389,normal,0.0018,-1.59,False,False,False,False,False,OK: within lot-relative limits (max 1.7 robust-sigma < 5); predicted 168h drift inside the lot safety envelope.
T04,T04-P0010,Iddq,uA,10.6349,11.014,PASS,0.686,0.92,0.686,11.363,11.546,normal,0.0043,-0.44,False,False,False,False,False,OK: within lot-relative limits (max 0.9 robust-sigma < 5); predicted 168h drift inside the lot safety envelope.
T04,T04-P0011,Iddq,uA,9.7719,10.4693,PASS,0.624,1.12,0.624,10.873,11.043,normal,0.0066,1.6,False,False,False,False,False,OK: within lot-relative limits (max 1.1 robust-sigma < 5); predicted 168h drift inside the lot safety envelope.
T04,T04-P0012,Iddq,uA,10.9895,11.3011,PASS,0.657,1.07,0.657,11.713,11.855,normal,0.0043,-0.56,False,False,False,False,False,OK: within lot-relative limits (max 1.1 robust-sigma < 5); predicted 168h drift inside the lot safety envelope.
T04,T04-P0013,Iddq,uA,9.6605,9.9506,PASS,0.521,0.69,0.521,10.31,10.428,normal,0.0039,-0.49,False,False,False,False,False,OK: within lot-relative limits (max 0.7 robust-sigma < 5); predicted 168h drift inside the lot safety envelope.
T04,T04-P0014,Iddq,uA,9.34,9.4758,PASS,0.701,1.38,0.701,9.809,9.954,normal,0.0028,-1.31,False,False,False,False,False,OK: within lot-relative limits (max 1.4 robust-sigma < 5); predicted 168h drift inside the lot safety envelope.
T04,T04-P0015,Iddq,uA,11.2514,11.5931,PASS,0.71,1.18,0.71,11.992,12.137,normal,0.0044,-0.56,False,False,False,False,False,OK: within lot-relative limits (max 1.2 robust-sigma < 5); predicted 168h drift inside the lot safety envelope.
T04,T04-P0016,Iddq,uA,7.5513,7.9355,PASS,0.275,0.23,0.275,8.219,8.332,normal,0.004,0.5,False,False,False,False,False,OK: within lot-relative limits (max 0.2 robust-sigma < 5); predicted 168h drift inside the lot safety envelope.
T04,T04-P0017,Iddq,uA,9.4844,10.0816,PASS,0.521,0.75,0.521,10.374,10.578,normal,0.0053,0.74,False,False,False,False,False,OK: within lot-relative limits (max 0.8 robust-sigma < 5); predicted 168h drift inside the lot safety envelope.
T04,T04-P0018,Iddq,uA,10.4334,10.7076,PASS,0.632,0.86,0.632,11.068,11.216,normal,0.0038,-0.8,False,False,False,False,False,OK: within lot-relative limits (max 0.9 robust-sigma < 5); predicted 168h drift inside the lot safety envelope.
T04,T04-P0019,Iddq,uA,7.2908,7.5787,PASS,0.259,0.27,0.259,7.789,7.949,normal,0.003,-0.44,False,False,False,False,False,OK: within lot-relative limits (max 0.3 robust-sigma < 5); predicted 168h drift inside the lot safety envelope.
T04,T04-P0020,Iddq,uA,6.7298,7.2223,PASS,0.286,1.19,0.286,7.648,7.648,normal,0.0055,2.67,False,False,False,False,False,OK: within lot-relative limits (max 1.2 robust-sigma < 5); predicted 168h drift inside the lot safety envelope.
T04,T04-P0021,Iddq,uA,9.0341,10.0083,PASS,0.923,2.65,0.923,10.631,10.67,normal,0.0095,4.42,False,False,False,False,False,OK: within lot-relative limits (max 2.6 robust-sigma < 5); predicted 168h drift inside the lot safety envelope.
T04,T04-P0022,Iddq,uA,8.6342,8.9857,PASS,0.279,0.22,0.279,9.263,9.413,normal,0.0037,-0.23,False,False,False,False,False,OK: within lot-relative limits (max 0.2 robust-sigma < 5); predicted 168h drift inside the lot safety envelope.
T04,T04-P0023,Iddq,uA,9.6675,10.1108,PASS,0.79,0.47,0.79,10.439,10.609,normal,0.0046,0.09,False,False,False,False,False,OK: within lot-relative limits (max 0.5 robust-sigma < 5); predicted 168h drift inside the lot safety envelope.
T04,T04-P0024,Iddq,uA,9.4381,10.0293,PASS,0.525,0.74,0.525,10.323,10.526,normal,0.0053,0.74,False,False,False,False,False,OK: within lot-relative limits (max 0.7 robust-sigma < 5); predicted 168h drift inside the lot safety envelope.
T04,T04-P0025,Iddq,uA,7.3011,7.5942,PASS,0.256,0.24,0.256,7.833,7.96,normal,0.0032,-0.23,False,False,False,False,False,OK: within lot-relative limits (max 0.2 robust-sigma < 5); predicted 168h drift inside the lot safety envelope.
T04,T04-P0026,Iddq,uA,8.9826,9.5658,PASS,0.539,0.84,0.539,9.868,10.037,normal,0.0053,0.96,False,False,False,False,False,OK: within lot-relative limits (max 0.8 robust-sigma < 5); predicted 168h drift inside the lot safety envelope.
T04,T04-P0027,Iddq,uA,10.474,10.9132,PASS,0.774,0.85,0.774,11.243,11.433,normal,0.0046,-0.21,False,False,False,False,False,OK: within lot-relative limits (max 0.8 robust-sigma < 5); predicted 168h drift inside the lot safety envelope.
T04,T04-P0028,Iddq,uA,7.8464,8.1908,PASS,0.378,0.08,0.378,8.457,8.611,normal,0.0036,0.0,False,False,False,False,False,OK: within lot-relative limits (max 0.1 robust-sigma < 5); predicted 168h drift inside the lot safety envelope.
T04,T04-P0029,Iddq,uA,8.021,8.2734,PASS,0.062,0.62,0.033,8.545,8.658,normal,0.0031,-0.59,False,False,False,False,False,OK: within lot-relative limits (max 0.6 robust-sigma < 5); predicted 168h drift inside the lot safety envelope.
T04,T04-P0030,Iddq,uA,6.8481,7.3839,PASS,0.365,1.41,0.365,7.641,7.792,normal,0.0047,1.75,False,False,False,False,False,OK: within lot-relative limits (max 1.4 robust-sigma < 5); predicted 168h drift inside the lot safety envelope.
T04,T04-P0031,Iddq,uA,9.8116,10.2864,PASS,0.709,0.54,0.709,10.581,10.768,normal,0.0046,0.03,False,False,False,False,False,OK: within lot-relative limits (max 0.5 robust-sigma < 5); predicted 168h drift inside the lot safety envelope.
T04,T04-P0032,Iddq,uA,12.1911,12.8113,PASS,0.896,1.6,0.896,13.306,13.409,normal,0.0066,0.63,False,False,False,False,False,OK: within lot-relative limits (max 1.6 robust-sigma < 5); predicted 168h drift inside the lot safety envelope.
T04,T04-P0033,Iddq,uA,6.5755,6.9787,PASS,0.068,0.68,0.007,7.218,7.338,normal,0.0038,0.92,False,False,False,False,False,OK: within lot-relative limits (max 0.7 robust-sigma < 5); predicted 168h drift inside the lot safety envelope.
T04,T04-P0034,Iddq,uA,9.656,10.4273,PASS,0.752,1.48,0.752,10.797,10.986,normal,0.0068,1.85,False,False,False,False,False,OK: within lot-relative limits (max 1.5 robust-sigma < 5); predicted 168h drift inside the lot safety envelope.
T04,T04-P0035,Iddq,uA,10.2124,10.4164,PASS,0.648,1.14,0.648,10.75,10.979,normal,0.0032,-1.19,False,False,False,False,False,OK: within lot-relative limits (max 1.1 robust-sigma < 5); predicted 168h drift inside the lot safety envelope.
T04,T04-P0036,Iddq,uA,7.6001,7.9216,PASS,0.331,0.15,0.331,8.153,8.299,normal,0.0033,-0.23,False,False,False,False,False,OK: within lot-relative limits (max 0.1 robust-sigma < 5); predicted 168h drift inside the lot safety envelope.
T04,T04-P0037,Iddq,uA,7.7444,8.213,PASS,0.065,0.65,0.023,8.455,8.637,normal,0.0042,0.65,False,False,False,False,False,OK: within lot-relative limits (max 0.6 robust-sigma < 5); predicted 168h drift inside the lot safety envelope.
T04,T04-P0038,Iddq,uA,6.9518,7.1658,PASS,0.066,0.66,0.014,7.394,7.504,normal,0.0026,-0.67,False,False,False,False,False,OK: within lot-relative limits (max 0.7 robust-sigma < 5); predicted 168h drift inside the lot safety envelope.
T04,T04-P0039,Iddq,uA,7.2503,7.7382,PASS,0.146,0.94,0.146,7.994,8.155,normal,0.0044,1.15,False,False,False,False,False,OK: within lot-relative limits (max 0.9 robust-sigma < 5); predicted 168h drift inside the lot safety envelope.
T04,T04-P0040,Iddq,uA,8.6094,9.3041,PASS,0.463,1.51,0.463,9.615,9.795,normal,0.006,1.79,False,False,False,False,False,OK: within lot-relative limits (max 1.5 robust-sigma < 5); predicted 168h drift inside the lot safety envelope.
T04,T04-P0041,Iddq,uA,9.4607,9.7734,PASS,0.538,0.55,0.538,10.137,10.212,normal,0.004,-0.3,False,False,False,False,False,OK: within lot-relative limits (max 0.6 robust-sigma < 5); predicted 168h drift inside the lot safety envelope.
T04,T04-P0042,Iddq,uA,67.6001,72.4859,REJECT,0.998,9.98,0.993,74.635,75.843,low,0.0419,1.21,True,True,True,False,True,STATIC FAIL: Iddq@0h = 67.6 uA exceeds datasheet max 50 uA. | LOT OUTLIER: Iddq@24h = 72.5 uA is 10.0 robust-sigma above lot T04 median (9.2 uA). | LOT OUTLIER: Iddq@0h = 67.6 uA is 9.6 robust-sigma above lot T04 median (8.7 uA). | GUARD BAND: 90% upper forecast for Iddq@168h is 75.8 uA = 152% of datasheet max (guard band 70%).
T04,T04-P0043,Iddq,uA,10.0882,10.23,PASS,0.719,1.41,0.719,10.565,10.751,normal,0.0028,-1.45,False,False,False,False,False,OK: within lot-relative limits (max 1.4 robust-sigma < 5); predicted 168h drift inside the lot safety envelope.
T04,T04-P0044,Iddq,uA,8.7526,9.0681,PASS,0.333,0.42,0.333,9.352,9.503,normal,0.0036,-0.44,False,False,False,False,False,OK: within lot-relative limits (max 0.4 robust-sigma < 5); predicted 168h drift inside the lot safety envelope.
T04,T04-P0045,Iddq,uA,6.7046,7.0456,PASS,0.276,0.23,0.276,7.287,7.398,normal,0.0035,0.42,False,False,False,False,False,OK: within lot-relative limits (max 0.2 robust-sigma < 5); predicted 168h drift inside the lot safety envelope.
T04,T04-P0046,Iddq,uA,11.3627,11.4573,PASS,0.876,1.67,0.876,11.892,12.074,normal,0.0032,-1.48,False,False,False,False,False,OK: within lot-relative limits (max 1.7 robust-sigma < 5); predicted 168h drift inside the lot safety envelope.
T04,T04-P0047,Iddq,uA,10.4491,10.8953,PASS,0.79,0.84,0.79,11.216,11.41,normal,0.0046,-0.21,False,False,False,False,False,OK: within lot-relative limits (max 0.8 robust-sigma < 5); predicted 168h drift inside the lot safety envelope.
T04,T04-P0048,Iddq,uA,7.4056,7.665,PASS,0.111,0.47,0.111,7.905,8.014,normal,0.003,-0.49,False,False,False,False,False,OK: within lot-relative limits (max 0.5 robust-sigma < 5); predicted 168h drift inside the lot safety envelope.
T04,T04-P0049,Iddq,uA,11.8659,12.3878,PASS,0.895,1.44,0.895,12.789,12.982,normal,0.0055,-0.0,False,False,False,False,False,OK: within lot-relative limits (max 1.4 robust-sigma < 5); predicted 168h drift inside the lot safety envelope.
T04,T04-P0050,Iddq,uA,9.3926,9.638,PASS,0.588,0.86,0.588,9.93,10.104,normal,0.0032,-0.97,False,False,False,False,False,OK: within lot-relative limits (max 0.9 robust-sigma < 5); predicted 168h drift inside the lot safety envelope.
T04,T04-P0051,Iddq,uA,8.7443,9.3767,PASS,0.466,1.16,0.466,9.724,9.885,normal,0.0058,1.57,False,False,False,False,False,OK: within lot-relative limits (max 1.2 robust-sigma < 5); predicted 168h drift inside the lot safety envelope.
T04,T04-P0052,Iddq,uA,12.0761,12.8629,PASS,0.859,1.62,0.859,13.351,13.491,normal,0.0076,1.28,False,False,False,False,False,OK: within lot-relative limits (max 1.6 robust-sigma < 5); predicted 168h drift inside the lot safety envelope.
T04,T04-P0053,Iddq,uA,5.2792,5.4604,PASS,0.084,0.5,0.084,5.606,5.712,normal,0.0019,-0.75,False,False,False,False,False,OK: within lot-relative limits (max 0.5 robust-sigma < 5); predicted 168h drift inside the lot safety envelope.
T04,T04-P0054,Iddq,uA,6.3188,6.4322,PASS,0.293,1.23,0.293,6.612,6.765,normal,0.0017,-1.49,False,False,False,False,False,OK: within lot-relative limits (max 1.2 robust-sigma < 5); predicted 168h drift inside the lot safety envelope.
T04,T04-P0055,Iddq,uA,9.6485,10.5684,PASS,0.887,2.13,0.887,11.091,11.209,normal,0.0086,3.25,False,False,False,False,False,OK: within lot-relative limits (max 2.1 robust-sigma < 5); predicted 168h drift inside the lot safety envelope.
T04,T04-P0056,Iddq,uA,8.0527,8.3802,PASS,0.279,0.22,0.279,8.639,8.779,normal,0.0035,-0.23,False,False,False,False,False,OK: within lot-relative limits (max 0.2 robust-sigma < 5); predicted 168h drift inside the lot safety envelope.
T04,T04-P0057,Iddq,uA,7.0775,7.4374,PASS,0.276,0.23,0.276,7.692,7.809,normal,0.0037,0.42,False,False,False,False,False,OK: within lot-relative limits (max 0.2 robust-sigma < 5); predicted 168h drift inside the lot safety envelope.
T04,T04-P0058,Iddq,uA,11.4403,11.7717,PASS,0.752,1.26,0.752,12.194,12.341,normal,0.0045,-0.56,False,False,False,False,False,OK: within lot-relative limits (max 1.3 robust-sigma < 5); predicted 168h drift inside the lot safety envelope.
T04,T04-P0059,Iddq,uA,9.3567,9.9187,PASS,0.506,0.63,0.506,10.239,10.436,normal,0.0053,0.76,False,False,False,False,False,OK: within lot-relative limits (max 0.6 robust-sigma < 5); predicted 168h drift inside the lot safety envelope.
T04,T04-P0060,Iddq,uA,6.6237,7.0853,PASS,0.2,1.04,0.2,7.353,7.478,normal,0.0043,1.49,False,False,False,False,False,OK: within lot-relative limits (max 1.0 robust-sigma < 5); predicted 168h drift inside the lot safety envelope.
T04,T04-P0061,Iddq,uA,7.4839,7.7563,PASS,0.168,0.41,0.168,7.992,8.125,normal,0.003,-0.47,False,False,False,False,False,OK: within lot-relative limits (max 0.4 robust-sigma < 5); predicted 168h drift inside the lot safety envelope.
T04,T04-P0062,Iddq,uA,9.9671,10.4908,PASS,0.642,0.63,0.642,10.869,11.002,normal,0.0054,0.59,False,False,False,False,False,OK: within lot-relative limits (max 0.6 robust-sigma < 5); predicted 168h drift inside the lot safety envelope.
T04,T04-P0063,Iddq,uA,11.9358,13.1154,PASS,0.944,2.28,0.944,13.853,13.853,normal,0.0114,3.73,False,False,False,False,False,OK: within lot-relative limits (max 2.3 robust-sigma < 5); predicted 168h drift inside the lot safety envelope.
T04,T04-P0064,Iddq,uA,5.7585,6.1465,PASS,0.126,0.94,0.126,6.321,6.471,normal,0.0034,0.92,False,False,False,False,False,OK: within lot-relative limits (max 0.9 robust-sigma < 5); predicted 168h drift inside the lot safety envelope.
T04,T04-P0065,Iddq,uA,8.7943,9.1638,PASS,0.456,0.16,0.456,9.44,9.6,normal,0.0038,-0.2,False,False,False,False,False,OK: within lot-relative limits (max 0.2 robust-sigma < 5); predicted 168h drift inside the lot safety envelope.
T04,T04-P0066,Iddq,uA,7.8816,8.3738,PASS,0.073,0.73,0.048,8.605,8.79,normal,0.0043,0.65,False,False,False,False,False,OK: within lot-relative limits (max 0.7 robust-sigma < 5); predicted 168h drift inside the lot safety envelope.
T04,T04-P0067,Iddq,uA,6.0961,6.293,PASS,0.067,0.59,0.067,6.477,6.571,normal,0.0023,-0.73,False,False,False,False,False,OK: within lot-relative limits (max 0.6 robust-sigma < 5); predicted 168h drift inside the lot safety envelope.
T04,T04-P0068,Iddq,uA,8.2306,8.6808,PASS,0.157,0.4,0.157,8.986,9.113,normal,0.0045,0.65,False,False,False,False,False,OK: within lot-relative limits (max 0.4 robust-sigma < 5); predicted 168h drift inside the lot safety envelope.
T04,T04-P0069,Iddq,uA,6.2408,6.531,PASS,0.406,0.04,0.406,6.71,6.853,normal,0.0028,-0.12,False,False,False,False,False,OK: within lot-relative limits (max 0.0 robust-sigma < 5); predicted 168h drift inside the lot safety envelope.
T04,T04-P0070,Iddq,uA,7.7018,8.1451,PASS,0.052,0.52,0.032,8.408,8.554,normal,0.0042,0.65,False,False,False,False,False,OK: within lot-relative limits (max 0.5 robust-sigma < 5); predicted 168h drift inside the lot safety envelope.
T04,T04-P0071,Iddq,uA,11.4929,12.0148,PASS,0.895,1.29,0.895,12.394,12.609,normal,0.0054,0.03,False,False,False,False,False,OK: within lot-relative limits (max 1.3 robust-sigma < 5); predicted 168h drift inside the lot safety envelope.
T04,T04-P0072,Iddq,uA,9.4929,9.9224,PASS,0.803,0.38,0.803,10.251,10.418,normal,0.0045,0.09,False,False,False,False,False,OK: within lot-relative limits (max 0.4 robust-sigma < 5); predicted 168h drift inside the lot safety envelope.
T04,T04-P0073,Iddq,uA,10.2421,10.311,PASS,0.842,1.74,0.842,10.719,10.873,normal,0.0028,-1.48,False,False,False,False,False,OK: within lot-relative limits (max 1.7 robust-sigma < 5); predicted 168h drift inside the lot safety envelope.
T04,T04-P0074,Iddq,uA,9.6152,9.9964,PASS,0.63,0.44,0.63,10.3,10.483,normal,0.0041,-0.31,False,False,False,False,False,OK: within lot-relative limits (max 0.4 robust-sigma < 5); predicted 168h drift inside the lot safety envelope.
T04,T04-P0075,Iddq,uA,9.1563,9.5092,PASS,0.569,0.31,0.569,9.81,9.982,normal,0.0039,-0.3,False,False,False,False,False,OK: within lot-relative limits (max 0.3 robust-sigma < 5); predicted 168h drift inside the lot safety envelope.
T04,T04-P0076,Iddq,uA,10.0548,10.8366,PASS,0.752,1.39,0.752,11.226,11.439,normal,0.007,1.77,False,False,False,False,False,OK: within lot-relative limits (max 1.4 robust-sigma < 5); predicted 168h drift inside the lot safety envelope.
T04,T04-P0077,Iddq,uA,36.4297,38.8331,REJECT,0.986,6.96,0.986,39.877,40.713,low,0.0205,0.78,False,True,False,False,True,"LOT OUTLIER: Iddq@24h = 38.8 uA is 7.0 robust-sigma above lot T04 median (9.2 uA); still under datasheet max 50 uA, so a static limit would pass it. | LOT OUTLIER: Iddq@0h = 36.4 uA is 6.7 robust-sigma above lot T04 median (8.7 uA); still under datasheet max 50 uA, so a static limit would pass it. | GUARD BAND: 90% upper forecast for Iddq@168h is 40.7 uA = 81% of datasheet max (guard band 70%)."
T04,T04-P0078,Iddq,uA,8.029,8.3808,PASS,0.378,0.08,0.378,8.654,8.811,normal,0.0037,0.0,False,False,False,False,False,OK: within lot-relative limits (max 0.1 robust-sigma < 5); predicted 168h drift inside the lot safety envelope.
T04,T04-P0079,Iddq,uA,55.2366,57.5291,REJECT,0.991,8.86,0.991,58.892,60.02,low,0.0218,-0.55,True,True,True,False,True,STATIC FAIL: Iddq@0h = 55.2 uA exceeds datasheet max 50 uA. | LOT OUTLIER: Iddq@24h = 57.5 uA is 8.9 robust-sigma above lot T04 median (9.2 uA). | LOT OUTLIER: Iddq@0h = 55.2 uA is 8.7 robust-sigma above lot T04 median (8.7 uA). | GUARD BAND: 90% upper forecast for Iddq@168h is 60.0 uA = 120% of datasheet max (guard band 70%).
T04,T04-P0080,Iddq,uA,7.4007,7.6245,PASS,0.068,0.68,0.007,7.884,7.988,normal,0.0029,-0.59,False,False,False,False,False,OK: within lot-relative limits (max 0.7 robust-sigma < 5); predicted 168h drift inside the lot safety envelope.
T04,T04-P0081,Iddq,uA,7.7935,8.3914,PASS,0.345,1.34,0.345,8.696,8.837,normal,0.0054,1.75,False,False,False,False,False,OK: within lot-relative limits (max 1.3 robust-sigma < 5); predicted 168h drift inside the lot safety envelope.
T04,T04-P0082,Iddq,uA,10.5896,10.998,PASS,0.731,0.9,0.731,11.314,11.545,normal,0.0043,-0.44,False,False,False,False,False,OK: within lot-relative limits (max 0.9 robust-sigma < 5); predicted 168h drift inside the lot safety envelope.
T04,T04-P0083,Iddq,uA,11.5022,12.0005,PASS,0.866,1.29,0.866,12.346,12.556,normal,0.005,-0.21,False,False,False,False,False,OK: within lot-relative limits (max 1.3 robust-sigma < 5); predicted 168h drift inside the lot safety envelope.
T04,T04-P0084,Iddq,uA,7.554,7.806,PASS,0.054,0.54,0.037,8.064,8.154,normal,0.003,-0.49,False,False,False,False,False,OK: within lot-relative limits (max 0.5 robust-sigma < 5); predicted 168h drift inside the lot safety envelope.
T04,T04-P0085,Iddq,uA,7.339,7.692,PASS,0.353,0.11,0.353,7.91,8.054,normal,0.0034,0.0,False,False,False,False,False,OK: within lot-relative limits (max 0.1 robust-sigma < 5); predicted 168h drift inside the lot safety envelope.
T04,T04-P0086,Iddq,uA,9.4462,10.014,PASS,0.531,0.63,0.531,10.332,10.535,normal,0.0053,0.74,False,False,False,False,False,OK: within lot-relative limits (max 0.6 robust-sigma < 5); predicted 168h drift inside the lot safety envelope.
T04,T04-P0087,Iddq,uA,9.1046,9.4153,PASS,0.503,0.51,0.503,9.751,9.848,normal,0.0038,-0.32,False,False,False,False,False,OK: within lot-relative limits (max 0.5 robust-sigma < 5); predicted 168h drift inside the lot safety envelope.
T04,T04-P0088,Iddq,uA,7.5798,7.728,PASS,0.273,1.16,0.273,7.975,8.149,normal,0.0024,-1.22,False,False,False,False,False,OK: within lot-relative limits (max 1.2 robust-sigma < 5); predicted 168h drift inside the lot safety envelope.
T04,T04-P0089,Iddq,uA,9.5035,9.8349,PASS,0.534,0.47,0.534,10.152,10.284,normal,0.0039,-0.45,False,False,False,False,False,OK: within lot-relative limits (max 0.5 robust-sigma < 5); predicted 168h drift inside the lot safety envelope.
T04,T04-P0090,Iddq,uA,9.3242,10.2045,PASS,0.869,2.09,0.869,10.762,10.816,normal,0.0086,3.45,False,False,False,False,False,OK: within lot-relative limits (max 2.1 robust-sigma < 5); predicted 168h drift inside the lot safety envelope.
T04,T04-P0091,Iddq,uA,8.4491,8.6691,PASS,0.135,0.87,0.135,8.926,9.089,normal,0.0028,-1.01,False,False,False,False,False,OK: within lot-relative limits (max 0.9 robust-sigma < 5); predicted 168h drift inside the lot safety envelope.
T04,T04-P0092,Iddq,uA,14.6,15.6168,PASS,0.968,2.56,0.968,16.053,16.431,normal,0.0087,1.01,False,False,False,False,False,OK: within lot-relative limits (max 2.6 robust-sigma < 5); predicted 168h drift inside the lot safety envelope.
T04,T04-P0093,Iddq,uA,11.0558,11.4891,PASS,0.769,1.1,0.769,11.818,12.053,normal,0.0045,-0.42,False,False,False,False,False,OK: within lot-relative limits (max 1.1 robust-sigma < 5); predicted 168h drift inside the lot safety envelope.
T04,T04-P0094,Iddq,uA,10.0437,10.3361,PASS,0.509,0.73,0.509,10.705,10.841,normal,0.0039,-0.56,False,False,False,False,False,OK: within lot-relative limits (max 0.7 robust-sigma < 5); predicted 168h drift inside the lot safety envelope.
T04,T04-P0095,Iddq,uA,10.1545,11.5186,REJECT,0.963,3.73,0.963,17.872,22.22,normal,0.0459,24.7,False,False,False,True,False,EARLY REJECT (drift forecast): predicted Iddq@168h = 17.9 uA from 0h/24h readings; drift slope 0.046 uA/h exceeds lot safety slope 0.012 uA/h (24.7 robust-sigma).
T04,T04-P0096,Iddq,uA,14.9469,16.3602,PASS,0.978,2.78,0.978,16.97,17.293,normal,0.012,2.62,False,False,False,False,False,OK: within lot-relative limits (max 2.8 robust-sigma < 5); predicted 168h drift inside the lot safety envelope.
T04,T04-P0097,Iddq,uA,10.5194,11.097,PASS,0.7,0.91,0.7,11.491,11.647,normal,0.0058,0.67,False,False,False,False,False,OK: within lot-relative limits (max 0.9 robust-sigma < 5); predicted 168h drift inside the lot safety envelope.
T04,T04-P0098,Iddq,uA,7.3811,7.6291,PASS,0.053,0.53,0.044,7.879,7.984,normal,0.003,-0.49,False,False,False,False,False,OK: within lot-relative limits (max 0.5 robust-sigma < 5); predicted 168h drift inside the lot safety envelope.
T04,T04-P0099,Iddq,uA,9.1605,10.0151,PASS,0.87,2.04,0.87,10.573,10.626,normal,0.0084,3.45,False,False,False,False,False,OK: within lot-relative limits (max 2.0 robust-sigma < 5); predicted 168h drift inside the lot safety envelope.
T04,T04-P0100,Iddq,uA,8.6436,9.1123,PASS,0.209,0.38,0.209,9.437,9.57,normal,0.0047,0.65,False,False,False,False,False,OK: within lot-relative limits (max 0.4 robust-sigma < 5); predicted 168h drift inside the lot safety envelope.
T04,T04-P0101,Iddq,uA,7.599,7.8816,PASS,0.218,0.37,0.218,8.115,8.25,normal,0.0031,-0.47,False,False,False,False,False,OK: within lot-relative limits (max 0.4 robust-sigma < 5); predicted 168h drift inside the lot safety envelope.
T04,T04-P0102,Iddq,uA,8.9052,9.5138,PASS,0.533,0.99,0.533,9.865,10.049,normal,0.0057,1.38,False,False,False,False,False,OK: within lot-relative limits (max 1.0 robust-sigma < 5); predicted 168h drift inside the lot safety envelope.
T04,T04-P0103,Iddq,uA,8.9221,9.2139,PASS,0.476,0.57,0.476,9.53,9.631,normal,0.0036,-0.46,False,False,False,False,False,OK: within lot-relative limits (max 0.6 robust-sigma < 5); predicted 168h drift inside the lot safety envelope.
T04,T04-P0104,Iddq,uA,8.4846,10.0058,REJECT,0.975,5.52,0.975,16.619,19.245,low,0.0484,30.09,False,True,False,True,False,ABNORMAL DRIFT: Iddq changed +18% from 0h to 24h vs lot median +5% (5.5 robust-sigma). | EARLY REJECT (drift forecast): predicted Iddq@168h = 16.6 uA from 0h/24h readings; drift slope 0.048 uA/h exceeds lot safety slope 0.010 uA/h (30.1 robust-sigma).
T04,T04-P0105,Iddq,uA,7.8927,8.0507,PASS,0.229,1.14,0.229,8.304,8.485,normal,0.0024,-1.22,False,False,False,False,False,OK: within lot-relative limits (max 1.1 robust-sigma < 5); predicted 168h drift inside the lot safety envelope.
T04,T04-P0106,Iddq,uA,9.7625,10.4203,PASS,0.59,0.94,0.59,10.77,10.981,normal,0.006,1.17,False,False,False,False,False,OK: within lot-relative limits (max 0.9 robust-sigma < 5); predicted 168h drift inside the lot safety envelope.
T04,T04-P0107,Iddq,uA,6.288,6.6608,PASS,0.064,0.6,0.064,6.902,7.017,normal,0.0037,0.92,False,False,False,False,False,OK: within lot-relative limits (max 0.6 robust-sigma < 5); predicted 168h drift inside the lot safety envelope.
T04,T04-P0108,Iddq,uA,9.936,10.4291,PASS,0.679,0.6,0.679,10.958,11.586,normal,0.0061,1.16,False,False,False,False,False,OK: within lot-relative limits (max 0.6 robust-sigma < 5); predicted 168h drift inside the lot safety envelope.
T04,T04-P0109,Iddq,uA,8.4571,8.9342,PASS,0.096,0.47,0.096,9.233,9.364,normal,0.0046,0.65,False,False,False,False,False,OK: within lot-relative limits (max 0.5 robust-sigma < 5); predicted 168h drift inside the lot safety envelope.
T04,T04-P0110,Iddq,uA,8.8847,9.4967,PASS,0.538,1.01,0.538,9.843,10.025,normal,0.0057,1.38,False,False,False,False,False,OK: within lot-relative limits (max 1.0 robust-sigma < 5); predicted 168h drift inside the lot safety envelope.
T04,T04-P0111,Iddq,uA,5.5551,5.4976,PASS,0.687,2.52,0.687,5.687,5.888,normal,0.0008,-2.59,False,False,False,False,False,OK: within lot-relative limits (max 2.5 robust-sigma < 5); predicted 168h drift inside the lot safety envelope.
T04,T04-P0112,Iddq,uA,11.683,12.1445,PASS,0.836,1.36,0.836,12.481,12.708,normal,0.0048,-0.45,False,False,False,False,False,OK: within lot-relative limits (max 1.4 robust-sigma < 5); predicted 168h drift inside the lot safety envelope.
T04,T04-P0113,Iddq,uA,6.1963,6.4069,PASS,0.051,0.51,0.039,6.598,6.703,normal,0.0024,-0.61,False,False,False,False,False,OK: within lot-relative limits (max 0.5 robust-sigma < 5); predicted 168h drift inside the lot safety envelope.
T04,T04-P0114,Iddq,uA,7.238,7.595,PASS,0.319,0.16,0.319,7.801,7.943,normal,0.0034,0.0,False,False,False,False,False,OK: within lot-relative limits (max 0.2 robust-sigma < 5); predicted 168h drift inside the lot safety envelope.
T04,T04-P0115,Iddq,uA,9.7872,10.3307,PASS,0.565,0.56,0.565,10.691,10.836,normal,0.0054,0.67,False,False,False,False,False,OK: within lot-relative limits (max 0.6 robust-sigma < 5); predicted 168h drift inside the lot safety envelope.
T04,T04-P0116,Iddq,uA,7.6432,8.1846,PASS,0.203,1.09,0.203,8.461,8.624,normal,0.0049,1.34,False,False,False,False,False,OK: within lot-relative limits (max 1.1 robust-sigma < 5); predicted 168h drift inside the lot safety envelope.
T04,T04-P0117,Iddq,uA,7.7291,8.261,PASS,0.181,1.01,0.181,8.563,8.721,normal,0.005,1.39,False,False,False,False,False,OK: within lot-relative limits (max 1.0 robust-sigma < 5); predicted 168h drift inside the lot safety envelope.
T04,T04-P0118,Iddq,uA,5.608,5.6913,PASS,0.344,1.37,0.344,5.806,5.974,normal,0.0012,-2.02,False,False,False,False,False,OK: within lot-relative limits (max 1.4 robust-sigma < 5); predicted 168h drift inside the lot safety envelope.
T04,T04-P0119,Iddq,uA,7.8335,8.2578,PASS,0.209,0.37,0.209,8.552,8.673,normal,0.0043,0.65,False,False,False,False,False,OK: within lot-relative limits (max 0.4 robust-sigma < 5); predicted 168h drift inside the lot safety envelope.
T04,T04-P0120,Iddq,uA,8.7925,9.4688,PASS,0.568,1.35,0.568,9.81,9.97,normal,0.0061,1.74,False,False,False,False,False,OK: within lot-relative limits (max 1.4 robust-sigma < 5); predicted 168h drift inside the lot safety envelope.
T04,T04-P0121,Iddq,uA,9.672,10.2779,PASS,0.507,0.74,0.507,10.565,10.787,normal,0.0053,0.67,False,False,False,False,False,OK: within lot-relative limits (max 0.7 robust-sigma < 5); predicted 168h drift inside the lot safety envelope.
T04,T04-P0122,Iddq,uA,8.0739,8.6375,PASS,0.206,1.05,0.206,8.945,9.11,normal,0.0052,1.39,False,False,False,False,False,OK: within lot-relative limits (max 1.0 robust-sigma < 5); predicted 168h drift inside the lot safety envelope.
T04,T04-P0123,Iddq,uA,8.753,9.7805,REJECT,0.941,3.04,0.941,11.038,11.038,normal,0.0136,7.91,False,False,False,True,False,EARLY REJECT (drift forecast): predicted Iddq@168h = 11.0 uA from 0h/24h readings; drift slope 0.014 uA/h exceeds lot safety slope 0.010 uA/h (7.9 robust-sigma).
T04,T04-P0124,Iddq,uA,9.2951,9.6574,PASS,0.608,0.29,0.608,9.963,10.134,normal,0.004,-0.28,False,False,False,False,False,OK: within lot-relative limits (max 0.3 robust-sigma < 5); predicted 168h drift inside the lot safety envelope.
T04,T04-P0125,Iddq,uA,7.5249,8.0515,PASS,0.226,1.06,0.226,8.337,8.491,normal,0.0048,1.39,False,False,False,False,False,OK: within lot-relative limits (max 1.1 robust-sigma < 5); predicted 168h drift inside the lot safety envelope.
T04,T04-P0126,Iddq,uA,7.4501,7.6711,PASS,0.071,0.71,0.016,7.936,8.042,normal,0.0029,-0.59,False,False,False,False,False,OK: within lot-relative limits (max 0.7 robust-sigma < 5); predicted 168h drift inside the lot safety envelope.
T04,T04-P0127,Iddq,uA,12.3194,12.9946,PASS,0.889,1.67,0.889,13.486,13.598,normal,0.0069,0.78,False,False,False,False,False,OK: within lot-relative limits (max 1.7 robust-sigma < 5); predicted 168h drift inside the lot safety envelope.
T04,T04-P0128,Iddq,uA,7.3196,7.5743,PASS,0.103,0.48,0.103,7.813,7.921,normal,0.0029,-0.49,False,False,False,False,False,OK: within lot-relative limits (max 0.5 robust-sigma < 5); predicted 168h drift inside the lot safety envelope.
T04,T04-P0129,Iddq,uA,10.7354,11.4467,PASS,0.716,1.06,0.716,11.843,12.03,normal,0.0066,1.17,False,False,False,False,False,OK: within lot-relative limits (max 1.1 robust-sigma < 5); predicted 168h drift inside the lot safety envelope.
T04,T04-P0130,Iddq,uA,8.6028,8.8383,PASS,0.12,0.81,0.12,9.127,9.286,normal,0.0031,-0.8,False,False,False,False,False,OK: within lot-relative limits (max 0.8 robust-sigma < 5); predicted 168h drift inside the lot safety envelope.
T04,T04-P0131,Iddq,uA,11.3037,11.8037,PASS,0.871,1.21,0.871,12.19,12.405,normal,0.0053,0.03,False,False,False,False,False,OK: within lot-relative limits (max 1.2 robust-sigma < 5); predicted 168h drift inside the lot safety envelope.
T04,T04-P0132,Iddq,uA,7.5465,7.7456,PASS,0.173,0.85,0.173,8.001,8.126,normal,0.0027,-0.83,False,False,False,False,False,OK: within lot-relative limits (max 0.9 robust-sigma < 5); predicted 168h drift inside the lot safety envelope.
T04,T04-P0133,Iddq,uA,9.4475,9.7503,PASS,0.55,0.6,0.55,10.091,10.198,normal,0.0038,-0.45,False,False,False,False,False,OK: within lot-relative limits (max 0.6 robust-sigma < 5); predicted 168h drift inside the lot safety envelope.
T04,T04-P0134,Iddq,uA,9.0394,9.5879,PASS,0.534,0.66,0.534,9.873,10.082,normal,0.005,0.67,False,False,False,False,False,OK: within lot-relative limits (max 0.7 robust-sigma < 5); predicted 168h drift inside the lot safety envelope.
T04,T04-P0135,Iddq,uA,8.0442,8.4425,PASS,0.318,0.17,0.318,8.712,8.828,normal,0.004,0.24,False,False,False,False,False,OK: within lot-relative limits (max 0.2 robust-sigma < 5); predicted 168h drift inside the lot safety envelope.
T04,T04-P0136,Iddq,uA,8.9419,9.4557,PASS,0.504,0.52,0.504,9.766,9.931,normal,0.0049,0.67,False,False,False,False,False,OK: within lot-relative limits (max 0.5 robust-sigma < 5); predicted 168h drift inside the lot safety envelope.
T04,T04-P0137,Iddq,uA,7.4105,7.6901,PASS,0.173,0.35,0.173,7.913,8.046,normal,0.003,-0.47,False,False,False,False,False,OK: within lot-relative limits (max 0.3 robust-sigma < 5); predicted 168h drift inside the lot safety envelope.
T04,T04-P0138,Iddq,uA,8.319,9.121,PASS,0.5,2.17,0.5,9.609,9.666,normal,0.0077,3.49,False,False,False,False,False,OK: within lot-relative limits (max 2.2 robust-sigma < 5); predicted 168h drift inside the lot safety envelope.
T04,T04-P0139,Iddq,uA,8.0464,8.179,PASS,0.321,1.3,0.321,8.425,8.575,normal,0.0023,-1.46,False,False,False,False,False,OK: within lot-relative limits (max 1.3 robust-sigma < 5); predicted 168h drift inside the lot safety envelope.
T04,T04-P0140,Iddq,uA,58.2903,61.9613,REJECT,0.991,9.22,0.991,63.245,64.518,low,0.0295,0.34,True,True,True,False,True,STATIC FAIL: Iddq@0h = 58.3 uA exceeds datasheet max 50 uA. | LOT OUTLIER: Iddq@24h = 62.0 uA is 9.2 robust-sigma above lot T04 median (9.2 uA). | LOT OUTLIER: Iddq@0h = 58.3 uA is 8.9 robust-sigma above lot T04 median (8.7 uA). | GUARD BAND: 90% upper forecast for Iddq@168h is 64.5 uA = 129% of datasheet max (guard band 70%).
T04,T04-P0141,Iddq,uA,8.3887,9.0962,PASS,0.419,1.67,0.419,9.474,9.61,normal,0.0065,2.36,False,False,False,False,False,OK: within lot-relative limits (max 1.7 robust-sigma < 5); predicted 168h drift inside the lot safety envelope.
T04,T04-P0142,Iddq,uA,6.4401,6.7182,PASS,0.35,0.11,0.35,6.941,7.036,normal,0.003,-0.0,False,False,False,False,False,OK: within lot-relative limits (max 0.1 robust-sigma < 5); predicted 168h drift inside the lot safety envelope.
T04,T04-P0143,Iddq,uA,7.9092,8.2245,PASS,0.237,0.25,0.237,8.456,8.623,normal,0.0033,-0.4,False,False,False,False,False,OK: within lot-relative limits (max 0.3 robust-sigma < 5); predicted 168h drift inside the lot safety envelope.
T04,T04-P0144,Iddq,uA,8.5278,9.8524,REJECT,0.967,4.57,0.967,14.984,20.598,normal,0.0384,24.62,False,False,False,True,False,EARLY REJECT (drift forecast): predicted Iddq@168h = 15.0 uA from 0h/24h readings; drift slope 0.038 uA/h exceeds lot safety slope 0.010 uA/h (24.6 robust-sigma).
T04,T04-P0145,Iddq,uA,7.1922,7.643,PASS,0.074,0.74,0.072,7.852,8.022,normal,0.0039,0.65,False,False,False,False,False,OK: within lot-relative limits (max 0.7 robust-sigma < 5); predicted 168h drift inside the lot safety envelope.
T04,T04-P0146,Iddq,uA,11.0618,11.5911,PASS,0.826,1.12,0.826,11.929,12.14,normal,0.0052,0.03,False,False,False,False,False,OK: within lot-relative limits (max 1.1 robust-sigma < 5); predicted 168h drift inside the lot safety envelope.
T04,T04-P0147,Iddq,uA,9.2605,9.7899,PASS,0.505,0.5,0.505,10.144,10.285,normal,0.0053,0.82,False,False,False,False,False,OK: within lot-relative limits (max 0.5 robust-sigma < 5); predicted 168h drift inside the lot safety envelope.
T04,T04-P0148,Iddq,uA,10.1023,10.2601,PASS,0.691,1.33,0.691,10.583,10.766,normal,0.0029,-1.43,False,False,False,False,False,OK: within lot-relative limits (max 1.3 robust-sigma < 5); predicted 168h drift inside the lot safety envelope.
T04,T04-P0149,Iddq,uA,7.2323,7.7188,PASS,0.146,0.94,0.146,7.974,8.135,normal,0.0044,1.15,False,False,False,False,False,OK: within lot-relative limits (max 0.9 robust-sigma < 5); predicted 168h drift inside the lot safety envelope.
T04,T04-P0150,Iddq,uA,7.9886,8.1362,PASS,0.289,1.21,0.289,8.379,8.552,normal,0.0023,-1.37,False,False,False,False,False,OK: within lot-relative limits (max 1.2 robust-sigma < 5); predicted 168h drift inside the lot safety envelope.
T04,T04-P0151,Iddq,uA,10.3036,10.9625,PASS,0.635,0.85,0.635,11.273,11.513,normal,0.0058,0.76,False,False,False,False,False,OK: within lot-relative limits (max 0.8 robust-sigma < 5); predicted 168h drift inside the lot safety envelope.
T04,T04-P0152,Iddq,uA,6.4471,6.5847,PASS,0.214,1.08,0.214,6.781,6.932,normal,0.002,-1.23,False,False,False,False,False,OK: within lot-relative limits (max 1.1 robust-sigma < 5); predicted 168h drift inside the lot safety envelope.
T04,T04-P0153,Iddq,uA,9.2823,9.3622,PASS,0.781,1.65,0.781,9.742,9.87,normal,0.0027,-1.34,False,False,False,False,False,OK: within lot-relative limits (max 1.7 robust-sigma < 5); predicted 168h drift inside the lot safety envelope.
T04,T04-P0154,Iddq,uA,8.6162,9.4207,PASS,0.706,2.05,0.706,9.896,9.995,normal,0.0076,3.2,False,False,False,False,False,OK: within lot-relative limits (max 2.0 robust-sigma < 5); predicted 168h drift inside the lot safety envelope.
T04,T04-P0155,Iddq,uA,7.9185,8.1412,PASS,0.077,0.77,0.075,8.435,8.547,normal,0.0031,-0.59,False,False,False,False,False,OK: within lot-relative limits (max 0.8 robust-sigma < 5); predicted 168h drift inside the lot safety envelope.
T04,T04-P0156,Iddq,uA,8.8243,9.0616,PASS,0.449,0.83,0.449,9.361,9.499,normal,0.0032,-0.8,False,False,False,False,False,OK: within lot-relative limits (max 0.8 robust-sigma < 5); predicted 168h drift inside the lot safety envelope.
T04,T04-P0157,Iddq,uA,6.9786,7.547,PASS,0.398,1.54,0.398,7.815,7.94,normal,0.005,1.93,False,False,False,False,False,OK: within lot-relative limits (max 1.5 robust-sigma < 5); predicted 168h drift inside the lot safety envelope.
T04,T04-P0158,Iddq,uA,8.8354,9.4901,PASS,0.575,1.23,0.575,9.863,10.01,normal,0.0061,1.77,False,False,False,False,False,OK: within lot-relative limits (max 1.2 robust-sigma < 5); predicted 168h drift inside the lot safety envelope.
T04,T04-P0159,Iddq,uA,6.7468,7.1344,PASS,0.052,0.52,0.042,7.355,7.494,normal,0.0036,0.57,False,False,False,False,False,OK: within lot-relative limits (max 0.5 robust-sigma < 5); predicted 168h drift inside the lot safety envelope.
T04,T04-P0160,Iddq,uA,36.7979,37.9551,REJECT,0.986,6.85,0.986,38.958,39.602,low,0.0129,-0.9,False,True,False,False,True,"LOT OUTLIER: Iddq@24h = 38.0 uA is 6.9 robust-sigma above lot T04 median (9.2 uA); still under datasheet max 50 uA, so a static limit would pass it. | LOT OUTLIER: Iddq@0h = 36.8 uA is 6.8 robust-sigma above lot T04 median (8.7 uA); still under datasheet max 50 uA, so a static limit would pass it. | GUARD BAND: 90% upper forecast for Iddq@168h is 39.6 uA = 79% of datasheet max (guard band 70%)."
T04,T04-P0161,Iddq,uA,10.9848,11.3686,PASS,0.695,1.07,0.695,11.732,11.887,normal,0.0044,-0.46,False,False,False,False,False,OK: within lot-relative limits (max 1.1 robust-sigma < 5); predicted 168h drift inside the lot safety envelope.
T04,T04-P0162,Iddq,uA,7.3555,8.4532,REJECT,0.95,4.33,0.95,11.688,14.151,normal,0.0258,19.56,False,False,False,True,False,EARLY REJECT (drift forecast): predicted Iddq@168h = 11.7 uA from 0h/24h readings; drift slope 0.026 uA/h exceeds lot safety slope 0.008 uA/h (19.6 robust-sigma).
T04,T04-P0163,Iddq,uA,5.658,5.8357,PASS,0.063,0.63,0.034,5.996,6.109,normal,0.002,-0.85,False,False,False,False,False,OK: within lot-relative limits (max 0.6 robust-sigma < 5); predicted 168h drift inside the lot safety envelope.
T04,T04-P0164,Iddq,uA,10.2881,10.81,PASS,0.696,0.78,0.696,11.204,11.359,normal,0.0055,0.52,False,False,False,False,False,OK: within lot-relative limits (max 0.8 robust-sigma < 5); predicted 168h drift inside the lot safety envelope.
T04,T04-P0165,Iddq,uA,7.2431,7.7989,PASS,0.345,1.34,0.345,8.082,8.213,normal,0.005,1.75,False,False,False,False,False,OK: within lot-relative limits (max 1.3 robust-sigma < 5); predicted 168h drift inside the lot safety envelope.
T04,T04-P0166,Iddq,uA,4.38,4.6834,PASS,0.194,1.03,0.194,4.831,4.946,normal,0.0027,1.17,False,False,False,False,False,OK: within lot-relative limits (max 1.0 robust-sigma < 5); predicted 168h drift inside the lot safety envelope.
T04,T04-P0167,Iddq,uA,8.3427,9.0122,PASS,0.385,1.49,0.385,9.323,9.492,normal,0.0058,1.82,False,False,False,False,False,OK: within lot-relative limits (max 1.5 robust-sigma < 5); predicted 168h drift inside the lot safety envelope.
T04,T04-P0168,Iddq,uA,10.1157,10.6996,PASS,0.557,0.73,0.557,11.05,11.235,normal,0.0056,0.67,False,False,False,False,False,OK: within lot-relative limits (max 0.7 robust-sigma < 5); predicted 168h drift inside the lot safety envelope.
T04,T04-P0169,Iddq,uA,9.0955,9.451,PASS,0.555,0.29,0.555,9.75,9.916,normal,0.0039,-0.28,False,False,False,False,False,OK: within lot-relative limits (max 0.3 robust-sigma < 5); predicted 168h drift inside the lot safety envelope.
T04,T04-P0170,Iddq,uA,11.8769,12.4293,PASS,0.907,1.45,0.907,12.801,12.994,normal,0.0055,-0.0,False,False,False,False,False,OK: within lot-relative limits (max 1.5 robust-sigma < 5); predicted 168h drift inside the lot safety envelope.
T04,T04-P0171,Iddq,uA,8.2592,8.9459,PASS,0.415,1.62,0.415,9.291,9.44,normal,0.0061,2.15,False,False,False,False,False,OK: within lot-relative limits (max 1.6 robust-sigma < 5); predicted 168h drift inside the lot safety envelope.
T04,T04-P0172,Iddq,uA,9.5751,9.9199,PASS,0.545,0.42,0.545,10.244,10.396,normal,0.004,-0.37,False,False,False,False,False,OK: within lot-relative limits (max 0.4 robust-sigma < 5); predicted 168h drift inside the lot safety envelope.
T04,T04-P0173,Iddq,uA,6.9888,7.2984,PASS,0.389,0.06,0.389,7.521,7.67,normal,0.0032,-0.08,False,False,False,False,False,OK: within lot-relative limits (max 0.1 robust-sigma < 5); predicted 168h drift inside the lot safety envelope.
T04,T04-P0174,Iddq,uA,8.9685,9.4473,PASS,0.526,0.34,0.526,9.778,9.93,normal,0.0048,0.58,False,False,False,False,False,OK: within lot-relative limits (max 0.3 robust-sigma < 5); predicted 168h drift inside the lot safety envelope.
T04,T04-P0175,Iddq,uA,11.5045,11.8609,PASS,0.759,1.29,0.759,12.262,12.41,normal,0.0045,-0.56,False,False,False,False,False,OK: within lot-relative limits (max 1.3 robust-sigma < 5); predicted 168h drift inside the lot safety envelope.
T04,T04-P0176,Iddq,uA,9.3459,8.0117,REJECT,0.984,9.11,0.984,7.934,14.074,low,-0.0084,-12.03,False,True,False,False,False,ABNORMAL DRIFT: Iddq changed -14% from 0h to 24h vs lot median +5% (9.1 robust-sigma).
T04,T04-P0177,Iddq,uA,8.9126,9.1179,PASS,0.466,1.0,0.466,9.402,9.588,normal,0.0029,-1.08,False,False,False,False,False,OK: within lot-relative limits (max 1.0 robust-sigma < 5); predicted 168h drift inside the lot safety envelope.
T04,T04-P0178,Iddq,uA,5.8793,5.9991,PASS,0.221,1.12,0.221,6.154,6.308,normal,0.0016,-1.48,False,False,False,False,False,OK: within lot-relative limits (max 1.1 robust-sigma < 5); predicted 168h drift inside the lot safety envelope.
T04,T04-P0179,Iddq,uA,8.0862,8.0661,PASS,0.499,2.16,0.499,8.43,8.572,normal,0.002,-1.67,False,False,False,False,False,OK: within lot-relative limits (max 2.2 robust-sigma < 5); predicted 168h drift inside the lot safety envelope.
T04,T04-P0180,Iddq,uA,6.6553,7.0911,PASS,0.159,0.86,0.159,7.353,7.462,normal,0.0042,1.25,False,False,False,False,False,OK: within lot-relative limits (max 0.9 robust-sigma < 5); predicted 168h drift inside the lot safety envelope.
T04,T04-P0181,Iddq,uA,10.101,10.2882,PASS,0.649,1.2,0.649,10.6,10.813,normal,0.003,-1.34,False,False,False,False,False,OK: within lot-relative limits (max 1.2 robust-sigma < 5); predicted 168h drift inside the lot safety envelope.
T04,T04-P0182,Iddq,uA,7.4118,7.7031,PASS,0.26,0.28,0.26,7.918,8.081,normal,0.003,-0.44,False,False,False,False,False,OK: within lot-relative limits (max 0.3 robust-sigma < 5); predicted 168h drift inside the lot safety envelope.
T04,T04-P0183,Iddq,uA,9.2075,9.6235,PASS,0.777,0.24,0.777,9.957,10.105,normal,0.0045,0.17,False,False,False,False,False,OK: within lot-relative limits (max 0.2 robust-sigma < 5); predicted 168h drift inside the lot safety envelope.
T04,T04-P0184,Iddq,uA,7.0483,7.1275,PASS,0.397,1.53,0.397,7.411,7.511,normal,0.0022,-1.25,False,False,False,False,False,OK: within lot-relative limits (max 1.5 robust-sigma < 5); predicted 168h drift inside the lot safety envelope.
T04,T04-P0185,Iddq,uA,12.3265,12.7395,PASS,0.866,1.61,0.866,13.194,13.297,normal,0.0052,-0.35,False,False,False,False,False,OK: within lot-relative limits (max 1.6 robust-sigma < 5); predicted 168h drift inside the lot safety envelope.
T04,T04-P0186,Iddq,uA,6.8196,6.9738,PASS,0.194,1.02,0.194,7.179,7.332,normal,0.0021,-1.19,False,False,False,False,False,OK: within lot-relative limits (max 1.0 robust-sigma < 5); predicted 168h drift inside the lot safety envelope.
T04,T04-P0187,Iddq,uA,8.7147,9.3471,PASS,0.456,1.17,0.456,9.691,9.851,normal,0.0058,1.57,False,False,False,False,False,OK: within lot-relative limits (max 1.2 robust-sigma < 5); predicted 168h drift inside the lot safety envelope.
T04,T04-P0188,Iddq,uA,13.777,14.3474,PASS,0.958,2.15,0.958,14.742,14.988,normal,0.0057,-0.36,False,False,False,False,False,OK: within lot-relative limits (max 2.1 robust-sigma < 5); predicted 168h drift inside the lot safety envelope.
T04,T04-P0189,Iddq,uA,8.8814,9.6233,PASS,0.774,1.63,0.774,9.99,10.163,normal,0.0066,2.15,False,False,False,False,False,OK: within lot-relative limits (max 1.6 robust-sigma < 5); predicted 168h drift inside the lot safety envelope.
T04,T04-P0190,Iddq,uA,7.3059,7.6353,PASS,0.421,0.02,0.421,7.874,8.018,normal,0.0034,0.0,False,False,False,False,False,OK: within lot-relative limits (max 0.0 robust-sigma < 5); predicted 168h drift inside the lot safety envelope.
T04,T04-P0191,Iddq,uA,9.4578,9.896,PASS,0.797,0.37,0.797,10.201,10.379,normal,0.0044,0.03,False,False,False,False,False,OK: within lot-relative limits (max 0.4 robust-sigma < 5); predicted 168h drift inside the lot safety envelope.
T04,T04-P0192,Iddq,uA,10.2883,10.5821,PASS,0.552,0.76,0.552,10.966,11.098,normal,0.004,-0.56,False,False,False,False,False,OK: within lot-relative limits (max 0.8 robust-sigma < 5); predicted 168h drift inside the lot safety envelope.
T04,T04-P0193,Iddq,uA,10.3293,10.8,PASS,0.846,0.78,0.846,11.139,11.336,normal,0.0048,0.03,False,False,False,False,False,OK: within lot-relative limits (max 0.8 robust-sigma < 5); predicted 168h drift inside the lot safety envelope.
T04,T04-P0194,Iddq,uA,5.8798,6.0048,PASS,0.216,1.08,0.216,6.167,6.308,normal,0.0017,-1.37,False,False,False,False,False,OK: within lot-relative limits (max 1.1 robust-sigma < 5); predicted 168h drift inside the lot safety envelope.
T04,T04-P0195,Iddq,uA,8.8563,9.2967,PASS,0.504,0.18,0.504,9.639,10.045,normal,0.0047,0.49,False,False,False,False,False,OK: within lot-relative limits (max 0.2 robust-sigma < 5); predicted 168h drift inside the lot safety envelope.
T04,T04-P0196,Iddq,uA,5.7729,5.9555,PASS,0.062,0.62,0.049,6.118,6.233,normal,0.0021,-0.85,False,False,False,False,False,OK: within lot-relative limits (max 0.6 robust-sigma < 5); predicted 168h drift inside the lot safety envelope.
T04,T04-P0197,Iddq,uA,12.2773,13.5448,PASS,0.957,2.46,0.957,14.477,14.477,normal,0.0131,4.53,False,False,False,False,False,OK: within lot-relative limits (max 2.5 robust-sigma < 5); predicted 168h drift inside the lot safety envelope.
T04,T04-P0198,Iddq,uA,8.6889,8.958,PASS,0.065,0.65,0.023,9.262,9.379,normal,0.0034,-0.56,False,False,False,False,False,OK: within lot-relative limits (max 0.6 robust-sigma < 5); predicted 168h drift inside the lot safety envelope.
T04,T04-P0199,Iddq,uA,7.878,8.1171,PASS,0.067,0.67,0.004,8.392,8.504,normal,0.0031,-0.59,False,False,False,False,False,OK: within lot-relative limits (max 0.7 robust-sigma < 5); predicted 168h drift inside the lot safety envelope.
T04,T04-P0200,Iddq,uA,9.653,10.3952,PASS,0.693,1.35,0.693,10.777,10.946,normal,0.0067,1.77,False,False,False,False,False,OK: within lot-relative limits (max 1.4 robust-sigma < 5); predicted 168h drift inside the lot safety envelope.
T04,T04-P0201,Iddq,uA,9.5066,10.3886,PASS,0.871,2.02,0.871,10.928,11.025,normal,0.0085,3.25,False,False,False,False,False,OK: within lot-relative limits (max 2.0 robust-sigma < 5); predicted 168h drift inside the lot safety envelope.
T04,T04-P0202,Iddq,uA,6.7157,7.0699,PASS,0.244,0.31,0.244,7.308,7.422,normal,0.0035,0.48,False,False,False,False,False,OK: within lot-relative limits (max 0.3 robust-sigma < 5); predicted 168h drift inside the lot safety envelope.
T04,T04-P0203,Iddq,uA,11.6057,13.0944,REJECT,0.966,3.49,0.966,18.193,28.415,normal,0.0392,18.87,False,False,False,True,False,EARLY REJECT (drift forecast): predicted Iddq@168h = 18.2 uA from 0h/24h readings; drift slope 0.039 uA/h exceeds lot safety slope 0.013 uA/h (18.9 robust-sigma).
T04,T04-P0204,Iddq,uA,8.1888,8.488,PASS,0.17,0.4,0.17,8.744,8.891,normal,0.0033,-0.47,False,False,False,False,False,OK: within lot-relative limits (max 0.4 robust-sigma < 5); predicted 168h drift inside the lot safety envelope.
T04,T04-P0205,Iddq,uA,6.0577,6.5063,PASS,0.293,1.23,0.293,6.776,6.867,normal,0.0043,1.87,False,False,False,False,False,OK: within lot-relative limits (max 1.2 robust-sigma < 5); predicted 168h drift inside the lot safety envelope.
T04,T04-P0206,Iddq,uA,11.1639,11.655,PASS,0.849,1.15,0.849,12.039,12.252,normal,0.0052,0.03,False,False,False,False,False,OK: within lot-relative limits (max 1.1 robust-sigma < 5); predicted 168h drift inside the lot safety envelope.
T04,T04-P0207,Iddq,uA,11.5123,11.8284,PASS,0.752,1.29,0.752,12.213,12.419,normal,0.0042,-0.8,False,False,False,False,False,OK: within lot-relative limits (max 1.3 robust-sigma < 5); predicted 168h drift inside the lot safety envelope.
T04,T04-P0208,Iddq,uA,10.7473,11.0953,PASS,0.645,0.97,0.645,11.479,11.593,normal,0.0044,-0.46,False,False,False,False,False,OK: within lot-relative limits (max 1.0 robust-sigma < 5); predicted 168h drift inside the lot safety envelope.
T04,T04-P0209,Iddq,uA,9.3632,9.9602,PASS,0.527,0.79,0.527,10.258,10.463,normal,0.0053,0.82,False,False,False,False,False,OK: within lot-relative limits (max 0.8 robust-sigma < 5); predicted 168h drift inside the lot safety envelope.
T04,T04-P0210,Iddq,uA,7.336,7.4228,PASS,0.394,1.51,0.394,7.678,7.818,normal,0.002,-1.48,False,False,False,False,False,OK: within lot-relative limits (max 1.5 robust-sigma < 5); predicted 168h drift inside the lot safety envelope.
T04,T04-P0211,Iddq,uA,70.9371,75.5917,REJECT,1.0,10.19,0.993,77.65,78.803,low,0.04,0.78,True,True,True,False,True,STATIC FAIL: Iddq@0h = 70.9 uA exceeds datasheet max 50 uA. | LOT OUTLIER: Iddq@24h = 75.6 uA is 10.2 robust-sigma above lot T04 median (9.2 uA). | LOT OUTLIER: Iddq@0h = 70.9 uA is 9.8 robust-sigma above lot T04 median (8.7 uA). | GUARD BAND: 90% upper forecast for Iddq@168h is 78.8 uA = 158% of datasheet max (guard band 70%).
T04,T04-P0212,Iddq,uA,12.1801,12.5309,PASS,0.851,1.56,0.851,13.011,13.103,normal,0.0049,-0.45,False,False,False,False,False,OK: within lot-relative limits (max 1.6 robust-sigma < 5); predicted 168h drift inside the lot safety envelope.
T04,T04-P0213,Iddq,uA,9.8702,10.5825,PASS,0.645,1.15,0.645,10.983,11.158,normal,0.0066,1.6,False,False,False,False,False,OK: within lot-relative limits (max 1.1 robust-sigma < 5); predicted 168h drift inside the lot safety envelope.
T04,T04-P0214,Iddq,uA,11.4676,12.1859,PASS,0.79,1.36,0.79,12.526,12.786,normal,0.0063,0.67,False,False,False,False,False,OK: within lot-relative limits (max 1.4 robust-sigma < 5); predicted 168h drift inside the lot safety envelope.
T04,T04-P0215,Iddq,uA,7.3558,7.6311,PASS,0.162,0.36,0.162,7.855,7.986,normal,0.003,-0.47,False,False,False,False,False,OK: within lot-relative limits (max 0.4 robust-sigma < 5); predicted 168h drift inside the lot safety envelope.
T04,T04-P0216,Iddq,uA,10.2716,10.7948,PASS,0.692,0.77,0.692,11.186,11.333,normal,0.0054,0.52,False,False,False,False,False,OK: within lot-relative limits (max 0.8 robust-sigma < 5); predicted 168h drift inside the lot safety envelope.
T04,T04-P0217,Iddq,uA,10.3446,10.831,PASS,0.823,0.79,0.823,11.156,11.353,normal,0.0048,0.03,False,False,False,False,False,OK: within lot-relative limits (max 0.8 robust-sigma < 5); predicted 168h drift inside the lot safety envelope.
T04,T04-P0218,Iddq,uA,6.4532,6.7019,PASS,0.244,0.31,0.244,6.923,7.039,normal,0.0028,-0.24,False,False,False,False,False,OK: within lot-relative limits (max 0.3 robust-sigma < 5); predicted 168h drift inside the lot safety envelope.
T04,T04-P0219,Iddq,uA,6.3239,6.6197,PASS,0.39,0.05,0.39,6.847,6.944,normal,0.0031,0.23,False,False,False,False,False,OK: within lot-relative limits (max 0.1 robust-sigma < 5); predicted 168h drift inside the lot safety envelope.
T04,T04-P0220,Iddq,uA,7.4082,7.7429,PASS,0.424,0.02,0.424,7.985,8.13,normal,0.0034,0.0,False,False,False,False,False,OK: within lot-relative limits (max 0.0 robust-sigma < 5); predicted 168h drift inside the lot safety envelope.
T04,T04-P0221,Iddq,uA,8.6836,8.9226,PASS,0.114,0.8,0.114,9.218,9.373,normal,0.0032,-0.77,False,False,False,False,False,OK: within lot-relative limits (max 0.8 robust-sigma < 5); predicted 168h drift inside the lot safety envelope.
T04,T04-P0222,Iddq,uA,9.366,9.5328,PASS,0.626,1.24,0.626,9.83,10.026,normal,0.0028,-1.34,False,False,False,False,False,OK: within lot-relative limits (max 1.2 robust-sigma < 5); predicted 168h drift inside the lot safety envelope.
T04,T04-P0223,Iddq,uA,8.2612,8.4879,PASS,0.114,0.8,0.114,8.764,8.917,normal,0.003,-0.8,False,False,False,False,False,OK: within lot-relative limits (max 0.8 robust-sigma < 5); predicted 168h drift inside the lot safety envelope.
T04,T04-P0224,Iddq,uA,8.5536,8.7944,PASS,0.077,0.77,0.075,9.112,9.233,normal,0.0033,-0.59,False,False,False,False,False,OK: within lot-relative limits (max 0.8 robust-sigma < 5); predicted 168h drift inside the lot safety envelope.
T04,T04-P0225,Iddq,uA,8.3562,9.0781,PASS,0.443,1.75,0.443,9.483,9.64,normal,0.0067,2.6,False,False,False,False,False,OK: within lot-relative limits (max 1.8 robust-sigma < 5); predicted 168h drift inside the lot safety envelope.
T04,T04-P0226,Iddq,uA,8.6283,9.3718,PASS,0.511,1.74,0.511,9.785,9.954,normal,0.0069,2.56,False,False,False,False,False,OK: within lot-relative limits (max 1.7 robust-sigma < 5); predicted 168h drift inside the lot safety envelope.
T04,T04-P0227,Iddq,uA,9.6985,10.0694,PASS,0.589,0.48,0.589,10.376,10.575,normal,0.004,-0.37,False,False,False,False,False,OK: within lot-relative limits (max 0.5 robust-sigma < 5); predicted 168h drift inside the lot safety envelope.
T04,T04-P0228,Iddq,uA,9.3061,9.8512,PASS,0.512,0.56,0.512,10.194,10.389,normal,0.0053,0.82,False,False,False,False,False,OK: within lot-relative limits (max 0.6 robust-sigma < 5); predicted 168h drift inside the lot safety envelope.
T04,T04-P0229,Iddq,uA,8.4521,8.7844,PASS,0.26,0.28,0.26,9.03,9.215,normal,0.0034,-0.44,False,False,False,False,False,OK: within lot-relative limits (max 0.3 robust-sigma < 5); predicted 168h drift inside the lot safety envelope.
T04,T04-P0230,Iddq,uA,9.0527,9.4275,PASS,0.606,0.19,0.606,9.716,9.874,normal,0.0039,-0.21,False,False,False,False,False,OK: within lot-relative limits (max 0.2 robust-sigma < 5); predicted 168h drift inside the lot safety envelope.
T04,T04-P0231,Iddq,uA,34.2062,36.1156,REJECT,0.986,6.61,0.986,37.114,37.772,low,0.0173,0.34,False,True,False,False,True,"LOT OUTLIER: Iddq@24h = 36.1 uA is 6.6 robust-sigma above lot T04 median (9.2 uA); still under datasheet max 50 uA, so a static limit would pass it. | LOT OUTLIER: Iddq@0h = 34.2 uA is 6.4 robust-sigma above lot T04 median (8.7 uA); still under datasheet max 50 uA, so a static limit would pass it. | GUARD BAND: 90% upper forecast for Iddq@168h is 37.8 uA = 76% of datasheet max (guard band 70%)."
T04,T04-P0232,Iddq,uA,9.8501,10.5163,PASS,0.594,0.96,0.594,10.866,11.115,normal,0.006,1.17,False,False,False,False,False,OK: within lot-relative limits (max 1.0 robust-sigma < 5); predicted 168h drift inside the lot safety envelope.
T04,T04-P0233,Iddq,uA,7.8436,7.9086,PASS,0.419,1.67,0.419,8.205,8.34,normal,0.0021,-1.51,False,False,False,False,False,OK: within lot-relative limits (max 1.7 robust-sigma < 5); predicted 168h drift inside the lot safety envelope.
T04,T04-P0234,Iddq,uA,11.9053,12.17,PASS,0.833,1.45,0.833,12.551,12.756,normal,0.0038,-1.11,False,False,False,False,False,OK: within lot-relative limits (max 1.4 robust-sigma < 5); predicted 168h drift inside the lot safety envelope.
T04,T04-P0235,Iddq,uA,8.5102,9.2567,PASS,0.487,1.81,0.487,9.658,9.818,normal,0.0068,2.6,False,False,False,False,False,OK: within lot-relative limits (max 1.8 robust-sigma < 5); predicted 168h drift inside the lot safety envelope.
T04,T04-P0236,Iddq,uA,9.0175,9.3629,PASS,0.509,0.32,0.509,9.633,9.832,normal,0.0037,-0.45,False,False,False,False,False,OK: within lot-relative limits (max 0.3 robust-sigma < 5); predicted 168h drift inside the lot safety envelope.
T04,T04-P0237,Iddq,uA,7.2564,7.7034,PASS,0.07,0.7,0.011,7.922,8.093,normal,0.004,0.65,False,False,False,False,False,OK: within lot-relative limits (max 0.7 robust-sigma < 5); predicted 168h drift inside the lot safety envelope.
T04,T04-P0238,Iddq,uA,8.0374,8.2593,PASS,0.117,0.8,0.117,8.527,8.676,normal,0.0029,-0.8,False,False,False,False,False,OK: within lot-relative limits (max 0.8 robust-sigma < 5); predicted 168h drift inside the lot safety envelope.
T04,T04-P0239,Iddq,uA,8.7528,9.632,PASS,0.87,2.34,0.87,10.137,10.229,normal,0.0082,3.62,False,False,False,False,False,OK: within lot-relative limits (max 2.3 robust-sigma < 5); predicted 168h drift inside the lot safety envelope.
T04,T04-P0240,Iddq,uA,8.5083,9.2695,PASS,0.502,1.88,0.502,9.751,9.838,normal,0.0074,3.09,False,False,False,False,False,OK: within lot-relative limits (max 1.9 robust-sigma < 5); predicted 168h drift inside the lot safety envelope.
T04,T04-P0241,Iddq,uA,7.4639,7.9182,PASS,0.066,0.66,0.018,8.149,8.325,normal,0.0041,0.65,False,False,False,False,False,OK: within lot-relative limits (max 0.7 robust-sigma < 5); predicted 168h drift inside the lot safety envelope.
T04,T04-P0242,Iddq,uA,6.6873,6.9438,PASS,0.25,0.32,0.25,7.13,7.31,normal,0.0026,-0.55,False,False,False,False,False,OK: within lot-relative limits (max 0.3 robust-sigma < 5); predicted 168h drift inside the lot safety envelope.
T04,T04-P0243,Iddq,uA,8.5008,9.1399,PASS,0.294,1.28,0.294,9.49,9.639,normal,0.0059,1.77,False,False,False,False,False,OK: within lot-relative limits (max 1.3 robust-sigma < 5); predicted 168h drift inside the lot safety envelope.
T04,T04-P0244,Iddq,uA,8.7846,9.379,PASS,0.49,0.96,0.49,9.685,9.912,normal,0.0054,1.14,False,False,False,False,False,OK: within lot-relative limits (max 1.0 robust-sigma < 5); predicted 168h drift inside the lot safety envelope.
T04,T04-P0245,Iddq,uA,9.4267,9.7232,PASS,0.548,0.63,0.548,10.049,10.175,normal,0.0037,-0.56,False,False,False,False,False,OK: within lot-relative limits (max 0.6 robust-sigma < 5); predicted 168h drift inside the lot safety envelope.
T04,T04-P0246,Iddq,uA,10.8117,11.2656,PASS,0.78,1.0,0.78,11.605,11.802,normal,0.0047,-0.21,False,False,False,False,False,OK: within lot-relative limits (max 1.0 robust-sigma < 5); predicted 168h drift inside the lot safety envelope.
T04,T04-P0247,Iddq,uA,8.1042,8.4162,PASS,0.245,0.31,0.245,8.654,8.835,normal,0.0033,-0.47,False,False,False,False,False,OK: within lot-relative limits (max 0.3 robust-sigma < 5); predicted 168h drift inside the lot safety envelope.
T04,T04-P0248,Iddq,uA,5.876,5.9803,PASS,0.303,1.24,0.303,6.131,6.288,normal,0.0015,-1.63,False,False,False,False,False,OK: within lot-relative limits (max 1.2 robust-sigma < 5); predicted 168h drift inside the lot safety envelope.
T04,T04-P0249,Iddq,uA,8.2071,8.6548,PASS,0.152,0.39,0.152,8.96,9.087,normal,0.0045,0.65,False,False,False,False,False,OK: within lot-relative limits (max 0.4 robust-sigma < 5); predicted 168h drift inside the lot safety envelope.
T04,T04-P0250,Iddq,uA,6.0152,6.2939,PASS,0.41,0.03,0.41,6.452,6.595,normal,0.0026,-0.24,False,False,False,False,False,OK: within lot-relative limits (max 0.0 robust-sigma < 5); predicted 168h drift inside the lot safety envelope.
T04,T04-P0251,Iddq,uA,6.5951,6.9955,PASS,0.066,0.66,0.014,7.239,7.36,normal,0.0038,0.92,False,False,False,False,False,OK: within lot-relative limits (max 0.7 robust-sigma < 5); predicted 168h drift inside the lot safety envelope.
T04,T04-P0252,Iddq,uA,10.2823,11.1876,PASS,0.867,1.82,0.867,11.766,11.881,normal,0.0088,3.01,False,False,False,False,False,OK: within lot-relative limits (max 1.8 robust-sigma < 5); predicted 168h drift inside the lot safety envelope.
T04,T04-P0253,Iddq,uA,26.3407,26.7735,INSPECT,0.985,5.18,0.985,27.496,28.159,low,0.0069,-1.61,False,True,False,False,False,"LOT OUTLIER: Iddq@0h = 26.3 uA is 5.2 robust-sigma above lot T04 median (8.7 uA); still under datasheet max 50 uA, so a static limit would pass it. | LOT OUTLIER: Iddq@24h = 26.8 uA is 5.2 robust-sigma above lot T04 median (9.2 uA); still under datasheet max 50 uA, so a static limit would pass it."
T04,T04-P0254,Iddq,uA,7.6133,7.742,PASS,0.295,1.28,0.295,7.971,8.114,normal,0.0021,-1.46,False,False,False,False,False,OK: within lot-relative limits (max 1.3 robust-sigma < 5); predicted 168h drift inside the lot safety envelope.
T04,T04-P0255,Iddq,uA,7.5966,7.9158,PASS,0.319,0.16,0.319,8.15,8.292,normal,0.0033,-0.23,False,False,False,False,False,OK: within lot-relative limits (max 0.2 robust-sigma < 5); predicted 168h drift inside the lot safety envelope.
T04,T04-P0256,Iddq,uA,8.4061,8.5918,PASS,0.2,1.04,0.2,8.862,9.037,normal,0.0027,-1.11,False,False,False,False,False,OK: within lot-relative limits (max 1.0 robust-sigma < 5); predicted 168h drift inside the lot safety envelope.
T04,T04-P0257,Iddq,uA,6.0624,6.6054,PASS,0.461,1.89,0.461,7.02,7.02,normal,0.0057,3.62,False,False,False,False,False,OK: within lot-relative limits (max 1.9 robust-sigma < 5); predicted 168h drift inside the lot safety envelope.
T04,T04-P0258,Iddq,uA,9.4351,9.9374,PASS,0.609,0.37,0.609,10.302,10.427,normal,0.0052,0.66,False,False,False,False,False,OK: within lot-relative limits (max 0.4 robust-sigma < 5); predicted 168h drift inside the lot safety envelope.
T04,T04-P0259,Iddq,uA,7.9918,8.1538,PASS,0.221,1.13,0.221,8.408,8.592,normal,0.0025,-1.22,False,False,False,False,False,OK: within lot-relative limits (max 1.1 robust-sigma < 5); predicted 168h drift inside the lot safety envelope.
T04,T04-P0260,Iddq,uA,12.1161,13.3963,PASS,0.959,2.56,0.959,14.303,14.303,normal,0.013,4.59,False,False,False,False,False,OK: within lot-relative limits (max 2.6 robust-sigma < 5); predicted 168h drift inside the lot safety envelope.
T04,T04-P0261,Iddq,uA,7.1045,7.4786,PASS,0.233,0.31,0.233,7.731,7.851,normal,0.0037,0.48,False,False,False,False,False,OK: within lot-relative limits (max 0.3 robust-sigma < 5); predicted 168h drift inside the lot safety envelope.
T04,T04-P0262,Iddq,uA,10.254,10.8898,PASS,0.596,0.81,0.596,11.201,11.436,normal,0.0056,0.67,False,False,False,False,False,OK: within lot-relative limits (max 0.8 robust-sigma < 5); predicted 168h drift inside the lot safety envelope.
T04,T04-P0263,Iddq,uA,7.5229,7.9562,PASS,0.052,0.52,0.032,8.213,8.355,normal,0.0041,0.65,False,False,False,False,False,OK: within lot-relative limits (max 0.5 robust-sigma < 5); predicted 168h drift inside the lot safety envelope.
T04,T04-P0264,Iddq,uA,10.5207,10.7173,PASS,0.699,1.2,0.699,11.041,11.303,normal,0.0031,-1.34,False,False,False,False,False,OK: within lot-relative limits (max 1.2 robust-sigma < 5); predicted 168h drift inside the lot safety envelope.
T04,T04-P0265,Iddq,uA,7.1618,7.484,PASS,0.417,0.03,0.417,7.719,7.86,normal,0.0033,0.0,False,False,False,False,False,OK: within lot-relative limits (max 0.0 robust-sigma < 5); predicted 168h drift inside the lot safety envelope.
T04,T04-P0266,Iddq,uA,9.9179,10.1755,PASS,0.574,0.87,0.574,10.498,10.669,normal,0.0035,-0.91,False,False,False,False,False,OK: within lot-relative limits (max 0.9 robust-sigma < 5); predicted 168h drift inside the lot safety envelope.
T04,T04-P0267,Iddq,uA,7.986,8.1591,PASS,0.226,1.06,0.226,8.419,8.586,normal,0.0026,-1.11,False,False,False,False,False,OK: within lot-relative limits (max 1.1 robust-sigma < 5); predicted 168h drift inside the lot safety envelope.
T04,T04-P0268,Iddq,uA,7.2704,7.6669,PASS,0.15,0.39,0.15,7.937,8.05,normal,0.004,0.65,False,False,False,False,False,OK: within lot-relative limits (max 0.4 robust-sigma < 5); predicted 168h drift inside the lot safety envelope.
T04,T04-P0269,Iddq,uA,8.3173,8.8555,PASS,0.196,0.83,0.196,9.133,9.294,normal,0.0049,0.94,False,False,False,False,False,OK: within lot-relative limits (max 0.8 robust-sigma < 5); predicted 168h drift inside the lot safety envelope.
T04,T04-P0270,Iddq,uA,9.4012,9.7237,PASS,0.529,0.5,0.529,10.042,10.169,normal,0.0038,-0.45,False,False,False,False,False,OK: within lot-relative limits (max 0.5 robust-sigma < 5); predicted 168h drift inside the lot safety envelope.
T04,T04-P0271,Iddq,uA,9.3295,9.5678,PASS,0.566,0.89,0.566,9.89,10.036,normal,0.0033,-0.84,False,False,False,False,False,OK: within lot-relative limits (max 0.9 robust-sigma < 5); predicted 168h drift inside the lot safety envelope.
T04,T04-P0272,Iddq,uA,11.5367,12.2071,PASS,0.799,1.37,0.799,12.595,12.809,normal,0.0063,0.65,False,False,False,False,False,OK: within lot-relative limits (max 1.4 robust-sigma < 5); predicted 168h drift inside the lot safety envelope.
T04,T04-P0273,Iddq,uA,9.9847,10.3161,PASS,0.533,0.62,0.533,10.664,10.778,normal,0.004,-0.46,False,False,False,False,False,OK: within lot-relative limits (max 0.6 robust-sigma < 5); predicted 168h drift inside the lot safety envelope.
T04,T04-P0274,Iddq,uA,5.0984,5.4564,PASS,0.226,1.07,0.226,5.624,5.757,normal,0.0031,1.17,False,False,False,False,False,OK: within lot-relative limits (max 1.1 robust-sigma < 5); predicted 168h drift inside the lot safety envelope.
T04,T04-P0275,Iddq,uA,7.9014,8.2205,PASS,0.275,0.23,0.275,8.477,8.614,normal,0.0034,-0.23,False,False,False,False,False,OK: within lot-relative limits (max 0.2 robust-sigma < 5); predicted 168h drift inside the lot safety envelope.
T04,T04-P0276,Iddq,uA,5.8112,6.0439,PASS,0.262,0.25,0.262,6.181,6.329,normal,0.0022,-0.67,False,False,False,False,False,OK: within lot-relative limits (max 0.2 robust-sigma < 5); predicted 168h drift inside the lot safety envelope.
T04,T04-P0277,Iddq,uA,7.9609,8.4415,PASS,0.064,0.64,0.023,8.691,8.879,normal,0.0043,0.65,False,False,False,False,False,OK: within lot-relative limits (max 0.6 robust-sigma < 5); predicted 168h drift inside the lot safety envelope.
T04,T04-P0278,Iddq,uA,9.6206,9.8015,PASS,0.634,1.19,0.634,10.098,10.343,normal,0.0028,-1.34,False,False,False,False,False,OK: within lot-relative limits (max 1.2 robust-sigma < 5); predicted 168h drift inside the lot safety envelope.
T04,T04-P0279,Iddq,uA,6.6465,6.9501,PASS,0.437,0.0,0.437,7.173,7.298,normal,0.0031,0.06,False,False,False,False,False,OK: within lot-relative limits (max 0.0 robust-sigma < 5); predicted 168h drift inside the lot safety envelope.
T04,T04-P0280,Iddq,uA,6.785,6.9161,PASS,0.276,1.17,0.276,7.128,7.295,normal,0.002,-1.29,False,False,False,False,False,OK: within lot-relative limits (max 1.2 robust-sigma < 5); predicted 168h drift inside the lot safety envelope.
T04,T04-P0281,Iddq,uA,8.8866,9.051,PASS,0.476,1.21,0.476,9.326,9.513,normal,0.0026,-1.34,False,False,False,False,False,OK: within lot-relative limits (max 1.2 robust-sigma < 5); predicted 168h drift inside the lot safety envelope.
T04,T04-P0282,Iddq,uA,8.0612,8.3323,PASS,0.053,0.53,0.043,8.605,8.72,normal,0.0032,-0.49,False,False,False,False,False,OK: within lot-relative limits (max 0.5 robust-sigma < 5); predicted 168h drift inside the lot safety envelope.
T04,T04-P0283,Iddq,uA,11.5217,12.24,PASS,0.79,1.38,0.79,12.579,12.846,normal,0.0063,0.65,False,False,False,False,False,OK: within lot-relative limits (max 1.4 robust-sigma < 5); predicted 168h drift inside the lot safety envelope.
T04,T04-P0284,Iddq,uA,9.2522,9.6594,PASS,0.72,0.26,0.72,10.005,10.154,normal,0.0045,0.17,False,False,False,False,False,OK: within lot-relative limits (max 0.3 robust-sigma < 5); predicted 168h drift inside the lot safety envelope.
T04,T04-P0285,Iddq,uA,9.4214,10.1899,PASS,0.773,1.55,0.773,10.586,10.719,normal,0.0069,2.1,False,False,False,False,False,OK: within lot-relative limits (max 1.5 robust-sigma < 5); predicted 168h drift inside the lot safety envelope.
T04,T04-P0286,Iddq,uA,11.9482,12.816,PASS,0.873,1.6,0.873,13.324,13.465,normal,0.0082,1.72,False,False,False,False,False,OK: within lot-relative limits (max 1.6 robust-sigma < 5); predicted 168h drift inside the lot safety envelope.
T04,T04-P0287,Iddq,uA,7.7272,8.0711,PASS,0.399,0.05,0.399,8.328,8.48,normal,0.0036,0.0,False,False,False,False,False,OK: within lot-relative limits (max 0.0 robust-sigma < 5); predicted 168h drift inside the lot safety envelope.
T04,T04-P0288,Iddq,uA,8.4464,8.8505,PASS,0.359,0.1,0.359,9.104,9.269,normal,0.0039,0.0,False,False,False,False,False,OK: within lot-relative limits (max 0.1 robust-sigma < 5); predicted 168h drift inside the lot safety envelope.
T04,T04-P0289,Iddq,uA,7.0898,7.2525,PASS,0.181,1.01,0.181,7.463,7.627,normal,0.0022,-1.19,False,False,False,False,False,OK: within lot-relative limits (max 1.0 robust-sigma < 5); predicted 168h drift inside the lot safety envelope.
T04,T04-P0290,Iddq,uA,9.027,9.129,PASS,0.509,1.53,0.509,9.516,9.62,normal,0.0029,-1.11,False,False,False,False,False,OK: within lot-relative limits (max 1.5 robust-sigma < 5); predicted 168h drift inside the lot safety envelope.
T04,T04-P0291,Iddq,uA,10.4601,10.6807,PASS,0.662,1.09,0.662,11.034,11.238,normal,0.0034,-1.08,False,False,False,False,False,OK: within lot-relative limits (max 1.1 robust-sigma < 5); predicted 168h drift inside the lot safety envelope.
T04,T04-P0292,Iddq,uA,11.1086,11.6815,PASS,0.79,1.15,0.79,12.098,12.256,normal,0.0059,0.52,False,False,False,False,False,OK: within lot-relative limits (max 1.2 robust-sigma < 5); predicted 168h drift inside the lot safety envelope.
T04,T04-P0293,Iddq,uA,8.4539,8.7512,PASS,0.099,0.46,0.099,9.024,9.149,normal,0.0034,-0.49,False,False,False,False,False,OK: within lot-relative limits (max 0.5 robust-sigma < 5); predicted 168h drift inside the lot safety envelope.
T04,T04-P0294,Iddq,uA,7.5267,7.7465,PASS,0.073,0.73,0.026,8.018,8.124,normal,0.0029,-0.59,False,False,False,False,False,OK: within lot-relative limits (max 0.7 robust-sigma < 5); predicted 168h drift inside the lot safety envelope.
T04,T04-P0295,Iddq,uA,7.3191,7.6702,PASS,0.358,0.1,0.358,7.889,8.032,normal,0.0034,0.0,False,False,False,False,False,OK: within lot-relative limits (max 0.1 robust-sigma < 5); predicted 168h drift inside the lot safety envelope.
T04,T04-P0296,Iddq,uA,6.6121,6.8655,PASS,0.25,0.32,0.25,7.555,7.555,normal,0.0056,2.94,False,False,False,False,False,OK: within lot-relative limits (max 0.3 robust-sigma < 5); predicted 168h drift inside the lot safety envelope.
T04,T04-P0297,Iddq,uA,8.552,8.9894,PASS,0.261,0.24,0.261,9.309,9.436,normal,0.0045,0.5,False,False,False,False,False,OK: within lot-relative limits (max 0.2 robust-sigma < 5); predicted 168h drift inside the lot safety envelope.
T04,T04-P0298,Iddq,uA,11.0597,11.4257,PASS,0.683,1.1,0.683,11.812,11.93,normal,0.0045,-0.46,False,False,False,False,False,OK: within lot-relative limits (max 1.1 robust-sigma < 5); predicted 168h drift inside the lot safety envelope.
T04,T04-P0299,Iddq,uA,5.5071,5.4835,PASS,0.517,2.24,0.517,5.658,5.837,normal,0.0009,-2.41,False,False,False,False,False,OK: within lot-relative limits (max 2.2 robust-sigma < 5); predicted 168h drift inside the lot safety envelope.
T04,T04-P0300,Iddq,uA,5.5724,5.9923,PASS,0.293,1.29,0.293,6.23,6.323,normal,0.0039,1.85,False,False,False,False,False,OK: within lot-relative limits (max 1.3 robust-sigma < 5); predicted 168h drift inside the lot safety envelope.
T04,T04-P0301,Iddq,uA,11.3289,11.9273,PASS,0.823,1.25,0.823,12.354,12.52,normal,0.0061,0.59,False,False,False,False,False,OK: within lot-relative limits (max 1.3 robust-sigma < 5); predicted 168h drift inside the lot safety envelope.
T04,T04-P0302,Iddq,uA,6.2509,6.4396,PASS,0.068,0.68,0.007,6.643,6.748,normal,0.0023,-0.71,False,False,False,False,False,OK: within lot-relative limits (max 0.7 robust-sigma < 5); predicted 168h drift inside the lot safety envelope.
T04,T04-P0303,Iddq,uA,9.1625,9.3871,PASS,0.523,0.94,0.523,9.713,9.856,normal,0.0033,-0.84,False,False,False,False,False,OK: within lot-relative limits (max 0.9 robust-sigma < 5); predicted 168h drift inside the lot safety envelope.
T04,T04-P0304,Iddq,uA,6.7659,7.0818,PASS,0.4,0.05,0.4,7.281,7.426,normal,0.0031,-0.08,False,False,False,False,False,OK: within lot-relative limits (max 0.0 robust-sigma < 5); predicted 168h drift inside the lot safety envelope.
T04,T04-P0305,Iddq,uA,9.9932,10.8519,PASS,0.84,1.73,0.84,11.269,11.463,normal,0.0076,2.28,False,False,False,False,False,OK: within lot-relative limits (max 1.7 robust-sigma < 5); predicted 168h drift inside the lot safety envelope.
T04,T04-P0306,Iddq,uA,9.9213,10.4528,PASS,0.6,0.62,0.6,10.837,10.985,normal,0.0055,0.67,False,False,False,False,False,OK: within lot-relative limits (max 0.6 robust-sigma < 5); predicted 168h drift inside the lot safety envelope.
T04,T04-P0307,Iddq,uA,8.7449,9.3269,PASS,0.446,0.91,0.446,9.641,9.828,normal,0.0053,1.14,False,False,False,False,False,OK: within lot-relative limits (max 0.9 robust-sigma < 5); predicted 168h drift inside the lot safety envelope.
T04,T04-P0308,Iddq,uA,9.9611,10.6475,PASS,0.599,1.01,0.599,11.042,11.24,normal,0.0064,1.41,False,False,False,False,False,OK: within lot-relative limits (max 1.0 robust-sigma < 5); predicted 168h drift inside the lot safety envelope.
T04,T04-P0309,Iddq,uA,8.5653,8.9385,PASS,0.363,0.09,0.363,9.189,9.353,normal,0.0037,-0.23,False,False,False,False,False,OK: within lot-relative limits (max 0.1 robust-sigma < 5); predicted 168h drift inside the lot safety envelope.
T04,T04-P0310,Iddq,uA,9.5149,9.9102,PASS,0.68,0.39,0.68,10.215,10.386,normal,0.0042,-0.2,False,False,False,False,False,OK: within lot-relative limits (max 0.4 robust-sigma < 5); predicted 168h drift inside the lot safety envelope.
T04,T04-P0311,Iddq,uA,12.279,12.7558,PASS,0.895,1.59,0.895,13.148,13.346,normal,0.0052,-0.33,False,False,False,False,False,OK: within lot-relative limits (max 1.6 robust-sigma < 5); predicted 168h drift inside the lot safety envelope.
T04,T04-P0312,Iddq,uA,10.7396,10.9019,PASS,0.779,1.36,0.779,11.251,11.438,normal,0.003,-1.43,False,False,False,False,False,OK: within lot-relative limits (max 1.4 robust-sigma < 5); predicted 168h drift inside the lot safety envelope.
T04,T04-P0313,Iddq,uA,7.4906,8.2105,PASS,0.499,2.16,0.499,8.643,8.704,normal,0.0069,3.43,False,False,False,False,False,OK: within lot-relative limits (max 2.2 robust-sigma < 5); predicted 168h drift inside the lot safety envelope.
T04,T04-P0314,Iddq,uA,7.3323,7.6602,PASS,0.407,0.04,0.407,7.903,8.047,normal,0.0034,0.0,False,False,False,False,False,OK: within lot-relative limits (max 0.0 robust-sigma < 5); predicted 168h drift inside the lot safety envelope.
T04,T04-P0315,Iddq,uA,8.1258,8.6981,PASS,0.214,1.08,0.214,8.995,9.169,normal,0.0052,1.34,False,False,False,False,False,OK: within lot-relative limits (max 1.1 robust-sigma < 5); predicted 168h drift inside the lot safety envelope.
T04,T04-P0316,Iddq,uA,8.2348,8.4431,PASS,0.109,0.9,0.109,8.7,8.858,normal,0.0028,-1.01,False,False,False,False,False,OK: within lot-relative limits (max 0.9 robust-sigma < 5); predicted 168h drift inside the lot safety envelope.
T04,T04-P0317,Iddq,uA,8.7354,9.3014,PASS,0.446,0.83,0.446,9.592,9.761,normal,0.0051,0.94,False,False,False,False,False,OK: within lot-relative limits (max 0.8 robust-sigma < 5); predicted 168h drift inside the lot safety envelope.
T04,T04-P0318,Iddq,uA,7.5735,8.061,PASS,0.142,0.81,0.142,8.317,8.463,normal,0.0044,0.94,False,False,False,False,False,OK: within lot-relative limits (max 0.8 robust-sigma < 5); predicted 168h drift inside the lot safety envelope.
T04,T04-P0319,Iddq,uA,9.9198,10.2359,PASS,0.516,0.61,0.516,10.595,10.708,normal,0.004,-0.46,False,False,False,False,False,OK: within lot-relative limits (max 0.6 robust-sigma < 5); predicted 168h drift inside the lot safety envelope.
T04,T04-P0320,Iddq,uA,8.6447,9.0068,PASS,0.306,0.16,0.306,9.274,9.436,normal,0.0037,-0.23,False,False,False,False,False,OK: within lot-relative limits (max 0.2 robust-sigma < 5); predicted 168h drift inside the lot safety envelope.
T04,T04-P0321,Iddq,uA,9.0997,9.4337,PASS,0.519,0.39,0.519,9.75,9.88,normal,0.0039,-0.3,False,False,False,False,False,OK: within lot-relative limits (max 0.4 robust-sigma < 5); predicted 168h drift inside the lot safety envelope.
T04,T04-P0322,Iddq,uA,8.607,8.8877,PASS,0.091,0.57,0.091,9.188,9.291,normal,0.0035,-0.49,False,False,False,False,False,OK: within lot-relative limits (max 0.6 robust-sigma < 5); predicted 168h drift inside the lot safety envelope.
T04,T04-P0323,Iddq,uA,9.6478,10.3186,PASS,0.591,1.04,0.591,10.694,10.886,normal,0.0062,1.41,False,False,False,False,False,OK: within lot-relative limits (max 1.0 robust-sigma < 5); predicted 168h drift inside the lot safety envelope.
T04,T04-P0324,Iddq,uA,6.6974,7.1928,PASS,0.291,1.23,0.291,7.465,7.58,normal,0.0046,1.69,False,False,False,False,False,OK: within lot-relative limits (max 1.2 robust-sigma < 5); predicted 168h drift inside the lot safety envelope.
T04,T04-P0325,Iddq,uA,11.5804,12.1494,PASS,0.862,1.34,0.862,12.481,12.705,normal,0.0054,-0.0,False,False,False,False,False,OK: within lot-relative limits (max 1.3 robust-sigma < 5); predicted 168h drift inside the lot safety envelope.
T04,T04-P0326,Iddq,uA,9.0938,9.7618,PASS,0.587,1.2,0.587,10.186,10.28,normal,0.0065,1.94,False,False,False,False,False,OK: within lot-relative limits (max 1.2 robust-sigma < 5); predicted 168h drift inside the lot safety envelope.
T04,T04-P0327,Iddq,uA,9.4378,9.7209,PASS,0.538,0.69,0.538,10.06,10.187,normal,0.0037,-0.56,False,False,False,False,False,OK: within lot-relative limits (max 0.7 robust-sigma < 5); predicted 168h drift inside the lot safety envelope.
T04,T04-P0328,Iddq,uA,9.5949,9.964,PASS,0.622,0.43,0.622,10.265,10.461,normal,0.004,-0.37,False,False,False,False,False,OK: within lot-relative limits (max 0.4 robust-sigma < 5); predicted 168h drift inside the lot safety envelope.
T04,T04-P0329,Iddq,uA,10.5736,11.336,PASS,0.73,1.15,0.73,11.765,11.953,normal,0.0071,1.6,False,False,False,False,False,OK: within lot-relative limits (max 1.1 robust-sigma < 5); predicted 168h drift inside the lot safety envelope.
T04,T04-P0330,Iddq,uA,9.8039,10.2856,PASS,0.671,0.54,0.671,10.572,10.759,normal,0.0046,0.03,False,False,False,False,False,OK: within lot-relative limits (max 0.5 robust-sigma < 5); predicted 168h drift inside the lot safety envelope.
T04,T04-P0331,Iddq,uA,8.8656,9.1733,PASS,0.454,0.48,0.454,9.469,9.594,normal,0.0036,-0.46,False,False,False,False,False,OK: within lot-relative limits (max 0.5 robust-sigma < 5); predicted 168h drift inside the lot safety envelope.
T04,T04-P0332,Iddq,uA,8.2489,8.8037,PASS,0.146,0.94,0.146,9.095,9.278,normal,0.005,1.15,False,False,False,False,False,OK: within lot-relative limits (max 0.9 robust-sigma < 5); predicted 168h drift inside the lot safety envelope.
T04,T04-P0333,Iddq,uA,6.2695,6.6426,PASS,0.06,0.6,0.056,6.882,6.996,normal,0.0036,0.92,False,False,False,False,False,OK: within lot-relative limits (max 0.6 robust-sigma < 5); predicted 168h drift inside the lot safety envelope.
T04,T04-P0334,Iddq,uA,8.8941,9.3328,PASS,0.515,0.16,0.515,9.585,9.761,normal,0.0041,-0.0,False,False,False,False,False,OK: within lot-relative limits (max 0.2 robust-sigma < 5); predicted 168h drift inside the lot safety envelope.
T04,T04-P0335,Iddq,uA,8.1896,8.5701,PASS,0.406,0.04,0.406,8.827,8.988,normal,0.0038,0.0,False,False,False,False,False,OK: within lot-relative limits (max 0.0 robust-sigma < 5); predicted 168h drift inside the lot safety envelope.
T04,T04-P0336,Iddq,uA,8.0865,8.6163,PASS,0.155,0.86,0.155,8.916,9.061,normal,0.0049,1.15,False,False,False,False,False,OK: within lot-relative limits (max 0.9 robust-sigma < 5); predicted 168h drift inside the lot safety envelope.
T04,T04-P0337,Iddq,uA,13.709,14.4222,PASS,0.954,2.17,0.954,14.883,15.085,normal,0.007,0.37,False,False,False,False,False,OK: within lot-relative limits (max 2.2 robust-sigma < 5); predicted 168h drift inside the lot safety envelope.
T04,T04-P0338,Iddq,uA,6.0002,6.3822,PASS,0.1,0.78,0.1,6.535,6.708,normal,0.0032,0.53,False,False,False,False,False,OK: within lot-relative limits (max 0.8 robust-sigma < 5); predicted 168h drift inside the lot safety envelope.
T04,T04-P0339,Iddq,uA,8.7382,9.0618,PASS,0.198,0.38,0.198,9.337,9.487,normal,0.0036,-0.44,False,False,False,False,False,OK: within lot-relative limits (max 0.4 robust-sigma < 5); predicted 168h drift inside the lot safety envelope.
T04,T04-P0340,Iddq,uA,10.9713,11.1026,PASS,0.833,1.5,0.833,11.489,11.685,normal,0.0031,-1.45,False,False,False,False,False,OK: within lot-relative limits (max 1.5 robust-sigma < 5); predicted 168h drift inside the lot safety envelope.
T04,T04-P0341,Iddq,uA,10.3043,10.6709,PASS,0.612,0.77,0.612,11.009,11.188,normal,0.0042,-0.44,False,False,False,False,False,OK: within lot-relative limits (max 0.8 robust-sigma < 5); predicted 168h drift inside the lot safety envelope.
T04,T04-P0342,Iddq,uA,10.8368,11.0401,PASS,0.729,1.19,0.729,11.372,11.643,normal,0.0032,-1.34,False,False,False,False,False,OK: within lot-relative limits (max 1.2 robust-sigma < 5); predicted 168h drift inside the lot safety envelope.
T04,T04-P0343,Iddq,uA,6.7653,7.12,PASS,0.241,0.3,0.241,7.353,7.469,normal,0.0035,0.42,False,False,False,False,False,OK: within lot-relative limits (max 0.3 robust-sigma < 5); predicted 168h drift inside the lot safety envelope.
T04,T04-P0344,Iddq,uA,7.0147,7.5646,PASS,0.368,1.41,0.368,7.827,7.981,normal,0.0048,1.75,False,False,False,False,False,OK: within lot-relative limits (max 1.4 robust-sigma < 5); predicted 168h drift inside the lot safety envelope.
T04,T04-P0345,Iddq,uA,9.4937,10.3152,PASS,0.825,1.76,0.825,10.78,10.952,normal,0.0077,2.62,False,False,False,False,False,OK: within lot-relative limits (max 1.8 robust-sigma < 5); predicted 168h drift inside the lot safety envelope.
T04,T04-P0346,Iddq,uA,8.1507,8.6541,PASS,0.07,0.7,0.016,8.898,9.091,normal,0.0045,0.65,False,False,False,False,False,OK: within lot-relative limits (max 0.7 robust-sigma < 5); predicted 168h drift inside the lot safety envelope.
T04,T04-P0347,Iddq,uA,11.933,12.5432,PASS,0.876,1.5,0.876,13.024,13.126,normal,0.0065,0.63,False,False,False,False,False,OK: within lot-relative limits (max 1.5 robust-sigma < 5); predicted 168h drift inside the lot safety envelope.
T04,T04-P0348,Iddq,uA,8.953,9.704,PASS,0.783,1.65,0.783,10.075,10.257,normal,0.0067,2.17,False,False,False,False,False,OK: within lot-relative limits (max 1.6 robust-sigma < 5); predicted 168h drift inside the lot safety envelope.
T04,T04-P0349,Iddq,uA,8.9602,9.2699,PASS,0.489,0.49,0.489,9.568,9.696,normal,0.0036,-0.47,False,False,False,False,False,OK: within lot-relative limits (max 0.5 robust-sigma < 5); predicted 168h drift inside the lot safety envelope.
T04,T04-P0350,Iddq,uA,9.4167,9.6615,PASS,0.595,0.87,0.595,9.955,10.13,normal,0.0032,-0.97,False,False,False,False,False,OK: within lot-relative limits (max 0.9 robust-sigma < 5); predicted 168h drift inside the lot safety envelope.
T04,T04-P0351,Iddq,uA,8.1538,8.4201,PASS,0.091,0.57,0.091,8.704,8.801,normal,0.0033,-0.49,False,False,False,False,False,OK: within lot-relative limits (max 0.6 robust-sigma < 5); predicted 168h drift inside the lot safety envelope.
T04,T04-P0352,Iddq,uA,8.7921,9.1295,PASS,0.444,0.32,0.444,9.394,9.61,normal,0.0036,-0.44,False,False,False,False,False,OK: within lot-relative limits (max 0.3 robust-sigma < 5); predicted 168h drift inside the lot safety envelope.
T04,T04-P0353,Iddq,uA,7.4937,7.8572,PASS,0.335,0.13,0.335,8.077,8.224,normal,0.0035,0.0,False,False,False,False,False,OK: within lot-relative limits (max 0.1 robust-sigma < 5); predicted 168h drift inside the lot safety envelope.
T04,T04-P0354,Iddq,uA,8.4239,9.8598,REJECT,0.972,5.17,0.972,16.317,19.539,low,0.047,29.53,False,True,False,True,False,ABNORMAL DRIFT: Iddq changed +17% from 0h to 24h vs lot median +5% (5.2 robust-sigma). | EARLY REJECT (drift forecast): predicted Iddq@168h = 16.3 uA from 0h/24h readings; drift slope 0.047 uA/h exceeds lot safety slope 0.010 uA/h (29.5 robust-sigma).
T04,T04-P0355,Iddq,uA,7.833,8.3603,PASS,0.126,0.94,0.126,8.637,8.811,normal,0.0048,1.15,False,False,False,False,False,OK: within lot-relative limits (max 0.9 robust-sigma < 5); predicted 168h drift inside the lot safety envelope.
T04,T04-P0356,Iddq,uA,9.0339,9.4747,PASS,0.653,0.15,0.653,9.741,9.914,normal,0.0042,0.02,False,False,False,False,False,OK: within lot-relative limits (max 0.2 robust-sigma < 5); predicted 168h drift inside the lot safety envelope.
T04,T04-P0357,Iddq,uA,6.4633,6.7271,PASS,0.276,0.21,0.276,6.966,7.054,normal,0.003,-0.0,False,False,False,False,False,OK: within lot-relative limits (max 0.2 robust-sigma < 5); predicted 168h drift inside the lot safety envelope.
T04,T04-P0358,Iddq,uA,6.4248,6.7017,PASS,0.342,0.11,0.342,6.924,7.019,normal,0.003,-0.0,False,False,False,False,False,OK: within lot-relative limits (max 0.1 robust-sigma < 5); predicted 168h drift inside the lot safety envelope.
T04,T04-P0359,Iddq,uA,9.4092,9.7722,PASS,0.612,0.34,0.612,10.086,10.258,normal,0.004,-0.28,False,False,False,False,False,OK: within lot-relative limits (max 0.3 robust-sigma < 5); predicted 168h drift inside the lot safety envelope.
T04,T04-P0360,Iddq,uA,8.9519,9.4929,PASS,0.508,0.64,0.508,9.777,9.984,normal,0.0049,0.67,False,False,False,False,False,OK: within lot-relative limits (max 0.6 robust-sigma < 5); predicted 168h drift inside the lot safety envelope.
T04,T04-P0361,Iddq,uA,7.1253,7.3409,PASS,0.068,0.68,0.007,7.579,7.691,normal,0.0027,-0.67,False,False,False,False,False,OK: within lot-relative limits (max 0.7 robust-sigma < 5); predicted 168h drift inside the lot safety envelope.
T04,T04-P0362,Iddq,uA,8.1527,8.3812,PASS,0.086,0.78,0.086,8.685,8.8,normal,0.0032,-0.59,False,False,False,False,False,OK: within lot-relative limits (max 0.8 robust-sigma < 5); predicted 168h drift inside the lot safety envelope.
T04,T04-P0363,Iddq,uA,6.9222,7.3796,PASS,0.139,0.89,0.139,7.621,7.757,normal,0.0042,1.07,False,False,False,False,False,OK: within lot-relative limits (max 0.9 robust-sigma < 5); predicted 168h drift inside the lot safety envelope.
T04,T04-P0364,Iddq,uA,12.9444,13.3335,PASS,0.914,1.84,0.914,13.754,13.931,normal,0.0048,-0.72,False,False,False,False,False,OK: within lot-relative limits (max 1.8 robust-sigma < 5); predicted 168h drift inside the lot safety envelope.
T04,T04-P0365,Iddq,uA,6.3077,6.6221,PASS,0.314,0.18,0.314,6.897,6.952,normal,0.0035,0.73,False,False,False,False,False,OK: within lot-relative limits (max 0.2 robust-sigma < 5); predicted 168h drift inside the lot safety envelope.
T04,T04-P0366,Iddq,uA,12.0937,12.5458,PASS,0.866,1.52,0.866,12.95,13.094,normal,0.0051,-0.33,False,False,False,False,False,OK: within lot-relative limits (max 1.5 robust-sigma < 5); predicted 168h drift inside the lot safety envelope.
T04,T04-P0367,Iddq,uA,7.3396,7.8106,PASS,0.12,0.81,0.12,8.058,8.201,normal,0.0043,0.93,False,False,False,False,False,OK: within lot-relative limits (max 0.8 robust-sigma < 5); predicted 168h drift inside the lot safety envelope.
T04,T04-P0368,Iddq,uA,9.1832,9.7183,PASS,0.524,0.55,0.524,10.059,10.199,normal,0.0052,0.82,False,False,False,False,False,OK: within lot-relative limits (max 0.6 robust-sigma < 5); predicted 168h drift inside the lot safety envelope.
T04,T04-P0369,Iddq,uA,8.2807,8.4893,PASS,0.116,0.9,0.116,8.749,8.908,normal,0.0028,-1.01,False,False,False,False,False,OK: within lot-relative limits (max 0.9 robust-sigma < 5); predicted 168h drift inside the lot safety envelope.
T04,T04-P0370,Iddq,uA,8.0568,8.3458,PASS,0.131,0.43,0.131,8.603,8.747,normal,0.0033,-0.47,False,False,False,False,False,OK: within lot-relative limits (max 0.4 robust-sigma < 5); predicted 168h drift inside the lot safety envelope.
T04,T04-P0371,Iddq,uA,10.2176,10.5784,PASS,0.592,0.73,0.592,10.913,11.057,normal,0.0041,-0.46,False,False,False,False,False,OK: within lot-relative limits (max 0.7 robust-sigma < 5); predicted 168h drift inside the lot safety envelope.
T04,T04-P0372,Iddq,uA,9.9713,10.4242,PASS,0.794,0.62,0.794,10.753,10.943,normal,0.0047,0.03,False,False,False,False,False,OK: within lot-relative limits (max 0.6 robust-sigma < 5); predicted 168h drift inside the lot safety envelope.
T04,T04-P0373,Iddq,uA,8.1104,8.6073,PASS,0.068,0.68,0.007,8.854,9.046,normal,0.0044,0.65,False,False,False,False,False,OK: within lot-relative limits (max 0.7 robust-sigma < 5); predicted 168h drift inside the lot safety envelope.
T04,T04-P0374,Iddq,uA,7.2246,7.5252,PASS,0.305,0.18,0.305,7.751,7.886,normal,0.0031,-0.23,False,False,False,False,False,OK: within lot-relative limits (max 0.2 robust-sigma < 5); predicted 168h drift inside the lot safety envelope.
T04,T04-P0375,Iddq,uA,12.716,13.3502,PASS,0.934,1.8,0.934,13.865,13.97,normal,0.0068,0.58,False,False,False,False,False,OK: within lot-relative limits (max 1.8 robust-sigma < 5); predicted 168h drift inside the lot safety envelope.
T04,T04-P0376,Iddq,uA,11.2683,11.9865,PASS,0.75,1.28,0.75,12.329,12.591,normal,0.0063,0.76,False,False,False,False,False,OK: within lot-relative limits (max 1.3 robust-sigma < 5); predicted 168h drift inside the lot safety envelope.
T04,T04-P0377,Iddq,uA,8.8964,9.1622,PASS,0.454,0.7,0.454,9.483,9.603,normal,0.0035,-0.56,False,False,False,False,False,OK: within lot-relative limits (max 0.7 robust-sigma < 5); predicted 168h drift inside the lot safety envelope.
T04,T04-P0378,Iddq,uA,8.1384,8.405,PASS,0.098,0.57,0.098,8.687,8.785,normal,0.0033,-0.49,False,False,False,False,False,OK: within lot-relative limits (max 0.6 robust-sigma < 5); predicted 168h drift inside the lot safety envelope.
T04,T04-P0379,Iddq,uA,9.0756,9.3068,PASS,0.504,0.89,0.504,9.62,9.763,normal,0.0032,-0.84,False,False,False,False,False,OK: within lot-relative limits (max 0.9 robust-sigma < 5); predicted 168h drift inside the lot safety envelope.
T04,T04-P0380,Iddq,uA,8.6838,9.1042,PASS,0.34,0.12,0.34,9.365,9.53,normal,0.0041,0.03,False,False,False,False,False,OK: within lot-relative limits (max 0.1 robust-sigma < 5); predicted 168h drift inside the lot safety envelope.
T04,T04-P0381,Iddq,uA,10.7689,11.2828,PASS,0.808,0.99,0.808,11.613,11.818,normal,0.005,0.03,False,False,False,False,False,OK: within lot-relative limits (max 1.0 robust-sigma < 5); predicted 168h drift inside the lot safety envelope.
T04,T04-P0382,Iddq,uA,66.7644,70.0437,REJECT,0.993,9.82,0.993,71.515,72.884,low,0.0283,-0.31,True,True,True,False,True,STATIC FAIL: Iddq@0h = 66.8 uA exceeds datasheet max 50 uA. | LOT OUTLIER: Iddq@24h = 70.0 uA is 9.8 robust-sigma above lot T04 median (9.2 uA). | LOT OUTLIER: Iddq@0h = 66.8 uA is 9.6 robust-sigma above lot T04 median (8.7 uA). | GUARD BAND: 90% upper forecast for Iddq@168h is 72.9 uA = 146% of datasheet max (guard band 70%).
T04,T04-P0383,Iddq,uA,8.7211,9.1317,PASS,0.392,0.06,0.392,9.405,9.571,normal,0.0041,0.03,False,False,False,False,False,OK: within lot-relative limits (max 0.1 robust-sigma < 5); predicted 168h drift inside the lot safety envelope.
T04,T04-P0384,Iddq,uA,7.3673,7.6624,PASS,0.262,0.24,0.262,7.877,8.032,normal,0.003,-0.4,False,False,False,False,False,OK: within lot-relative limits (max 0.2 robust-sigma < 5); predicted 168h drift inside the lot safety envelope.
T04,T04-P0385,Iddq,uA,11.0886,7.3135,REJECT,1.0,21.13,0.988,8.437,16.845,low,-0.0158,-17.54,False,True,False,False,False,ABNORMAL DRIFT: Iddq changed -34% from 0h to 24h vs lot median +5% (21.1 robust-sigma).
T04,T04-P0386,Iddq,uA,12.4093,12.7057,PASS,0.869,1.64,0.869,13.146,13.304,normal,0.0044,-0.87,False,False,False,False,False,OK: within lot-relative limits (max 1.6 robust-sigma < 5); predicted 168h drift inside the lot safety envelope.
T04,T04-P0387,Iddq,uA,8.555,8.7748,PASS,0.164,0.88,0.164,9.038,9.203,normal,0.0029,-1.01,False,False,False,False,False,OK: within lot-relative limits (max 0.9 robust-sigma < 5); predicted 168h drift inside the lot safety envelope.
T04,T04-P0388,Iddq,uA,9.6061,9.8841,PASS,0.541,0.74,0.541,10.24,10.369,normal,0.0038,-0.55,False,False,False,False,False,OK: within lot-relative limits (max 0.7 robust-sigma < 5); predicted 168h drift inside the lot safety envelope.
T04,T04-P0389,Iddq,uA,11.3479,11.9831,PASS,0.786,1.28,0.786,12.396,12.56,normal,0.0062,0.67,False,False,False,False,False,OK: within lot-relative limits (max 1.3 robust-sigma < 5); predicted 168h drift inside the lot safety envelope.
T04,T04-P0390,Iddq,uA,8.106,8.4783,PASS,0.428,0.01,0.428,8.737,8.896,normal,0.0038,0.0,False,False,False,False,False,OK: within lot-relative limits (max 0.0 robust-sigma < 5); predicted 168h drift inside the lot safety envelope.
T04,T04-P0391,Iddq,uA,7.2613,7.4392,PASS,0.142,0.94,0.142,7.672,7.811,normal,0.0024,-1.01,False,False,False,False,False,OK: within lot-relative limits (max 0.9 robust-sigma < 5); predicted 168h drift inside the lot safety envelope.
T04,T04-P0392,Iddq,uA,10.5459,10.8288,PASS,0.646,0.88,0.646,11.187,11.345,normal,0.0038,-0.8,False,False,False,False,False,OK: within lot-relative limits (max 0.9 robust-sigma < 5); predicted 168h drift inside the lot safety envelope.
T04,T04-P0393,Iddq,uA,9.5089,10.2145,PASS,0.661,1.24,0.661,10.621,10.773,normal,0.0066,1.8,False,False,False,False,False,OK: within lot-relative limits (max 1.2 robust-sigma < 5); predicted 168h drift inside the lot safety envelope.
T04,T04-P0394,Iddq,uA,8.4137,8.38,PASS,0.512,2.23,0.512,8.772,8.921,normal,0.0021,-1.67,False,False,False,False,False,OK: within lot-relative limits (max 2.2 robust-sigma < 5); predicted 168h drift inside the lot safety envelope.
T04,T04-P0395,Iddq,uA,11.312,11.9693,PASS,0.766,1.27,0.766,12.356,12.563,normal,0.0062,0.67,False,False,False,False,False,OK: within lot-relative limits (max 1.3 robust-sigma < 5); predicted 168h drift inside the lot safety envelope.
T04,T04-P0396,Iddq,uA,8.9206,9.3137,PASS,0.573,0.09,0.573,9.614,9.79,normal,0.0041,-0.0,False,False,False,False,False,OK: within lot-relative limits (max 0.1 robust-sigma < 5); predicted 168h drift inside the lot safety envelope.
T04,T04-P0397,Iddq,uA,6.0196,6.6207,PASS,0.551,2.32,0.551,7.046,7.195,normal,0.0061,4.16,False,False,False,False,False,OK: within lot-relative limits (max 2.3 robust-sigma < 5); predicted 168h drift inside the lot safety envelope.
T04,T04-P0398,Iddq,uA,9.2097,16.6392,REJECT,1.0,25.07,0.993,7.714,14.868,low,-0.0089,-12.71,False,True,True,False,False,ABNORMAL DRIFT: Iddq changed +81% from 0h to 24h vs lot median +5% (25.1 robust-sigma).
T04,T04-P0399,Iddq,uA,8.5154,8.701,PASS,0.226,1.06,0.226,8.978,9.155,normal,0.0028,-1.11,False,False,False,False,False,OK: within lot-relative limits (max 1.1 robust-sigma < 5); predicted 168h drift inside the lot safety envelope.
T04,T04-P0400,Iddq,uA,12.4428,12.8156,PASS,0.871,1.66,0.871,13.291,13.385,normal,0.0051,-0.45,False,False,False,False,False,OK: within lot-relative limits (max 1.7 robust-sigma < 5); predicted 168h drift inside the lot safety envelope.
T04,T04-P0401,Iddq,uA,8.6647,8.8402,PASS,0.231,1.13,0.231,9.122,9.315,normal,0.0027,-1.19,False,False,False,False,False,OK: within lot-relative limits (max 1.1 robust-sigma < 5); predicted 168h drift inside the lot safety envelope.
T04,T04-P0402,Iddq,uA,8.1119,8.8255,PASS,0.452,1.82,0.452,9.281,9.358,normal,0.007,3.01,False,False,False,False,False,OK: within lot-relative limits (max 1.8 robust-sigma < 5); predicted 168h drift inside the lot safety envelope.
T04,T04-P0403,Iddq,uA,9.4601,9.8634,PASS,0.727,0.37,0.727,10.156,10.33,normal,0.0041,-0.2,False,False,False,False,False,OK: within lot-relative limits (max 0.4 robust-sigma < 5); predicted 168h drift inside the lot safety envelope.
T04,T04-P0404,Iddq,uA,9.1306,9.2489,PASS,0.621,1.46,0.621,9.589,9.731,normal,0.0027,-1.31,False,False,False,False,False,OK: within lot-relative limits (max 1.5 robust-sigma < 5); predicted 168h drift inside the lot safety envelope.
T04,T04-P0405,Iddq,uA,6.4877,7.1095,PASS,0.497,2.15,0.497,7.591,7.591,normal,0.0066,4.13,False,False,False,False,False,OK: within lot-relative limits (max 2.2 robust-sigma < 5); predicted 168h drift inside the lot safety envelope.
T04,T04-P0406,Iddq,uA,8.6921,9.1923,PASS,0.052,0.52,0.036,9.495,9.654,normal,0.0048,0.68,False,False,False,False,False,OK: within lot-relative limits (max 0.5 robust-sigma < 5); predicted 168h drift inside the lot safety envelope.
T04,T04-P0407,Iddq,uA,8.0566,8.235,PASS,0.203,1.04,0.203,8.494,8.662,normal,0.0026,-1.11,False,False,False,False,False,OK: within lot-relative limits (max 1.0 robust-sigma < 5); predicted 168h drift inside the lot safety envelope.
T04,T04-P0408,Iddq,uA,11.2738,12.0265,PASS,0.785,1.29,0.785,12.437,12.67,normal,0.0069,1.17,False,False,False,False,False,OK: within lot-relative limits (max 1.3 robust-sigma < 5); predicted 168h drift inside the lot safety envelope.
T04,T04-P0409,Iddq,uA,13.5676,14.1561,PASS,0.957,2.08,0.957,14.518,14.775,normal,0.0057,-0.36,False,False,False,False,False,OK: within lot-relative limits (max 2.1 robust-sigma < 5); predicted 168h drift inside the lot safety envelope.
T04,T04-P0410,Iddq,uA,6.9113,7.2499,PASS,0.331,0.15,0.331,7.438,7.585,normal,0.0031,-0.08,False,False,False,False,False,OK: within lot-relative limits (max 0.1 robust-sigma < 5); predicted 168h drift inside the lot safety envelope.
T04,T04-P0411,Iddq,uA,7.2374,7.4645,PASS,0.063,0.63,0.034,7.71,7.812,normal,0.0028,-0.59,False,False,False,False,False,OK: within lot-relative limits (max 0.6 robust-sigma < 5); predicted 168h drift inside the lot safety envelope.
T04,T04-P0412,Iddq,uA,7.3213,7.7373,PASS,0.095,0.49,0.095,7.993,8.114,normal,0.004,0.65,False,False,False,False,False,OK: within lot-relative limits (max 0.5 robust-sigma < 5); predicted 168h drift inside the lot safety envelope.
T04,T04-P0413,Iddq,uA,7.5801,7.7891,PASS,0.112,0.8,0.112,8.042,8.182,normal,0.0027,-0.8,False,False,False,False,False,OK: within lot-relative limits (max 0.8 robust-sigma < 5); predicted 168h drift inside the lot safety envelope.
T04,T04-P0414,Iddq,uA,7.589,7.7094,PASS,0.341,1.32,0.341,7.946,8.088,normal,0.0021,-1.46,False,False,False,False,False,OK: within lot-relative limits (max 1.3 robust-sigma < 5); predicted 168h drift inside the lot safety envelope.
T04,T04-P0415,Iddq,uA,8.705,9.0438,PASS,0.241,0.29,0.241,9.301,9.49,normal,0.0035,-0.44,False,False,False,False,False,OK: within lot-relative limits (max 0.3 robust-sigma < 5); predicted 168h drift inside the lot safety envelope.
T04,T04-P0416,Iddq,uA,10.5544,10.985,PASS,0.752,0.88,0.752,11.329,11.512,normal,0.0046,-0.21,False,False,False,False,False,OK: within lot-relative limits (max 0.9 robust-sigma < 5); predicted 168h drift inside the lot safety envelope.
T04,T04-P0417,Iddq,uA,6.7383,7.1821,PASS,0.172,0.88,0.172,7.418,7.551,normal,0.004,1.07,False,False,False,False,False,OK: within lot-relative limits (max 0.9 robust-sigma < 5); predicted 168h drift inside the lot safety envelope.
T04,T04-P0418,Iddq,uA,6.3508,6.6215,PASS,0.332,0.13,0.332,6.845,6.938,normal,0.0029,-0.0,False,False,False,False,False,OK: within lot-relative limits (max 0.1 robust-sigma < 5); predicted 168h drift inside the lot safety envelope.
T04,T04-P0419,Iddq,uA,5.9115,6.4585,PASS,0.48,2.01,0.48,6.798,6.859,normal,0.0053,3.26,False,False,False,False,False,OK: within lot-relative limits (max 2.0 robust-sigma < 5); predicted 168h drift inside the lot safety envelope.
T04,T04-P0420,Iddq,uA,10.7187,11.1445,PASS,0.73,0.96,0.73,11.467,11.686,normal,0.0045,-0.38,False,False,False,False,False,OK: within lot-relative limits (max 1.0 robust-sigma < 5); predicted 168h drift inside the lot safety envelope.
T04,T04-P0421,Iddq,uA,11.0413,12.096,PASS,0.919,2.14,0.919,12.692,12.827,normal,0.0098,3.25,False,False,False,False,False,OK: within lot-relative limits (max 2.1 robust-sigma < 5); predicted 168h drift inside the lot safety envelope.
T04,T04-P0422,Iddq,uA,6.3267,6.6104,PASS,0.408,0.03,0.408,6.85,6.947,normal,0.0031,0.23,False,False,False,False,False,OK: within lot-relative limits (max 0.0 robust-sigma < 5); predicted 168h drift inside the lot safety envelope.
T04,T04-P0423,Iddq,uA,6.1771,6.5052,PASS,0.241,0.33,0.241,6.739,6.83,normal,0.0033,0.61,False,False,False,False,False,OK: within lot-relative limits (max 0.3 robust-sigma < 5); predicted 168h drift inside the lot safety envelope.
T04,T04-P0424,Iddq,uA,8.8132,9.3364,PASS,0.484,0.6,0.484,9.621,9.829,normal,0.0048,0.64,False,False,False,False,False,OK: within lot-relative limits (max 0.6 robust-sigma < 5); predicted 168h drift inside the lot safety envelope.
T04,T04-P0425,Iddq,uA,10.5314,10.7318,PASS,0.695,1.18,0.695,11.086,11.315,normal,0.0033,-1.19,False,False,False,False,False,OK: within lot-relative limits (max 1.2 robust-sigma < 5); predicted 168h drift inside the lot safety envelope.
T04,T04-P0426,Iddq,uA,10.2479,10.6655,PASS,0.683,0.74,0.683,11.0,11.178,normal,0.0045,-0.21,False,False,False,False,False,OK: within lot-relative limits (max 0.7 robust-sigma < 5); predicted 168h drift inside the lot safety envelope.
T04,T04-P0427,Iddq,uA,8.9716,10.0297,REJECT,0.947,3.07,0.947,11.298,11.298,normal,0.0138,7.84,False,False,False,True,False,EARLY REJECT (drift forecast): predicted Iddq@168h = 11.3 uA from 0h/24h readings; drift slope 0.014 uA/h exceeds lot safety slope 0.010 uA/h (7.8 robust-sigma).
T04,T04-P0428,Iddq,uA,9.8338,10.3365,PASS,0.631,0.56,0.631,10.71,10.85,normal,0.0052,0.52,False,False,False,False,False,OK: within lot-relative limits (max 0.6 robust-sigma < 5); predicted 168h drift inside the lot safety envelope.
T04,T04-P0429,Iddq,uA,9.1723,9.8776,PASS,0.659,1.35,0.659,10.27,10.4,normal,0.0065,1.92,False,False,False,False,False,OK: within lot-relative limits (max 1.4 robust-sigma < 5); predicted 168h drift inside the lot safety envelope.
T04,T04-P0430,Iddq,uA,7.7973,8.1242,PASS,0.307,0.16,0.307,8.365,8.511,normal,0.0034,-0.23,False,False,False,False,False,OK: within lot-relative limits (max 0.2 robust-sigma < 5); predicted 168h drift inside the lot safety envelope.
T04,T04-P0431,Iddq,uA,12.4678,13.1504,PASS,0.902,1.73,0.902,13.666,13.768,normal,0.0071,0.85,False,False,False,False,False,OK: within lot-relative limits (max 1.7 robust-sigma < 5); predicted 168h drift inside the lot safety envelope.
T04,T04-P0432,Iddq,uA,8.6808,9.0321,PASS,0.281,0.23,0.281,9.318,9.464,normal,0.0038,-0.2,False,False,False,False,False,OK: within lot-relative limits (max 0.2 robust-sigma < 5); predicted 168h drift inside the lot safety envelope.
T04,T04-P0433,Iddq,uA,6.9869,7.3363,PASS,0.325,0.19,0.325,7.593,7.696,normal,0.0036,0.42,False,False,False,False,False,OK: within lot-relative limits (max 0.2 robust-sigma < 5); predicted 168h drift inside the lot safety envelope.
T04,T04-P0434,Iddq,uA,7.7541,8.1258,PASS,0.36,0.1,0.36,8.357,8.51,normal,0.0036,0.0,False,False,False,False,False,OK: within lot-relative limits (max 0.1 robust-sigma < 5); predicted 168h drift inside the lot safety envelope.
T04,T04-P0435,Iddq,uA,6.4147,6.5589,PASS,0.194,1.03,0.194,6.747,6.897,normal,0.002,-1.23,False,False,False,False,False,OK: within lot-relative limits (max 1.0 robust-sigma < 5); predicted 168h drift inside the lot safety envelope.
T04,T04-P0436,Iddq,uA,8.8576,9.9014,REJECT,0.946,3.06,0.946,11.136,11.136,normal,0.0136,7.76,False,False,False,True,False,EARLY REJECT (drift forecast): predicted Iddq@168h = 11.1 uA from 0h/24h readings; drift slope 0.014 uA/h exceeds lot safety slope 0.010 uA/h (7.8 robust-sigma).
T04,T04-P0437,Iddq,uA,10.6441,11.3106,PASS,0.627,1.0,0.627,11.627,11.871,normal,0.0059,0.67,False,False,False,False,False,OK: within lot-relative limits (max 1.0 robust-sigma < 5); predicted 168h drift inside the lot safety envelope.
T04,T04-P0438,Iddq,uA,6.7592,7.3953,PASS,0.488,2.08,0.488,7.749,7.841,normal,0.0059,3.11,False,False,False,False,False,OK: within lot-relative limits (max 2.1 robust-sigma < 5); predicted 168h drift inside the lot safety envelope.
T04,T04-P0439,Iddq,uA,10.6431,11.1997,PASS,0.738,0.95,0.738,11.591,11.748,normal,0.0056,0.52,False,False,False,False,False,OK: within lot-relative limits (max 0.9 robust-sigma < 5); predicted 168h drift inside the lot safety envelope.
T04,T04-P0440,Iddq,uA,12.9873,13.3093,PASS,0.917,1.86,0.917,13.686,13.929,normal,0.0042,-1.14,False,False,False,False,False,OK: within lot-relative limits (max 1.9 robust-sigma < 5); predicted 168h drift inside the lot safety envelope.
T04,T04-P0441,Iddq,uA,9.267,9.864,PASS,0.518,0.82,0.518,10.211,10.355,normal,0.0056,1.11,False,False,False,False,False,OK: within lot-relative limits (max 0.8 robust-sigma < 5); predicted 168h drift inside the lot safety envelope.
T04,T04-P0442,Iddq,uA,6.8814,7.4565,PASS,0.416,1.63,0.416,7.729,7.875,normal,0.005,2.08,False,False,False,False,False,OK: within lot-relative limits (max 1.6 robust-sigma < 5); predicted 168h drift inside the lot safety envelope.
T04,T04-P0443,Iddq,uA,7.4448,7.5795,PASS,0.289,1.22,0.289,7.809,7.97,normal,0.0022,-1.37,False,False,False,False,False,OK: within lot-relative limits (max 1.2 robust-sigma < 5); predicted 168h drift inside the lot safety envelope.
T04,T04-P0444,Iddq,uA,8.1744,8.6635,PASS,0.062,0.62,0.047,8.924,9.117,normal,0.0045,0.65,False,False,False,False,False,OK: within lot-relative limits (max 0.6 robust-sigma < 5); predicted 168h drift inside the lot safety envelope.
T04,T04-P0445,Iddq,uA,6.5738,7.4051,REJECT,0.911,3.41,0.911,12.116,15.02,normal,0.033,27.03,False,False,False,True,False,EARLY REJECT (drift forecast): predicted Iddq@168h = 12.1 uA from 0h/24h readings; drift slope 0.033 uA/h exceeds lot safety slope 0.007 uA/h (27.0 robust-sigma).
T04,T04-P0446,Iddq,uA,6.6251,7.5164,REJECT,0.935,3.74,0.935,12.519,15.061,normal,0.0351,28.29,False,False,False,True,False,EARLY REJECT (drift forecast): predicted Iddq@168h = 12.5 uA from 0h/24h readings; drift slope 0.035 uA/h exceeds lot safety slope 0.008 uA/h (28.3 robust-sigma).
T04,T04-P0447,Iddq,uA,8.1715,8.6654,PASS,0.065,0.65,0.023,8.921,9.114,normal,0.0045,0.65,False,False,False,False,False,OK: within lot-relative limits (max 0.6 robust-sigma < 5); predicted 168h drift inside the lot safety envelope.
T04,T04-P0448,Iddq,uA,8.4123,8.7509,PASS,0.247,0.24,0.247,9.025,9.171,normal,0.0036,-0.23,False,False,False,False,False,OK: within lot-relative limits (max 0.2 robust-sigma < 5); predicted 168h drift inside the lot safety envelope.
T04,T04-P0449,Iddq,uA,9.5316,10.0851,PASS,0.506,0.54,0.506,10.426,10.586,normal,0.0053,0.74,False,False,False,False,False,OK: within lot-relative limits (max 0.5 robust-sigma < 5); predicted 168h drift inside the lot safety envelope.
T04,T04-P0450,Iddq,uA,6.7382,7.1786,PASS,0.165,0.86,0.165,7.418,7.551,normal,0.004,1.07,False,False,False,False,False,OK: within lot-relative limits (max 0.9 robust-sigma < 5); predicted 168h drift inside the lot safety envelope.
T04,T04-P0451,Iddq,uA,12.3559,12.9338,PASS,0.933,1.65,0.933,13.354,13.518,normal,0.0059,0.14,False,False,False,False,False,OK: within lot-relative limits (max 1.6 robust-sigma < 5); predicted 168h drift inside the lot safety envelope.
T04,T04-P0452,Iddq,uA,10.598,10.8902,PASS,0.622,0.9,0.622,11.249,11.432,normal,0.0039,-0.77,False,False,False,False,False,OK: within lot-relative limits (max 0.9 robust-sigma < 5); predicted 168h drift inside the lot safety envelope.
T04,T04-P0453,Iddq,uA,10.1616,10.4522,PASS,0.544,0.75,0.544,10.831,10.969,normal,0.004,-0.56,False,False,False,False,False,OK: within lot-relative limits (max 0.8 robust-sigma < 5); predicted 168h drift inside the lot safety envelope.
T04,T04-P0454,Iddq,uA,7.5425,8.0441,PASS,0.116,0.91,0.116,8.316,8.476,normal,0.0046,1.15,False,False,False,False,False,OK: within lot-relative limits (max 0.9 robust-sigma < 5); predicted 168h drift inside the lot safety envelope.
T04,T04-P0455,Iddq,uA,12.2267,12.3626,PASS,0.904,1.57,0.904,12.878,12.986,normal,0.0039,-1.16,False,False,False,False,False,OK: within lot-relative limits (max 1.6 robust-sigma < 5); predicted 168h drift inside the lot safety envelope.
T04,T04-P0456,Iddq,uA,7.9535,8.2337,PASS,0.092,0.46,0.092,8.49,8.607,normal,0.0032,-0.49,False,False,False,False,False,OK: within lot-relative limits (max 0.5 robust-sigma < 5); predicted 168h drift inside the lot safety envelope.
T04,T04-P0457,Iddq,uA,11.9978,12.6434,PASS,0.865,1.54,0.865,13.134,13.243,normal,0.0068,0.78,False,False,False,False,False,OK: within lot-relative limits (max 1.5 robust-sigma < 5); predicted 168h drift inside the lot safety envelope.
T04,T04-P0458,Iddq,uA,10.5305,10.7984,PASS,0.652,0.89,0.652,11.131,11.321,normal,0.0036,-0.98,False,False,False,False,False,OK: within lot-relative limits (max 0.9 robust-sigma < 5); predicted 168h drift inside the lot safety envelope.
T04,T04-P0459,Iddq,uA,7.275,7.719,PASS,0.067,0.67,0.004,7.942,8.114,normal,0.004,0.65,False,False,False,False,False,OK: within lot-relative limits (max 0.7 robust-sigma < 5); predicted 168h drift inside the lot safety envelope.
T04,T04-P0460,Iddq,uA,7.8849,8.3437,PASS,0.055,0.55,0.052,8.608,8.757,normal,0.0043,0.65,False,False,False,False,False,OK: within lot-relative limits (max 0.5 robust-sigma < 5); predicted 168h drift inside the lot safety envelope.
T04,T04-P0461,Iddq,uA,12.318,12.9915,PASS,0.886,1.67,0.886,13.485,13.597,normal,0.0069,0.78,False,False,False,False,False,OK: within lot-relative limits (max 1.7 robust-sigma < 5); predicted 168h drift inside the lot safety envelope.
T04,T04-P0462,Iddq,uA,10.4772,10.9933,PASS,0.774,0.86,0.774,11.298,11.498,normal,0.0049,0.03,False,False,False,False,False,OK: within lot-relative limits (max 0.9 robust-sigma < 5); predicted 168h drift inside the lot safety envelope.
T04,T04-P0463,Iddq,uA,8.3585,8.6806,PASS,0.244,0.31,0.244,8.926,9.113,normal,0.0034,-0.47,False,False,False,False,False,OK: within lot-relative limits (max 0.3 robust-sigma < 5); predicted 168h drift inside the lot safety envelope.
T04,T04-P0464,Iddq,uA,9.0072,9.5653,PASS,0.505,0.71,0.505,9.837,10.046,normal,0.0049,0.67,False,False,False,False,False,OK: within lot-relative limits (max 0.7 robust-sigma < 5); predicted 168h drift inside the lot safety envelope.
T04,T04-P0465,Iddq,uA,8.9017,9.4422,PASS,0.496,0.66,0.496,9.718,9.928,normal,0.0049,0.64,False,False,False,False,False,OK: within lot-relative limits (max 0.7 robust-sigma < 5); predicted 168h drift inside the lot safety envelope.
T04,T04-P0466,Iddq,uA,7.4687,7.6489,PASS,0.126,0.95,0.126,7.891,8.034,normal,0.0025,-1.01,False,False,False,False,False,OK: within lot-relative limits (max 1.0 robust-sigma < 5); predicted 168h drift inside the lot safety envelope.
T04,T04-P0467,Iddq,uA,8.2712,8.5223,PASS,0.067,0.67,0.004,8.811,8.928,normal,0.0032,-0.59,False,False,False,False,False,OK: within lot-relative limits (max 0.7 robust-sigma < 5); predicted 168h drift inside the lot safety envelope.
T04,T04-P0468,Iddq,uA,7.474,7.8775,PASS,0.17,0.37,0.17,8.16,8.275,normal,0.0041,0.65,False,False,False,False,False,OK: within lot-relative limits (max 0.4 robust-sigma < 5); predicted 168h drift inside the lot safety envelope.
T04,T04-P0469,Iddq,uA,7.89,8.206,PASS,0.262,0.25,0.262,8.436,8.602,normal,0.0032,-0.4,False,False,False,False,False,OK: within lot-relative limits (max 0.2 robust-sigma < 5); predicted 168h drift inside the lot safety envelope.
T04,T04-P0470,Iddq,uA,9.4328,9.7546,PASS,0.547,0.51,0.547,10.076,10.203,normal,0.0038,-0.45,False,False,False,False,False,OK: within lot-relative limits (max 0.5 robust-sigma < 5); predicted 168h drift inside the lot safety envelope.
T04,T04-P0471,Iddq,uA,6.9943,8.2513,REJECT,0.966,5.53,0.966,14.17,16.255,low,0.0427,31.79,False,True,False,True,False,ABNORMAL DRIFT: Iddq changed +18% from 0h to 24h vs lot median +5% (5.5 robust-sigma). | EARLY REJECT (drift forecast): predicted Iddq@168h = 14.2 uA from 0h/24h readings; drift slope 0.043 uA/h exceeds lot safety slope 0.008 uA/h (31.8 robust-sigma).
T04,T04-P0472,Iddq,uA,9.966,10.1943,PASS,0.592,1.01,0.592,10.527,10.721,normal,0.0033,-1.02,False,False,False,False,False,OK: within lot-relative limits (max 1.0 robust-sigma < 5); predicted 168h drift inside the lot safety envelope.
T04,T04-P0473,Iddq,uA,8.7552,9.1723,PASS,0.429,0.09,0.429,9.442,9.608,normal,0.0041,0.03,False,False,False,False,False,OK: within lot-relative limits (max 0.1 robust-sigma < 5); predicted 168h drift inside the lot safety envelope.
T04,T04-P0474,Iddq,uA,10.1572,10.3464,PASS,0.676,1.2,0.676,10.659,10.942,normal,0.003,-1.34,False,False,False,False,False,OK: within lot-relative limits (max 1.2 robust-sigma < 5); predicted 168h drift inside the lot safety envelope.
T04,T04-P0475,Iddq,uA,10.3833,11.0023,PASS,0.616,0.86,0.616,11.342,11.581,normal,0.0057,0.67,False,False,False,False,False,OK: within lot-relative limits (max 0.9 robust-sigma < 5); predicted 168h drift inside the lot safety envelope.
T04,T04-P0476,Iddq,uA,11.0456,11.5045,PASS,0.796,1.1,0.796,11.856,12.057,normal,0.0048,-0.21,False,False,False,False,False,OK: within lot-relative limits (max 1.1 robust-sigma < 5); predicted 168h drift inside the lot safety envelope.
T04,T04-P0477,Iddq,uA,9.8567,9.9143,PASS,0.83,1.78,0.83,10.33,10.464,normal,0.0028,-1.41,False,False,False,False,False,OK: within lot-relative limits (max 1.8 robust-sigma < 5); predicted 168h drift inside the lot safety envelope.
T04,T04-P0478,Iddq,uA,9.8596,10.278,PASS,0.679,0.56,0.679,10.583,10.766,normal,0.0043,-0.21,False,False,False,False,False,OK: within lot-relative limits (max 0.6 robust-sigma < 5); predicted 168h drift inside the lot safety envelope.
T04,T04-P0479,Iddq,uA,8.24,8.5992,PASS,0.363,0.09,0.363,8.84,8.997,normal,0.0036,-0.23,False,False,False,False,False,OK: within lot-relative limits (max 0.1 robust-sigma < 5); predicted 168h drift inside the lot safety envelope.
T04,T04-P0480,Iddq,uA,9.814,9.968,PASS,0.71,1.33,0.71,10.295,10.459,normal,0.0029,-1.36,False,False,False,False,False,OK: within lot-relative limits (max 1.3 robust-sigma < 5); predicted 168h drift inside the lot safety envelope.
T04,T04-P0481,Iddq,uA,7.1968,7.5085,PASS,0.358,0.1,0.358,7.721,7.858,normal,0.0031,-0.23,False,False,False,False,False,OK: within lot-relative limits (max 0.1 robust-sigma < 5); predicted 168h drift inside the lot safety envelope.
T04,T04-P0482,Iddq,uA,8.1861,9.0836,REJECT,0.799,2.72,0.799,9.777,9.777,normal,0.0095,5.17,False,False,False,True,False,EARLY REJECT (drift forecast): predicted Iddq@168h = 9.8 uA from 0h/24h readings; drift slope 0.009 uA/h exceeds lot safety slope 0.009 uA/h (5.2 robust-sigma).
T04,T04-P0483,Iddq,uA,9.8889,10.1649,PASS,0.535,0.78,0.535,10.554,10.674,normal,0.004,-0.49,False,False,False,False,False,OK: within lot-relative limits (max 0.8 robust-sigma < 5); predicted 168h drift inside the lot safety envelope.
T04,T04-P0484,Iddq,uA,8.6538,8.9396,PASS,0.064,0.56,0.064,9.243,9.341,normal,0.0035,-0.46,False,False,False,False,False,OK: within lot-relative limits (max 0.6 robust-sigma < 5); predicted 168h drift inside the lot safety envelope.
T04,T04-P0485,Iddq,uA,9.5209,9.7054,PASS,0.631,1.17,0.631,10.023,10.236,normal,0.003,-1.18,False,False,False,False,False,OK: within lot-relative limits (max 1.2 robust-sigma < 5); predicted 168h drift inside the lot safety envelope.
T04,T04-P0486,Iddq,uA,7.0357,7.3739,PASS,0.35,0.11,0.35,7.571,7.721,normal,0.0032,-0.08,False,False,False,False,False,OK: within lot-relative limits (max 0.1 robust-sigma < 5); predicted 168h drift inside the lot safety envelope.
T04,T04-P0487,Iddq,uA,11.1061,11.7583,PASS,0.718,1.19,0.718,12.132,12.387,normal,0.0061,0.67,False,False,False,False,False,OK: within lot-relative limits (max 1.2 robust-sigma < 5); predicted 168h drift inside the lot safety envelope.
T04,T04-P0488,Iddq,uA,7.6904,8.136,PASS,0.054,0.54,0.05,8.396,8.541,normal,0.0042,0.65,False,False,False,False,False,OK: within lot-relative limits (max 0.5 robust-sigma < 5); predicted 168h drift inside the lot safety envelope.
T04,T04-P0489,Iddq,uA,9.2992,9.9202,PASS,0.578,0.92,0.578,10.3,10.45,normal,0.006,1.38,False,False,False,False,False,OK: within lot-relative limits (max 0.9 robust-sigma < 5); predicted 168h drift inside the lot safety envelope.
T04,T04-P0490,Iddq,uA,8.6583,9.0096,PASS,0.275,0.22,0.275,9.294,9.439,normal,0.0038,-0.2,False,False,False,False,False,OK: within lot-relative limits (max 0.2 robust-sigma < 5); predicted 168h drift inside the lot safety envelope.
T04,T04-P0491,Iddq,uA,10.1889,10.7682,PASS,0.61,0.76,0.61,11.13,11.292,normal,0.0056,0.67,False,False,False,False,False,OK: within lot-relative limits (max 0.8 robust-sigma < 5); predicted 168h drift inside the lot safety envelope.
T04,T04-P0492,Iddq,uA,7.9828,8.4214,PASS,0.168,0.41,0.168,8.715,8.838,normal,0.0044,0.65,False,False,False,False,False,OK: within lot-relative limits (max 0.4 robust-sigma < 5); predicted 168h drift inside the lot safety envelope.
T04,T04-P0493,Iddq,uA,7.029,7.435,PASS,0.053,0.53,0.038,7.662,7.807,normal,0.0038,0.57,False,False,False,False,False,OK: within lot-relative limits (max 0.5 robust-sigma < 5); predicted 168h drift inside the lot safety envelope.
T04,T04-P0494,Iddq,uA,6.0253,6.1726,PASS,0.142,0.94,0.142,6.336,6.468,normal,0.0018,-1.25,False,False,False,False,False,OK: within lot-relative limits (max 0.9 robust-sigma < 5); predicted 168h drift inside the lot safety envelope.
T04,T04-P0495,Iddq,uA,8.104,8.2936,PASS,0.202,0.99,0.202,8.562,8.718,normal,0.0027,-1.01,False,False,False,False,False,OK: within lot-relative limits (max 1.0 robust-sigma < 5); predicted 168h drift inside the lot safety envelope.
T04,T04-P0496,Iddq,uA,6.7676,6.8498,PASS,0.384,1.49,0.384,7.072,7.213,normal,0.0018,-1.55,False,False,False,False,False,OK: within lot-relative limits (max 1.5 robust-sigma < 5); predicted 168h drift inside the lot safety envelope.
T04,T04-P0497,Iddq,uA,9.4744,9.79,PASS,0.526,0.54,0.526,10.121,10.227,normal,0.0038,-0.45,False,False,False,False,False,OK: within lot-relative limits (max 0.5 robust-sigma < 5); predicted 168h drift inside the lot safety envelope.
T04,T04-P0498,Iddq,uA,11.4199,11.8861,PASS,0.826,1.25,0.826,12.258,12.453,normal,0.005,-0.21,False,False,False,False,False,OK: within lot-relative limits (max 1.3 robust-sigma < 5); predicted 168h drift inside the lot safety envelope.
T04,T04-P0499,Iddq,uA,5.5572,5.8772,PASS,0.052,0.52,0.032,6.04,6.176,normal,0.0029,0.43,False,False,False,False,False,OK: within lot-relative limits (max 0.5 robust-sigma < 5); predicted 168h drift inside the lot safety envelope.
T04,T04-P0500,Iddq,uA,6.7027,7.2836,PASS,0.445,1.77,0.445,7.587,7.733,normal,0.0053,2.47,False,False,False,False,False,OK: within lot-relative limits (max 1.8 robust-sigma < 5); predicted 168h drift inside the lot safety envelope.
T05,T05-P0001,Iddq,uA,6.0302,6.3793,PASS,0.135,0.87,0.135,6.551,6.687,normal,0.0031,0.72,False,False,False,False,False,OK: within lot-relative limits (max 0.9 robust-sigma < 5); predicted 168h drift inside the lot safety envelope.
T05,T05-P0002,Iddq,uA,6.663,6.9962,PASS,0.111,0.44,0.111,7.226,7.328,normal,0.0034,0.65,False,False,False,False,False,OK: within lot-relative limits (max 0.4 robust-sigma < 5); predicted 168h drift inside the lot safety envelope.
T05,T05-P0003,Iddq,uA,6.2479,6.5597,PASS,0.131,0.43,0.131,6.767,6.871,normal,0.0031,0.58,False,False,False,False,False,OK: within lot-relative limits (max 0.4 robust-sigma < 5); predicted 168h drift inside the lot safety envelope.
T05,T05-P0004,Iddq,uA,6.3716,6.7243,PASS,0.073,0.73,0.048,6.931,7.043,normal,0.0033,0.78,False,False,False,False,False,OK: within lot-relative limits (max 0.7 robust-sigma < 5); predicted 168h drift inside the lot safety envelope.
T05,T05-P0005,Iddq,uA,7.2419,9.2404,REJECT,1.0,11.64,0.987,21.134,21.134,low,0.0827,46.36,False,True,False,True,False,ABNORMAL DRIFT: Iddq changed +28% from 0h to 24h vs lot median +4% (11.6 robust-sigma). | EARLY REJECT (drift forecast): predicted Iddq@168h = 21.1 uA from 0h/24h readings; drift slope 0.083 uA/h exceeds lot safety slope 0.008 uA/h (46.4 robust-sigma).
T05,T05-P0006,Iddq,uA,6.8525,7.1805,PASS,0.25,0.32,0.25,7.359,7.508,normal,0.003,0.19,False,False,False,False,False,OK: within lot-relative limits (max 0.3 robust-sigma < 5); predicted 168h drift inside the lot safety envelope.
T05,T05-P0007,Iddq,uA,7.2939,7.8235,PASS,0.801,1.66,0.801,8.144,8.232,normal,0.0051,1.99,False,False,False,False,False,OK: within lot-relative limits (max 1.7 robust-sigma < 5); predicted 168h drift inside the lot safety envelope.
T05,T05-P0008,Iddq,uA,8.5017,8.8806,PASS,0.828,1.19,0.828,9.136,9.313,normal,0.0038,0.22,False,False,False,False,False,OK: within lot-relative limits (max 1.2 robust-sigma < 5); predicted 168h drift inside the lot safety envelope.
T05,T05-P0009,Iddq,uA,6.9855,7.3865,PASS,0.148,0.84,0.148,7.599,7.746,normal,0.0037,0.78,False,False,False,False,False,OK: within lot-relative limits (max 0.8 robust-sigma < 5); predicted 168h drift inside the lot safety envelope.
T05,T05-P0010,Iddq,uA,5.391,5.6424,PASS,0.237,0.25,0.237,5.774,5.901,normal,0.0023,0.06,False,False,False,False,False,OK: within lot-relative limits (max 0.3 robust-sigma < 5); predicted 168h drift inside the lot safety envelope.
T05,T05-P0011,Iddq,uA,6.8306,7.1519,PASS,0.263,0.27,0.263,7.335,7.484,normal,0.003,0.19,False,False,False,False,False,OK: within lot-relative limits (max 0.3 robust-sigma < 5); predicted 168h drift inside the lot safety envelope.
T05,T05-P0012,Iddq,uA,7.2094,7.6609,PASS,0.479,1.12,0.479,7.835,8.028,normal,0.0037,0.74,False,False,False,False,False,OK: within lot-relative limits (max 1.1 robust-sigma < 5); predicted 168h drift inside the lot safety envelope.
T05,T05-P0013,Iddq,uA,8.1218,8.4729,PASS,0.826,0.85,0.826,8.687,8.852,normal,0.0034,0.01,False,False,False,False,False,OK: within lot-relative limits (max 0.9 robust-sigma < 5); predicted 168h drift inside the lot safety envelope.
T05,T05-P0014,Iddq,uA,8.2298,8.6536,PASS,0.669,1.0,0.669,8.931,9.063,normal,0.0042,0.67,False,False,False,False,False,OK: within lot-relative limits (max 1.0 robust-sigma < 5); predicted 168h drift inside the lot safety envelope.
T05,T05-P0015,Iddq,uA,8.083,8.4748,PASS,0.716,0.85,0.716,8.686,8.854,normal,0.0036,0.22,False,False,False,False,False,OK: within lot-relative limits (max 0.9 robust-sigma < 5); predicted 168h drift inside the lot safety envelope.
T05,T05-P0016,Iddq,uA,6.8247,7.104,PASS,0.394,0.06,0.394,7.295,7.432,normal,0.0028,-0.02,False,False,False,False,False,OK: within lot-relative limits (max 0.1 robust-sigma < 5); predicted 168h drift inside the lot safety envelope.
T05,T05-P0017,Iddq,uA,7.7621,8.0906,PASS,0.796,0.52,0.796,8.302,8.46,normal,0.0032,0.01,False,False,False,False,False,OK: within lot-relative limits (max 0.5 robust-sigma < 5); predicted 168h drift inside the lot safety envelope.
T05,T05-P0018,Iddq,uA,5.8022,6.095,PASS,0.106,0.46,0.106,6.342,6.399,normal,0.0032,1.01,False,False,False,False,False,OK: within lot-relative limits (max 0.5 robust-sigma < 5); predicted 168h drift inside the lot safety envelope.
T05,T05-P0019,Iddq,uA,8.4635,8.8709,PASS,0.788,1.18,0.788,9.095,9.271,normal,0.0038,0.22,False,False,False,False,False,OK: within lot-relative limits (max 1.2 robust-sigma < 5); predicted 168h drift inside the lot safety envelope.
T05,T05-P0020,Iddq,uA,7.6594,7.9367,PASS,0.591,0.41,0.591,8.16,8.307,normal,0.003,-0.18,False,False,False,False,False,OK: within lot-relative limits (max 0.4 robust-sigma < 5); predicted 168h drift inside the lot safety envelope.
T05,T05-P0021,Iddq,uA,7.7328,7.8802,PASS,0.635,1.28,0.635,8.112,8.305,normal,0.0023,-0.89,False,False,False,False,False,OK: within lot-relative limits (max 1.3 robust-sigma < 5); predicted 168h drift inside the lot safety envelope.
T05,T05-P0022,Iddq,uA,6.7425,7.0477,PASS,0.305,0.18,0.305,7.241,7.388,normal,0.003,0.19,False,False,False,False,False,OK: within lot-relative limits (max 0.2 robust-sigma < 5); predicted 168h drift inside the lot safety envelope.
T05,T05-P0023,Iddq,uA,7.0161,7.4485,PASS,0.226,1.07,0.226,7.626,7.812,normal,0.0036,0.75,False,False,False,False,False,OK: within lot-relative limits (max 1.1 robust-sigma < 5); predicted 168h drift inside the lot safety envelope.
T05,T05-P0024,Iddq,uA,6.4229,6.6247,PASS,0.067,0.59,0.067,6.817,6.926,normal,0.0023,-0.35,False,False,False,False,False,OK: within lot-relative limits (max 0.6 robust-sigma < 5); predicted 168h drift inside the lot safety envelope.
T05,T05-P0025,Iddq,uA,7.6132,7.9261,PASS,0.787,0.38,0.787,8.148,8.291,normal,0.0032,0.04,False,False,False,False,False,OK: within lot-relative limits (max 0.4 robust-sigma < 5); predicted 168h drift inside the lot safety envelope.
T05,T05-P0026,Iddq,uA,5.8369,6.1073,PASS,0.247,0.24,0.247,6.313,6.399,normal,0.0028,0.52,False,False,False,False,False,OK: within lot-relative limits (max 0.2 robust-sigma < 5); predicted 168h drift inside the lot safety envelope.
T05,T05-P0027,Iddq,uA,8.074,8.5361,PASS,0.684,0.9,0.684,8.788,8.951,normal,0.0043,0.81,False,False,False,False,False,OK: within lot-relative limits (max 0.9 robust-sigma < 5); predicted 168h drift inside the lot safety envelope.
T05,T05-P0028,Iddq,uA,7.7472,7.9429,PASS,0.591,0.93,0.591,8.166,8.324,normal,0.0025,-0.67,False,False,False,False,False,OK: within lot-relative limits (max 0.9 robust-sigma < 5); predicted 168h drift inside the lot safety envelope.
T05,T05-P0029,Iddq,uA,9.4012,9.7896,PASS,0.951,1.88,0.951,10.076,10.209,normal,0.004,0.1,False,False,False,False,False,OK: within lot-relative limits (max 1.9 robust-sigma < 5); predicted 168h drift inside the lot safety envelope.
T05,T05-P0030,Iddq,uA,6.9837,7.2853,PASS,0.392,0.06,0.392,7.465,7.613,normal,0.0029,-0.02,False,False,False,False,False,OK: within lot-relative limits (max 0.1 robust-sigma < 5); predicted 168h drift inside the lot safety envelope.
T05,T05-P0031,Iddq,uA,6.9584,7.3245,PASS,0.067,0.58,0.067,7.556,7.677,normal,0.0036,0.71,False,False,False,False,False,OK: within lot-relative limits (max 0.6 robust-sigma < 5); predicted 168h drift inside the lot safety envelope.
T05,T05-P0032,Iddq,uA,7.2521,7.7131,PASS,0.572,1.17,0.572,7.894,8.09,normal,0.0038,0.82,False,False,False,False,False,OK: within lot-relative limits (max 1.2 robust-sigma < 5); predicted 168h drift inside the lot safety envelope.
T05,T05-P0033,Iddq,uA,7.1514,7.4187,PASS,0.236,0.26,0.236,7.609,7.756,normal,0.0027,-0.24,False,False,False,False,False,OK: within lot-relative limits (max 0.3 robust-sigma < 5); predicted 168h drift inside the lot safety envelope.
T05,T05-P0034,Iddq,uA,6.885,7.4316,PASS,0.481,2.02,0.481,7.678,7.821,normal,0.0047,1.93,False,False,False,False,False,OK: within lot-relative limits (max 2.0 robust-sigma < 5); predicted 168h drift inside the lot safety envelope.
T05,T05-P0035,Iddq,uA,6.1136,6.2502,PASS,0.187,1.1,0.187,6.413,6.566,normal,0.0018,-0.89,False,False,False,False,False,OK: within lot-relative limits (max 1.1 robust-sigma < 5); predicted 168h drift inside the lot safety envelope.
T05,T05-P0036,Iddq,uA,6.0604,6.112,PASS,0.462,1.88,0.462,6.309,6.424,normal,0.0015,-1.25,False,False,False,False,False,OK: within lot-relative limits (max 1.9 robust-sigma < 5); predicted 168h drift inside the lot safety envelope.
T05,T05-P0037,Iddq,uA,6.3144,6.9986,REJECT,0.921,3.54,0.921,13.167,15.133,normal,0.0408,30.84,False,False,False,True,False,EARLY REJECT (drift forecast): predicted Iddq@168h = 13.2 uA from 0h/24h readings; drift slope 0.041 uA/h exceeds lot safety slope 0.007 uA/h (30.8 robust-sigma).
T05,T05-P0038,Iddq,uA,6.7268,7.1493,PASS,0.229,1.13,0.229,7.311,7.49,normal,0.0035,0.75,False,False,False,False,False,OK: within lot-relative limits (max 1.1 robust-sigma < 5); predicted 168h drift inside the lot safety envelope.
T05,T05-P0039,Iddq,uA,5.8612,6.1136,PASS,0.388,0.06,0.388,6.309,6.393,normal,0.0027,0.3,False,False,False,False,False,OK: within lot-relative limits (max 0.1 robust-sigma < 5); predicted 168h drift inside the lot safety envelope.
T05,T05-P0040,Iddq,uA,5.947,6.2897,PASS,0.179,0.85,0.179,6.505,6.598,normal,0.0033,1.04,False,False,False,False,False,OK: within lot-relative limits (max 0.9 robust-sigma < 5); predicted 168h drift inside the lot safety envelope.
T05,T05-P0041,Iddq,uA,6.7317,7.0354,PASS,0.318,0.17,0.318,7.229,7.376,normal,0.003,0.19,False,False,False,False,False,OK: within lot-relative limits (max 0.2 robust-sigma < 5); predicted 168h drift inside the lot safety envelope.
T05,T05-P0042,Iddq,uA,7.7834,8.137,PASS,0.674,0.56,0.674,8.364,8.526,normal,0.0035,0.22,False,False,False,False,False,OK: within lot-relative limits (max 0.6 robust-sigma < 5); predicted 168h drift inside the lot safety envelope.
T05,T05-P0043,Iddq,uA,7.022,7.2983,PASS,0.327,0.15,0.327,7.475,7.647,normal,0.0027,-0.22,False,False,False,False,False,OK: within lot-relative limits (max 0.1 robust-sigma < 5); predicted 168h drift inside the lot safety envelope.
T05,T05-P0044,Iddq,uA,7.866,8.983,REJECT,0.978,5.26,0.978,14.74,15.15,low,0.0409,25.9,False,True,False,True,False,ABNORMAL DRIFT: Iddq changed +14% from 0h to 24h vs lot median +4% (5.3 robust-sigma). | EARLY REJECT (drift forecast): predicted Iddq@168h = 14.7 uA from 0h/24h readings; drift slope 0.041 uA/h exceeds lot safety slope 0.009 uA/h (25.9 robust-sigma).
T05,T05-P0045,Iddq,uA,8.0621,8.6712,PASS,0.864,1.82,0.864,8.99,9.125,normal,0.0055,1.93,False,False,False,False,False,OK: within lot-relative limits (max 1.8 robust-sigma < 5); predicted 168h drift inside the lot safety envelope.
T05,T05-P0046,Iddq,uA,7.9924,8.1449,PASS,0.672,1.28,0.672,8.384,8.582,normal,0.0023,-0.89,False,False,False,False,False,OK: within lot-relative limits (max 1.3 robust-sigma < 5); predicted 168h drift inside the lot safety envelope.
T05,T05-P0047,Iddq,uA,6.6653,6.9675,PASS,0.294,0.18,0.294,7.158,7.303,normal,0.0029,0.19,False,False,False,False,False,OK: within lot-relative limits (max 0.2 robust-sigma < 5); predicted 168h drift inside the lot safety envelope.
T05,T05-P0048,Iddq,uA,6.6274,6.8969,PASS,0.379,0.08,0.379,7.084,7.217,normal,0.0027,-0.02,False,False,False,False,False,OK: within lot-relative limits (max 0.1 robust-sigma < 5); predicted 168h drift inside the lot safety envelope.
T05,T05-P0049,Iddq,uA,5.4247,5.5403,PASS,0.259,1.15,0.259,5.683,5.824,normal,0.0015,-0.96,False,False,False,False,False,OK: within lot-relative limits (max 1.2 robust-sigma < 5); predicted 168h drift inside the lot safety envelope.
T05,T05-P0050,Iddq,uA,6.4448,6.7105,PASS,0.402,0.05,0.402,6.889,7.018,normal,0.0026,-0.02,False,False,False,False,False,OK: within lot-relative limits (max 0.0 robust-sigma < 5); predicted 168h drift inside the lot safety envelope.
T05,T05-P0051,Iddq,uA,7.656,7.8384,PASS,0.582,1.01,0.582,8.065,8.222,normal,0.0024,-0.7,False,False,False,False,False,OK: within lot-relative limits (max 1.0 robust-sigma < 5); predicted 168h drift inside the lot safety envelope.
T05,T05-P0052,Iddq,uA,6.0163,6.2789,PASS,0.364,0.09,0.364,6.452,6.815,normal,0.0026,0.13,False,False,False,False,False,OK: within lot-relative limits (max 0.1 robust-sigma < 5); predicted 168h drift inside the lot safety envelope.
T05,T05-P0053,Iddq,uA,8.5793,9.1298,PASS,0.836,1.38,0.836,9.422,9.569,normal,0.005,1.22,False,False,False,False,False,OK: within lot-relative limits (max 1.4 robust-sigma < 5); predicted 168h drift inside the lot safety envelope.
T05,T05-P0054,Iddq,uA,8.7513,9.0665,PASS,0.836,1.33,0.836,9.312,9.49,normal,0.0033,-0.23,False,False,False,False,False,OK: within lot-relative limits (max 1.3 robust-sigma < 5); predicted 168h drift inside the lot safety envelope.
T05,T05-P0055,Iddq,uA,26.3582,26.8322,REJECT,0.992,9.04,0.992,27.465,28.27,low,0.0066,-1.2,False,True,True,False,False,"LOT OUTLIER: Iddq@24h = 26.8 uA is 9.0 robust-sigma above lot T05 median (7.5 uA); still under datasheet max 50 uA, so a static limit would pass it. | LOT OUTLIER: Iddq@0h = 26.4 uA is 8.8 robust-sigma above lot T05 median (7.2 uA); still under datasheet max 50 uA, so a static limit would pass it."
T05,T05-P0056,Iddq,uA,8.0647,8.3347,PASS,0.61,0.76,0.61,8.583,8.713,normal,0.0031,-0.22,False,False,False,False,False,OK: within lot-relative limits (max 0.8 robust-sigma < 5); predicted 168h drift inside the lot safety envelope.
T05,T05-P0057,Iddq,uA,5.8357,6.1124,PASS,0.241,0.3,0.241,6.311,6.397,normal,0.0028,0.52,False,False,False,False,False,OK: within lot-relative limits (max 0.3 robust-sigma < 5); predicted 168h drift inside the lot safety envelope.
T05,T05-P0058,Iddq,uA,6.0789,6.457,PASS,0.211,1.1,0.211,6.598,6.769,normal,0.0031,0.68,False,False,False,False,False,OK: within lot-relative limits (max 1.1 robust-sigma < 5); predicted 168h drift inside the lot safety envelope.
T05,T05-P0059,Iddq,uA,6.5791,6.988,PASS,0.187,1.1,0.187,7.151,7.326,normal,0.0034,0.75,False,False,False,False,False,OK: within lot-relative limits (max 1.1 robust-sigma < 5); predicted 168h drift inside the lot safety envelope.
T05,T05-P0060,Iddq,uA,7.097,7.3825,PASS,0.359,0.1,0.359,7.586,7.729,normal,0.0029,-0.02,False,False,False,False,False,OK: within lot-relative limits (max 0.1 robust-sigma < 5); predicted 168h drift inside the lot safety envelope.
T05,T05-P0061,Iddq,uA,6.8384,7.2716,PASS,0.269,1.16,0.269,7.444,7.629,normal,0.0036,0.82,False,False,False,False,False,OK: within lot-relative limits (max 1.2 robust-sigma < 5); predicted 168h drift inside the lot safety envelope.
T05,T05-P0062,Iddq,uA,6.2522,6.4931,PASS,0.294,0.19,0.294,6.643,6.809,normal,0.0023,-0.3,False,False,False,False,False,OK: within lot-relative limits (max 0.2 robust-sigma < 5); predicted 168h drift inside the lot safety envelope.
T05,T05-P0063,Iddq,uA,9.2497,9.6722,PASS,0.926,1.79,0.926,9.974,10.105,normal,0.0043,0.38,False,False,False,False,False,OK: within lot-relative limits (max 1.8 robust-sigma < 5); predicted 168h drift inside the lot safety envelope.
T05,T05-P0064,Iddq,uA,7.3242,7.6794,PASS,0.55,0.35,0.55,7.869,8.025,normal,0.0032,0.21,False,False,False,False,False,OK: within lot-relative limits (max 0.4 robust-sigma < 5); predicted 168h drift inside the lot safety envelope.
T05,T05-P0065,Iddq,uA,7.4167,7.7368,PASS,0.734,0.21,0.734,7.954,8.085,normal,0.0032,0.13,False,False,False,False,False,OK: within lot-relative limits (max 0.2 robust-sigma < 5); predicted 168h drift inside the lot safety envelope.
T05,T05-P0066,Iddq,uA,7.9496,8.0755,PASS,0.751,1.46,0.751,8.296,8.461,normal,0.0021,-1.13,False,False,False,False,False,OK: within lot-relative limits (max 1.5 robust-sigma < 5); predicted 168h drift inside the lot safety envelope.
T05,T05-P0067,Iddq,uA,7.3489,7.3661,PASS,0.82,2.23,0.82,7.648,7.791,normal,0.0018,-1.26,False,False,False,False,False,OK: within lot-relative limits (max 2.2 robust-sigma < 5); predicted 168h drift inside the lot safety envelope.
T05,T05-P0068,Iddq,uA,6.9816,7.1552,PASS,0.143,0.96,0.143,7.349,7.503,normal,0.0022,-0.73,False,False,False,False,False,OK: within lot-relative limits (max 1.0 robust-sigma < 5); predicted 168h drift inside the lot safety envelope.
T05,T05-P0069,Iddq,uA,6.6139,6.8622,PASS,0.266,0.25,0.266,7.037,7.173,normal,0.0025,-0.24,False,False,False,False,False,OK: within lot-relative limits (max 0.2 robust-sigma < 5); predicted 168h drift inside the lot safety envelope.
T05,T05-P0070,Iddq,uA,5.6356,5.7869,PASS,0.166,0.84,0.166,5.94,6.048,normal,0.0018,-0.67,False,False,False,False,False,OK: within lot-relative limits (max 0.8 robust-sigma < 5); predicted 168h drift inside the lot safety envelope.
T05,T05-P0071,Iddq,uA,8.846,8.9387,PASS,0.899,1.77,0.899,9.213,9.361,normal,0.0022,-1.23,False,False,False,False,False,OK: within lot-relative limits (max 1.8 robust-sigma < 5); predicted 168h drift inside the lot safety envelope.
T05,T05-P0072,Iddq,uA,6.1769,6.6154,PASS,0.405,1.57,0.405,6.822,6.959,normal,0.0038,1.49,False,False,False,False,False,OK: within lot-relative limits (max 1.6 robust-sigma < 5); predicted 168h drift inside the lot safety envelope.
T05,T05-P0073,Iddq,uA,5.4731,5.7627,PASS,0.06,0.6,0.054,5.932,6.033,normal,0.0027,0.62,False,False,False,False,False,OK: within lot-relative limits (max 0.6 robust-sigma < 5); predicted 168h drift inside the lot safety envelope.
T05,T05-P0074,Iddq,uA,6.2981,6.6282,PASS,0.098,0.57,0.098,6.83,6.941,normal,0.0032,0.65,False,False,False,False,False,OK: within lot-relative limits (max 0.6 robust-sigma < 5); predicted 168h drift inside the lot safety envelope.
T05,T05-P0075,Iddq,uA,5.6362,5.7693,PASS,0.194,1.03,0.194,5.919,6.041,normal,0.0017,-0.84,False,False,False,False,False,OK: within lot-relative limits (max 1.0 robust-sigma < 5); predicted 168h drift inside the lot safety envelope.
T05,T05-P0076,Iddq,uA,9.5152,9.9318,PASS,0.95,1.98,0.95,10.193,10.396,normal,0.004,0.08,False,False,False,False,False,OK: within lot-relative limits (max 2.0 robust-sigma < 5); predicted 168h drift inside the lot safety envelope.
T05,T05-P0077,Iddq,uA,7.5282,7.6913,PASS,0.613,1.13,0.613,7.935,8.085,normal,0.0024,-0.67,False,False,False,False,False,OK: within lot-relative limits (max 1.1 robust-sigma < 5); predicted 168h drift inside the lot safety envelope.
T05,T05-P0078,Iddq,uA,8.7167,8.8997,PASS,0.807,1.29,0.807,9.288,9.354,normal,0.0034,-0.17,False,False,False,False,False,OK: within lot-relative limits (max 1.3 robust-sigma < 5); predicted 168h drift inside the lot safety envelope.
T05,T05-P0079,Iddq,uA,8.7852,9.134,PASS,0.87,1.39,0.87,9.36,9.562,normal,0.0034,-0.18,False,False,False,False,False,OK: within lot-relative limits (max 1.4 robust-sigma < 5); predicted 168h drift inside the lot safety envelope.
T05,T05-P0080,Iddq,uA,7.7829,8.2177,PASS,0.546,0.76,0.546,8.472,8.601,normal,0.0041,0.81,False,False,False,False,False,OK: within lot-relative limits (max 0.8 robust-sigma < 5); predicted 168h drift inside the lot safety envelope.
T05,T05-P0081,Iddq,uA,7.6479,7.8572,PASS,0.578,0.82,0.578,8.09,8.247,normal,0.0026,-0.51,False,False,False,False,False,OK: within lot-relative limits (max 0.8 robust-sigma < 5); predicted 168h drift inside the lot safety envelope.
T05,T05-P0082,Iddq,uA,6.4235,6.7624,PASS,0.067,0.59,0.067,6.976,7.087,normal,0.0033,0.71,False,False,False,False,False,OK: within lot-relative limits (max 0.6 robust-sigma < 5); predicted 168h drift inside the lot safety envelope.
T05,T05-P0083,Iddq,uA,6.9908,7.3978,PASS,0.146,0.88,0.146,7.605,7.752,normal,0.0037,0.78,False,False,False,False,False,OK: within lot-relative limits (max 0.9 robust-sigma < 5); predicted 168h drift inside the lot safety envelope.
T05,T05-P0084,Iddq,uA,75.4241,77.3325,REJECT,1.0,16.55,0.999,78.915,80.747,low,0.0208,-1.01,True,True,True,False,True,STATIC FAIL: Iddq@0h = 75.4 uA exceeds datasheet max 50 uA. | LOT OUTLIER: Iddq@24h = 77.3 uA is 16.5 robust-sigma above lot T05 median (7.5 uA). | LOT OUTLIER: Iddq@0h = 75.4 uA is 16.0 robust-sigma above lot T05 median (7.2 uA). | GUARD BAND: 90% upper forecast for Iddq@168h is 80.7 uA = 161% of datasheet max (guard band 70%).
T05,T05-P0085,Iddq,uA,7.1026,7.511,PASS,0.166,0.85,0.166,7.726,7.876,normal,0.0037,0.78,False,False,False,False,False,OK: within lot-relative limits (max 0.8 robust-sigma < 5); predicted 168h drift inside the lot safety envelope.
T05,T05-P0086,Iddq,uA,6.4068,6.6053,PASS,0.061,0.61,0.054,6.8,6.909,normal,0.0023,-0.35,False,False,False,False,False,OK: within lot-relative limits (max 0.6 robust-sigma < 5); predicted 168h drift inside the lot safety envelope.
T05,T05-P0087,Iddq,uA,8.502,8.9402,PASS,0.754,1.23,0.754,9.227,9.363,normal,0.0043,0.67,False,False,False,False,False,OK: within lot-relative limits (max 1.2 robust-sigma < 5); predicted 168h drift inside the lot safety envelope.
T05,T05-P0088,Iddq,uA,7.934,8.1829,PASS,0.51,0.65,0.51,8.427,8.553,normal,0.0029,-0.32,False,False,False,False,False,OK: within lot-relative limits (max 0.6 robust-sigma < 5); predicted 168h drift inside the lot safety envelope.
T05,T05-P0089,Iddq,uA,6.9835,7.276,PASS,0.431,0.01,0.431,7.465,7.611,normal,0.0029,-0.02,False,False,False,False,False,OK: within lot-relative limits (max 0.0 robust-sigma < 5); predicted 168h drift inside the lot safety envelope.
T05,T05-P0090,Iddq,uA,5.5604,5.8333,PASS,0.158,0.39,0.158,5.962,6.096,normal,0.0024,0.12,False,False,False,False,False,OK: within lot-relative limits (max 0.4 robust-sigma < 5); predicted 168h drift inside the lot safety envelope.
T05,T05-P0091,Iddq,uA,7.788,8.1977,PASS,0.544,0.62,0.544,8.463,8.591,normal,0.004,0.73,False,False,False,False,False,OK: within lot-relative limits (max 0.6 robust-sigma < 5); predicted 168h drift inside the lot safety envelope.
T05,T05-P0092,Iddq,uA,8.1375,8.7967,PASS,0.896,2.11,0.896,9.113,9.241,normal,0.0058,2.13,False,False,False,False,False,OK: within lot-relative limits (max 2.1 robust-sigma < 5); predicted 168h drift inside the lot safety envelope.
T05,T05-P0093,Iddq,uA,7.1427,7.3239,PASS,0.153,0.93,0.153,7.519,7.676,normal,0.0022,-0.73,False,False,False,False,False,OK: within lot-relative limits (max 0.9 robust-sigma < 5); predicted 168h drift inside the lot safety envelope.
T05,T05-P0094,Iddq,uA,5.8713,6.1184,PASS,0.437,0.0,0.437,6.32,6.402,normal,0.0027,0.3,False,False,False,False,False,OK: within lot-relative limits (max 0.0 robust-sigma < 5); predicted 168h drift inside the lot safety envelope.
T05,T05-P0095,Iddq,uA,7.4454,7.855,PASS,0.51,0.71,0.51,8.127,8.23,normal,0.0041,0.94,False,False,False,False,False,OK: within lot-relative limits (max 0.7 robust-sigma < 5); predicted 168h drift inside the lot safety envelope.
T05,T05-P0096,Iddq,uA,8.1807,9.9991,REJECT,0.986,9.17,0.986,19.24,21.23,low,0.0658,36.39,False,True,False,True,False,ABNORMAL DRIFT: Iddq changed +22% from 0h to 24h vs lot median +4% (9.2 robust-sigma). | EARLY REJECT (drift forecast): predicted Iddq@168h = 19.2 uA from 0h/24h readings; drift slope 0.066 uA/h exceeds lot safety slope 0.009 uA/h (36.4 robust-sigma).
T05,T05-P0097,Iddq,uA,5.3161,5.552,PASS,0.336,0.13,0.336,5.693,5.829,normal,0.0022,0.06,False,False,False,False,False,OK: within lot-relative limits (max 0.1 robust-sigma < 5); predicted 168h drift inside the lot safety envelope.
T05,T05-P0098,Iddq,uA,7.686,8.0024,PASS,0.765,0.45,0.765,8.226,8.37,normal,0.0032,0.04,False,False,False,False,False,OK: within lot-relative limits (max 0.4 robust-sigma < 5); predicted 168h drift inside the lot safety envelope.
T05,T05-P0099,Iddq,uA,5.4493,5.7155,PASS,0.209,0.37,0.209,5.841,5.965,normal,0.0023,0.1,False,False,False,False,False,OK: within lot-relative limits (max 0.4 robust-sigma < 5); predicted 168h drift inside the lot safety envelope.
T05,T05-P0100,Iddq,uA,7.1876,7.4694,PASS,0.324,0.16,0.324,7.656,7.827,normal,0.0028,-0.19,False,False,False,False,False,OK: within lot-relative limits (max 0.2 robust-sigma < 5); predicted 168h drift inside the lot safety envelope.
T05,T05-P0101,Iddq,uA,9.2548,9.5416,PASS,0.884,1.7,0.884,9.863,9.948,normal,0.0036,-0.16,False,False,False,False,False,OK: within lot-relative limits (max 1.7 robust-sigma < 5); predicted 168h drift inside the lot safety envelope.
T05,T05-P0102,Iddq,uA,7.2527,7.3844,PASS,0.461,1.33,0.461,7.584,7.756,normal,0.002,-1.04,False,False,False,False,False,OK: within lot-relative limits (max 1.3 robust-sigma < 5); predicted 168h drift inside the lot safety envelope.
T05,T05-P0103,Iddq,uA,7.595,7.7315,PASS,0.721,1.34,0.721,7.942,8.122,normal,0.0021,-1.04,False,False,False,False,False,OK: within lot-relative limits (max 1.3 robust-sigma < 5); predicted 168h drift inside the lot safety envelope.
T05,T05-P0104,Iddq,uA,6.8183,7.0436,PASS,0.084,0.5,0.084,7.252,7.352,normal,0.0026,-0.25,False,False,False,False,False,OK: within lot-relative limits (max 0.5 robust-sigma < 5); predicted 168h drift inside the lot safety envelope.
T05,T05-P0105,Iddq,uA,7.1308,7.2184,PASS,0.419,1.66,0.419,7.424,7.576,normal,0.0017,-1.24,False,False,False,False,False,OK: within lot-relative limits (max 1.7 robust-sigma < 5); predicted 168h drift inside the lot safety envelope.
T05,T05-P0106,Iddq,uA,10.1253,10.323,PASS,0.962,2.31,0.962,10.593,10.84,normal,0.0028,-1.02,False,False,False,False,False,OK: within lot-relative limits (max 2.3 robust-sigma < 5); predicted 168h drift inside the lot safety envelope.
T05,T05-P0107,Iddq,uA,8.6892,8.8626,PASS,0.814,1.27,0.814,9.115,9.324,normal,0.0025,-0.89,False,False,False,False,False,OK: within lot-relative limits (max 1.3 robust-sigma < 5); predicted 168h drift inside the lot safety envelope.
T05,T05-P0108,Iddq,uA,6.738,7.0852,PASS,0.052,0.52,0.032,7.308,7.422,normal,0.0034,0.65,False,False,False,False,False,OK: within lot-relative limits (max 0.5 robust-sigma < 5); predicted 168h drift inside the lot safety envelope.
T05,T05-P0109,Iddq,uA,6.7362,7.02,PASS,0.435,0.0,0.435,7.2,7.341,normal,0.0028,-0.02,False,False,False,False,False,OK: within lot-relative limits (max 0.0 robust-sigma < 5); predicted 168h drift inside the lot safety envelope.
T05,T05-P0110,Iddq,uA,7.2586,7.5185,PASS,0.457,0.35,0.457,7.728,7.873,normal,0.0028,-0.21,False,False,False,False,False,OK: within lot-relative limits (max 0.3 robust-sigma < 5); predicted 168h drift inside the lot safety envelope.
T05,T05-P0111,Iddq,uA,9.7222,10.1324,PASS,0.961,2.12,0.961,10.367,10.565,normal,0.0038,-0.14,False,False,False,False,False,OK: within lot-relative limits (max 2.1 robust-sigma < 5); predicted 168h drift inside the lot safety envelope.
T05,T05-P0112,Iddq,uA,7.2199,7.4922,PASS,0.382,0.24,0.382,7.687,7.831,normal,0.0028,-0.21,False,False,False,False,False,OK: within lot-relative limits (max 0.2 robust-sigma < 5); predicted 168h drift inside the lot safety envelope.
T05,T05-P0113,Iddq,uA,8.3822,8.5066,PASS,0.822,1.52,0.822,8.796,8.916,normal,0.0025,-0.88,False,False,False,False,False,OK: within lot-relative limits (max 1.5 robust-sigma < 5); predicted 168h drift inside the lot safety envelope.
T05,T05-P0114,Iddq,uA,6.7303,6.9435,PASS,0.091,0.57,0.091,7.144,7.257,normal,0.0025,-0.35,False,False,False,False,False,OK: within lot-relative limits (max 0.6 robust-sigma < 5); predicted 168h drift inside the lot safety envelope.
T05,T05-P0115,Iddq,uA,5.9337,6.0671,PASS,0.215,1.09,0.215,6.277,6.373,normal,0.002,-0.5,False,False,False,False,False,OK: within lot-relative limits (max 1.1 robust-sigma < 5); predicted 168h drift inside the lot safety envelope.
T05,T05-P0116,Iddq,uA,8.5396,9.1508,PASS,0.884,1.61,0.884,9.503,9.636,normal,0.0057,1.84,False,False,False,False,False,OK: within lot-relative limits (max 1.6 robust-sigma < 5); predicted 168h drift inside the lot safety envelope.
T05,T05-P0117,Iddq,uA,7.079,7.0974,PASS,0.503,2.22,0.503,7.359,7.503,normal,0.0017,-1.31,False,False,False,False,False,OK: within lot-relative limits (max 2.2 robust-sigma < 5); predicted 168h drift inside the lot safety envelope.
T05,T05-P0118,Iddq,uA,6.3742,6.4817,PASS,0.362,1.41,0.362,6.647,6.786,normal,0.0016,-1.16,False,False,False,False,False,OK: within lot-relative limits (max 1.4 robust-sigma < 5); predicted 168h drift inside the lot safety envelope.
T05,T05-P0119,Iddq,uA,6.3443,6.5542,PASS,0.085,0.5,0.085,6.748,6.841,normal,0.0024,-0.25,False,False,False,False,False,OK: within lot-relative limits (max 0.5 robust-sigma < 5); predicted 168h drift inside the lot safety envelope.
T05,T05-P0120,Iddq,uA,6.4507,6.6552,PASS,0.091,0.57,0.091,6.847,6.956,normal,0.0024,-0.35,False,False,False,False,False,OK: within lot-relative limits (max 0.6 robust-sigma < 5); predicted 168h drift inside the lot safety envelope.
T05,T05-P0121,Iddq,uA,6.4581,6.759,PASS,0.251,0.25,0.251,6.935,7.076,normal,0.0028,0.19,False,False,False,False,False,OK: within lot-relative limits (max 0.3 robust-sigma < 5); predicted 168h drift inside the lot safety envelope.
T05,T05-P0122,Iddq,uA,5.6649,6.0132,PASS,0.226,1.06,0.226,6.446,6.446,normal,0.0046,2.86,False,False,False,False,False,OK: within lot-relative limits (max 1.1 robust-sigma < 5); predicted 168h drift inside the lot safety envelope.
T05,T05-P0123,Iddq,uA,8.3181,8.7385,PASS,0.716,1.07,0.716,9.027,9.167,normal,0.0042,0.67,False,False,False,False,False,OK: within lot-relative limits (max 1.1 robust-sigma < 5); predicted 168h drift inside the lot safety envelope.
T05,T05-P0124,Iddq,uA,7.4832,7.8374,PASS,0.588,0.3,0.588,8.064,8.199,normal,0.0035,0.35,False,False,False,False,False,OK: within lot-relative limits (max 0.3 robust-sigma < 5); predicted 168h drift inside the lot safety envelope.
T05,T05-P0125,Iddq,uA,8.0872,8.3173,PASS,0.566,0.78,0.566,8.589,8.713,normal,0.003,-0.32,False,False,False,False,False,OK: within lot-relative limits (max 0.8 robust-sigma < 5); predicted 168h drift inside the lot safety envelope.
T05,T05-P0126,Iddq,uA,6.7973,6.9149,PASS,0.356,1.38,0.356,7.101,7.269,normal,0.0018,-1.08,False,False,False,False,False,OK: within lot-relative limits (max 1.4 robust-sigma < 5); predicted 168h drift inside the lot safety envelope.
T05,T05-P0127,Iddq,uA,7.5367,7.7502,PASS,0.521,0.76,0.521,8.026,8.127,normal,0.0029,-0.19,False,False,False,False,False,OK: within lot-relative limits (max 0.8 robust-sigma < 5); predicted 168h drift inside the lot safety envelope.
T05,T05-P0128,Iddq,uA,7.3372,7.5986,PASS,0.503,0.36,0.503,7.81,7.958,normal,0.0028,-0.22,False,False,False,False,False,OK: within lot-relative limits (max 0.4 robust-sigma < 5); predicted 168h drift inside the lot safety envelope.
T05,T05-P0129,Iddq,uA,8.3895,8.8543,PASS,0.7,1.16,0.7,9.132,9.272,normal,0.0044,0.81,False,False,False,False,False,OK: within lot-relative limits (max 1.2 robust-sigma < 5); predicted 168h drift inside the lot safety envelope.
T05,T05-P0130,Iddq,uA,8.0477,8.3385,PASS,0.676,0.74,0.676,8.568,8.727,normal,0.0031,-0.21,False,False,False,False,False,OK: within lot-relative limits (max 0.7 robust-sigma < 5); predicted 168h drift inside the lot safety envelope.
T05,T05-P0131,Iddq,uA,7.5595,7.6706,PASS,0.752,1.53,0.752,7.929,8.048,normal,0.0022,-0.9,False,False,False,False,False,OK: within lot-relative limits (max 1.5 robust-sigma < 5); predicted 168h drift inside the lot safety envelope.
T05,T05-P0132,Iddq,uA,6.4927,6.7769,PASS,0.361,0.1,0.361,6.973,7.114,normal,0.0029,0.19,False,False,False,False,False,OK: within lot-relative limits (max 0.1 robust-sigma < 5); predicted 168h drift inside the lot safety envelope.
T05,T05-P0133,Iddq,uA,5.9352,6.2116,PASS,0.266,0.25,0.266,6.419,6.507,normal,0.0029,0.52,False,False,False,False,False,OK: within lot-relative limits (max 0.2 robust-sigma < 5); predicted 168h drift inside the lot safety envelope.
T05,T05-P0134,Iddq,uA,6.2501,6.5959,PASS,0.073,0.73,0.026,6.79,6.909,normal,0.0032,0.72,False,False,False,False,False,OK: within lot-relative limits (max 0.7 robust-sigma < 5); predicted 168h drift inside the lot safety envelope.
T05,T05-P0135,Iddq,uA,6.5175,8.5149,REJECT,1.0,12.99,0.986,15.854,19.384,low,0.0556,37.95,False,True,False,True,False,ABNORMAL DRIFT: Iddq changed +31% from 0h to 24h vs lot median +4% (13.0 robust-sigma). | EARLY REJECT (drift forecast): predicted Iddq@168h = 15.9 uA from 0h/24h readings; drift slope 0.056 uA/h exceeds lot safety slope 0.007 uA/h (38.0 robust-sigma).
T05,T05-P0136,Iddq,uA,6.5545,6.83,PASS,0.437,0.0,0.437,7.006,7.143,normal,0.0027,-0.02,False,False,False,False,False,OK: within lot-relative limits (max 0.0 robust-sigma < 5); predicted 168h drift inside the lot safety envelope.
T05,T05-P0137,Iddq,uA,5.931,6.1928,PASS,0.349,0.12,0.349,6.414,6.502,normal,0.0029,0.52,False,False,False,False,False,OK: within lot-relative limits (max 0.1 robust-sigma < 5); predicted 168h drift inside the lot safety envelope.
T05,T05-P0138,Iddq,uA,8.8922,9.3464,PASS,0.843,1.55,0.843,9.671,9.763,normal,0.0046,0.78,False,False,False,False,False,OK: within lot-relative limits (max 1.5 robust-sigma < 5); predicted 168h drift inside the lot safety envelope.
T05,T05-P0139,Iddq,uA,7.3406,7.7299,PASS,0.534,0.6,0.534,7.975,8.099,normal,0.0038,0.72,False,False,False,False,False,OK: within lot-relative limits (max 0.6 robust-sigma < 5); predicted 168h drift inside the lot safety envelope.
T05,T05-P0140,Iddq,uA,5.2593,5.3869,PASS,0.189,0.99,0.189,5.516,5.65,normal,0.0015,-0.9,False,False,False,False,False,OK: within lot-relative limits (max 1.0 robust-sigma < 5); predicted 168h drift inside the lot safety envelope.
T05,T05-P0141,Iddq,uA,6.0037,6.2741,PASS,0.306,0.16,0.306,6.439,6.579,normal,0.0026,0.13,False,False,False,False,False,OK: within lot-relative limits (max 0.2 robust-sigma < 5); predicted 168h drift inside the lot safety envelope.
T05,T05-P0142,Iddq,uA,5.7618,6.1412,PASS,0.321,1.3,0.321,6.455,6.455,normal,0.0041,2.15,False,False,False,False,False,OK: within lot-relative limits (max 1.3 robust-sigma < 5); predicted 168h drift inside the lot safety envelope.
T05,T05-P0143,Iddq,uA,56.9688,58.7658,REJECT,1.0,14.6,0.998,60.101,61.17,low,0.0186,-0.63,True,True,True,False,True,STATIC FAIL: Iddq@0h = 57.0 uA exceeds datasheet max 50 uA. | LOT OUTLIER: Iddq@24h = 58.8 uA is 14.6 robust-sigma above lot T05 median (7.5 uA). | LOT OUTLIER: Iddq@0h = 57.0 uA is 14.1 robust-sigma above lot T05 median (7.2 uA). | GUARD BAND: 90% upper forecast for Iddq@168h is 61.2 uA = 122% of datasheet max (guard band 70%).
T05,T05-P0144,Iddq,uA,8.3838,8.446,PASS,0.893,1.94,0.893,8.725,8.881,normal,0.002,-1.26,False,False,False,False,False,OK: within lot-relative limits (max 1.9 robust-sigma < 5); predicted 168h drift inside the lot safety envelope.
T05,T05-P0145,Iddq,uA,6.1307,6.3992,PASS,0.359,0.1,0.359,6.575,6.718,normal,0.0026,0.13,False,False,False,False,False,OK: within lot-relative limits (max 0.1 robust-sigma < 5); predicted 168h drift inside the lot safety envelope.
T05,T05-P0146,Iddq,uA,7.6707,8.0442,PASS,0.566,0.48,0.566,8.248,8.405,normal,0.0034,0.25,False,False,False,False,False,OK: within lot-relative limits (max 0.5 robust-sigma < 5); predicted 168h drift inside the lot safety envelope.
T05,T05-P0147,Iddq,uA,6.8437,7.0035,PASS,0.203,1.04,0.203,7.204,7.35,normal,0.0021,-0.73,False,False,False,False,False,OK: within lot-relative limits (max 1.0 robust-sigma < 5); predicted 168h drift inside the lot safety envelope.
T05,T05-P0148,Iddq,uA,8.2409,8.6575,PASS,0.684,1.0,0.684,8.943,9.082,normal,0.0042,0.67,False,False,False,False,False,OK: within lot-relative limits (max 1.0 robust-sigma < 5); predicted 168h drift inside the lot safety envelope.
T05,T05-P0149,Iddq,uA,8.5551,9.1673,PASS,0.886,1.6,0.886,9.521,9.653,normal,0.0057,1.84,False,False,False,False,False,OK: within lot-relative limits (max 1.6 robust-sigma < 5); predicted 168h drift inside the lot safety envelope.
T05,T05-P0150,Iddq,uA,7.5005,7.5762,PASS,0.796,1.79,0.796,7.834,7.955,normal,0.002,-1.09,False,False,False,False,False,OK: within lot-relative limits (max 1.8 robust-sigma < 5); predicted 168h drift inside the lot safety envelope.
T05,T05-P0151,Iddq,uA,7.8105,8.3452,PASS,0.798,1.44,0.798,8.652,8.797,normal,0.005,1.62,False,False,False,False,False,OK: within lot-relative limits (max 1.4 robust-sigma < 5); predicted 168h drift inside the lot safety envelope.
T05,T05-P0152,Iddq,uA,7.1365,7.4992,PASS,0.102,0.48,0.102,7.74,7.861,normal,0.0036,0.65,False,False,False,False,False,OK: within lot-relative limits (max 0.5 robust-sigma < 5); predicted 168h drift inside the lot safety envelope.
T05,T05-P0153,Iddq,uA,6.6574,7.0198,PASS,0.068,0.68,0.007,7.242,7.359,normal,0.0035,0.78,False,False,False,False,False,OK: within lot-relative limits (max 0.7 robust-sigma < 5); predicted 168h drift inside the lot safety envelope.
T05,T05-P0154,Iddq,uA,6.0549,6.7438,REJECT,0.937,3.82,0.937,12.42,15.166,normal,0.0379,30.08,False,False,False,True,False,EARLY REJECT (drift forecast): predicted Iddq@168h = 12.4 uA from 0h/24h readings; drift slope 0.038 uA/h exceeds lot safety slope 0.007 uA/h (30.1 robust-sigma).
T05,T05-P0155,Iddq,uA,7.4576,7.6451,PASS,0.518,0.94,0.518,7.877,8.014,normal,0.0025,-0.58,False,False,False,False,False,OK: within lot-relative limits (max 0.9 robust-sigma < 5); predicted 168h drift inside the lot safety envelope.
T05,T05-P0156,Iddq,uA,6.99,7.3737,PASS,0.07,0.7,0.016,7.604,7.727,normal,0.0037,0.78,False,False,False,False,False,OK: within lot-relative limits (max 0.7 robust-sigma < 5); predicted 168h drift inside the lot safety envelope.
T05,T05-P0157,Iddq,uA,6.7534,6.9712,PASS,0.054,0.54,0.037,7.183,7.282,normal,0.0026,-0.25,False,False,False,False,False,OK: within lot-relative limits (max 0.5 robust-sigma < 5); predicted 168h drift inside the lot safety envelope.
T05,T05-P0158,Iddq,uA,7.0038,7.346,PASS,0.209,0.37,0.209,7.521,7.674,normal,0.0031,0.19,False,False,False,False,False,OK: within lot-relative limits (max 0.4 robust-sigma < 5); predicted 168h drift inside the lot safety envelope.
T05,T05-P0159,Iddq,uA,6.9668,7.0604,PASS,0.41,1.6,0.41,7.302,7.411,normal,0.002,-0.93,False,False,False,False,False,OK: within lot-relative limits (max 1.6 robust-sigma < 5); predicted 168h drift inside the lot safety envelope.
T05,T05-P0160,Iddq,uA,6.026,6.3504,PASS,0.065,0.65,0.023,6.546,6.662,normal,0.0031,0.72,False,False,False,False,False,OK: within lot-relative limits (max 0.6 robust-sigma < 5); predicted 168h drift inside the lot safety envelope.
T05,T05-P0161,Iddq,uA,6.5901,6.8129,PASS,0.092,0.46,0.092,7.009,7.121,normal,0.0025,-0.25,False,False,False,False,False,OK: within lot-relative limits (max 0.5 robust-sigma < 5); predicted 168h drift inside the lot safety envelope.
T05,T05-P0162,Iddq,uA,8.3496,8.8007,PASS,0.687,1.12,0.687,9.088,9.228,normal,0.0044,0.81,False,False,False,False,False,OK: within lot-relative limits (max 1.1 robust-sigma < 5); predicted 168h drift inside the lot safety envelope.
T05,T05-P0163,Iddq,uA,6.8033,7.0292,PASS,0.08,0.49,0.08,7.236,7.336,normal,0.0026,-0.25,False,False,False,False,False,OK: within lot-relative limits (max 0.5 robust-sigma < 5); predicted 168h drift inside the lot safety envelope.
T05,T05-P0164,Iddq,uA,8.6734,8.7991,PASS,0.858,1.54,0.858,9.097,9.226,normal,0.0025,-0.9,False,False,False,False,False,OK: within lot-relative limits (max 1.5 robust-sigma < 5); predicted 168h drift inside the lot safety envelope.
T05,T05-P0165,Iddq,uA,5.8946,6.2153,PASS,0.068,0.68,0.007,6.463,6.519,normal,0.0034,1.15,False,False,False,False,False,OK: within lot-relative limits (max 0.7 robust-sigma < 5); predicted 168h drift inside the lot safety envelope.
T05,T05-P0166,Iddq,uA,5.8907,6.0975,PASS,0.16,0.38,0.16,6.31,6.369,normal,0.0025,0.07,False,False,False,False,False,OK: within lot-relative limits (max 0.4 robust-sigma < 5); predicted 168h drift inside the lot safety envelope.
T05,T05-P0167,Iddq,uA,7.2479,7.4583,PASS,0.433,0.72,0.433,7.698,7.816,normal,0.0027,-0.32,False,False,False,False,False,OK: within lot-relative limits (max 0.7 robust-sigma < 5); predicted 168h drift inside the lot safety envelope.
T05,T05-P0168,Iddq,uA,7.866,8.094,PASS,0.515,0.72,0.515,8.355,8.48,normal,0.0029,-0.32,False,False,False,False,False,OK: within lot-relative limits (max 0.7 robust-sigma < 5); predicted 168h drift inside the lot safety envelope.
T05,T05-P0169,Iddq,uA,6.3388,6.8837,PASS,0.576,2.37,0.576,7.179,7.26,normal,0.005,2.65,False,False,False,False,False,OK: within lot-relative limits (max 2.4 robust-sigma < 5); predicted 168h drift inside the lot safety envelope.
T05,T05-P0170,Iddq,uA,7.8647,7.9009,PASS,0.882,2.1,0.882,8.185,8.336,normal,0.0019,-1.26,False,False,False,False,False,OK: within lot-relative limits (max 2.1 robust-sigma < 5); predicted 168h drift inside the lot safety envelope.
T05,T05-P0171,Iddq,uA,8.0702,8.4084,PASS,0.839,0.8,0.839,8.632,8.793,normal,0.0033,0.01,False,False,False,False,False,OK: within lot-relative limits (max 0.8 robust-sigma < 5); predicted 168h drift inside the lot safety envelope.
T05,T05-P0172,Iddq,uA,8.2045,8.4408,PASS,0.622,0.88,0.622,8.714,8.839,normal,0.003,-0.32,False,False,False,False,False,OK: within lot-relative limits (max 0.9 robust-sigma < 5); predicted 168h drift inside the lot safety envelope.
T05,T05-P0173,Iddq,uA,6.89,7.3485,PASS,0.345,1.34,0.345,7.607,7.73,normal,0.0043,1.47,False,False,False,False,False,OK: within lot-relative limits (max 1.3 robust-sigma < 5); predicted 168h drift inside the lot safety envelope.
T05,T05-P0174,Iddq,uA,7.1076,7.3694,PASS,0.256,0.29,0.256,7.562,7.709,normal,0.0027,-0.24,False,False,False,False,False,OK: within lot-relative limits (max 0.3 robust-sigma < 5); predicted 168h drift inside the lot safety envelope.
T05,T05-P0175,Iddq,uA,5.5728,5.8464,PASS,0.157,0.39,0.157,5.976,6.109,normal,0.0024,0.12,False,False,False,False,False,OK: within lot-relative limits (max 0.4 robust-sigma < 5); predicted 168h drift inside the lot safety envelope.
T05,T05-P0176,Iddq,uA,7.1628,7.3601,PASS,0.114,0.81,0.114,7.576,7.724,normal,0.0025,-0.51,False,False,False,False,False,OK: within lot-relative limits (max 0.8 robust-sigma < 5); predicted 168h drift inside the lot safety envelope.
T05,T05-P0177,Iddq,uA,7.425,7.7971,PASS,0.552,0.44,0.552,8.08,8.166,normal,0.0039,0.8,False,False,False,False,False,OK: within lot-relative limits (max 0.4 robust-sigma < 5); predicted 168h drift inside the lot safety envelope.
T05,T05-P0178,Iddq,uA,8.6891,9.4073,PASS,0.932,2.2,0.932,9.843,9.91,normal,0.0069,2.66,False,False,False,False,False,OK: within lot-relative limits (max 2.2 robust-sigma < 5); predicted 168h drift inside the lot safety envelope.
T05,T05-P0179,Iddq,uA,5.9277,6.0922,PASS,0.117,0.79,0.117,6.549,6.549,normal,0.0037,1.5,False,False,False,False,False,OK: within lot-relative limits (max 0.8 robust-sigma < 5); predicted 168h drift inside the lot safety envelope.
T05,T05-P0180,Iddq,uA,6.3947,6.3521,PASS,0.809,2.75,0.809,6.648,6.779,normal,0.0015,-1.31,False,False,False,False,False,OK: within lot-relative limits (max 2.8 robust-sigma < 5); predicted 168h drift inside the lot safety envelope.
T05,T05-P0181,Iddq,uA,6.1926,6.4542,PASS,0.432,0.01,0.432,6.61,6.749,normal,0.0025,-0.09,False,False,False,False,False,OK: within lot-relative limits (max 0.0 robust-sigma < 5); predicted 168h drift inside the lot safety envelope.
T05,T05-P0182,Iddq,uA,8.074,8.4136,PASS,0.844,0.8,0.844,8.636,8.797,normal,0.0033,0.01,False,False,False,False,False,OK: within lot-relative limits (max 0.8 robust-sigma < 5); predicted 168h drift inside the lot safety envelope.
T05,T05-P0183,Iddq,uA,4.8752,5.1616,PASS,0.122,0.91,0.122,5.293,5.433,normal,0.0025,0.69,False,False,False,False,False,OK: within lot-relative limits (max 0.9 robust-sigma < 5); predicted 168h drift inside the lot safety envelope.
T05,T05-P0184,Iddq,uA,6.0047,6.1538,PASS,0.129,0.96,0.129,6.327,6.453,normal,0.0019,-0.69,False,False,False,False,False,OK: within lot-relative limits (max 1.0 robust-sigma < 5); predicted 168h drift inside the lot safety envelope.
T05,T05-P0185,Iddq,uA,9.6017,10.4888,PASS,0.973,2.71,0.973,11.026,11.085,normal,0.0085,3.28,False,False,False,False,False,OK: within lot-relative limits (max 2.7 robust-sigma < 5); predicted 168h drift inside the lot safety envelope.
T05,T05-P0186,Iddq,uA,7.8413,8.0611,PASS,0.532,0.78,0.532,8.334,8.454,normal,0.0029,-0.29,False,False,False,False,False,OK: within lot-relative limits (max 0.8 robust-sigma < 5); predicted 168h drift inside the lot safety envelope.
T05,T05-P0187,Iddq,uA,75.533,77.6001,REJECT,1.0,16.57,0.999,79.357,81.103,low,0.0228,-0.82,True,True,True,False,True,STATIC FAIL: Iddq@0h = 75.5 uA exceeds datasheet max 50 uA. | LOT OUTLIER: Iddq@24h = 77.6 uA is 16.6 robust-sigma above lot T05 median (7.5 uA). | LOT OUTLIER: Iddq@0h = 75.5 uA is 16.0 robust-sigma above lot T05 median (7.2 uA). | GUARD BAND: 90% upper forecast for Iddq@168h is 81.1 uA = 162% of datasheet max (guard band 70%).
T05,T05-P0188,Iddq,uA,7.083,7.2127,PASS,0.341,1.32,0.341,7.402,7.575,normal,0.0019,-1.07,False,False,False,False,False,OK: within lot-relative limits (max 1.3 robust-sigma < 5); predicted 168h drift inside the lot safety envelope.
T05,T05-P0189,Iddq,uA,7.9874,8.3043,PASS,0.705,0.71,0.705,8.515,8.696,normal,0.0031,-0.15,False,False,False,False,False,OK: within lot-relative limits (max 0.7 robust-sigma < 5); predicted 168h drift inside the lot safety envelope.
T05,T05-P0190,Iddq,uA,7.7739,7.8097,PASS,0.886,2.1,0.886,8.09,8.24,normal,0.0019,-1.26,False,False,False,False,False,OK: within lot-relative limits (max 2.1 robust-sigma < 5); predicted 168h drift inside the lot safety envelope.
T05,T05-P0191,Iddq,uA,6.8242,7.0704,PASS,0.253,0.33,0.253,7.261,7.402,normal,0.0026,-0.24,False,False,False,False,False,OK: within lot-relative limits (max 0.3 robust-sigma < 5); predicted 168h drift inside the lot safety envelope.
T05,T05-P0192,Iddq,uA,6.3575,6.5948,PASS,0.241,0.26,0.241,6.764,6.895,normal,0.0024,-0.24,False,False,False,False,False,OK: within lot-relative limits (max 0.3 robust-sigma < 5); predicted 168h drift inside the lot safety envelope.
T05,T05-P0193,Iddq,uA,8.1317,8.1791,PASS,0.892,2.03,0.892,8.463,8.619,normal,0.002,-1.26,False,False,False,False,False,OK: within lot-relative limits (max 2.0 robust-sigma < 5); predicted 168h drift inside the lot safety envelope.
T05,T05-P0194,Iddq,uA,6.9747,7.4211,PASS,0.298,1.2,0.298,7.655,7.781,normal,0.004,1.19,False,False,False,False,False,OK: within lot-relative limits (max 1.2 robust-sigma < 5); predicted 168h drift inside the lot safety envelope.
T05,T05-P0195,Iddq,uA,8.0337,8.155,PASS,0.787,1.51,0.787,8.383,8.551,normal,0.0021,-1.13,False,False,False,False,False,OK: within lot-relative limits (max 1.5 robust-sigma < 5); predicted 168h drift inside the lot safety envelope.
T05,T05-P0196,Iddq,uA,7.5002,7.709,PASS,0.518,0.79,0.518,7.988,8.088,normal,0.0029,-0.19,False,False,False,False,False,OK: within lot-relative limits (max 0.8 robust-sigma < 5); predicted 168h drift inside the lot safety envelope.
T05,T05-P0197,Iddq,uA,6.4882,6.919,PASS,0.341,1.33,0.341,7.163,7.265,normal,0.004,1.47,False,False,False,False,False,OK: within lot-relative limits (max 1.3 robust-sigma < 5); predicted 168h drift inside the lot safety envelope.
T05,T05-P0198,Iddq,uA,8.8929,8.9627,PASS,0.912,1.92,0.912,9.245,9.394,normal,0.0021,-1.31,False,False,False,False,False,OK: within lot-relative limits (max 1.9 robust-sigma < 5); predicted 168h drift inside the lot safety envelope.
T05,T05-P0199,Iddq,uA,6.654,6.9605,PASS,0.281,0.22,0.281,7.146,7.291,normal,0.0029,0.19,False,False,False,False,False,OK: within lot-relative limits (max 0.2 robust-sigma < 5); predicted 168h drift inside the lot safety envelope.
T05,T05-P0200,Iddq,uA,7.4531,7.8038,PASS,0.608,0.28,0.608,8.031,8.166,normal,0.0034,0.35,False,False,False,False,False,OK: within lot-relative limits (max 0.3 robust-sigma < 5); predicted 168h drift inside the lot safety envelope.
T05,T05-P0201,Iddq,uA,6.3558,6.7005,PASS,0.067,0.67,0.004,6.914,7.026,normal,0.0033,0.78,False,False,False,False,False,OK: within lot-relative limits (max 0.7 robust-sigma < 5); predicted 168h drift inside the lot safety envelope.
T05,T05-P0202,Iddq,uA,6.8246,7.1346,PASS,0.314,0.19,0.314,7.329,7.477,normal,0.003,0.19,False,False,False,False,False,OK: within lot-relative limits (max 0.2 robust-sigma < 5); predicted 168h drift inside the lot safety envelope.
T05,T05-P0203,Iddq,uA,6.7872,7.0291,PASS,0.2,0.35,0.2,7.221,7.361,normal,0.0026,-0.24,False,False,False,False,False,OK: within lot-relative limits (max 0.4 robust-sigma < 5); predicted 168h drift inside the lot safety envelope.
T05,T05-P0204,Iddq,uA,6.3922,6.629,PASS,0.26,0.28,0.26,6.801,6.933,normal,0.0024,-0.24,False,False,False,False,False,OK: within lot-relative limits (max 0.3 robust-sigma < 5); predicted 168h drift inside the lot safety envelope.
T05,T05-P0205,Iddq,uA,7.332,7.6877,PASS,0.568,0.36,0.568,7.877,8.033,normal,0.0032,0.21,False,False,False,False,False,OK: within lot-relative limits (max 0.4 robust-sigma < 5); predicted 168h drift inside the lot safety envelope.
T05,T05-P0206,Iddq,uA,8.5001,8.8494,PASS,0.863,1.16,0.863,9.092,9.255,normal,0.0035,0.01,False,False,False,False,False,OK: within lot-relative limits (max 1.2 robust-sigma < 5); predicted 168h drift inside the lot safety envelope.
T05,T05-P0207,Iddq,uA,9.2374,9.7468,PASS,0.904,1.85,0.904,10.09,10.182,normal,0.0051,0.97,False,False,False,False,False,OK: within lot-relative limits (max 1.8 robust-sigma < 5); predicted 168h drift inside the lot safety envelope.
T05,T05-P0208,Iddq,uA,8.7019,8.8105,PASS,0.876,1.65,0.876,9.066,9.238,normal,0.0022,-1.21,False,False,False,False,False,OK: within lot-relative limits (max 1.7 robust-sigma < 5); predicted 168h drift inside the lot safety envelope.
T05,T05-P0209,Iddq,uA,6.9702,7.1107,PASS,0.289,1.22,0.289,7.307,7.486,normal,0.002,-0.92,False,False,False,False,False,OK: within lot-relative limits (max 1.2 robust-sigma < 5); predicted 168h drift inside the lot safety envelope.
T05,T05-P0210,Iddq,uA,8.7486,8.9597,PASS,0.799,1.31,0.799,9.21,9.393,normal,0.0027,-0.73,False,False,False,False,False,OK: within lot-relative limits (max 1.3 robust-sigma < 5); predicted 168h drift inside the lot safety envelope.
T05,T05-P0211,Iddq,uA,7.4562,7.7449,PASS,0.641,0.22,0.641,7.96,8.12,normal,0.003,-0.08,False,False,False,False,False,OK: within lot-relative limits (max 0.2 robust-sigma < 5); predicted 168h drift inside the lot safety envelope.
T05,T05-P0212,Iddq,uA,9.1223,9.7174,PASS,0.909,1.82,0.909,10.096,10.176,normal,0.0058,1.58,False,False,False,False,False,OK: within lot-relative limits (max 1.8 robust-sigma < 5); predicted 168h drift inside the lot safety envelope.
T05,T05-P0213,Iddq,uA,5.9601,6.0819,PASS,0.295,1.2,0.295,6.271,6.402,normal,0.0019,-0.75,False,False,False,False,False,OK: within lot-relative limits (max 1.2 robust-sigma < 5); predicted 168h drift inside the lot safety envelope.
T05,T05-P0214,Iddq,uA,8.748,9.0202,PASS,0.755,1.31,0.755,9.286,9.425,normal,0.0032,-0.35,False,False,False,False,False,OK: within lot-relative limits (max 1.3 robust-sigma < 5); predicted 168h drift inside the lot safety envelope.
T05,T05-P0215,Iddq,uA,6.4471,6.7866,PASS,0.062,0.58,0.062,7.001,7.113,normal,0.0033,0.71,False,False,False,False,False,OK: within lot-relative limits (max 0.6 robust-sigma < 5); predicted 168h drift inside the lot safety envelope.
T05,T05-P0216,Iddq,uA,8.3278,8.8963,PASS,0.828,1.43,0.828,9.225,9.38,normal,0.0053,1.62,False,False,False,False,False,OK: within lot-relative limits (max 1.4 robust-sigma < 5); predicted 168h drift inside the lot safety envelope.
T05,T05-P0217,Iddq,uA,6.45,6.8915,PASS,0.369,1.44,0.369,7.14,7.266,normal,0.0041,1.59,False,False,False,False,False,OK: within lot-relative limits (max 1.4 robust-sigma < 5); predicted 168h drift inside the lot safety envelope.
T05,T05-P0218,Iddq,uA,8.1095,8.4114,PASS,0.714,0.8,0.714,8.634,8.794,normal,0.0031,-0.21,False,False,False,False,False,OK: within lot-relative limits (max 0.8 robust-sigma < 5); predicted 168h drift inside the lot safety envelope.
T05,T05-P0219,Iddq,uA,6.6856,7.2778,PASS,0.68,2.51,0.68,7.726,7.726,normal,0.0062,3.58,False,False,False,False,False,OK: within lot-relative limits (max 2.5 robust-sigma < 5); predicted 168h drift inside the lot safety envelope.
T05,T05-P0220,Iddq,uA,5.4921,5.7491,PASS,0.241,0.26,0.241,5.882,6.012,normal,0.0023,0.06,False,False,False,False,False,OK: within lot-relative limits (max 0.3 robust-sigma < 5); predicted 168h drift inside the lot safety envelope.
T05,T05-P0221,Iddq,uA,6.1839,6.4696,PASS,0.276,0.23,0.276,6.632,6.775,normal,0.0027,0.13,False,False,False,False,False,OK: within lot-relative limits (max 0.2 robust-sigma < 5); predicted 168h drift inside the lot safety envelope.
T05,T05-P0222,Iddq,uA,6.8272,7.1019,PASS,0.359,0.1,0.359,7.298,7.435,normal,0.0028,-0.02,False,False,False,False,False,OK: within lot-relative limits (max 0.1 robust-sigma < 5); predicted 168h drift inside the lot safety envelope.
T05,T05-P0223,Iddq,uA,7.1383,7.3785,PASS,0.106,0.46,0.106,7.592,7.713,normal,0.0027,-0.25,False,False,False,False,False,OK: within lot-relative limits (max 0.5 robust-sigma < 5); predicted 168h drift inside the lot safety envelope.
T05,T05-P0224,Iddq,uA,5.1071,5.2707,PASS,0.064,0.55,0.064,5.417,5.509,normal,0.0018,-0.38,False,False,False,False,False,OK: within lot-relative limits (max 0.6 robust-sigma < 5); predicted 168h drift inside the lot safety envelope.
T05,T05-P0225,Iddq,uA,6.0859,6.395,PASS,0.103,0.48,0.103,6.591,6.704,normal,0.003,0.58,False,False,False,False,False,OK: within lot-relative limits (max 0.5 robust-sigma < 5); predicted 168h drift inside the lot safety envelope.
T05,T05-P0226,Iddq,uA,6.2931,6.5972,PASS,0.173,0.35,0.173,6.758,6.895,normal,0.0028,0.19,False,False,False,False,False,OK: within lot-relative limits (max 0.3 robust-sigma < 5); predicted 168h drift inside the lot safety envelope.
T05,T05-P0227,Iddq,uA,6.8801,7.008,PASS,0.332,1.31,0.332,7.19,7.358,normal,0.0018,-1.07,False,False,False,False,False,OK: within lot-relative limits (max 1.3 robust-sigma < 5); predicted 168h drift inside the lot safety envelope.
T05,T05-P0228,Iddq,uA,7.2437,7.6484,PASS,0.496,0.76,0.496,7.879,8.007,normal,0.0038,0.78,False,False,False,False,False,OK: within lot-relative limits (max 0.8 robust-sigma < 5); predicted 168h drift inside the lot safety envelope.
T05,T05-P0229,Iddq,uA,6.2578,6.5549,PASS,0.241,0.3,0.241,6.711,6.856,normal,0.0027,0.13,False,False,False,False,False,OK: within lot-relative limits (max 0.3 robust-sigma < 5); predicted 168h drift inside the lot safety envelope.
T05,T05-P0230,Iddq,uA,5.7394,5.9228,PASS,0.063,0.56,0.063,6.105,6.189,normal,0.0022,-0.25,False,False,False,False,False,OK: within lot-relative limits (max 0.6 robust-sigma < 5); predicted 168h drift inside the lot safety envelope.
T05,T05-P0231,Iddq,uA,7.3659,7.6732,PASS,0.764,0.15,0.764,7.877,8.027,normal,0.003,-0.01,False,False,False,False,False,OK: within lot-relative limits (max 0.1 robust-sigma < 5); predicted 168h drift inside the lot safety envelope.
T05,T05-P0232,Iddq,uA,6.8168,7.1581,PASS,0.106,0.44,0.106,7.393,7.497,normal,0.0034,0.65,False,False,False,False,False,OK: within lot-relative limits (max 0.4 robust-sigma < 5); predicted 168h drift inside the lot safety envelope.
T05,T05-P0233,Iddq,uA,8.0397,8.2622,PASS,0.565,0.8,0.565,8.504,8.662,normal,0.0028,-0.51,False,False,False,False,False,OK: within lot-relative limits (max 0.8 robust-sigma < 5); predicted 168h drift inside the lot safety envelope.
T05,T05-P0234,Iddq,uA,6.4505,6.7657,PASS,0.209,0.37,0.209,6.927,7.068,normal,0.0028,0.19,False,False,False,False,False,OK: within lot-relative limits (max 0.4 robust-sigma < 5); predicted 168h drift inside the lot safety envelope.
T05,T05-P0235,Iddq,uA,7.7807,8.0891,PASS,0.688,0.52,0.688,8.294,8.471,normal,0.0031,-0.15,False,False,False,False,False,OK: within lot-relative limits (max 0.5 robust-sigma < 5); predicted 168h drift inside the lot safety envelope.
T05,T05-P0236,Iddq,uA,6.2906,6.4468,PASS,0.129,0.96,0.129,6.622,6.76,normal,0.002,-0.73,False,False,False,False,False,OK: within lot-relative limits (max 1.0 robust-sigma < 5); predicted 168h drift inside the lot safety envelope.
T05,T05-P0237,Iddq,uA,7.3464,7.7123,PASS,0.543,0.43,0.543,7.971,8.079,normal,0.0037,0.66,False,False,False,False,False,OK: within lot-relative limits (max 0.4 robust-sigma < 5); predicted 168h drift inside the lot safety envelope.
T05,T05-P0238,Iddq,uA,7.1475,7.3527,PASS,0.074,0.74,0.072,7.587,7.707,normal,0.0026,-0.35,False,False,False,False,False,OK: within lot-relative limits (max 0.7 robust-sigma < 5); predicted 168h drift inside the lot safety envelope.
T05,T05-P0239,Iddq,uA,7.4957,7.6094,PASS,0.73,1.5,0.73,7.843,7.98,normal,0.0021,-1.01,False,False,False,False,False,OK: within lot-relative limits (max 1.5 robust-sigma < 5); predicted 168h drift inside the lot safety envelope.
T05,T05-P0240,Iddq,uA,6.1608,6.3981,PASS,0.287,0.19,0.287,6.546,6.709,normal,0.0023,-0.3,False,False,False,False,False,OK: within lot-relative limits (max 0.2 robust-sigma < 5); predicted 168h drift inside the lot safety envelope.
T05,T05-P0241,Iddq,uA,6.9891,7.2285,PASS,0.131,0.43,0.131,7.434,7.552,normal,0.0026,-0.25,False,False,False,False,False,OK: within lot-relative limits (max 0.4 robust-sigma < 5); predicted 168h drift inside the lot safety envelope.
T05,T05-P0242,Iddq,uA,6.2101,6.5149,PASS,0.158,0.39,0.158,6.66,6.804,normal,0.0027,0.13,False,False,False,False,False,OK: within lot-relative limits (max 0.4 robust-sigma < 5); predicted 168h drift inside the lot safety envelope.
T05,T05-P0243,Iddq,uA,6.9701,7.0805,PASS,0.372,1.46,0.372,7.269,7.421,normal,0.0018,-1.16,False,False,False,False,False,OK: within lot-relative limits (max 1.5 robust-sigma < 5); predicted 168h drift inside the lot safety envelope.
T05,T05-P0244,Iddq,uA,7.8854,8.1561,PASS,0.578,0.61,0.578,8.392,8.519,normal,0.003,-0.22,False,False,False,False,False,OK: within lot-relative limits (max 0.6 robust-sigma < 5); predicted 168h drift inside the lot safety envelope.
T05,T05-P0245,Iddq,uA,11.0093,11.1089,PASS,0.979,2.88,0.979,11.422,11.73,normal,0.0025,-1.4,False,False,False,False,False,OK: within lot-relative limits (max 2.9 robust-sigma < 5); predicted 168h drift inside the lot safety envelope.
T05,T05-P0246,Iddq,uA,7.1956,7.3507,PASS,0.224,1.14,0.224,7.563,7.728,normal,0.0022,-0.8,False,False,False,False,False,OK: within lot-relative limits (max 1.1 robust-sigma < 5); predicted 168h drift inside the lot safety envelope.
T05,T05-P0247,Iddq,uA,7.8477,8.2755,PASS,0.541,0.68,0.541,8.542,8.673,normal,0.0041,0.81,False,False,False,False,False,OK: within lot-relative limits (max 0.7 robust-sigma < 5); predicted 168h drift inside the lot safety envelope.
T05,T05-P0248,Iddq,uA,7.2375,7.3889,PASS,0.444,1.18,0.444,7.607,7.773,normal,0.0022,-0.8,False,False,False,False,False,OK: within lot-relative limits (max 1.2 robust-sigma < 5); predicted 168h drift inside the lot safety envelope.
T05,T05-P0249,Iddq,uA,8.5413,8.4733,PASS,0.95,2.83,0.95,8.847,9.049,normal,0.0018,-1.48,False,False,False,False,False,OK: within lot-relative limits (max 2.8 robust-sigma < 5); predicted 168h drift inside the lot safety envelope.
T05,T05-P0250,Iddq,uA,7.6073,7.7432,PASS,0.727,1.35,0.727,7.955,8.135,normal,0.0021,-1.04,False,False,False,False,False,OK: within lot-relative limits (max 1.3 robust-sigma < 5); predicted 168h drift inside the lot safety envelope.
T05,T05-P0251,Iddq,uA,8.2709,8.6263,PASS,0.838,0.98,0.838,8.847,9.015,normal,0.0034,0.01,False,False,False,False,False,OK: within lot-relative limits (max 1.0 robust-sigma < 5); predicted 168h drift inside the lot safety envelope.
T05,T05-P0252,Iddq,uA,7.3832,7.7556,PASS,0.557,0.46,0.557,8.01,8.138,normal,0.0037,0.66,False,False,False,False,False,OK: within lot-relative limits (max 0.5 robust-sigma < 5); predicted 168h drift inside the lot safety envelope.
T05,T05-P0253,Iddq,uA,9.8773,10.1133,PASS,0.951,2.14,0.951,10.372,10.58,normal,0.0029,-0.85,False,False,False,False,False,OK: within lot-relative limits (max 2.1 robust-sigma < 5); predicted 168h drift inside the lot safety envelope.
T05,T05-P0254,Iddq,uA,8.7102,8.9048,PASS,0.798,1.28,0.798,9.156,9.347,normal,0.0027,-0.8,False,False,False,False,False,OK: within lot-relative limits (max 1.3 robust-sigma < 5); predicted 168h drift inside the lot safety envelope.
T05,T05-P0255,Iddq,uA,5.5181,5.7705,PASS,0.27,0.2,0.27,5.91,6.04,normal,0.0023,0.06,False,False,False,False,False,OK: within lot-relative limits (max 0.2 robust-sigma < 5); predicted 168h drift inside the lot safety envelope.
T05,T05-P0256,Iddq,uA,7.3111,7.7444,PASS,0.57,0.94,0.57,7.952,8.141,normal,0.0038,0.78,False,False,False,False,False,OK: within lot-relative limits (max 0.9 robust-sigma < 5); predicted 168h drift inside the lot safety envelope.
T05,T05-P0257,Iddq,uA,7.2126,7.4351,PASS,0.062,0.62,0.047,7.66,7.777,normal,0.0027,-0.32,False,False,False,False,False,OK: within lot-relative limits (max 0.6 robust-sigma < 5); predicted 168h drift inside the lot safety envelope.
T05,T05-P0258,Iddq,uA,5.15,5.3759,PASS,0.359,0.1,0.359,5.515,5.647,normal,0.0022,0.06,False,False,False,False,False,OK: within lot-relative limits (max 0.1 robust-sigma < 5); predicted 168h drift inside the lot safety envelope.
T05,T05-P0259,Iddq,uA,6.1891,6.5357,PASS,0.082,0.76,0.082,6.723,6.841,normal,0.0032,0.72,False,False,False,False,False,OK: within lot-relative limits (max 0.8 robust-sigma < 5); predicted 168h drift inside the lot safety envelope.
T05,T05-P0260,Iddq,uA,6.6166,6.9584,PASS,0.053,0.53,0.034,7.176,7.288,normal,0.0033,0.65,False,False,False,False,False,OK: within lot-relative limits (max 0.5 robust-sigma < 5); predicted 168h drift inside the lot safety envelope.
T05,T05-P0261,Iddq,uA,6.4071,6.4599,PASS,0.462,1.89,0.462,6.664,6.791,normal,0.0015,-1.29,False,False,False,False,False,OK: within lot-relative limits (max 1.9 robust-sigma < 5); predicted 168h drift inside the lot safety envelope.
T05,T05-P0262,Iddq,uA,7.1359,7.3946,PASS,0.25,0.32,0.25,7.593,7.74,normal,0.0027,-0.24,False,False,False,False,False,OK: within lot-relative limits (max 0.3 robust-sigma < 5); predicted 168h drift inside the lot safety envelope.
T05,T05-P0263,Iddq,uA,5.6004,5.7025,PASS,0.341,1.33,0.341,5.839,5.977,normal,0.0014,-1.17,False,False,False,False,False,OK: within lot-relative limits (max 1.3 robust-sigma < 5); predicted 168h drift inside the lot safety envelope.
T05,T05-P0264,Iddq,uA,7.9937,8.3596,PASS,0.683,0.76,0.683,8.59,8.756,normal,0.0035,0.22,False,False,False,False,False,OK: within lot-relative limits (max 0.8 robust-sigma < 5); predicted 168h drift inside the lot safety envelope.
T05,T05-P0265,Iddq,uA,8.0004,8.3398,PASS,0.816,0.74,0.816,8.557,8.72,normal,0.0033,0.01,False,False,False,False,False,OK: within lot-relative limits (max 0.7 robust-sigma < 5); predicted 168h drift inside the lot safety envelope.
T05,T05-P0266,Iddq,uA,7.4532,7.7933,PASS,0.644,0.26,0.644,8.031,8.166,normal,0.0034,0.35,False,False,False,False,False,OK: within lot-relative limits (max 0.3 robust-sigma < 5); predicted 168h drift inside the lot safety envelope.
T05,T05-P0267,Iddq,uA,6.8358,7.1382,PASS,0.346,0.12,0.346,7.341,7.49,normal,0.003,0.19,False,False,False,False,False,OK: within lot-relative limits (max 0.1 robust-sigma < 5); predicted 168h drift inside the lot safety envelope.
T05,T05-P0268,Iddq,uA,7.0702,7.3785,PASS,0.366,0.09,0.366,7.558,7.708,normal,0.0029,-0.02,False,False,False,False,False,OK: within lot-relative limits (max 0.1 robust-sigma < 5); predicted 168h drift inside the lot safety envelope.
T05,T05-P0269,Iddq,uA,6.6509,6.8651,PASS,0.055,0.55,0.053,7.074,7.172,normal,0.0025,-0.25,False,False,False,False,False,OK: within lot-relative limits (max 0.5 robust-sigma < 5); predicted 168h drift inside the lot safety envelope.
T05,T05-P0270,Iddq,uA,8.1906,8.7552,PASS,0.807,1.46,0.807,9.073,9.225,normal,0.0053,1.62,False,False,False,False,False,OK: within lot-relative limits (max 1.5 robust-sigma < 5); predicted 168h drift inside the lot safety envelope.
T05,T05-P0271,Iddq,uA,7.7638,7.7855,PASS,0.896,2.21,0.896,8.076,8.229,normal,0.0019,-1.28,False,False,False,False,False,OK: within lot-relative limits (max 2.2 robust-sigma < 5); predicted 168h drift inside the lot safety envelope.
T05,T05-P0272,Iddq,uA,9.4485,9.8636,PASS,0.947,1.93,0.947,10.122,10.323,normal,0.004,0.08,False,False,False,False,False,OK: within lot-relative limits (max 1.9 robust-sigma < 5); predicted 168h drift inside the lot safety envelope.
T05,T05-P0273,Iddq,uA,6.6548,6.8472,PASS,0.073,0.73,0.048,7.064,7.176,normal,0.0024,-0.35,False,False,False,False,False,OK: within lot-relative limits (max 0.7 robust-sigma < 5); predicted 168h drift inside the lot safety envelope.
T05,T05-P0274,Iddq,uA,8.7942,9.0502,PASS,0.765,1.35,0.765,9.335,9.456,normal,0.0032,-0.35,False,False,False,False,False,OK: within lot-relative limits (max 1.4 robust-sigma < 5); predicted 168h drift inside the lot safety envelope.
T05,T05-P0275,Iddq,uA,6.6412,6.7268,PASS,0.416,1.63,0.416,6.914,7.056,normal,0.0016,-1.24,False,False,False,False,False,OK: within lot-relative limits (max 1.6 robust-sigma < 5); predicted 168h drift inside the lot safety envelope.
T05,T05-P0276,Iddq,uA,6.8654,7.3069,PASS,0.29,1.21,0.29,7.537,7.659,normal,0.004,1.21,False,False,False,False,False,OK: within lot-relative limits (max 1.2 robust-sigma < 5); predicted 168h drift inside the lot safety envelope.
T05,T05-P0277,Iddq,uA,6.0949,6.3948,PASS,0.149,0.39,0.149,6.536,6.678,normal,0.0026,0.13,False,False,False,False,False,OK: within lot-relative limits (max 0.4 robust-sigma < 5); predicted 168h drift inside the lot safety envelope.
T05,T05-P0278,Iddq,uA,7.7612,7.885,PASS,0.754,1.46,0.754,8.1,8.261,normal,0.002,-1.13,False,False,False,False,False,OK: within lot-relative limits (max 1.5 robust-sigma < 5); predicted 168h drift inside the lot safety envelope.
T05,T05-P0279,Iddq,uA,6.963,7.3476,PASS,0.072,0.72,0.029,7.574,7.697,normal,0.0036,0.78,False,False,False,False,False,OK: within lot-relative limits (max 0.7 robust-sigma < 5); predicted 168h drift inside the lot safety envelope.
T05,T05-P0280,Iddq,uA,7.794,8.0246,PASS,0.509,0.69,0.509,8.283,8.403,normal,0.0029,-0.29,False,False,False,False,False,OK: within lot-relative limits (max 0.7 robust-sigma < 5); predicted 168h drift inside the lot safety envelope.
T05,T05-P0281,Iddq,uA,8.7997,9.2434,PASS,0.823,1.47,0.823,9.544,9.676,normal,0.0044,0.65,False,False,False,False,False,OK: within lot-relative limits (max 1.5 robust-sigma < 5); predicted 168h drift inside the lot safety envelope.
T05,T05-P0282,Iddq,uA,7.1427,7.4509,PASS,0.394,0.06,0.394,7.635,7.787,normal,0.0029,-0.02,False,False,False,False,False,OK: within lot-relative limits (max 0.1 robust-sigma < 5); predicted 168h drift inside the lot safety envelope.
T05,T05-P0283,Iddq,uA,7.5796,8.1946,PASS,0.883,2.12,0.883,8.488,8.61,normal,0.0054,2.13,False,False,False,False,False,OK: within lot-relative limits (max 2.1 robust-sigma < 5); predicted 168h drift inside the lot safety envelope.
T05,T05-P0284,Iddq,uA,7.9241,8.1319,PASS,0.56,0.88,0.56,8.376,8.514,normal,0.0027,-0.54,False,False,False,False,False,OK: within lot-relative limits (max 0.9 robust-sigma < 5); predicted 168h drift inside the lot safety envelope.
T05,T05-P0285,Iddq,uA,7.0529,7.2356,PASS,0.109,0.9,0.109,7.424,7.579,normal,0.0022,-0.73,False,False,False,False,False,OK: within lot-relative limits (max 0.9 robust-sigma < 5); predicted 168h drift inside the lot safety envelope.
T05,T05-P0286,Iddq,uA,6.5518,6.7055,PASS,0.22,1.03,0.22,6.897,7.037,normal,0.0021,-0.73,False,False,False,False,False,OK: within lot-relative limits (max 1.0 robust-sigma < 5); predicted 168h drift inside the lot safety envelope.
T05,T05-P0287,Iddq,uA,7.4169,7.93,PASS,0.737,1.48,0.737,8.243,8.356,normal,0.0049,1.78,False,False,False,False,False,OK: within lot-relative limits (max 1.5 robust-sigma < 5); predicted 168h drift inside the lot safety envelope.
T05,T05-P0288,Iddq,uA,7.5856,7.8366,PASS,0.521,0.5,0.521,8.074,8.18,normal,0.0029,-0.22,False,False,False,False,False,OK: within lot-relative limits (max 0.5 robust-sigma < 5); predicted 168h drift inside the lot safety envelope.
T05,T05-P0289,Iddq,uA,8.0133,8.1824,PASS,0.671,1.17,0.671,8.423,8.604,normal,0.0024,-0.8,False,False,False,False,False,OK: within lot-relative limits (max 1.2 robust-sigma < 5); predicted 168h drift inside the lot safety envelope.
T05,T05-P0290,Iddq,uA,7.8465,8.2479,PASS,0.574,0.66,0.574,8.515,8.641,normal,0.004,0.67,False,False,False,False,False,OK: within lot-relative limits (max 0.7 robust-sigma < 5); predicted 168h drift inside the lot safety envelope.
T05,T05-P0291,Iddq,uA,6.3733,6.7131,PASS,0.062,0.62,0.047,6.921,7.032,normal,0.0033,0.71,False,False,False,False,False,OK: within lot-relative limits (max 0.6 robust-sigma < 5); predicted 168h drift inside the lot safety envelope.
T05,T05-P0292,Iddq,uA,7.6665,8.0807,PASS,0.527,0.66,0.527,8.345,8.475,normal,0.004,0.81,False,False,False,False,False,OK: within lot-relative limits (max 0.7 robust-sigma < 5); predicted 168h drift inside the lot safety envelope.
T05,T05-P0293,Iddq,uA,8.386,8.6892,PASS,0.751,1.03,0.751,8.928,9.094,normal,0.0032,-0.21,False,False,False,False,False,OK: within lot-relative limits (max 1.0 robust-sigma < 5); predicted 168h drift inside the lot safety envelope.
T05,T05-P0294,Iddq,uA,6.5955,6.9242,PASS,0.127,0.43,0.127,7.153,7.253,normal,0.0033,0.65,False,False,False,False,False,OK: within lot-relative limits (max 0.4 robust-sigma < 5); predicted 168h drift inside the lot safety envelope.
T05,T05-P0295,Iddq,uA,7.4134,7.9117,PASS,0.694,1.37,0.694,8.218,8.325,normal,0.0048,1.65,False,False,False,False,False,OK: within lot-relative limits (max 1.4 robust-sigma < 5); predicted 168h drift inside the lot safety envelope.
T05,T05-P0296,Iddq,uA,6.3935,6.8573,REJECT,0.42,1.66,0.42,8.235,8.235,normal,0.011,8.58,False,False,False,True,False,EARLY REJECT (drift forecast): predicted Iddq@168h = 8.2 uA from 0h/24h readings; drift slope 0.011 uA/h exceeds lot safety slope 0.007 uA/h (8.6 robust-sigma).
T05,T05-P0297,Iddq,uA,7.2624,7.7105,PASS,0.572,1.07,0.572,7.893,8.087,normal,0.0038,0.74,False,False,False,False,False,OK: within lot-relative limits (max 1.1 robust-sigma < 5); predicted 168h drift inside the lot safety envelope.
T05,T05-P0298,Iddq,uA,8.9868,11.0037,REJECT,0.987,9.27,0.987,21.005,23.27,low,0.0715,36.11,False,True,False,True,False,ABNORMAL DRIFT: Iddq changed +22% from 0h to 24h vs lot median +4% (9.3 robust-sigma). | EARLY REJECT (drift forecast): predicted Iddq@168h = 21.0 uA from 0h/24h readings; drift slope 0.072 uA/h exceeds lot safety slope 0.010 uA/h (36.1 robust-sigma).
T05,T05-P0299,Iddq,uA,7.3481,7.5101,PASS,0.476,1.11,0.476,7.727,7.892,normal,0.0023,-0.78,False,False,False,False,False,OK: within lot-relative limits (max 1.1 robust-sigma < 5); predicted 168h drift inside the lot safety envelope.
T05,T05-P0300,Iddq,uA,6.1716,6.5267,PASS,0.147,0.85,0.147,6.704,6.843,normal,0.0032,0.72,False,False,False,False,False,OK: within lot-relative limits (max 0.8 robust-sigma < 5); predicted 168h drift inside the lot safety envelope.
T05,T05-P0301,Iddq,uA,7.3862,7.8085,PASS,0.56,0.83,0.56,8.038,8.19,normal,0.0039,0.8,False,False,False,False,False,OK: within lot-relative limits (max 0.8 robust-sigma < 5); predicted 168h drift inside the lot safety envelope.
T05,T05-P0302,Iddq,uA,7.1896,7.5933,PASS,0.451,0.77,0.451,7.82,7.947,normal,0.0038,0.78,False,False,False,False,False,OK: within lot-relative limits (max 0.8 robust-sigma < 5); predicted 168h drift inside the lot safety envelope.
T05,T05-P0303,Iddq,uA,8.3407,8.5744,PASS,0.646,0.99,0.646,8.859,8.986,normal,0.0031,-0.32,False,False,False,False,False,OK: within lot-relative limits (max 1.0 robust-sigma < 5); predicted 168h drift inside the lot safety envelope.
T05,T05-P0304,Iddq,uA,5.8334,6.1242,PASS,0.133,0.43,0.133,6.376,6.419,normal,0.0032,1.01,False,False,False,False,False,OK: within lot-relative limits (max 0.4 robust-sigma < 5); predicted 168h drift inside the lot safety envelope.
T05,T05-P0305,Iddq,uA,6.0994,6.4586,PASS,0.132,0.92,0.132,6.626,6.792,normal,0.0031,0.72,False,False,False,False,False,OK: within lot-relative limits (max 0.9 robust-sigma < 5); predicted 168h drift inside the lot safety envelope.
T05,T05-P0306,Iddq,uA,7.1465,7.1936,PASS,0.476,1.99,0.476,7.432,7.575,normal,0.0017,-1.29,False,False,False,False,False,OK: within lot-relative limits (max 2.0 robust-sigma < 5); predicted 168h drift inside the lot safety envelope.
T05,T05-P0307,Iddq,uA,5.7385,5.8953,PASS,0.13,0.82,0.13,6.066,6.188,normal,0.0019,-0.54,False,False,False,False,False,OK: within lot-relative limits (max 0.8 robust-sigma < 5); predicted 168h drift inside the lot safety envelope.
T05,T05-P0308,Iddq,uA,8.268,8.4485,PASS,0.708,1.13,0.708,8.691,8.872,normal,0.0025,-0.8,False,False,False,False,False,OK: within lot-relative limits (max 1.1 robust-sigma < 5); predicted 168h drift inside the lot safety envelope.
T05,T05-P0309,Iddq,uA,5.3545,5.5634,PASS,0.318,0.17,0.318,5.684,5.835,normal,0.002,-0.34,False,False,False,False,False,OK: within lot-relative limits (max 0.2 robust-sigma < 5); predicted 168h drift inside the lot safety envelope.
T05,T05-P0310,Iddq,uA,6.3159,6.5446,PASS,0.25,0.32,0.25,6.72,6.85,normal,0.0024,-0.24,False,False,False,False,False,OK: within lot-relative limits (max 0.3 robust-sigma < 5); predicted 168h drift inside the lot safety envelope.
T05,T05-P0311,Iddq,uA,5.7463,6.0067,PASS,0.296,0.18,0.296,6.215,6.299,normal,0.0028,0.52,False,False,False,False,False,OK: within lot-relative limits (max 0.2 robust-sigma < 5); predicted 168h drift inside the lot safety envelope.
T05,T05-P0312,Iddq,uA,6.4092,6.9108,PASS,0.471,1.96,0.471,7.14,7.28,normal,0.0043,1.88,False,False,False,False,False,OK: within lot-relative limits (max 2.0 robust-sigma < 5); predicted 168h drift inside the lot safety envelope.
T05,T05-P0313,Iddq,uA,7.705,8.2268,PASS,0.735,1.4,0.735,8.512,8.68,normal,0.0048,1.5,False,False,False,False,False,OK: within lot-relative limits (max 1.4 robust-sigma < 5); predicted 168h drift inside the lot safety envelope.
T05,T05-P0314,Iddq,uA,7.8293,7.9842,PASS,0.635,1.24,0.635,8.218,8.407,normal,0.0023,-0.86,False,False,False,False,False,OK: within lot-relative limits (max 1.2 robust-sigma < 5); predicted 168h drift inside the lot safety envelope.
T05,T05-P0315,Iddq,uA,8.2162,8.3294,PASS,0.825,1.58,0.825,8.618,8.74,normal,0.0024,-0.9,False,False,False,False,False,OK: within lot-relative limits (max 1.6 robust-sigma < 5); predicted 168h drift inside the lot safety envelope.
T05,T05-P0316,Iddq,uA,7.6619,7.9459,PASS,0.604,0.41,0.604,8.163,8.31,normal,0.003,-0.18,False,False,False,False,False,OK: within lot-relative limits (max 0.4 robust-sigma < 5); predicted 168h drift inside the lot safety envelope.
T05,T05-P0317,Iddq,uA,5.2958,5.4524,PASS,0.069,0.69,0.009,5.606,5.712,normal,0.0018,-0.48,False,False,False,False,False,OK: within lot-relative limits (max 0.7 robust-sigma < 5); predicted 168h drift inside the lot safety envelope.
T05,T05-P0318,Iddq,uA,7.4077,7.638,PASS,0.505,0.61,0.505,7.889,7.988,normal,0.0029,-0.19,False,False,False,False,False,OK: within lot-relative limits (max 0.6 robust-sigma < 5); predicted 168h drift inside the lot safety envelope.
T05,T05-P0319,Iddq,uA,5.4648,5.6698,PASS,0.251,0.25,0.251,5.798,5.919,normal,0.002,-0.36,False,False,False,False,False,OK: within lot-relative limits (max 0.3 robust-sigma < 5); predicted 168h drift inside the lot safety envelope.
T05,T05-P0320,Iddq,uA,6.6194,6.7885,PASS,0.138,0.92,0.138,6.968,7.113,normal,0.0021,-0.73,False,False,False,False,False,OK: within lot-relative limits (max 0.9 robust-sigma < 5); predicted 168h drift inside the lot safety envelope.
T05,T05-P0321,Iddq,uA,6.7103,6.945,PASS,0.159,0.39,0.159,7.137,7.254,normal,0.0025,-0.25,False,False,False,False,False,OK: within lot-relative limits (max 0.4 robust-sigma < 5); predicted 168h drift inside the lot safety envelope.
T05,T05-P0322,Iddq,uA,6.5202,6.7505,PASS,0.215,0.37,0.215,6.935,7.049,normal,0.0025,-0.25,False,False,False,False,False,OK: within lot-relative limits (max 0.4 robust-sigma < 5); predicted 168h drift inside the lot safety envelope.
T05,T05-P0323,Iddq,uA,7.6108,7.8473,PASS,0.518,0.61,0.518,8.084,8.207,normal,0.0028,-0.32,False,False,False,False,False,OK: within lot-relative limits (max 0.6 robust-sigma < 5); predicted 168h drift inside the lot safety envelope.
T05,T05-P0324,Iddq,uA,6.1769,6.5861,PASS,0.339,1.32,0.339,6.799,6.91,normal,0.0037,1.33,False,False,False,False,False,OK: within lot-relative limits (max 1.3 robust-sigma < 5); predicted 168h drift inside the lot safety envelope.
T05,T05-P0325,Iddq,uA,9.1912,9.5474,PASS,0.92,1.7,0.92,9.819,9.981,normal,0.0037,-0.05,False,False,False,False,False,OK: within lot-relative limits (max 1.7 robust-sigma < 5); predicted 168h drift inside the lot safety envelope.
T05,T05-P0326,Iddq,uA,7.7837,7.9988,PASS,0.548,0.8,0.548,8.238,8.391,normal,0.0027,-0.48,False,False,False,False,False,OK: within lot-relative limits (max 0.8 robust-sigma < 5); predicted 168h drift inside the lot safety envelope.
T05,T05-P0327,Iddq,uA,8.3764,9.1345,PASS,0.947,2.61,0.947,9.673,9.673,normal,0.0077,3.54,False,False,False,False,False,OK: within lot-relative limits (max 2.6 robust-sigma < 5); predicted 168h drift inside the lot safety envelope.
T05,T05-P0328,Iddq,uA,8.0376,8.3455,PASS,0.684,0.74,0.684,8.557,8.757,normal,0.0031,-0.21,False,False,False,False,False,OK: within lot-relative limits (max 0.7 robust-sigma < 5); predicted 168h drift inside the lot safety envelope.
T05,T05-P0329,Iddq,uA,8.1484,8.2153,PASS,0.875,1.9,0.875,8.48,8.637,normal,0.002,-1.26,False,False,False,False,False,OK: within lot-relative limits (max 1.9 robust-sigma < 5); predicted 168h drift inside the lot safety envelope.
T05,T05-P0330,Iddq,uA,7.2061,6.0514,REJECT,1.0,12.4,0.983,6.491,10.989,low,-0.0043,-7.93,False,True,False,False,False,ABNORMAL DRIFT: Iddq changed -16% from 0h to 24h vs lot median +4% (12.4 robust-sigma).
T05,T05-P0331,Iddq,uA,9.2821,9.4737,PASS,0.9,1.72,0.9,9.756,9.933,normal,0.0028,-0.8,False,False,False,False,False,OK: within lot-relative limits (max 1.7 robust-sigma < 5); predicted 168h drift inside the lot safety envelope.
T05,T05-P0332,Iddq,uA,6.1077,6.2853,PASS,0.072,0.72,0.029,6.474,6.587,normal,0.0022,-0.41,False,False,False,False,False,OK: within lot-relative limits (max 0.7 robust-sigma < 5); predicted 168h drift inside the lot safety envelope.
T05,T05-P0333,Iddq,uA,7.5653,7.892,PASS,0.759,0.35,0.759,8.092,8.247,normal,0.0031,0.01,False,False,False,False,False,OK: within lot-relative limits (max 0.3 robust-sigma < 5); predicted 168h drift inside the lot safety envelope.
T05,T05-P0334,Iddq,uA,7.1581,7.5645,PASS,0.444,0.81,0.444,7.853,7.921,normal,0.0041,1.18,False,False,False,False,False,OK: within lot-relative limits (max 0.8 robust-sigma < 5); predicted 168h drift inside the lot safety envelope.
T05,T05-P0335,Iddq,uA,6.8007,7.103,PASS,0.332,0.13,0.332,7.303,7.451,normal,0.003,0.19,False,False,False,False,False,OK: within lot-relative limits (max 0.1 robust-sigma < 5); predicted 168h drift inside the lot safety envelope.
T05,T05-P0336,Iddq,uA,7.4758,7.6426,PASS,0.568,1.1,0.568,7.879,8.029,normal,0.0024,-0.67,False,False,False,False,False,OK: within lot-relative limits (max 1.1 robust-sigma < 5); predicted 168h drift inside the lot safety envelope.
T05,T05-P0337,Iddq,uA,6.4337,6.636,PASS,0.067,0.59,0.067,6.829,6.938,normal,0.0024,-0.35,False,False,False,False,False,OK: within lot-relative limits (max 0.6 robust-sigma < 5); predicted 168h drift inside the lot safety envelope.
T05,T05-P0338,Iddq,uA,8.0183,8.1865,PASS,0.66,1.17,0.66,8.428,8.61,normal,0.0024,-0.8,False,False,False,False,False,OK: within lot-relative limits (max 1.2 robust-sigma < 5); predicted 168h drift inside the lot safety envelope.
T05,T05-P0339,Iddq,uA,7.937,8.3929,PASS,0.603,0.84,0.603,8.639,8.799,normal,0.0042,0.81,False,False,False,False,False,OK: within lot-relative limits (max 0.8 robust-sigma < 5); predicted 168h drift inside the lot safety envelope.
T05,T05-P0340,Iddq,uA,7.2014,7.6669,PASS,0.485,1.23,0.485,7.905,8.034,normal,0.0042,1.2,False,False,False,False,False,OK: within lot-relative limits (max 1.2 robust-sigma < 5); predicted 168h drift inside the lot safety envelope.
T05,T05-P0341,Iddq,uA,7.8125,8.1605,PASS,0.693,0.59,0.693,8.395,8.558,normal,0.0035,0.22,False,False,False,False,False,OK: within lot-relative limits (max 0.6 robust-sigma < 5); predicted 168h drift inside the lot safety envelope.
T05,T05-P0342,Iddq,uA,6.163,6.5296,PASS,0.126,0.95,0.126,6.695,6.863,normal,0.0032,0.72,False,False,False,False,False,OK: within lot-relative limits (max 1.0 robust-sigma < 5); predicted 168h drift inside the lot safety envelope.
T05,T05-P0343,Iddq,uA,5.484,5.6804,PASS,0.173,0.34,0.173,5.819,5.939,normal,0.002,-0.36,False,False,False,False,False,OK: within lot-relative limits (max 0.3 robust-sigma < 5); predicted 168h drift inside the lot safety envelope.
T05,T05-P0344,Iddq,uA,6.4841,6.8179,PASS,0.052,0.52,0.036,7.032,7.142,normal,0.0033,0.65,False,False,False,False,False,OK: within lot-relative limits (max 0.5 robust-sigma < 5); predicted 168h drift inside the lot safety envelope.
T05,T05-P0345,Iddq,uA,6.8003,7.1073,PASS,0.318,0.17,0.318,7.303,7.451,normal,0.003,0.19,False,False,False,False,False,OK: within lot-relative limits (max 0.2 robust-sigma < 5); predicted 168h drift inside the lot safety envelope.
T05,T05-P0346,Iddq,uA,75.9719,78.3728,REJECT,1.0,16.64,0.999,80.148,81.574,low,0.0249,-0.63,True,True,True,False,True,STATIC FAIL: Iddq@0h = 76.0 uA exceeds datasheet max 50 uA. | LOT OUTLIER: Iddq@24h = 78.4 uA is 16.6 robust-sigma above lot T05 median (7.5 uA). | LOT OUTLIER: Iddq@0h = 76.0 uA is 16.1 robust-sigma above lot T05 median (7.2 uA). | GUARD BAND: 90% upper forecast for Iddq@168h is 81.6 uA = 163% of datasheet max (guard band 70%).
T05,T05-P0347,Iddq,uA,6.8733,7.1273,PASS,0.261,0.28,0.261,7.313,7.455,normal,0.0026,-0.24,False,False,False,False,False,OK: within lot-relative limits (max 0.3 robust-sigma < 5); predicted 168h drift inside the lot safety envelope.
T05,T05-P0348,Iddq,uA,8.0684,8.5079,PASS,0.651,0.88,0.651,8.782,8.917,normal,0.0042,0.81,False,False,False,False,False,OK: within lot-relative limits (max 0.9 robust-sigma < 5); predicted 168h drift inside the lot safety envelope.
T05,T05-P0349,Iddq,uA,7.8496,8.1904,PASS,0.74,0.61,0.74,8.396,8.555,normal,0.0033,0.01,False,False,False,False,False,OK: within lot-relative limits (max 0.6 robust-sigma < 5); predicted 168h drift inside the lot safety envelope.
T05,T05-P0350,Iddq,uA,9.469,9.9419,PASS,0.933,1.99,0.933,10.244,10.384,normal,0.0046,0.53,False,False,False,False,False,OK: within lot-relative limits (max 2.0 robust-sigma < 5); predicted 168h drift inside the lot safety envelope.
T05,T05-P0351,Iddq,uA,7.2731,7.2964,PASS,0.744,2.18,0.744,7.565,7.709,normal,0.0017,-1.28,False,False,False,False,False,OK: within lot-relative limits (max 2.2 robust-sigma < 5); predicted 168h drift inside the lot safety envelope.
T05,T05-P0352,Iddq,uA,7.7838,8.1378,PASS,0.682,0.57,0.682,8.364,8.527,normal,0.0035,0.22,False,False,False,False,False,OK: within lot-relative limits (max 0.6 robust-sigma < 5); predicted 168h drift inside the lot safety envelope.
T05,T05-P0353,Iddq,uA,6.9181,7.2173,PASS,0.386,0.07,0.386,7.395,7.542,normal,0.0028,-0.02,False,False,False,False,False,OK: within lot-relative limits (max 0.1 robust-sigma < 5); predicted 168h drift inside the lot safety envelope.
T05,T05-P0354,Iddq,uA,6.2015,6.5269,PASS,0.091,0.57,0.091,6.717,6.835,normal,0.0031,0.58,False,False,False,False,False,OK: within lot-relative limits (max 0.6 robust-sigma < 5); predicted 168h drift inside the lot safety envelope.
T05,T05-P0355,Iddq,uA,6.1342,6.4759,PASS,0.075,0.75,0.072,6.664,6.781,normal,0.0032,0.72,False,False,False,False,False,OK: within lot-relative limits (max 0.7 robust-sigma < 5); predicted 168h drift inside the lot safety envelope.
T05,T05-P0356,Iddq,uA,6.3045,6.7246,PASS,0.335,1.34,0.335,6.961,7.074,normal,0.0039,1.47,False,False,False,False,False,OK: within lot-relative limits (max 1.3 robust-sigma < 5); predicted 168h drift inside the lot safety envelope.
T05,T05-P0357,Iddq,uA,8.5857,9.0877,PASS,0.806,1.35,0.806,9.345,9.531,normal,0.0045,0.81,False,False,False,False,False,OK: within lot-relative limits (max 1.3 robust-sigma < 5); predicted 168h drift inside the lot safety envelope.
T05,T05-P0358,Iddq,uA,7.3825,7.5204,PASS,0.499,1.3,0.499,7.723,7.929,normal,0.002,-1.02,False,False,False,False,False,OK: within lot-relative limits (max 1.3 robust-sigma < 5); predicted 168h drift inside the lot safety envelope.
T05,T05-P0359,Iddq,uA,6.9857,7.3346,PASS,0.115,0.43,0.115,7.576,7.683,normal,0.0035,0.65,False,False,False,False,False,OK: within lot-relative limits (max 0.4 robust-sigma < 5); predicted 168h drift inside the lot safety envelope.
T05,T05-P0360,Iddq,uA,6.9022,7.5069,PASS,0.651,2.46,0.651,7.915,7.95,normal,0.006,3.22,False,False,False,False,False,OK: within lot-relative limits (max 2.5 robust-sigma < 5); predicted 168h drift inside the lot safety envelope.
T05,T05-P0361,Iddq,uA,6.487,6.867,PASS,0.115,0.9,0.115,7.057,7.23,normal,0.0034,0.78,False,False,False,False,False,OK: within lot-relative limits (max 0.9 robust-sigma < 5); predicted 168h drift inside the lot safety envelope.
T05,T05-P0362,Iddq,uA,7.1146,7.4199,PASS,0.4,0.05,0.4,7.605,7.756,normal,0.0029,-0.02,False,False,False,False,False,OK: within lot-relative limits (max 0.0 robust-sigma < 5); predicted 168h drift inside the lot safety envelope.
T05,T05-P0363,Iddq,uA,7.0287,7.4502,PASS,0.176,0.98,0.176,7.646,7.827,normal,0.0037,0.78,False,False,False,False,False,OK: within lot-relative limits (max 1.0 robust-sigma < 5); predicted 168h drift inside the lot safety envelope.
T05,T05-P0364,Iddq,uA,7.7875,7.8989,PASS,0.79,1.55,0.79,8.168,8.289,normal,0.0023,-0.9,False,False,False,False,False,OK: within lot-relative limits (max 1.6 robust-sigma < 5); predicted 168h drift inside the lot safety envelope.
T05,T05-P0365,Iddq,uA,8.0874,8.1803,PASS,0.839,1.71,0.839,8.425,8.58,normal,0.002,-1.21,False,False,False,False,False,OK: within lot-relative limits (max 1.7 robust-sigma < 5); predicted 168h drift inside the lot safety envelope.
T05,T05-P0366,Iddq,uA,5.6077,5.856,PASS,0.34,0.12,0.34,6.008,6.148,normal,0.0024,0.08,False,False,False,False,False,OK: within lot-relative limits (max 0.1 robust-sigma < 5); predicted 168h drift inside the lot safety envelope.
T05,T05-P0367,Iddq,uA,7.3577,7.6778,PASS,0.705,0.15,0.705,7.868,8.021,normal,0.003,-0.01,False,False,False,False,False,OK: within lot-relative limits (max 0.2 robust-sigma < 5); predicted 168h drift inside the lot safety envelope.
T05,T05-P0368,Iddq,uA,8.5879,9.0576,PASS,0.775,1.33,0.775,9.348,9.491,normal,0.0045,0.81,False,False,False,False,False,OK: within lot-relative limits (max 1.3 robust-sigma < 5); predicted 168h drift inside the lot safety envelope.
T05,T05-P0369,Iddq,uA,6.0417,6.2728,PASS,0.276,0.21,0.276,6.419,6.585,normal,0.0022,-0.3,False,False,False,False,False,OK: within lot-relative limits (max 0.2 robust-sigma < 5); predicted 168h drift inside the lot safety envelope.
T05,T05-P0370,Iddq,uA,6.8349,7.0777,PASS,0.162,0.36,0.162,7.272,7.389,normal,0.0026,-0.24,False,False,False,False,False,OK: within lot-relative limits (max 0.4 robust-sigma < 5); predicted 168h drift inside the lot safety envelope.
T05,T05-P0371,Iddq,uA,7.3658,7.6381,PASS,0.549,0.28,0.549,7.84,7.989,normal,0.0028,-0.22,False,False,False,False,False,OK: within lot-relative limits (max 0.3 robust-sigma < 5); predicted 168h drift inside the lot safety envelope.
T05,T05-P0372,Iddq,uA,8.2156,8.5346,PASS,0.786,0.9,0.786,8.747,8.945,normal,0.0032,-0.21,False,False,False,False,False,OK: within lot-relative limits (max 0.9 robust-sigma < 5); predicted 168h drift inside the lot safety envelope.
T05,T05-P0373,Iddq,uA,7.7524,7.8861,PASS,0.706,1.38,0.706,8.104,8.289,normal,0.0021,-1.05,False,False,False,False,False,OK: within lot-relative limits (max 1.4 robust-sigma < 5); predicted 168h drift inside the lot safety envelope.
T05,T05-P0374,Iddq,uA,6.8811,7.0197,PASS,0.289,1.22,0.289,7.213,7.39,normal,0.002,-0.92,False,False,False,False,False,OK: within lot-relative limits (max 1.2 robust-sigma < 5); predicted 168h drift inside the lot safety envelope.
T05,T05-P0375,Iddq,uA,7.5763,7.9666,PASS,0.514,0.52,0.514,8.227,8.346,normal,0.0039,0.71,False,False,False,False,False,OK: within lot-relative limits (max 0.5 robust-sigma < 5); predicted 168h drift inside the lot safety envelope.
T05,T05-P0376,Iddq,uA,8.2157,8.6726,PASS,0.642,1.02,0.642,8.943,9.08,normal,0.0043,0.81,False,False,False,False,False,OK: within lot-relative limits (max 1.0 robust-sigma < 5); predicted 168h drift inside the lot safety envelope.
T05,T05-P0377,Iddq,uA,7.4434,7.769,PASS,0.691,0.24,0.691,8.02,8.155,normal,0.0034,0.35,False,False,False,False,False,OK: within lot-relative limits (max 0.2 robust-sigma < 5); predicted 168h drift inside the lot safety envelope.
T05,T05-P0378,Iddq,uA,9.1168,9.6397,PASS,0.891,1.77,0.891,9.958,10.08,normal,0.005,0.97,False,False,False,False,False,OK: within lot-relative limits (max 1.8 robust-sigma < 5); predicted 168h drift inside the lot safety envelope.
T05,T05-P0379,Iddq,uA,7.5231,7.6214,PASS,0.776,1.62,0.776,7.859,7.993,normal,0.002,-1.09,False,False,False,False,False,OK: within lot-relative limits (max 1.6 robust-sigma < 5); predicted 168h drift inside the lot safety envelope.
T05,T05-P0380,Iddq,uA,6.1194,6.3486,PASS,0.236,0.25,0.236,6.502,6.638,normal,0.0023,-0.3,False,False,False,False,False,OK: within lot-relative limits (max 0.3 robust-sigma < 5); predicted 168h drift inside the lot safety envelope.
T05,T05-P0381,Iddq,uA,6.3385,6.5863,PASS,0.307,0.16,0.307,6.747,6.903,normal,0.0024,-0.22,False,False,False,False,False,OK: within lot-relative limits (max 0.2 robust-sigma < 5); predicted 168h drift inside the lot safety envelope.
T05,T05-P0382,Iddq,uA,6.9063,7.4075,PASS,0.418,1.66,0.418,7.712,7.795,normal,0.0048,1.99,False,False,False,False,False,OK: within lot-relative limits (max 1.7 robust-sigma < 5); predicted 168h drift inside the lot safety envelope.
T05,T05-P0383,Iddq,uA,6.9353,7.3672,PASS,0.211,1.1,0.211,7.538,7.723,normal,0.0036,0.75,False,False,False,False,False,OK: within lot-relative limits (max 1.1 robust-sigma < 5); predicted 168h drift inside the lot safety envelope.
T05,T05-P0384,Iddq,uA,7.7302,8.0346,PASS,0.661,0.47,0.661,8.239,8.418,normal,0.003,-0.16,False,False,False,False,False,OK: within lot-relative limits (max 0.5 robust-sigma < 5); predicted 168h drift inside the lot safety envelope.
T05,T05-P0385,Iddq,uA,7.3891,7.6529,PASS,0.544,0.35,0.544,7.865,8.014,normal,0.0028,-0.22,False,False,False,False,False,OK: within lot-relative limits (max 0.4 robust-sigma < 5); predicted 168h drift inside the lot safety envelope.
T05,T05-P0386,Iddq,uA,8.9397,9.2686,PASS,0.874,1.49,0.874,9.539,9.667,normal,0.0036,-0.11,False,False,False,False,False,OK: within lot-relative limits (max 1.5 robust-sigma < 5); predicted 168h drift inside the lot safety envelope.
T05,T05-P0387,Iddq,uA,8.0184,8.3192,PASS,0.645,0.72,0.645,8.537,8.695,normal,0.0031,-0.21,False,False,False,False,False,OK: within lot-relative limits (max 0.7 robust-sigma < 5); predicted 168h drift inside the lot safety envelope.
T05,T05-P0388,Iddq,uA,8.6641,9.1179,PASS,0.808,1.37,0.808,9.402,9.543,normal,0.0044,0.67,False,False,False,False,False,OK: within lot-relative limits (max 1.4 robust-sigma < 5); predicted 168h drift inside the lot safety envelope.
T05,T05-P0389,Iddq,uA,6.3501,6.4902,PASS,0.205,1.11,0.205,6.671,6.82,normal,0.0019,-0.83,False,False,False,False,False,OK: within lot-relative limits (max 1.1 robust-sigma < 5); predicted 168h drift inside the lot safety envelope.
T05,T05-P0390,Iddq,uA,6.6297,6.9813,PASS,0.06,0.6,0.056,7.199,7.315,normal,0.0034,0.71,False,False,False,False,False,OK: within lot-relative limits (max 0.6 robust-sigma < 5); predicted 168h drift inside the lot safety envelope.
T05,T05-P0391,Iddq,uA,7.8551,8.3397,PASS,0.661,1.07,0.661,8.543,8.745,normal,0.0041,0.77,False,False,False,False,False,OK: within lot-relative limits (max 1.1 robust-sigma < 5); predicted 168h drift inside the lot safety envelope.
T05,T05-P0392,Iddq,uA,7.1708,7.4093,PASS,0.095,0.49,0.095,7.631,7.732,normal,0.0027,-0.23,False,False,False,False,False,OK: within lot-relative limits (max 0.5 robust-sigma < 5); predicted 168h drift inside the lot safety envelope.
T05,T05-P0393,Iddq,uA,7.6069,8.0956,PASS,0.668,1.21,0.668,8.354,8.486,normal,0.0044,1.22,False,False,False,False,False,OK: within lot-relative limits (max 1.2 robust-sigma < 5); predicted 168h drift inside the lot safety envelope.
T05,T05-P0394,Iddq,uA,7.3274,7.6271,PASS,0.646,0.11,0.646,7.836,7.98,normal,0.003,-0.01,False,False,False,False,False,OK: within lot-relative limits (max 0.1 robust-sigma < 5); predicted 168h drift inside the lot safety envelope.
T05,T05-P0395,Iddq,uA,24.5584,25.8475,REJECT,0.99,8.77,0.99,26.472,26.87,low,0.0114,0.36,False,True,True,False,False,"LOT OUTLIER: Iddq@24h = 25.8 uA is 8.8 robust-sigma above lot T05 median (7.5 uA); still under datasheet max 50 uA, so a static limit would pass it. | LOT OUTLIER: Iddq@0h = 24.6 uA is 8.4 robust-sigma above lot T05 median (7.2 uA); still under datasheet max 50 uA, so a static limit would pass it."
T05,T05-P0396,Iddq,uA,8.9857,9.459,PASS,0.859,1.63,0.859,9.786,9.882,normal,0.0048,0.84,False,False,False,False,False,OK: within lot-relative limits (max 1.6 robust-sigma < 5); predicted 168h drift inside the lot safety envelope.
T05,T05-P0397,Iddq,uA,8.3276,8.7228,PASS,0.771,1.06,0.771,8.949,9.122,normal,0.0037,0.22,False,False,False,False,False,OK: within lot-relative limits (max 1.1 robust-sigma < 5); predicted 168h drift inside the lot safety envelope.
T05,T05-P0398,Iddq,uA,79.675,81.899,REJECT,1.0,16.96,0.999,84.055,85.55,low,0.0261,-0.63,True,True,True,False,True,STATIC FAIL: Iddq@0h = 79.7 uA exceeds datasheet max 50 uA. | LOT OUTLIER: Iddq@24h = 81.9 uA is 17.0 robust-sigma above lot T05 median (7.5 uA). | LOT OUTLIER: Iddq@0h = 79.7 uA is 16.4 robust-sigma above lot T05 median (7.2 uA). | GUARD BAND: 90% upper forecast for Iddq@168h is 85.6 uA = 171% of datasheet max (guard band 70%).
T05,T05-P0399,Iddq,uA,6.5999,6.7874,PASS,0.079,0.76,0.079,7.005,7.117,normal,0.0024,-0.35,False,False,False,False,False,OK: within lot-relative limits (max 0.8 robust-sigma < 5); predicted 168h drift inside the lot safety envelope.
T05,T05-P0400,Iddq,uA,7.1786,7.1395,PASS,0.772,2.68,0.772,7.534,7.61,normal,0.0021,-0.87,False,False,False,False,False,OK: within lot-relative limits (max 2.7 robust-sigma < 5); predicted 168h drift inside the lot safety envelope.
T05,T05-P0401,Iddq,uA,7.8114,8.0359,PASS,0.516,0.74,0.516,8.302,8.421,normal,0.0029,-0.29,False,False,False,False,False,OK: within lot-relative limits (max 0.7 robust-sigma < 5); predicted 168h drift inside the lot safety envelope.
T05,T05-P0402,Iddq,uA,7.0236,8.1354,REJECT,0.979,6.08,0.979,13.401,15.371,low,0.038,26.73,False,True,False,True,False,ABNORMAL DRIFT: Iddq changed +16% from 0h to 24h vs lot median +4% (6.1 robust-sigma). | EARLY REJECT (drift forecast): predicted Iddq@168h = 13.4 uA from 0h/24h readings; drift slope 0.038 uA/h exceeds lot safety slope 0.008 uA/h (26.7 robust-sigma).
T05,T05-P0403,Iddq,uA,5.8384,6.1846,PASS,0.126,0.94,0.126,6.401,6.505,normal,0.0033,1.15,False,False,False,False,False,OK: within lot-relative limits (max 0.9 robust-sigma < 5); predicted 168h drift inside the lot safety envelope.
T05,T05-P0404,Iddq,uA,7.9783,8.3457,PASS,0.671,0.74,0.671,8.573,8.74,normal,0.0035,0.22,False,False,False,False,False,OK: within lot-relative limits (max 0.7 robust-sigma < 5); predicted 168h drift inside the lot safety envelope.
T05,T05-P0405,Iddq,uA,6.9576,7.1362,PASS,0.122,0.91,0.122,7.324,7.477,normal,0.0022,-0.73,False,False,False,False,False,OK: within lot-relative limits (max 0.9 robust-sigma < 5); predicted 168h drift inside the lot safety envelope.
T05,T05-P0406,Iddq,uA,8.284,8.7751,PASS,0.711,1.1,0.711,9.017,9.222,normal,0.0044,0.81,False,False,False,False,False,OK: within lot-relative limits (max 1.1 robust-sigma < 5); predicted 168h drift inside the lot safety envelope.
T05,T05-P0407,Iddq,uA,7.3385,7.7309,PASS,0.541,0.63,0.541,7.972,8.112,normal,0.0038,0.72,False,False,False,False,False,OK: within lot-relative limits (max 0.6 robust-sigma < 5); predicted 168h drift inside the lot safety envelope.
T05,T05-P0408,Iddq,uA,8.1165,8.3595,PASS,0.591,0.8,0.591,8.621,8.745,normal,0.003,-0.32,False,False,False,False,False,OK: within lot-relative limits (max 0.8 robust-sigma < 5); predicted 168h drift inside the lot safety envelope.
T05,T05-P0409,Iddq,uA,7.9924,8.6988,PASS,0.931,2.5,0.931,9.223,9.223,normal,0.0073,3.51,False,False,False,False,False,OK: within lot-relative limits (max 2.5 robust-sigma < 5); predicted 168h drift inside the lot safety envelope.
T05,T05-P0410,Iddq,uA,8.0542,8.1797,PASS,0.786,1.48,0.786,8.405,8.573,normal,0.0021,-1.13,False,False,False,False,False,OK: within lot-relative limits (max 1.5 robust-sigma < 5); predicted 168h drift inside the lot safety envelope.
T05,T05-P0411,Iddq,uA,6.4618,6.9984,PASS,0.503,2.22,0.503,7.246,7.374,normal,0.0047,2.18,False,False,False,False,False,OK: within lot-relative limits (max 2.2 robust-sigma < 5); predicted 168h drift inside the lot safety envelope.
T05,T05-P0412,Iddq,uA,8.3082,8.4009,PASS,0.861,1.73,0.861,8.656,8.809,normal,0.0021,-1.21,False,False,False,False,False,OK: within lot-relative limits (max 1.7 robust-sigma < 5); predicted 168h drift inside the lot safety envelope.
T05,T05-P0413,Iddq,uA,7.4248,7.7309,PASS,0.744,0.2,0.744,7.963,8.086,normal,0.0032,0.13,False,False,False,False,False,OK: within lot-relative limits (max 0.2 robust-sigma < 5); predicted 168h drift inside the lot safety envelope.
T05,T05-P0414,Iddq,uA,74.3489,76.6593,REJECT,1.0,16.49,0.999,78.436,79.831,low,0.0243,-0.63,True,True,True,False,True,STATIC FAIL: Iddq@0h = 74.3 uA exceeds datasheet max 50 uA. | LOT OUTLIER: Iddq@24h = 76.7 uA is 16.5 robust-sigma above lot T05 median (7.5 uA). | LOT OUTLIER: Iddq@0h = 74.3 uA is 15.9 robust-sigma above lot T05 median (7.2 uA). | GUARD BAND: 90% upper forecast for Iddq@168h is 79.8 uA = 160% of datasheet max (guard band 70%).
T05,T05-P0415,Iddq,uA,6.8456,7.1886,PASS,0.104,0.44,0.104,7.424,7.528,normal,0.0034,0.65,False,False,False,False,False,OK: within lot-relative limits (max 0.4 robust-sigma < 5); predicted 168h drift inside the lot safety envelope.
T05,T05-P0416,Iddq,uA,6.792,7.0212,PASS,0.099,0.46,0.099,7.224,7.339,normal,0.0026,-0.25,False,False,False,False,False,OK: within lot-relative limits (max 0.5 robust-sigma < 5); predicted 168h drift inside the lot safety envelope.
T05,T05-P0417,Iddq,uA,7.5096,8.0052,PASS,0.666,1.31,0.666,8.31,8.401,normal,0.0048,1.58,False,False,False,False,False,OK: within lot-relative limits (max 1.3 robust-sigma < 5); predicted 168h drift inside the lot safety envelope.
T05,T05-P0418,Iddq,uA,7.8372,8.1359,PASS,0.65,0.56,0.65,8.344,8.535,normal,0.003,-0.21,False,False,False,False,False,OK: within lot-relative limits (max 0.6 robust-sigma < 5); predicted 168h drift inside the lot safety envelope.
T05,T05-P0419,Iddq,uA,6.0535,6.5075,PASS,0.45,1.79,0.45,6.729,6.853,normal,0.004,1.79,False,False,False,False,False,OK: within lot-relative limits (max 1.8 robust-sigma < 5); predicted 168h drift inside the lot safety envelope.
T05,T05-P0420,Iddq,uA,7.8713,8.2685,PASS,0.589,0.68,0.589,8.542,8.675,normal,0.004,0.67,False,False,False,False,False,OK: within lot-relative limits (max 0.7 robust-sigma < 5); predicted 168h drift inside the lot safety envelope.
T05,T05-P0421,Iddq,uA,7.0747,7.0563,PASS,0.682,2.52,0.682,7.354,7.5,normal,0.0017,-1.31,False,False,False,False,False,OK: within lot-relative limits (max 2.5 robust-sigma < 5); predicted 168h drift inside the lot safety envelope.
T05,T05-P0422,Iddq,uA,6.2183,6.2664,PASS,0.466,1.92,0.466,6.458,6.591,normal,0.0014,-1.35,False,False,False,False,False,OK: within lot-relative limits (max 1.9 robust-sigma < 5); predicted 168h drift inside the lot safety envelope.
T05,T05-P0423,Iddq,uA,7.9528,7.9805,PASS,0.884,2.17,0.884,8.278,8.43,normal,0.0019,-1.25,False,False,False,False,False,OK: within lot-relative limits (max 2.2 robust-sigma < 5); predicted 168h drift inside the lot safety envelope.
T05,T05-P0424,Iddq,uA,6.4102,6.7141,PASS,0.241,0.29,0.241,6.884,7.023,normal,0.0028,0.19,False,False,False,False,False,OK: within lot-relative limits (max 0.3 robust-sigma < 5); predicted 168h drift inside the lot safety envelope.
T05,T05-P0425,Iddq,uA,5.9259,6.2594,PASS,0.1,0.78,0.1,6.482,6.554,normal,0.0033,1.04,False,False,False,False,False,OK: within lot-relative limits (max 0.8 robust-sigma < 5); predicted 168h drift inside the lot safety envelope.
T05,T05-P0426,Iddq,uA,7.8399,8.254,PASS,0.554,0.67,0.554,8.519,8.648,normal,0.004,0.73,False,False,False,False,False,OK: within lot-relative limits (max 0.7 robust-sigma < 5); predicted 168h drift inside the lot safety envelope.
T05,T05-P0427,Iddq,uA,8.0794,8.2653,PASS,0.659,1.06,0.659,8.493,8.67,normal,0.0025,-0.8,False,False,False,False,False,OK: within lot-relative limits (max 1.1 robust-sigma < 5); predicted 168h drift inside the lot safety envelope.
T05,T05-P0428,Iddq,uA,6.4467,6.8543,PASS,0.273,1.16,0.273,7.007,7.192,normal,0.0033,0.75,False,False,False,False,False,OK: within lot-relative limits (max 1.2 robust-sigma < 5); predicted 168h drift inside the lot safety envelope.
T05,T05-P0429,Iddq,uA,8.2674,8.713,PASS,0.679,1.05,0.679,8.999,9.137,normal,0.0044,0.81,False,False,False,False,False,OK: within lot-relative limits (max 1.1 robust-sigma < 5); predicted 168h drift inside the lot safety envelope.
T05,T05-P0430,Iddq,uA,8.1565,8.7128,PASS,0.807,1.42,0.807,9.035,9.187,normal,0.0052,1.62,False,False,False,False,False,OK: within lot-relative limits (max 1.4 robust-sigma < 5); predicted 168h drift inside the lot safety envelope.
T05,T05-P0431,Iddq,uA,6.5576,6.9466,PASS,0.126,0.94,0.126,7.133,7.302,normal,0.0034,0.78,False,False,False,False,False,OK: within lot-relative limits (max 0.9 robust-sigma < 5); predicted 168h drift inside the lot safety envelope.
T05,T05-P0432,Iddq,uA,9.3834,9.507,PASS,0.935,1.79,0.935,9.847,10.182,normal,0.0028,-0.88,False,False,False,False,False,OK: within lot-relative limits (max 1.8 robust-sigma < 5); predicted 168h drift inside the lot safety envelope.
T05,T05-P0433,Iddq,uA,7.0949,7.0129,PASS,0.877,3.03,0.877,7.349,7.566,normal,0.0015,-1.48,False,False,False,False,False,OK: within lot-relative limits (max 3.0 robust-sigma < 5); predicted 168h drift inside the lot safety envelope.
T05,T05-P0434,Iddq,uA,7.2638,7.5622,PASS,0.564,0.05,0.564,7.764,7.91,normal,0.003,-0.03,False,False,False,False,False,OK: within lot-relative limits (max 0.1 robust-sigma < 5); predicted 168h drift inside the lot safety envelope.
T05,T05-P0435,Iddq,uA,65.8977,68.4811,REJECT,1.0,15.69,0.999,69.719,71.37,low,0.0227,-0.5,True,True,True,False,True,STATIC FAIL: Iddq@0h = 65.9 uA exceeds datasheet max 50 uA. | LOT OUTLIER: Iddq@24h = 68.5 uA is 15.7 robust-sigma above lot T05 median (7.5 uA). | LOT OUTLIER: Iddq@0h = 65.9 uA is 15.1 robust-sigma above lot T05 median (7.2 uA). | GUARD BAND: 90% upper forecast for Iddq@168h is 71.4 uA = 143% of datasheet max (guard band 70%).
T05,T05-P0436,Iddq,uA,7.7151,8.1037,PASS,0.547,0.54,0.547,8.373,8.497,normal,0.0039,0.67,False,False,False,False,False,OK: within lot-relative limits (max 0.5 robust-sigma < 5); predicted 168h drift inside the lot safety envelope.
T05,T05-P0437,Iddq,uA,6.5558,6.7783,PASS,0.088,0.45,0.088,6.973,7.084,normal,0.0025,-0.25,False,False,False,False,False,OK: within lot-relative limits (max 0.4 robust-sigma < 5); predicted 168h drift inside the lot safety envelope.
T05,T05-P0438,Iddq,uA,7.4797,7.9179,PASS,0.585,0.9,0.585,8.169,8.337,normal,0.0041,0.97,False,False,False,False,False,OK: within lot-relative limits (max 0.9 robust-sigma < 5); predicted 168h drift inside the lot safety envelope.
T05,T05-P0439,Iddq,uA,5.546,5.8036,PASS,0.266,0.24,0.266,5.942,6.071,normal,0.0024,0.08,False,False,False,False,False,OK: within lot-relative limits (max 0.2 robust-sigma < 5); predicted 168h drift inside the lot safety envelope.
T05,T05-P0440,Iddq,uA,8.3214,8.6355,PASS,0.739,0.99,0.739,8.86,9.023,normal,0.0032,-0.21,False,False,False,False,False,OK: within lot-relative limits (max 1.0 robust-sigma < 5); predicted 168h drift inside the lot safety envelope.
T05,T05-P0441,Iddq,uA,8.8561,9.0045,PASS,0.864,1.41,0.864,9.239,9.398,normal,0.0023,-1.15,False,False,False,False,False,OK: within lot-relative limits (max 1.4 robust-sigma < 5); predicted 168h drift inside the lot safety envelope.
T05,T05-P0442,Iddq,uA,9.2474,9.4666,PASS,0.888,1.69,0.888,9.762,9.896,normal,0.0031,-0.6,False,False,False,False,False,OK: within lot-relative limits (max 1.7 robust-sigma < 5); predicted 168h drift inside the lot safety envelope.
T05,T05-P0443,Iddq,uA,4.6457,4.7965,PASS,0.053,0.53,0.044,4.928,5.011,normal,0.0017,-0.38,False,False,False,False,False,OK: within lot-relative limits (max 0.5 robust-sigma < 5); predicted 168h drift inside the lot safety envelope.
T05,T05-P0444,Iddq,uA,7.7297,8.1285,PASS,0.529,0.56,0.529,8.388,8.515,normal,0.0039,0.67,False,False,False,False,False,OK: within lot-relative limits (max 0.6 robust-sigma < 5); predicted 168h drift inside the lot safety envelope.
T05,T05-P0445,Iddq,uA,7.4895,7.7495,PASS,0.57,0.41,0.57,7.993,8.097,normal,0.003,-0.1,False,False,False,False,False,OK: within lot-relative limits (max 0.4 robust-sigma < 5); predicted 168h drift inside the lot safety envelope.
T05,T05-P0446,Iddq,uA,4.6636,4.8015,PASS,0.069,0.69,0.009,4.936,5.03,normal,0.0016,-0.48,False,False,False,False,False,OK: within lot-relative limits (max 0.7 robust-sigma < 5); predicted 168h drift inside the lot safety envelope.
T05,T05-P0447,Iddq,uA,6.4826,6.5607,PASS,0.425,1.68,0.425,6.749,6.888,normal,0.0016,-1.24,False,False,False,False,False,OK: within lot-relative limits (max 1.7 robust-sigma < 5); predicted 168h drift inside the lot safety envelope.
T05,T05-P0448,Iddq,uA,7.0294,7.2628,PASS,0.08,0.49,0.08,7.476,7.58,normal,0.0027,-0.25,False,False,False,False,False,OK: within lot-relative limits (max 0.5 robust-sigma < 5); predicted 168h drift inside the lot safety envelope.
T05,T05-P0449,Iddq,uA,8.7877,10.06,REJECT,0.981,5.4,0.981,16.716,16.945,low,0.0472,26.59,False,True,False,True,False,ABNORMAL DRIFT: Iddq changed +14% from 0h to 24h vs lot median +4% (5.4 robust-sigma). | EARLY REJECT (drift forecast): predicted Iddq@168h = 16.7 uA from 0h/24h readings; drift slope 0.047 uA/h exceeds lot safety slope 0.010 uA/h (26.6 robust-sigma).
T05,T05-P0450,Iddq,uA,6.2757,6.7332,PASS,0.422,1.68,0.422,6.991,7.083,normal,0.0043,1.88,False,False,False,False,False,OK: within lot-relative limits (max 1.7 robust-sigma < 5); predicted 168h drift inside the lot safety envelope.
T05,T05-P0451,Iddq,uA,7.2793,7.4349,PASS,0.46,1.15,0.46,7.651,7.818,normal,0.0022,-0.8,False,False,False,False,False,OK: within lot-relative limits (max 1.2 robust-sigma < 5); predicted 168h drift inside the lot safety envelope.
T05,T05-P0452,Iddq,uA,6.976,7.2536,PASS,0.337,0.12,0.337,7.432,7.597,normal,0.0027,-0.18,False,False,False,False,False,OK: within lot-relative limits (max 0.1 robust-sigma < 5); predicted 168h drift inside the lot safety envelope.
T05,T05-P0453,Iddq,uA,7.549,7.8734,PASS,0.761,0.33,0.761,8.097,8.23,normal,0.0033,0.13,False,False,False,False,False,OK: within lot-relative limits (max 0.3 robust-sigma < 5); predicted 168h drift inside the lot safety envelope.
T05,T05-P0454,Iddq,uA,6.7897,7.0129,PASS,0.052,0.51,0.052,7.222,7.321,normal,0.0026,-0.25,False,False,False,False,False,OK: within lot-relative limits (max 0.5 robust-sigma < 5); predicted 168h drift inside the lot safety envelope.
T05,T05-P0455,Iddq,uA,8.1439,8.4689,PASS,0.796,0.85,0.796,8.681,8.867,normal,0.0032,-0.15,False,False,False,False,False,OK: within lot-relative limits (max 0.8 robust-sigma < 5); predicted 168h drift inside the lot safety envelope.
T05,T05-P0456,Iddq,uA,8.139,8.5792,PASS,0.654,0.94,0.654,8.859,8.995,normal,0.0043,0.81,False,False,False,False,False,OK: within lot-relative limits (max 0.9 robust-sigma < 5); predicted 168h drift inside the lot safety envelope.
T05,T05-P0457,Iddq,uA,5.8837,5.9738,PASS,0.385,1.49,0.385,6.136,6.264,normal,0.0015,-1.16,False,False,False,False,False,OK: within lot-relative limits (max 1.5 robust-sigma < 5); predicted 168h drift inside the lot safety envelope.
T05,T05-P0458,Iddq,uA,8.2682,9.0091,PASS,0.941,2.56,0.941,9.564,9.564,normal,0.0077,3.62,False,False,False,False,False,OK: within lot-relative limits (max 2.6 robust-sigma < 5); predicted 168h drift inside the lot safety envelope.
T05,T05-P0459,Iddq,uA,6.3922,6.5962,PASS,0.06,0.56,0.06,6.799,6.893,normal,0.0024,-0.25,False,False,False,False,False,OK: within lot-relative limits (max 0.6 robust-sigma < 5); predicted 168h drift inside the lot safety envelope.
T05,T05-P0460,Iddq,uA,6.8972,7.1084,PASS,0.063,0.63,0.025,7.321,7.437,normal,0.0025,-0.35,False,False,False,False,False,OK: within lot-relative limits (max 0.6 robust-sigma < 5); predicted 168h drift inside the lot safety envelope.
T05,T05-P0461,Iddq,uA,8.4113,8.7458,PASS,0.816,1.08,0.816,8.967,9.158,normal,0.0033,-0.15,False,False,False,False,False,OK: within lot-relative limits (max 1.1 robust-sigma < 5); predicted 168h drift inside the lot safety envelope.
T05,T05-P0462,Iddq,uA,7.2108,7.6459,PASS,0.467,1.0,0.467,7.843,8.029,normal,0.0038,0.78,False,False,False,False,False,OK: within lot-relative limits (max 1.0 robust-sigma < 5); predicted 168h drift inside the lot safety envelope.
T05,T05-P0463,Iddq,uA,7.5826,8.1298,PASS,0.807,1.64,0.807,8.438,8.558,normal,0.0051,1.84,False,False,False,False,False,OK: within lot-relative limits (max 1.6 robust-sigma < 5); predicted 168h drift inside the lot safety envelope.
T05,T05-P0464,Iddq,uA,7.925,8.3126,PASS,0.598,0.72,0.598,8.516,8.681,normal,0.0035,0.22,False,False,False,False,False,OK: within lot-relative limits (max 0.7 robust-sigma < 5); predicted 168h drift inside the lot safety envelope.
T05,T05-P0465,Iddq,uA,7.6339,8.2479,PASS,0.887,2.08,0.887,8.518,8.671,normal,0.0053,1.96,False,False,False,False,False,OK: within lot-relative limits (max 2.1 robust-sigma < 5); predicted 168h drift inside the lot safety envelope.
T05,T05-P0466,Iddq,uA,6.6705,6.9397,PASS,0.361,0.09,0.361,7.13,7.264,normal,0.0027,-0.02,False,False,False,False,False,OK: within lot-relative limits (max 0.1 robust-sigma < 5); predicted 168h drift inside the lot safety envelope.
T05,T05-P0467,Iddq,uA,6.0988,6.5481,PASS,0.435,1.72,0.435,6.794,6.884,normal,0.0041,1.88,False,False,False,False,False,OK: within lot-relative limits (max 1.7 robust-sigma < 5); predicted 168h drift inside the lot safety envelope.
T05,T05-P0468,Iddq,uA,7.9487,8.3654,PASS,0.572,0.76,0.572,8.626,8.758,normal,0.004,0.67,False,False,False,False,False,OK: within lot-relative limits (max 0.8 robust-sigma < 5); predicted 168h drift inside the lot safety envelope.
T05,T05-P0469,Iddq,uA,7.9324,8.1182,PASS,0.588,1.04,0.588,8.356,8.517,normal,0.0025,-0.7,False,False,False,False,False,OK: within lot-relative limits (max 1.0 robust-sigma < 5); predicted 168h drift inside the lot safety envelope.
T05,T05-P0470,Iddq,uA,7.5768,7.6398,PASS,0.845,1.89,0.845,7.885,8.031,normal,0.0018,-1.26,False,False,False,False,False,OK: within lot-relative limits (max 1.9 robust-sigma < 5); predicted 168h drift inside the lot safety envelope.
T05,T05-P0471,Iddq,uA,6.8491,7.1263,PASS,0.364,0.09,0.364,7.321,7.459,normal,0.0028,-0.02,False,False,False,False,False,OK: within lot-relative limits (max 0.1 robust-sigma < 5); predicted 168h drift inside the lot safety envelope.
T05,T05-P0472,Iddq,uA,8.2086,8.6255,PASS,0.679,0.98,0.679,8.908,9.04,normal,0.0042,0.67,False,False,False,False,False,OK: within lot-relative limits (max 1.0 robust-sigma < 5); predicted 168h drift inside the lot safety envelope.
T05,T05-P0473,Iddq,uA,7.0991,7.4969,PASS,0.082,0.77,0.082,7.722,7.847,normal,0.0037,0.78,False,False,False,False,False,OK: within lot-relative limits (max 0.8 robust-sigma < 5); predicted 168h drift inside the lot safety envelope.
T05,T05-P0474,Iddq,uA,5.9622,6.038,PASS,0.42,1.64,0.42,6.382,6.382,normal,0.0025,0.04,False,False,False,False,False,OK: within lot-relative limits (max 1.6 robust-sigma < 5); predicted 168h drift inside the lot safety envelope.
T05,T05-P0475,Iddq,uA,7.341,7.7374,PASS,0.529,0.66,0.529,7.989,8.115,normal,0.0039,0.8,False,False,False,False,False,OK: within lot-relative limits (max 0.7 robust-sigma < 5); predicted 168h drift inside the lot safety envelope.
T05,T05-P0476,Iddq,uA,29.7609,30.7062,REJECT,0.999,9.99,0.992,31.725,31.991,low,0.0117,-0.15,False,True,True,False,False,"LOT OUTLIER: Iddq@24h = 30.7 uA is 10.0 robust-sigma above lot T05 median (7.5 uA); still under datasheet max 50 uA, so a static limit would pass it. | LOT OUTLIER: Iddq@0h = 29.8 uA is 9.7 robust-sigma above lot T05 median (7.2 uA); still under datasheet max 50 uA, so a static limit would pass it."
T05,T05-P0477,Iddq,uA,7.887,8.1763,PASS,0.628,0.61,0.628,8.397,8.552,normal,0.003,-0.21,False,False,False,False,False,OK: within lot-relative limits (max 0.6 robust-sigma < 5); predicted 168h drift inside the lot safety envelope.
T05,T05-P0478,Iddq,uA,6.2908,6.5323,PASS,0.27,0.2,0.27,6.693,6.873,normal,0.0024,-0.24,False,False,False,False,False,OK: within lot-relative limits (max 0.2 robust-sigma < 5); predicted 168h drift inside the lot safety envelope.
T05,T05-P0479,Iddq,uA,6.578,6.7336,PASS,0.194,1.02,0.194,6.925,7.065,normal,0.0021,-0.73,False,False,False,False,False,OK: within lot-relative limits (max 1.0 robust-sigma < 5); predicted 168h drift inside the lot safety envelope.
T05,T05-P0480,Iddq,uA,7.3416,7.8029,PASS,0.585,1.13,0.585,7.983,8.175,normal,0.0038,0.76,False,False,False,False,False,OK: within lot-relative limits (max 1.1 robust-sigma < 5); predicted 168h drift inside the lot safety envelope.
T05,T05-P0481,Iddq,uA,6.6669,6.9131,PASS,0.256,0.28,0.256,7.093,7.231,normal,0.0025,-0.24,False,False,False,False,False,OK: within lot-relative limits (max 0.3 robust-sigma < 5); predicted 168h drift inside the lot safety envelope.
T05,T05-P0482,Iddq,uA,7.1378,7.3816,PASS,0.115,0.44,0.115,7.592,7.713,normal,0.0027,-0.25,False,False,False,False,False,OK: within lot-relative limits (max 0.4 robust-sigma < 5); predicted 168h drift inside the lot safety envelope.
T05,T05-P0483,Iddq,uA,8.3147,8.4378,PASS,0.824,1.52,0.824,8.725,8.844,normal,0.0024,-0.88,False,False,False,False,False,OK: within lot-relative limits (max 1.5 robust-sigma < 5); predicted 168h drift inside the lot safety envelope.
T05,T05-P0484,Iddq,uA,7.4976,7.875,PASS,0.532,0.46,0.532,8.159,8.257,normal,0.0039,0.8,False,False,False,False,False,OK: within lot-relative limits (max 0.5 robust-sigma < 5); predicted 168h drift inside the lot safety envelope.
T05,T05-P0485,Iddq,uA,9.3583,9.5786,PASS,0.908,1.77,0.908,9.869,10.019,normal,0.003,-0.65,False,False,False,False,False,OK: within lot-relative limits (max 1.8 robust-sigma < 5); predicted 168h drift inside the lot safety envelope.
T05,T05-P0486,Iddq,uA,7.5324,8.2246,PASS,0.928,2.68,0.928,8.791,8.791,normal,0.0075,4.03,False,False,False,False,False,OK: within lot-relative limits (max 2.7 robust-sigma < 5); predicted 168h drift inside the lot safety envelope.
T05,T05-P0487,Iddq,uA,9.1615,9.452,PASS,0.872,1.63,0.872,9.752,9.843,normal,0.0035,-0.22,False,False,False,False,False,OK: within lot-relative limits (max 1.6 robust-sigma < 5); predicted 168h drift inside the lot safety envelope.
T05,T05-P0488,Iddq,uA,8.2023,8.8204,PASS,0.87,1.81,0.87,9.146,9.283,normal,0.0056,1.93,False,False,False,False,False,OK: within lot-relative limits (max 1.8 robust-sigma < 5); predicted 168h drift inside the lot safety envelope.
T05,T05-P0489,Iddq,uA,10.2557,10.6395,PASS,0.968,2.47,0.968,10.842,11.095,normal,0.0035,-0.53,False,False,False,False,False,OK: within lot-relative limits (max 2.5 robust-sigma < 5); predicted 168h drift inside the lot safety envelope.
T05,T05-P0490,Iddq,uA,7.1222,7.4358,PASS,0.343,0.11,0.343,7.649,7.804,normal,0.0031,0.19,False,False,False,False,False,OK: within lot-relative limits (max 0.1 robust-sigma < 5); predicted 168h drift inside the lot safety envelope.
T05,T05-P0491,Iddq,uA,6.9712,7.583,PASS,0.793,2.47,0.793,7.972,8.029,normal,0.006,3.09,False,False,False,False,False,OK: within lot-relative limits (max 2.5 robust-sigma < 5); predicted 168h drift inside the lot safety envelope.
T05,T05-P0492,Iddq,uA,8.5779,9.1453,PASS,0.847,1.39,0.847,9.461,9.594,normal,0.0053,1.42,False,False,False,False,False,OK: within lot-relative limits (max 1.4 robust-sigma < 5); predicted 168h drift inside the lot safety envelope.
T05,T05-P0493,Iddq,uA,6.7196,7.0246,PASS,0.312,0.18,0.312,7.216,7.362,normal,0.003,0.19,False,False,False,False,False,OK: within lot-relative limits (max 0.2 robust-sigma < 5); predicted 168h drift inside the lot safety envelope.
T05,T05-P0494,Iddq,uA,6.6943,6.8979,PASS,0.065,0.65,0.023,7.105,7.219,normal,0.0024,-0.35,False,False,False,False,False,OK: within lot-relative limits (max 0.6 robust-sigma < 5); predicted 168h drift inside the lot safety envelope.
T05,T05-P0495,Iddq,uA,7.3626,7.7001,PASS,0.599,0.21,0.599,7.91,8.067,normal,0.0033,0.21,False,False,False,False,False,OK: within lot-relative limits (max 0.2 robust-sigma < 5); predicted 168h drift inside the lot safety envelope.
T05,T05-P0496,Iddq,uA,7.4821,7.7282,PASS,0.546,0.51,0.546,7.985,8.068,normal,0.003,-0.1,False,False,False,False,False,OK: within lot-relative limits (max 0.5 robust-sigma < 5); predicted 168h drift inside the lot safety envelope.
T05,T05-P0497,Iddq,uA,5.8003,6.1569,PASS,0.226,1.06,0.226,6.359,6.462,normal,0.0033,1.15,False,False,False,False,False,OK: within lot-relative limits (max 1.1 robust-sigma < 5); predicted 168h drift inside the lot safety envelope.
T05,T05-P0498,Iddq,uA,7.2892,7.6439,PASS,0.53,0.36,0.53,7.827,7.987,normal,0.0032,0.19,False,False,False,False,False,OK: within lot-relative limits (max 0.4 robust-sigma < 5); predicted 168h drift inside the lot safety envelope.
T05,T05-P0499,Iddq,uA,6.8263,6.9439,PASS,0.356,1.39,0.356,7.131,7.3,normal,0.0018,-1.08,False,False,False,False,False,OK: within lot-relative limits (max 1.4 robust-sigma < 5); predicted 168h drift inside the lot safety envelope.
T05,T05-P0500,Iddq,uA,7.1846,7.3923,PASS,0.073,0.73,0.048,7.63,7.747,normal,0.0027,-0.32,False,False,False,False,False,OK: within lot-relative limits (max 0.7 robust-sigma < 5); predicted 168h drift inside the lot safety envelope.
T06,T06-P0001,Iddq,uA,9.1104,10.133,PASS,0.637,0.96,0.637,10.772,10.935,normal,0.0099,1.11,False,False,False,False,False,OK: within lot-relative limits (max 1.0 robust-sigma < 5); predicted 168h drift inside the lot safety envelope.
T06,T06-P0002,Iddq,uA,8.3467,9.5157,PASS,0.607,1.82,0.607,10.237,10.38,normal,0.0113,2.11,False,False,False,False,False,OK: within lot-relative limits (max 1.8 robust-sigma < 5); predicted 168h drift inside the lot safety envelope.
T06,T06-P0003,Iddq,uA,7.8149,8.2025,PASS,0.206,1.05,0.206,8.736,9.07,normal,0.0055,-0.41,False,False,False,False,False,OK: within lot-relative limits (max 1.0 robust-sigma < 5); predicted 168h drift inside the lot safety envelope.
T06,T06-P0004,Iddq,uA,10.4885,10.9476,PASS,0.852,1.46,0.852,11.465,11.653,normal,0.0058,-1.02,False,False,False,False,False,OK: within lot-relative limits (max 1.5 robust-sigma < 5); predicted 168h drift inside the lot safety envelope.
T06,T06-P0005,Iddq,uA,8.697,9.3132,PASS,0.469,0.35,0.469,9.778,9.94,normal,0.0064,-0.26,False,False,False,False,False,OK: within lot-relative limits (max 0.4 robust-sigma < 5); predicted 168h drift inside the lot safety envelope.
T06,T06-P0006,Iddq,uA,9.7697,11.2701,PASS,0.929,2.23,0.929,12.247,12.347,normal,0.0147,2.71,False,False,False,False,False,OK: within lot-relative limits (max 2.2 robust-sigma < 5); predicted 168h drift inside the lot safety envelope.
T06,T06-P0007,Iddq,uA,8.2959,8.7995,PASS,0.068,0.68,0.007,9.186,9.383,normal,0.0053,-0.67,False,False,False,False,False,OK: within lot-relative limits (max 0.7 robust-sigma < 5); predicted 168h drift inside the lot safety envelope.
T06,T06-P0008,Iddq,uA,7.0896,7.6761,PASS,0.41,0.03,0.41,8.09,8.211,normal,0.006,0.14,False,False,False,False,False,OK: within lot-relative limits (max 0.0 robust-sigma < 5); predicted 168h drift inside the lot safety envelope.
T06,T06-P0009,Iddq,uA,7.2422,9.028,REJECT,0.96,4.92,0.96,16.328,19.829,normal,0.0541,18.68,False,False,False,True,False,EARLY REJECT (drift forecast): predicted Iddq@168h = 16.3 uA from 0h/24h readings; drift slope 0.054 uA/h exceeds lot safety slope 0.016 uA/h (18.7 robust-sigma).
T06,T06-P0010,Iddq,uA,7.9597,8.3913,PASS,0.118,0.9,0.118,8.813,8.938,normal,0.0051,-0.67,False,False,False,False,False,OK: within lot-relative limits (max 0.9 robust-sigma < 5); predicted 168h drift inside the lot safety envelope.
T06,T06-P0011,Iddq,uA,8.4212,8.9696,PASS,0.054,0.54,0.045,9.417,9.558,normal,0.0059,-0.41,False,False,False,False,False,OK: within lot-relative limits (max 0.5 robust-sigma < 5); predicted 168h drift inside the lot safety envelope.
T06,T06-P0012,Iddq,uA,8.8128,9.5847,PASS,0.635,0.19,0.635,10.126,10.298,normal,0.0078,0.33,False,False,False,False,False,OK: within lot-relative limits (max 0.2 robust-sigma < 5); predicted 168h drift inside the lot safety envelope.
T06,T06-P0013,Iddq,uA,9.118,9.5956,PASS,0.661,0.96,0.661,10.072,10.196,normal,0.0057,-0.74,False,False,False,False,False,OK: within lot-relative limits (max 1.0 robust-sigma < 5); predicted 168h drift inside the lot safety envelope.
T06,T06-P0014,Iddq,uA,7.3543,7.8726,PASS,0.166,0.36,0.166,8.248,8.406,normal,0.0053,-0.33,False,False,False,False,False,OK: within lot-relative limits (max 0.4 robust-sigma < 5); predicted 168h drift inside the lot safety envelope.
T06,T06-P0015,Iddq,uA,8.8095,9.5329,PASS,0.776,0.17,0.776,10.032,10.151,normal,0.0073,0.09,False,False,False,False,False,OK: within lot-relative limits (max 0.2 robust-sigma < 5); predicted 168h drift inside the lot safety envelope.
T06,T06-P0016,Iddq,uA,7.3059,7.6084,PASS,0.339,1.32,0.339,8.13,8.13,normal,0.0049,-0.54,False,False,False,False,False,OK: within lot-relative limits (max 1.3 robust-sigma < 5); predicted 168h drift inside the lot safety envelope.
T06,T06-P0017,Iddq,uA,7.8055,8.6173,PASS,0.071,0.71,0.016,9.117,9.297,normal,0.0078,0.78,False,False,False,False,False,OK: within lot-relative limits (max 0.7 robust-sigma < 5); predicted 168h drift inside the lot safety envelope.
T06,T06-P0018,Iddq,uA,12.3189,12.7649,PASS,0.972,2.65,0.972,13.25,13.592,normal,0.0055,-1.46,False,False,False,False,False,OK: within lot-relative limits (max 2.6 robust-sigma < 5); predicted 168h drift inside the lot safety envelope.
T06,T06-P0019,Iddq,uA,10.234,10.795,PASS,0.777,1.28,0.777,11.338,11.492,normal,0.0066,-0.66,False,False,False,False,False,OK: within lot-relative limits (max 1.3 robust-sigma < 5); predicted 168h drift inside the lot safety envelope.
T06,T06-P0020,Iddq,uA,8.0991,9.0093,PASS,0.128,0.97,0.128,9.574,9.721,normal,0.0088,1.11,False,False,False,False,False,OK: within lot-relative limits (max 1.0 robust-sigma < 5); predicted 168h drift inside the lot safety envelope.
T06,T06-P0021,Iddq,uA,10.9823,11.5073,PASS,0.908,1.8,0.908,12.021,12.202,normal,0.0062,-0.99,False,False,False,False,False,OK: within lot-relative limits (max 1.8 robust-sigma < 5); predicted 168h drift inside the lot safety envelope.
T06,T06-P0022,Iddq,uA,10.4949,11.3591,PASS,0.915,1.46,0.915,11.912,12.126,normal,0.0084,-0.0,False,False,False,False,False,OK: within lot-relative limits (max 1.5 robust-sigma < 5); predicted 168h drift inside the lot safety envelope.
T06,T06-P0023,Iddq,uA,9.6283,10.8171,PASS,0.786,1.31,0.786,11.59,11.705,normal,0.0117,1.6,False,False,False,False,False,OK: within lot-relative limits (max 1.3 robust-sigma < 5); predicted 168h drift inside the lot safety envelope.
T06,T06-P0024,Iddq,uA,10.5209,11.6511,PASS,0.859,1.65,0.859,12.332,12.564,normal,0.0108,0.88,False,False,False,False,False,OK: within lot-relative limits (max 1.7 robust-sigma < 5); predicted 168h drift inside the lot safety envelope.
T06,T06-P0025,Iddq,uA,8.1993,9.1127,PASS,0.142,0.94,0.142,9.693,9.835,normal,0.0089,1.11,False,False,False,False,False,OK: within lot-relative limits (max 0.9 robust-sigma < 5); predicted 168h drift inside the lot safety envelope.
T06,T06-P0026,Iddq,uA,8.6062,9.1436,PASS,0.063,0.63,0.045,9.535,9.734,normal,0.0055,-0.66,False,False,False,False,False,OK: within lot-relative limits (max 0.6 robust-sigma < 5); predicted 168h drift inside the lot safety envelope.
T06,T06-P0027,Iddq,uA,7.7109,8.1155,PASS,0.126,0.95,0.126,8.512,8.623,normal,0.0048,-0.76,False,False,False,False,False,OK: within lot-relative limits (max 1.0 robust-sigma < 5); predicted 168h drift inside the lot safety envelope.
T06,T06-P0028,Iddq,uA,9.3643,10.1629,PASS,0.729,0.62,0.729,10.666,10.865,normal,0.0077,0.1,False,False,False,False,False,OK: within lot-relative limits (max 0.6 robust-sigma < 5); predicted 168h drift inside the lot safety envelope.
T06,T06-P0029,Iddq,uA,7.1937,7.9518,PASS,0.075,0.75,0.072,8.451,8.602,normal,0.0075,0.94,False,False,False,False,False,OK: within lot-relative limits (max 0.7 robust-sigma < 5); predicted 168h drift inside the lot safety envelope.
T06,T06-P0030,Iddq,uA,8.0245,8.6148,PASS,0.264,0.26,0.264,9.062,9.191,normal,0.0062,-0.14,False,False,False,False,False,OK: within lot-relative limits (max 0.3 robust-sigma < 5); predicted 168h drift inside the lot safety envelope.
T06,T06-P0031,Iddq,uA,9.0124,9.8329,PASS,0.612,0.37,0.612,10.422,10.584,normal,0.0084,0.51,False,False,False,False,False,OK: within lot-relative limits (max 0.4 robust-sigma < 5); predicted 168h drift inside the lot safety envelope.
T06,T06-P0032,Iddq,uA,7.9432,8.8301,PASS,0.126,0.95,0.126,9.39,9.532,normal,0.0086,1.11,False,False,False,False,False,OK: within lot-relative limits (max 0.9 robust-sigma < 5); predicted 168h drift inside the lot safety envelope.
T06,T06-P0033,Iddq,uA,8.9264,9.5615,PASS,0.594,0.34,0.594,10.114,10.212,normal,0.0071,-0.05,False,False,False,False,False,OK: within lot-relative limits (max 0.3 robust-sigma < 5); predicted 168h drift inside the lot safety envelope.
T06,T06-P0034,Iddq,uA,11.2468,12.0388,PASS,0.936,1.97,0.936,12.605,12.85,normal,0.0081,-0.35,False,False,False,False,False,OK: within lot-relative limits (max 2.0 robust-sigma < 5); predicted 168h drift inside the lot safety envelope.
T06,T06-P0035,Iddq,uA,7.5014,8.1106,PASS,0.424,0.02,0.424,8.499,8.644,normal,0.0059,-0.05,False,False,False,False,False,OK: within lot-relative limits (max 0.0 robust-sigma < 5); predicted 168h drift inside the lot safety envelope.
T06,T06-P0036,Iddq,uA,10.3027,7.5343,REJECT,1.0,13.59,0.987,8.044,15.029,low,-0.0134,-10.19,False,True,False,False,False,ABNORMAL DRIFT: Iddq changed -27% from 0h to 24h vs lot median +8% (13.6 robust-sigma).
T06,T06-P0037,Iddq,uA,7.8125,8.9174,PASS,0.457,1.86,0.457,9.589,9.715,normal,0.0106,2.13,False,False,False,False,False,OK: within lot-relative limits (max 1.9 robust-sigma < 5); predicted 168h drift inside the lot safety envelope.
T06,T06-P0038,Iddq,uA,7.4877,8.2788,PASS,0.076,0.76,0.076,8.742,8.949,normal,0.0075,0.77,False,False,False,False,False,OK: within lot-relative limits (max 0.8 robust-sigma < 5); predicted 168h drift inside the lot safety envelope.
T06,T06-P0039,Iddq,uA,8.8011,9.8379,PASS,0.629,1.14,0.629,10.46,10.634,normal,0.0099,1.25,False,False,False,False,False,OK: within lot-relative limits (max 1.1 robust-sigma < 5); predicted 168h drift inside the lot safety envelope.
T06,T06-P0040,Iddq,uA,9.771,10.4535,PASS,0.713,0.93,0.713,10.985,11.168,normal,0.0072,-0.26,False,False,False,False,False,OK: within lot-relative limits (max 0.9 robust-sigma < 5); predicted 168h drift inside the lot safety envelope.
T06,T06-P0041,Iddq,uA,7.8124,8.3435,PASS,0.072,0.45,0.072,8.778,8.929,normal,0.0057,-0.27,False,False,False,False,False,OK: within lot-relative limits (max 0.4 robust-sigma < 5); predicted 168h drift inside the lot safety envelope.
T06,T06-P0042,Iddq,uA,7.7117,8.4053,PASS,0.241,0.26,0.241,8.905,9.034,normal,0.0071,0.47,False,False,False,False,False,OK: within lot-relative limits (max 0.3 robust-sigma < 5); predicted 168h drift inside the lot safety envelope.
T06,T06-P0043,Iddq,uA,8.0682,8.5574,PASS,0.068,0.68,0.009,8.933,9.125,normal,0.0052,-0.67,False,False,False,False,False,OK: within lot-relative limits (max 0.7 robust-sigma < 5); predicted 168h drift inside the lot safety envelope.
T06,T06-P0044,Iddq,uA,7.9023,8.9368,PASS,0.398,1.54,0.398,9.506,9.728,normal,0.0095,1.58,False,False,False,False,False,OK: within lot-relative limits (max 1.5 robust-sigma < 5); predicted 168h drift inside the lot safety envelope.
T06,T06-P0045,Iddq,uA,8.6839,9.3368,PASS,0.47,0.21,0.47,9.812,9.973,normal,0.0067,-0.12,False,False,False,False,False,OK: within lot-relative limits (max 0.2 robust-sigma < 5); predicted 168h drift inside the lot safety envelope.
T06,T06-P0046,Iddq,uA,7.6236,8.5584,PASS,0.293,1.29,0.293,9.175,9.268,normal,0.0092,1.6,False,False,False,False,False,OK: within lot-relative limits (max 1.3 robust-sigma < 5); predicted 168h drift inside the lot safety envelope.
T06,T06-P0047,Iddq,uA,8.1878,8.6606,PASS,0.1,0.78,0.1,9.066,9.213,normal,0.0052,-0.67,False,False,False,False,False,OK: within lot-relative limits (max 0.8 robust-sigma < 5); predicted 168h drift inside the lot safety envelope.
T06,T06-P0048,Iddq,uA,9.0252,9.4471,PASS,0.715,1.14,0.715,9.872,10.035,normal,0.005,-1.01,False,False,False,False,False,OK: within lot-relative limits (max 1.1 robust-sigma < 5); predicted 168h drift inside the lot safety envelope.
T06,T06-P0049,Iddq,uA,8.152,8.4646,PASS,0.366,1.42,0.366,8.825,9.03,normal,0.004,-1.29,False,False,False,False,False,OK: within lot-relative limits (max 1.4 robust-sigma < 5); predicted 168h drift inside the lot safety envelope.
T06,T06-P0050,Iddq,uA,10.0136,11.0887,PASS,0.751,1.28,0.751,11.711,11.967,normal,0.0101,0.82,False,False,False,False,False,OK: within lot-relative limits (max 1.3 robust-sigma < 5); predicted 168h drift inside the lot safety envelope.
T06,T06-P0051,Iddq,uA,7.7664,8.2706,PASS,0.054,0.54,0.053,8.65,8.801,normal,0.0053,-0.52,False,False,False,False,False,OK: within lot-relative limits (max 0.5 robust-sigma < 5); predicted 168h drift inside the lot safety envelope.
T06,T06-P0052,Iddq,uA,7.7787,8.2079,PASS,0.155,0.86,0.155,8.613,8.735,normal,0.005,-0.67,False,False,False,False,False,OK: within lot-relative limits (max 0.9 robust-sigma < 5); predicted 168h drift inside the lot safety envelope.
T06,T06-P0053,Iddq,uA,11.1858,12.1146,PASS,0.954,1.95,0.954,12.701,12.944,normal,0.009,0.01,False,False,False,False,False,OK: within lot-relative limits (max 1.9 robust-sigma < 5); predicted 168h drift inside the lot safety envelope.
T06,T06-P0054,Iddq,uA,10.4187,11.2571,PASS,0.903,1.41,0.903,11.783,12.001,normal,0.0081,-0.1,False,False,False,False,False,OK: within lot-relative limits (max 1.4 robust-sigma < 5); predicted 168h drift inside the lot safety envelope.
T06,T06-P0055,Iddq,uA,8.8524,9.3642,PASS,0.497,0.78,0.497,9.835,9.96,normal,0.0058,-0.58,False,False,False,False,False,OK: within lot-relative limits (max 0.8 robust-sigma < 5); predicted 168h drift inside the lot safety envelope.
T06,T06-P0056,Iddq,uA,9.4747,10.1796,PASS,0.648,0.71,0.648,10.705,10.876,normal,0.0073,-0.12,False,False,False,False,False,OK: within lot-relative limits (max 0.7 robust-sigma < 5); predicted 168h drift inside the lot safety envelope.
T06,T06-P0057,Iddq,uA,8.9104,9.6567,PASS,0.742,0.25,0.742,10.178,10.327,normal,0.0075,0.17,False,False,False,False,False,OK: within lot-relative limits (max 0.3 robust-sigma < 5); predicted 168h drift inside the lot safety envelope.
T06,T06-P0058,Iddq,uA,8.056,8.601,PASS,0.092,0.46,0.092,9.009,9.208,normal,0.0057,-0.41,False,False,False,False,False,OK: within lot-relative limits (max 0.5 robust-sigma < 5); predicted 168h drift inside the lot safety envelope.
T06,T06-P0059,Iddq,uA,9.4362,9.8928,PASS,0.648,1.09,0.648,10.334,10.492,normal,0.0053,-0.97,False,False,False,False,False,OK: within lot-relative limits (max 1.1 robust-sigma < 5); predicted 168h drift inside the lot safety envelope.
T06,T06-P0060,Iddq,uA,8.7841,9.5462,PASS,0.632,0.16,0.632,10.063,10.265,normal,0.0076,0.25,False,False,False,False,False,OK: within lot-relative limits (max 0.2 robust-sigma < 5); predicted 168h drift inside the lot safety envelope.
T06,T06-P0061,Iddq,uA,10.1633,11.3503,PASS,0.83,1.46,0.83,12.062,12.28,normal,0.0113,1.21,False,False,False,False,False,OK: within lot-relative limits (max 1.5 robust-sigma < 5); predicted 168h drift inside the lot safety envelope.
T06,T06-P0062,Iddq,uA,6.7128,7.0956,PASS,0.114,0.8,0.114,7.394,7.554,normal,0.0041,-0.82,False,False,False,False,False,OK: within lot-relative limits (max 0.8 robust-sigma < 5); predicted 168h drift inside the lot safety envelope.
T06,T06-P0063,Iddq,uA,9.68,10.2145,PASS,0.658,0.86,0.658,10.724,10.87,normal,0.0062,-0.66,False,False,False,False,False,OK: within lot-relative limits (max 0.9 robust-sigma < 5); predicted 168h drift inside the lot safety envelope.
T06,T06-P0064,Iddq,uA,8.8505,9.3039,PASS,0.497,0.99,0.497,9.803,9.878,normal,0.0057,-0.67,False,False,False,False,False,OK: within lot-relative limits (max 1.0 robust-sigma < 5); predicted 168h drift inside the lot safety envelope.
T06,T06-P0065,Iddq,uA,7.8365,8.3997,PASS,0.25,0.32,0.25,8.849,8.976,normal,0.006,-0.14,False,False,False,False,False,OK: within lot-relative limits (max 0.3 robust-sigma < 5); predicted 168h drift inside the lot safety envelope.
T06,T06-P0066,Iddq,uA,8.0631,8.7365,PASS,0.388,0.06,0.388,9.179,9.345,normal,0.0066,0.08,False,False,False,False,False,OK: within lot-relative limits (max 0.1 robust-sigma < 5); predicted 168h drift inside the lot safety envelope.
T06,T06-P0067,Iddq,uA,8.1503,8.607,PASS,0.159,0.84,0.159,9.024,9.152,normal,0.0052,-0.67,False,False,False,False,False,OK: within lot-relative limits (max 0.8 robust-sigma < 5); predicted 168h drift inside the lot safety envelope.
T06,T06-P0068,Iddq,uA,7.1989,7.8068,PASS,0.367,0.09,0.367,8.231,8.357,normal,0.0061,0.2,False,False,False,False,False,OK: within lot-relative limits (max 0.1 robust-sigma < 5); predicted 168h drift inside the lot safety envelope.
T06,T06-P0069,Iddq,uA,8.0906,8.294,PASS,0.458,1.87,0.458,8.636,8.835,normal,0.0032,-1.67,False,False,False,False,False,OK: within lot-relative limits (max 1.9 robust-sigma < 5); predicted 168h drift inside the lot safety envelope.
T06,T06-P0070,Iddq,uA,9.3997,10.367,PASS,0.564,0.77,0.564,10.981,11.196,normal,0.0094,0.78,False,False,False,False,False,OK: within lot-relative limits (max 0.8 robust-sigma < 5); predicted 168h drift inside the lot safety envelope.
T06,T06-P0071,Iddq,uA,6.9678,7.7601,PASS,0.186,1.01,0.186,8.282,8.368,normal,0.0078,1.26,False,False,False,False,False,OK: within lot-relative limits (max 1.0 robust-sigma < 5); predicted 168h drift inside the lot safety envelope.
T06,T06-P0072,Iddq,uA,8.1243,8.9531,PASS,0.064,0.64,0.023,9.489,9.648,normal,0.0081,0.78,False,False,False,False,False,OK: within lot-relative limits (max 0.6 robust-sigma < 5); predicted 168h drift inside the lot safety envelope.
T06,T06-P0073,Iddq,uA,6.2271,6.9772,PASS,0.288,1.22,0.288,7.459,7.543,normal,0.0073,1.47,False,False,False,False,False,OK: within lot-relative limits (max 1.2 robust-sigma < 5); predicted 168h drift inside the lot safety envelope.
T06,T06-P0074,Iddq,uA,7.8922,8.333,PASS,0.165,0.84,0.165,8.739,8.862,normal,0.005,-0.67,False,False,False,False,False,OK: within lot-relative limits (max 0.8 robust-sigma < 5); predicted 168h drift inside the lot safety envelope.
T06,T06-P0075,Iddq,uA,9.0358,10.0138,PASS,0.62,0.84,0.62,10.683,10.804,normal,0.0098,1.11,False,False,False,False,False,OK: within lot-relative limits (max 0.8 robust-sigma < 5); predicted 168h drift inside the lot safety envelope.
T06,T06-P0076,Iddq,uA,8.6243,9.2372,PASS,0.416,0.35,0.416,9.745,10.166,normal,0.0067,-0.12,False,False,False,False,False,OK: within lot-relative limits (max 0.3 robust-sigma < 5); predicted 168h drift inside the lot safety envelope.
T06,T06-P0077,Iddq,uA,8.5985,9.6178,PASS,0.513,1.16,0.513,10.202,10.408,normal,0.0095,1.21,False,False,False,False,False,OK: within lot-relative limits (max 1.2 robust-sigma < 5); predicted 168h drift inside the lot safety envelope.
T06,T06-P0078,Iddq,uA,7.4128,7.9973,PASS,0.361,0.09,0.361,8.368,8.542,normal,0.0057,-0.15,False,False,False,False,False,OK: within lot-relative limits (max 0.1 robust-sigma < 5); predicted 168h drift inside the lot safety envelope.
T06,T06-P0079,Iddq,uA,9.297,9.9194,PASS,0.54,0.57,0.54,10.416,10.583,normal,0.0067,-0.35,False,False,False,False,False,OK: within lot-relative limits (max 0.6 robust-sigma < 5); predicted 168h drift inside the lot safety envelope.
T06,T06-P0080,Iddq,uA,7.5511,8.2911,PASS,0.052,0.52,0.042,8.767,8.885,normal,0.0072,0.62,False,False,False,False,False,OK: within lot-relative limits (max 0.5 robust-sigma < 5); predicted 168h drift inside the lot safety envelope.
T06,T06-P0081,Iddq,uA,9.7023,10.7788,PASS,0.731,1.07,0.731,11.471,11.638,normal,0.0105,1.11,False,False,False,False,False,OK: within lot-relative limits (max 1.1 robust-sigma < 5); predicted 168h drift inside the lot safety envelope.
T06,T06-P0082,Iddq,uA,8.6884,9.1831,PASS,0.455,0.81,0.455,9.626,9.776,normal,0.0056,-0.66,False,False,False,False,False,OK: within lot-relative limits (max 0.8 robust-sigma < 5); predicted 168h drift inside the lot safety envelope.
T06,T06-P0083,Iddq,uA,8.1356,9.037,PASS,0.132,0.92,0.132,9.618,9.759,normal,0.0088,1.11,False,False,False,False,False,OK: within lot-relative limits (max 0.9 robust-sigma < 5); predicted 168h drift inside the lot safety envelope.
T06,T06-P0084,Iddq,uA,29.095,30.7696,REJECT,0.991,9.0,0.991,32.016,32.379,low,0.0174,-0.84,False,True,True,False,False,"LOT OUTLIER: Iddq@0h = 29.1 uA is 9.0 robust-sigma above lot T06 median (8.6 uA); still under datasheet max 50 uA, so a static limit would pass it. | LOT OUTLIER: Iddq@24h = 30.8 uA is 9.0 robust-sigma above lot T06 median (9.4 uA); still under datasheet max 50 uA, so a static limit would pass it."
T06,T06-P0085,Iddq,uA,8.1086,8.6588,PASS,0.088,0.45,0.088,9.111,9.268,normal,0.006,-0.27,False,False,False,False,False,OK: within lot-relative limits (max 0.4 robust-sigma < 5); predicted 168h drift inside the lot safety envelope.
T06,T06-P0086,Iddq,uA,9.8924,10.713,PASS,0.85,1.02,0.85,11.268,11.451,normal,0.0082,0.1,False,False,False,False,False,OK: within lot-relative limits (max 1.0 robust-sigma < 5); predicted 168h drift inside the lot safety envelope.
T06,T06-P0087,Iddq,uA,8.7255,9.6038,PASS,0.535,0.6,0.535,10.173,10.318,normal,0.0086,0.73,False,False,False,False,False,OK: within lot-relative limits (max 0.6 robust-sigma < 5); predicted 168h drift inside the lot safety envelope.
T06,T06-P0088,Iddq,uA,8.5642,9.6328,PASS,0.581,1.35,0.581,10.302,10.425,normal,0.0103,1.58,False,False,False,False,False,OK: within lot-relative limits (max 1.4 robust-sigma < 5); predicted 168h drift inside the lot safety envelope.
T06,T06-P0089,Iddq,uA,9.8398,11.1899,PASS,0.892,1.73,0.892,12.082,12.191,normal,0.0133,2.14,False,False,False,False,False,OK: within lot-relative limits (max 1.7 robust-sigma < 5); predicted 168h drift inside the lot safety envelope.
T06,T06-P0090,Iddq,uA,9.1967,9.6666,PASS,0.675,1.0,0.675,10.159,10.265,normal,0.0057,-0.74,False,False,False,False,False,OK: within lot-relative limits (max 1.0 robust-sigma < 5); predicted 168h drift inside the lot safety envelope.
T06,T06-P0091,Iddq,uA,8.5987,8.9548,PASS,0.339,1.32,0.339,9.361,9.558,normal,0.0045,-1.13,False,False,False,False,False,OK: within lot-relative limits (max 1.3 robust-sigma < 5); predicted 168h drift inside the lot safety envelope.
T06,T06-P0092,Iddq,uA,8.5954,8.8748,PASS,0.415,1.62,0.415,9.442,9.675,normal,0.005,-0.89,False,False,False,False,False,OK: within lot-relative limits (max 1.6 robust-sigma < 5); predicted 168h drift inside the lot safety envelope.
T06,T06-P0093,Iddq,uA,8.7115,9.6906,PASS,0.582,0.97,0.582,10.298,10.456,normal,0.0094,1.11,False,False,False,False,False,OK: within lot-relative limits (max 1.0 robust-sigma < 5); predicted 168h drift inside the lot safety envelope.
T06,T06-P0094,Iddq,uA,8.6369,9.655,PASS,0.582,1.14,0.582,10.248,10.436,normal,0.0096,1.21,False,False,False,False,False,OK: within lot-relative limits (max 1.1 robust-sigma < 5); predicted 168h drift inside the lot safety envelope.
T06,T06-P0095,Iddq,uA,8.2321,9.2876,PASS,0.372,1.46,0.372,9.903,10.084,normal,0.0099,1.58,False,False,False,False,False,OK: within lot-relative limits (max 1.5 robust-sigma < 5); predicted 168h drift inside the lot safety envelope.
T06,T06-P0096,Iddq,uA,7.5588,8.5642,PASS,0.412,1.61,0.412,9.158,9.342,normal,0.0095,1.78,False,False,False,False,False,OK: within lot-relative limits (max 1.6 robust-sigma < 5); predicted 168h drift inside the lot safety envelope.
T06,T06-P0097,Iddq,uA,6.1102,6.5768,PASS,0.309,0.17,0.309,6.862,7.022,normal,0.0045,-0.29,False,False,False,False,False,OK: within lot-relative limits (max 0.2 robust-sigma < 5); predicted 168h drift inside the lot safety envelope.
T06,T06-P0098,Iddq,uA,8.54,8.7609,PASS,0.456,1.84,0.456,9.116,9.326,normal,0.0034,-1.67,False,False,False,False,False,OK: within lot-relative limits (max 1.8 robust-sigma < 5); predicted 168h drift inside the lot safety envelope.
T06,T06-P0099,Iddq,uA,8.4464,9.0156,PASS,0.106,0.46,0.106,9.445,9.663,normal,0.0059,-0.41,False,False,False,False,False,OK: within lot-relative limits (max 0.5 robust-sigma < 5); predicted 168h drift inside the lot safety envelope.
T06,T06-P0100,Iddq,uA,10.1318,10.4871,PASS,0.865,1.53,0.865,11.038,11.183,normal,0.0054,-1.12,False,False,False,False,False,OK: within lot-relative limits (max 1.5 robust-sigma < 5); predicted 168h drift inside the lot safety envelope.
T06,T06-P0101,Iddq,uA,9.2281,9.6876,PASS,0.662,1.04,0.662,10.194,10.271,normal,0.0057,-0.74,False,False,False,False,False,OK: within lot-relative limits (max 1.0 robust-sigma < 5); predicted 168h drift inside the lot safety envelope.
T06,T06-P0102,Iddq,uA,10.0929,10.9661,PASS,0.835,1.2,0.835,11.565,11.794,normal,0.0088,0.26,False,False,False,False,False,OK: within lot-relative limits (max 1.2 robust-sigma < 5); predicted 168h drift inside the lot safety envelope.
T06,T06-P0103,Iddq,uA,11.007,11.797,PASS,0.927,1.81,0.927,12.398,12.603,normal,0.0083,-0.21,False,False,False,False,False,OK: within lot-relative limits (max 1.8 robust-sigma < 5); predicted 168h drift inside the lot safety envelope.
T06,T06-P0104,Iddq,uA,8.384,9.1163,PASS,0.305,0.18,0.305,9.601,9.797,normal,0.0072,0.24,False,False,False,False,False,OK: within lot-relative limits (max 0.2 robust-sigma < 5); predicted 168h drift inside the lot safety envelope.
T06,T06-P0105,Iddq,uA,7.7693,8.4232,PASS,0.379,0.08,0.379,8.845,9.015,normal,0.0064,0.08,False,False,False,False,False,OK: within lot-relative limits (max 0.1 robust-sigma < 5); predicted 168h drift inside the lot safety envelope.
T06,T06-P0106,Iddq,uA,9.5221,10.5042,PASS,0.664,0.87,0.664,11.124,11.342,normal,0.0095,0.78,False,False,False,False,False,OK: within lot-relative limits (max 0.9 robust-sigma < 5); predicted 168h drift inside the lot safety envelope.
T06,T06-P0107,Iddq,uA,7.8298,8.6833,PASS,0.159,0.86,0.159,9.256,9.392,normal,0.0085,1.11,False,False,False,False,False,OK: within lot-relative limits (max 0.9 robust-sigma < 5); predicted 168h drift inside the lot safety envelope.
T06,T06-P0108,Iddq,uA,8.3949,9.4558,PASS,0.47,1.4,0.47,10.092,10.219,normal,0.0101,1.56,False,False,False,False,False,OK: within lot-relative limits (max 1.4 robust-sigma < 5); predicted 168h drift inside the lot safety envelope.
T06,T06-P0109,Iddq,uA,10.4411,10.7958,PASS,0.886,1.57,0.886,11.369,11.51,normal,0.0055,-1.13,False,False,False,False,False,OK: within lot-relative limits (max 1.6 robust-sigma < 5); predicted 168h drift inside the lot safety envelope.
T06,T06-P0110,Iddq,uA,9.2174,9.7673,PASS,0.576,0.72,0.576,10.213,10.425,normal,0.0059,-0.66,False,False,False,False,False,OK: within lot-relative limits (max 0.7 robust-sigma < 5); predicted 168h drift inside the lot safety envelope.
T06,T06-P0111,Iddq,uA,10.0423,10.8345,PASS,0.83,1.14,0.83,11.364,11.572,normal,0.0079,-0.08,False,False,False,False,False,OK: within lot-relative limits (max 1.1 robust-sigma < 5); predicted 168h drift inside the lot safety envelope.
T06,T06-P0112,Iddq,uA,7.1543,7.7765,PASS,0.309,0.17,0.309,8.228,8.365,normal,0.0064,0.36,False,False,False,False,False,OK: within lot-relative limits (max 0.2 robust-sigma < 5); predicted 168h drift inside the lot safety envelope.
T06,T06-P0113,Iddq,uA,8.7421,9.2924,PASS,0.466,0.61,0.466,9.69,9.888,normal,0.0056,-0.65,False,False,False,False,False,OK: within lot-relative limits (max 0.6 robust-sigma < 5); predicted 168h drift inside the lot safety envelope.
T06,T06-P0114,Iddq,uA,9.9212,10.9824,PASS,0.713,1.21,0.713,11.603,11.857,normal,0.01,0.82,False,False,False,False,False,OK: within lot-relative limits (max 1.2 robust-sigma < 5); predicted 168h drift inside the lot safety envelope.
T06,T06-P0115,Iddq,uA,7.2769,7.4328,PASS,0.476,1.99,0.476,7.721,7.946,normal,0.0026,-1.84,False,False,False,False,False,OK: within lot-relative limits (max 2.0 robust-sigma < 5); predicted 168h drift inside the lot safety envelope.
T06,T06-P0116,Iddq,uA,8.8777,9.4449,PASS,0.519,0.58,0.519,9.879,10.06,normal,0.006,-0.54,False,False,False,False,False,OK: within lot-relative limits (max 0.6 robust-sigma < 5); predicted 168h drift inside the lot safety envelope.
T06,T06-P0117,Iddq,uA,8.9466,9.8039,PASS,0.521,0.45,0.521,10.435,10.527,normal,0.0089,0.74,False,False,False,False,False,OK: within lot-relative limits (max 0.4 robust-sigma < 5); predicted 168h drift inside the lot safety envelope.
T06,T06-P0118,Iddq,uA,6.2299,6.8513,PASS,0.091,0.57,0.091,7.232,7.355,normal,0.006,0.61,False,False,False,False,False,OK: within lot-relative limits (max 0.6 robust-sigma < 5); predicted 168h drift inside the lot safety envelope.
T06,T06-P0119,Iddq,uA,10.5126,11.3689,PASS,0.916,1.47,0.916,11.932,12.104,normal,0.0084,-0.0,False,False,False,False,False,OK: within lot-relative limits (max 1.5 robust-sigma < 5); predicted 168h drift inside the lot safety envelope.
T06,T06-P0120,Iddq,uA,7.7502,8.5604,PASS,0.072,0.72,0.029,9.053,9.262,normal,0.0078,0.78,False,False,False,False,False,OK: within lot-relative limits (max 0.7 robust-sigma < 5); predicted 168h drift inside the lot safety envelope.
T06,T06-P0121,Iddq,uA,8.4581,9.4061,PASS,0.441,0.96,0.441,9.992,10.152,normal,0.0091,1.09,False,False,False,False,False,OK: within lot-relative limits (max 1.0 robust-sigma < 5); predicted 168h drift inside the lot safety envelope.
T06,T06-P0122,Iddq,uA,10.7668,11.2664,PASS,0.886,1.65,0.886,11.769,11.962,normal,0.006,-1.02,False,False,False,False,False,OK: within lot-relative limits (max 1.7 robust-sigma < 5); predicted 168h drift inside the lot safety envelope.
T06,T06-P0123,Iddq,uA,6.6831,7.5786,PASS,0.413,1.64,0.413,8.199,8.264,normal,0.009,2.12,False,False,False,False,False,OK: within lot-relative limits (max 1.6 robust-sigma < 5); predicted 168h drift inside the lot safety envelope.
T06,T06-P0124,Iddq,uA,9.1666,9.9301,PASS,0.762,0.46,0.762,10.455,10.611,normal,0.0077,0.13,False,False,False,False,False,OK: within lot-relative limits (max 0.5 robust-sigma < 5); predicted 168h drift inside the lot safety envelope.
T06,T06-P0125,Iddq,uA,8.0862,8.6619,PASS,0.213,0.34,0.213,9.131,9.251,normal,0.0062,-0.14,False,False,False,False,False,OK: within lot-relative limits (max 0.3 robust-sigma < 5); predicted 168h drift inside the lot safety envelope.
T06,T06-P0126,Iddq,uA,8.5753,9.4487,PASS,0.45,0.64,0.45,10.016,10.184,normal,0.0086,0.78,False,False,False,False,False,OK: within lot-relative limits (max 0.6 robust-sigma < 5); predicted 168h drift inside the lot safety envelope.
T06,T06-P0127,Iddq,uA,7.8049,8.3458,PASS,0.184,0.4,0.184,8.77,8.921,normal,0.0057,-0.27,False,False,False,False,False,OK: within lot-relative limits (max 0.4 robust-sigma < 5); predicted 168h drift inside the lot safety envelope.
T06,T06-P0128,Iddq,uA,10.3924,11.568,PASS,0.848,1.6,0.848,12.314,12.474,normal,0.0114,1.17,False,False,False,False,False,OK: within lot-relative limits (max 1.6 robust-sigma < 5); predicted 168h drift inside the lot safety envelope.
T06,T06-P0129,Iddq,uA,7.375,7.8386,PASS,0.061,0.61,0.06,8.153,8.342,normal,0.0046,-0.72,False,False,False,False,False,OK: within lot-relative limits (max 0.6 robust-sigma < 5); predicted 168h drift inside the lot safety envelope.
T06,T06-P0130,Iddq,uA,8.9567,9.9258,PASS,0.588,0.84,0.588,10.633,10.709,normal,0.01,1.22,False,False,False,False,False,OK: within lot-relative limits (max 0.8 robust-sigma < 5); predicted 168h drift inside the lot safety envelope.
T06,T06-P0131,Iddq,uA,9.3119,9.8724,PASS,0.533,0.7,0.533,10.33,10.532,normal,0.0061,-0.62,False,False,False,False,False,OK: within lot-relative limits (max 0.7 robust-sigma < 5); predicted 168h drift inside the lot safety envelope.
T06,T06-P0132,Iddq,uA,8.4631,9.1119,PASS,0.306,0.16,0.306,9.557,9.719,normal,0.0065,-0.14,False,False,False,False,False,OK: within lot-relative limits (max 0.2 robust-sigma < 5); predicted 168h drift inside the lot safety envelope.
T06,T06-P0133,Iddq,uA,8.2821,9.1325,PASS,0.066,0.66,0.018,9.674,9.835,normal,0.0083,0.78,False,False,False,False,False,OK: within lot-relative limits (max 0.7 robust-sigma < 5); predicted 168h drift inside the lot safety envelope.
T06,T06-P0134,Iddq,uA,8.33,9.0847,PASS,0.261,0.28,0.261,9.619,9.758,normal,0.0077,0.47,False,False,False,False,False,OK: within lot-relative limits (max 0.3 robust-sigma < 5); predicted 168h drift inside the lot safety envelope.
T06,T06-P0135,Iddq,uA,9.7368,10.9355,PASS,0.802,1.3,0.802,11.72,11.837,normal,0.0118,1.6,False,False,False,False,False,OK: within lot-relative limits (max 1.3 robust-sigma < 5); predicted 168h drift inside the lot safety envelope.
T06,T06-P0136,Iddq,uA,9.0191,9.8516,PASS,0.596,0.39,0.596,10.461,10.592,normal,0.0086,0.59,False,False,False,False,False,OK: within lot-relative limits (max 0.4 robust-sigma < 5); predicted 168h drift inside the lot safety envelope.
T06,T06-P0137,Iddq,uA,8.4409,9.4185,PASS,0.445,1.08,0.445,9.963,10.199,normal,0.0091,1.07,False,False,False,False,False,OK: within lot-relative limits (max 1.1 robust-sigma < 5); predicted 168h drift inside the lot safety envelope.
T06,T06-P0138,Iddq,uA,7.3396,7.9531,PASS,0.389,0.06,0.389,8.34,8.507,normal,0.006,0.03,False,False,False,False,False,OK: within lot-relative limits (max 0.1 robust-sigma < 5); predicted 168h drift inside the lot safety envelope.
T06,T06-P0139,Iddq,uA,8.7394,9.4183,PASS,0.538,0.13,0.538,9.873,10.071,normal,0.0067,-0.13,False,False,False,False,False,OK: within lot-relative limits (max 0.1 robust-sigma < 5); predicted 168h drift inside the lot safety envelope.
T06,T06-P0140,Iddq,uA,9.3203,9.9844,PASS,0.602,0.58,0.602,10.545,10.666,normal,0.0073,-0.09,False,False,False,False,False,OK: within lot-relative limits (max 0.6 robust-sigma < 5); predicted 168h drift inside the lot safety envelope.
T06,T06-P0141,Iddq,uA,8.469,9.1795,PASS,0.386,0.07,0.386,9.641,9.827,normal,0.007,0.08,False,False,False,False,False,OK: within lot-relative limits (max 0.1 robust-sigma < 5); predicted 168h drift inside the lot safety envelope.
T06,T06-P0142,Iddq,uA,10.5373,11.0692,PASS,0.841,1.49,0.841,11.632,11.754,normal,0.0065,-0.76,False,False,False,False,False,OK: within lot-relative limits (max 1.5 robust-sigma < 5); predicted 168h drift inside the lot safety envelope.
T06,T06-P0143,Iddq,uA,6.699,7.3005,PASS,0.236,0.26,0.236,7.693,7.84,normal,0.0059,0.32,False,False,False,False,False,OK: within lot-relative limits (max 0.3 robust-sigma < 5); predicted 168h drift inside the lot safety envelope.
T06,T06-P0144,Iddq,uA,12.0468,13.0613,PASS,0.973,2.51,0.973,13.617,13.973,normal,0.0093,-0.11,False,False,False,False,False,OK: within lot-relative limits (max 2.5 robust-sigma < 5); predicted 168h drift inside the lot safety envelope.
T06,T06-P0145,Iddq,uA,8.3862,9.0856,PASS,0.389,0.05,0.389,9.547,9.719,normal,0.0069,0.08,False,False,False,False,False,OK: within lot-relative limits (max 0.1 robust-sigma < 5); predicted 168h drift inside the lot safety envelope.
T06,T06-P0146,Iddq,uA,7.3837,7.7205,PASS,0.279,1.18,0.279,8.059,8.211,normal,0.004,-1.07,False,False,False,False,False,OK: within lot-relative limits (max 1.2 robust-sigma < 5); predicted 168h drift inside the lot safety envelope.
T06,T06-P0147,Iddq,uA,55.5855,58.6246,REJECT,1.0,13.83,0.997,61.167,61.672,low,0.0332,-0.84,True,True,True,False,True,STATIC FAIL: Iddq@0h = 55.6 uA exceeds datasheet max 50 uA. | LOT OUTLIER: Iddq@24h = 58.6 uA is 13.8 robust-sigma above lot T06 median (9.4 uA). | LOT OUTLIER: Iddq@0h = 55.6 uA is 13.8 robust-sigma above lot T06 median (8.6 uA). | GUARD BAND: 90% upper forecast for Iddq@168h is 61.7 uA = 123% of datasheet max (guard band 70%).
T06,T06-P0148,Iddq,uA,9.7233,10.4526,PASS,0.756,0.9,0.756,10.986,11.171,normal,0.0075,-0.12,False,False,False,False,False,OK: within lot-relative limits (max 0.9 robust-sigma < 5); predicted 168h drift inside the lot safety envelope.
T06,T06-P0149,Iddq,uA,9.2565,9.8641,PASS,0.533,0.53,0.533,10.37,10.507,normal,0.0066,-0.35,False,False,False,False,False,OK: within lot-relative limits (max 0.5 robust-sigma < 5); predicted 168h drift inside the lot safety envelope.
T06,T06-P0150,Iddq,uA,8.3751,9.072,PASS,0.402,0.05,0.402,9.534,9.695,normal,0.0069,0.08,False,False,False,False,False,OK: within lot-relative limits (max 0.0 robust-sigma < 5); predicted 168h drift inside the lot safety envelope.
T06,T06-P0151,Iddq,uA,8.6126,9.3106,PASS,0.434,0.02,0.434,9.781,9.924,normal,0.007,0.02,False,False,False,False,False,OK: within lot-relative limits (max 0.0 robust-sigma < 5); predicted 168h drift inside the lot safety envelope.
T06,T06-P0152,Iddq,uA,8.7019,9.699,PASS,0.614,1.04,0.614,10.286,10.514,normal,0.0094,1.11,False,False,False,False,False,OK: within lot-relative limits (max 1.0 robust-sigma < 5); predicted 168h drift inside the lot safety envelope.
T06,T06-P0153,Iddq,uA,8.165,9.0963,PASS,0.194,1.02,0.194,9.652,9.865,normal,0.0089,1.11,False,False,False,False,False,OK: within lot-relative limits (max 1.0 robust-sigma < 5); predicted 168h drift inside the lot safety envelope.
T06,T06-P0154,Iddq,uA,10.2461,10.9954,PASS,0.82,1.28,0.82,11.577,11.736,normal,0.0079,-0.12,False,False,False,False,False,OK: within lot-relative limits (max 1.3 robust-sigma < 5); predicted 168h drift inside the lot safety envelope.
T06,T06-P0155,Iddq,uA,9.2331,9.8714,PASS,0.572,0.51,0.572,10.394,10.553,normal,0.0069,-0.22,False,False,False,False,False,OK: within lot-relative limits (max 0.5 robust-sigma < 5); predicted 168h drift inside the lot safety envelope.
T06,T06-P0156,Iddq,uA,8.5605,9.3068,PASS,0.314,0.17,0.314,9.809,10.003,normal,0.0074,0.26,False,False,False,False,False,OK: within lot-relative limits (max 0.2 robust-sigma < 5); predicted 168h drift inside the lot safety envelope.
T06,T06-P0157,Iddq,uA,6.8465,7.4535,PASS,0.281,0.22,0.281,7.853,8.017,normal,0.006,0.29,False,False,False,False,False,OK: within lot-relative limits (max 0.2 robust-sigma < 5); predicted 168h drift inside the lot safety envelope.
T06,T06-P0158,Iddq,uA,10.1741,11.3118,PASS,0.818,1.43,0.818,12.029,12.212,normal,0.011,1.11,False,False,False,False,False,OK: within lot-relative limits (max 1.4 robust-sigma < 5); predicted 168h drift inside the lot safety envelope.
T06,T06-P0159,Iddq,uA,8.1632,8.5506,PASS,0.205,1.12,0.205,8.923,9.077,normal,0.0045,-1.02,False,False,False,False,False,OK: within lot-relative limits (max 1.1 robust-sigma < 5); predicted 168h drift inside the lot safety envelope.
T06,T06-P0160,Iddq,uA,7.5015,8.28,PASS,0.07,0.7,0.016,8.749,8.935,normal,0.0074,0.74,False,False,False,False,False,OK: within lot-relative limits (max 0.7 robust-sigma < 5); predicted 168h drift inside the lot safety envelope.
T06,T06-P0161,Iddq,uA,10.1048,11.1115,PASS,0.774,1.3,0.774,11.784,11.921,normal,0.01,0.74,False,False,False,False,False,OK: within lot-relative limits (max 1.3 robust-sigma < 5); predicted 168h drift inside the lot safety envelope.
T06,T06-P0162,Iddq,uA,9.1691,9.7547,PASS,0.544,0.58,0.544,10.176,10.39,normal,0.006,-0.61,False,False,False,False,False,OK: within lot-relative limits (max 0.6 robust-sigma < 5); predicted 168h drift inside the lot safety envelope.
T06,T06-P0163,Iddq,uA,6.5749,6.9379,PASS,0.159,0.86,0.159,7.242,7.384,normal,0.004,-0.82,False,False,False,False,False,OK: within lot-relative limits (max 0.9 robust-sigma < 5); predicted 168h drift inside the lot safety envelope.
T06,T06-P0164,Iddq,uA,6.9391,7.5051,PASS,0.432,0.01,0.432,7.855,8.0,normal,0.0054,-0.07,False,False,False,False,False,OK: within lot-relative limits (max 0.0 robust-sigma < 5); predicted 168h drift inside the lot safety envelope.
T06,T06-P0165,Iddq,uA,8.0233,8.7228,PASS,0.309,0.17,0.309,9.188,9.375,normal,0.0069,0.24,False,False,False,False,False,OK: within lot-relative limits (max 0.2 robust-sigma < 5); predicted 168h drift inside the lot safety envelope.
T06,T06-P0166,Iddq,uA,7.2422,7.8073,PASS,0.346,0.12,0.346,8.186,8.346,normal,0.0056,-0.11,False,False,False,False,False,OK: within lot-relative limits (max 0.1 robust-sigma < 5); predicted 168h drift inside the lot safety envelope.
T06,T06-P0167,Iddq,uA,8.4489,9.0282,PASS,0.145,0.43,0.145,9.493,9.657,normal,0.0062,-0.27,False,False,False,False,False,OK: within lot-relative limits (max 0.4 robust-sigma < 5); predicted 168h drift inside the lot safety envelope.
T06,T06-P0168,Iddq,uA,12.2446,13.0706,PASS,0.969,2.6,0.969,13.596,13.99,normal,0.008,-0.6,False,False,False,False,False,OK: within lot-relative limits (max 2.6 robust-sigma < 5); predicted 168h drift inside the lot safety envelope.
T06,T06-P0169,Iddq,uA,12.7975,14.2725,PASS,0.979,3.18,0.979,15.009,15.457,normal,0.0132,0.89,False,False,False,False,False,OK: within lot-relative limits (max 3.2 robust-sigma < 5); predicted 168h drift inside the lot safety envelope.
T06,T06-P0170,Iddq,uA,8.6282,9.7284,PASS,0.744,1.44,0.744,10.411,10.503,normal,0.0106,1.67,False,False,False,False,False,OK: within lot-relative limits (max 1.4 robust-sigma < 5); predicted 168h drift inside the lot safety envelope.
T06,T06-P0171,Iddq,uA,9.5386,10.1036,PASS,0.586,0.76,0.586,10.567,10.789,normal,0.0061,-0.66,False,False,False,False,False,OK: within lot-relative limits (max 0.8 robust-sigma < 5); predicted 168h drift inside the lot safety envelope.
T06,T06-P0172,Iddq,uA,9.6832,10.2317,PASS,0.638,0.87,0.638,10.727,10.874,normal,0.0062,-0.66,False,False,False,False,False,OK: within lot-relative limits (max 0.9 robust-sigma < 5); predicted 168h drift inside the lot safety envelope.
T06,T06-P0173,Iddq,uA,8.411,9.1933,PASS,0.183,0.36,0.183,9.741,9.88,normal,0.0079,0.55,False,False,False,False,False,OK: within lot-relative limits (max 0.4 robust-sigma < 5); predicted 168h drift inside the lot safety envelope.
T06,T06-P0174,Iddq,uA,6.9411,7.5988,PASS,0.199,0.41,0.199,8.082,8.158,normal,0.0068,0.7,False,False,False,False,False,OK: within lot-relative limits (max 0.4 robust-sigma < 5); predicted 168h drift inside the lot safety envelope.
T06,T06-P0175,Iddq,uA,9.8403,10.6179,PASS,0.805,0.99,0.805,11.135,11.339,normal,0.0077,-0.08,False,False,False,False,False,OK: within lot-relative limits (max 1.0 robust-sigma < 5); predicted 168h drift inside the lot safety envelope.
T06,T06-P0176,Iddq,uA,8.439,9.6879,PASS,0.849,2.06,0.849,10.551,10.614,normal,0.0126,2.63,False,False,False,False,False,OK: within lot-relative limits (max 2.1 robust-sigma < 5); predicted 168h drift inside the lot safety envelope.
T06,T06-P0177,Iddq,uA,9.1155,9.7065,PASS,0.57,0.55,0.57,10.159,10.329,normal,0.0062,-0.5,False,False,False,False,False,OK: within lot-relative limits (max 0.5 robust-sigma < 5); predicted 168h drift inside the lot safety envelope.
T06,T06-P0178,Iddq,uA,9.486,10.3332,PASS,0.673,0.75,0.673,10.942,11.102,normal,0.0087,0.44,False,False,False,False,False,OK: within lot-relative limits (max 0.7 robust-sigma < 5); predicted 168h drift inside the lot safety envelope.
T06,T06-P0179,Iddq,uA,7.6887,8.0627,PASS,0.214,1.08,0.214,8.405,8.549,normal,0.0043,-1.02,False,False,False,False,False,OK: within lot-relative limits (max 1.1 robust-sigma < 5); predicted 168h drift inside the lot safety envelope.
T06,T06-P0180,Iddq,uA,10.7591,11.5055,PASS,0.88,1.65,0.88,12.122,12.288,normal,0.0081,-0.2,False,False,False,False,False,OK: within lot-relative limits (max 1.6 robust-sigma < 5); predicted 168h drift inside the lot safety envelope.
T06,T06-P0181,Iddq,uA,8.6228,9.0178,PASS,0.414,1.17,0.414,9.431,9.588,normal,0.0048,-1.01,False,False,False,False,False,OK: within lot-relative limits (max 1.2 robust-sigma < 5); predicted 168h drift inside the lot safety envelope.
T06,T06-P0182,Iddq,uA,8.7802,9.7792,PASS,0.62,1.01,0.62,10.384,10.539,normal,0.0095,1.12,False,False,False,False,False,OK: within lot-relative limits (max 1.0 robust-sigma < 5); predicted 168h drift inside the lot safety envelope.
T06,T06-P0183,Iddq,uA,7.9397,8.6342,PASS,0.294,0.18,0.294,9.092,9.278,normal,0.0069,0.24,False,False,False,False,False,OK: within lot-relative limits (max 0.2 robust-sigma < 5); predicted 168h drift inside the lot safety envelope.
T06,T06-P0184,Iddq,uA,9.5402,9.9752,PASS,0.728,1.18,0.728,10.448,10.608,normal,0.0054,-0.97,False,False,False,False,False,OK: within lot-relative limits (max 1.2 robust-sigma < 5); predicted 168h drift inside the lot safety envelope.
T06,T06-P0185,Iddq,uA,9.9073,11.1757,PASS,0.868,1.45,0.868,11.92,12.091,normal,0.012,1.59,False,False,False,False,False,OK: within lot-relative limits (max 1.5 robust-sigma < 5); predicted 168h drift inside the lot safety envelope.
T06,T06-P0186,Iddq,uA,8.0149,8.4189,PASS,0.194,1.02,0.194,8.848,8.932,normal,0.005,-0.76,False,False,False,False,False,OK: within lot-relative limits (max 1.0 robust-sigma < 5); predicted 168h drift inside the lot safety envelope.
T06,T06-P0187,Iddq,uA,9.2792,9.9719,PASS,0.616,0.55,0.616,10.498,10.661,normal,0.0073,-0.09,False,False,False,False,False,OK: within lot-relative limits (max 0.6 robust-sigma < 5); predicted 168h drift inside the lot safety envelope.
T06,T06-P0188,Iddq,uA,8.0315,8.6865,PASS,0.432,0.01,0.432,9.116,9.255,normal,0.0065,0.0,False,False,False,False,False,OK: within lot-relative limits (max 0.0 robust-sigma < 5); predicted 168h drift inside the lot safety envelope.
T06,T06-P0189,Iddq,uA,7.2019,8.0918,PASS,0.336,1.32,0.336,8.782,8.782,normal,0.0094,1.95,False,False,False,False,False,OK: within lot-relative limits (max 1.3 robust-sigma < 5); predicted 168h drift inside the lot safety envelope.
T06,T06-P0190,Iddq,uA,8.2741,8.9392,PASS,0.402,0.04,0.402,9.358,9.534,normal,0.0065,-0.1,False,False,False,False,False,OK: within lot-relative limits (max 0.0 robust-sigma < 5); predicted 168h drift inside the lot safety envelope.
T06,T06-P0191,Iddq,uA,9.236,9.9376,PASS,0.664,0.52,0.664,10.449,10.607,normal,0.0072,-0.09,False,False,False,False,False,OK: within lot-relative limits (max 0.5 robust-sigma < 5); predicted 168h drift inside the lot safety envelope.
T06,T06-P0192,Iddq,uA,9.2252,9.6774,PASS,0.685,1.07,0.685,10.091,10.258,normal,0.0052,-1.01,False,False,False,False,False,OK: within lot-relative limits (max 1.1 robust-sigma < 5); predicted 168h drift inside the lot safety envelope.
T06,T06-P0193,Iddq,uA,10.0098,10.6688,PASS,0.684,1.11,0.684,11.199,11.362,normal,0.0071,-0.39,False,False,False,False,False,OK: within lot-relative limits (max 1.1 robust-sigma < 5); predicted 168h drift inside the lot safety envelope.
T06,T06-P0194,Iddq,uA,7.7936,8.5836,PASS,0.062,0.62,0.051,9.103,9.255,normal,0.0078,0.78,False,False,False,False,False,OK: within lot-relative limits (max 0.6 robust-sigma < 5); predicted 168h drift inside the lot safety envelope.
T06,T06-P0195,Iddq,uA,8.2839,8.7565,PASS,0.114,0.8,0.114,9.172,9.321,normal,0.0053,-0.67,False,False,False,False,False,OK: within lot-relative limits (max 0.8 robust-sigma < 5); predicted 168h drift inside the lot safety envelope.
T06,T06-P0196,Iddq,uA,8.6724,8.9342,PASS,0.492,1.7,0.492,9.45,9.492,normal,0.0046,-1.11,False,False,False,False,False,OK: within lot-relative limits (max 1.7 robust-sigma < 5); predicted 168h drift inside the lot safety envelope.
T06,T06-P0197,Iddq,uA,9.472,9.9001,PASS,0.713,1.19,0.713,10.373,10.532,normal,0.0054,-0.97,False,False,False,False,False,OK: within lot-relative limits (max 1.2 robust-sigma < 5); predicted 168h drift inside the lot safety envelope.
T06,T06-P0198,Iddq,uA,29.8653,32.3214,REJECT,0.992,9.34,0.992,33.669,34.155,low,0.0226,-0.18,False,True,True,False,False,"LOT OUTLIER: Iddq@24h = 32.3 uA is 9.3 robust-sigma above lot T06 median (9.4 uA); still under datasheet max 50 uA, so a static limit would pass it. | LOT OUTLIER: Iddq@0h = 29.9 uA is 9.2 robust-sigma above lot T06 median (8.6 uA); still under datasheet max 50 uA, so a static limit would pass it."
T06,T06-P0199,Iddq,uA,7.6252,8.8767,PASS,0.716,2.55,0.716,9.855,9.855,normal,0.0133,3.54,False,False,False,False,False,OK: within lot-relative limits (max 2.5 robust-sigma < 5); predicted 168h drift inside the lot safety envelope.
T06,T06-P0200,Iddq,uA,7.0262,7.4014,PASS,0.132,0.92,0.132,7.748,7.894,normal,0.0043,-0.79,False,False,False,False,False,OK: within lot-relative limits (max 0.9 robust-sigma < 5); predicted 168h drift inside the lot safety envelope.
T06,T06-P0201,Iddq,uA,10.0596,10.6392,PASS,0.718,1.15,0.718,11.144,11.319,normal,0.0065,-0.66,False,False,False,False,False,OK: within lot-relative limits (max 1.1 robust-sigma < 5); predicted 168h drift inside the lot safety envelope.
T06,T06-P0202,Iddq,uA,10.0496,10.8895,PASS,0.862,1.14,0.862,11.447,11.647,normal,0.0083,0.1,False,False,False,False,False,OK: within lot-relative limits (max 1.1 robust-sigma < 5); predicted 168h drift inside the lot safety envelope.
T06,T06-P0203,Iddq,uA,7.8012,8.4156,PASS,0.359,0.1,0.359,8.823,8.989,normal,0.0061,-0.1,False,False,False,False,False,OK: within lot-relative limits (max 0.1 robust-sigma < 5); predicted 168h drift inside the lot safety envelope.
T06,T06-P0204,Iddq,uA,10.4705,11.3851,PASS,0.887,1.48,0.887,12.024,12.225,normal,0.0092,0.32,False,False,False,False,False,OK: within lot-relative limits (max 1.5 robust-sigma < 5); predicted 168h drift inside the lot safety envelope.
T06,T06-P0205,Iddq,uA,8.4573,9.2482,PASS,0.209,0.37,0.209,9.795,9.935,normal,0.008,0.55,False,False,False,False,False,OK: within lot-relative limits (max 0.4 robust-sigma < 5); predicted 168h drift inside the lot safety envelope.
T06,T06-P0206,Iddq,uA,9.1239,9.7034,PASS,0.572,0.59,0.572,10.125,10.339,normal,0.006,-0.61,False,False,False,False,False,OK: within lot-relative limits (max 0.6 robust-sigma < 5); predicted 168h drift inside the lot safety envelope.
T06,T06-P0207,Iddq,uA,10.0744,10.7197,PASS,0.708,1.16,0.708,11.223,11.416,normal,0.0068,-0.51,False,False,False,False,False,OK: within lot-relative limits (max 1.2 robust-sigma < 5); predicted 168h drift inside the lot safety envelope.
T06,T06-P0208,Iddq,uA,8.0459,8.4624,PASS,0.164,0.98,0.164,8.882,8.984,normal,0.005,-0.76,False,False,False,False,False,OK: within lot-relative limits (max 1.0 robust-sigma < 5); predicted 168h drift inside the lot safety envelope.
T06,T06-P0209,Iddq,uA,7.7966,8.3783,PASS,0.275,0.23,0.275,8.804,8.957,normal,0.006,-0.14,False,False,False,False,False,OK: within lot-relative limits (max 0.2 robust-sigma < 5); predicted 168h drift inside the lot safety envelope.
T06,T06-P0210,Iddq,uA,6.8657,7.3089,PASS,0.063,0.56,0.063,7.61,7.773,normal,0.0044,-0.65,False,False,False,False,False,OK: within lot-relative limits (max 0.6 robust-sigma < 5); predicted 168h drift inside the lot safety envelope.
T06,T06-P0211,Iddq,uA,8.8881,9.4178,PASS,0.53,0.72,0.53,9.874,10.053,normal,0.0059,-0.58,False,False,False,False,False,OK: within lot-relative limits (max 0.7 robust-sigma < 5); predicted 168h drift inside the lot safety envelope.
T06,T06-P0212,Iddq,uA,9.1258,10.0749,PASS,0.536,0.71,0.536,10.661,10.87,normal,0.0091,0.78,False,False,False,False,False,OK: within lot-relative limits (max 0.7 robust-sigma < 5); predicted 168h drift inside the lot safety envelope.
T06,T06-P0213,Iddq,uA,9.5957,10.3918,PASS,0.831,0.8,0.831,10.93,11.108,normal,0.0079,0.1,False,False,False,False,False,OK: within lot-relative limits (max 0.8 robust-sigma < 5); predicted 168h drift inside the lot safety envelope.
T06,T06-P0214,Iddq,uA,9.3833,10.507,PASS,0.735,1.2,0.735,11.179,11.358,normal,0.0107,1.32,False,False,False,False,False,OK: within lot-relative limits (max 1.2 robust-sigma < 5); predicted 168h drift inside the lot safety envelope.
T06,T06-P0215,Iddq,uA,8.6284,9.6159,PASS,0.566,1.03,0.566,10.199,10.425,normal,0.0094,1.11,False,False,False,False,False,OK: within lot-relative limits (max 1.0 robust-sigma < 5); predicted 168h drift inside the lot safety envelope.
T06,T06-P0216,Iddq,uA,10.0664,10.6322,PASS,0.738,1.15,0.738,11.152,11.304,normal,0.0065,-0.66,False,False,False,False,False,OK: within lot-relative limits (max 1.2 robust-sigma < 5); predicted 168h drift inside the lot safety envelope.
T06,T06-P0217,Iddq,uA,7.5087,8.1196,PASS,0.428,0.01,0.428,8.507,8.652,normal,0.0059,-0.05,False,False,False,False,False,OK: within lot-relative limits (max 0.0 robust-sigma < 5); predicted 168h drift inside the lot safety envelope.
T06,T06-P0218,Iddq,uA,8.8459,9.6397,PASS,0.586,0.25,0.586,10.245,10.362,normal,0.0083,0.55,False,False,False,False,False,OK: within lot-relative limits (max 0.3 robust-sigma < 5); predicted 168h drift inside the lot safety envelope.
T06,T06-P0219,Iddq,uA,9.2136,10.0382,PASS,0.625,0.53,0.625,10.641,10.793,normal,0.0085,0.47,False,False,False,False,False,OK: within lot-relative limits (max 0.5 robust-sigma < 5); predicted 168h drift inside the lot safety envelope.
T06,T06-P0220,Iddq,uA,8.5114,9.6236,PASS,0.644,1.53,0.644,10.232,10.44,normal,0.0102,1.56,False,False,False,False,False,OK: within lot-relative limits (max 1.5 robust-sigma < 5); predicted 168h drift inside the lot safety envelope.
T06,T06-P0221,Iddq,uA,10.8461,11.5619,PASS,0.884,1.7,0.884,12.162,12.301,normal,0.0078,-0.33,False,False,False,False,False,OK: within lot-relative limits (max 1.7 robust-sigma < 5); predicted 168h drift inside the lot safety envelope.
T06,T06-P0222,Iddq,uA,9.2509,10.2582,PASS,0.606,0.86,0.606,10.938,11.08,normal,0.01,1.11,False,False,False,False,False,OK: within lot-relative limits (max 0.9 robust-sigma < 5); predicted 168h drift inside the lot safety envelope.
T06,T06-P0223,Iddq,uA,10.325,11.3084,PASS,0.812,1.43,0.812,11.953,12.146,normal,0.0097,0.54,False,False,False,False,False,OK: within lot-relative limits (max 1.4 robust-sigma < 5); predicted 168h drift inside the lot safety envelope.
T06,T06-P0224,Iddq,uA,9.849,10.4784,PASS,0.673,0.99,0.673,10.929,11.161,normal,0.0064,-0.62,False,False,False,False,False,OK: within lot-relative limits (max 1.0 robust-sigma < 5); predicted 168h drift inside the lot safety envelope.
T06,T06-P0225,Iddq,uA,8.2913,9.2666,PASS,0.231,1.13,0.231,9.839,10.018,normal,0.0092,1.21,False,False,False,False,False,OK: within lot-relative limits (max 1.1 robust-sigma < 5); predicted 168h drift inside the lot safety envelope.
T06,T06-P0226,Iddq,uA,11.2783,11.9632,PASS,0.928,1.99,0.928,12.456,12.751,normal,0.007,-0.74,False,False,False,False,False,OK: within lot-relative limits (max 2.0 robust-sigma < 5); predicted 168h drift inside the lot safety envelope.
T06,T06-P0227,Iddq,uA,10.1272,10.914,PASS,0.837,1.2,0.837,11.442,11.67,normal,0.0078,-0.12,False,False,False,False,False,OK: within lot-relative limits (max 1.2 robust-sigma < 5); predicted 168h drift inside the lot safety envelope.
T06,T06-P0228,Iddq,uA,8.5377,8.9023,PASS,0.301,1.28,0.301,9.289,9.493,normal,0.0045,-1.15,False,False,False,False,False,OK: within lot-relative limits (max 1.3 robust-sigma < 5); predicted 168h drift inside the lot safety envelope.
T06,T06-P0229,Iddq,uA,8.5315,8.7935,PASS,0.426,1.68,0.426,9.208,9.354,normal,0.004,-1.37,False,False,False,False,False,OK: within lot-relative limits (max 1.7 robust-sigma < 5); predicted 168h drift inside the lot safety envelope.
T06,T06-P0230,Iddq,uA,7.4932,7.9397,PASS,0.072,0.72,0.029,8.284,8.475,normal,0.0047,-0.72,False,False,False,False,False,OK: within lot-relative limits (max 0.7 robust-sigma < 5); predicted 168h drift inside the lot safety envelope.
T06,T06-P0231,Iddq,uA,8.5246,9.2232,PASS,0.434,0.01,0.434,9.676,9.823,normal,0.0069,0.0,False,False,False,False,False,OK: within lot-relative limits (max 0.0 robust-sigma < 5); predicted 168h drift inside the lot safety envelope.
T06,T06-P0232,Iddq,uA,8.3037,9.0897,PASS,0.167,0.41,0.167,9.617,9.754,normal,0.0078,0.55,False,False,False,False,False,OK: within lot-relative limits (max 0.4 robust-sigma < 5); predicted 168h drift inside the lot safety envelope.
T06,T06-P0233,Iddq,uA,8.7876,9.387,PASS,0.498,0.44,0.498,9.884,10.044,normal,0.0065,-0.25,False,False,False,False,False,OK: within lot-relative limits (max 0.4 robust-sigma < 5); predicted 168h drift inside the lot safety envelope.
T06,T06-P0234,Iddq,uA,8.0336,8.696,PASS,0.422,0.02,0.422,9.127,9.3,normal,0.0065,0.03,False,False,False,False,False,OK: within lot-relative limits (max 0.0 robust-sigma < 5); predicted 168h drift inside the lot safety envelope.
T06,T06-P0235,Iddq,uA,9.2666,10.0698,PASS,0.676,0.55,0.676,10.618,10.828,normal,0.008,0.26,False,False,False,False,False,OK: within lot-relative limits (max 0.6 robust-sigma < 5); predicted 168h drift inside the lot safety envelope.
T06,T06-P0236,Iddq,uA,8.5631,8.9539,PASS,0.279,1.18,0.279,9.366,9.522,normal,0.0048,-1.01,False,False,False,False,False,OK: within lot-relative limits (max 1.2 robust-sigma < 5); predicted 168h drift inside the lot safety envelope.
T06,T06-P0237,Iddq,uA,6.867,7.6146,PASS,0.167,0.86,0.167,8.143,8.23,normal,0.0076,1.19,False,False,False,False,False,OK: within lot-relative limits (max 0.9 robust-sigma < 5); predicted 168h drift inside the lot safety envelope.
T06,T06-P0238,Iddq,uA,8.0039,8.9145,PASS,0.177,1.01,0.177,9.462,9.607,normal,0.0087,1.11,False,False,False,False,False,OK: within lot-relative limits (max 1.0 robust-sigma < 5); predicted 168h drift inside the lot safety envelope.
T06,T06-P0239,Iddq,uA,7.5394,8.6118,PASS,0.461,1.89,0.461,9.24,9.386,normal,0.0101,2.09,False,False,False,False,False,OK: within lot-relative limits (max 1.9 robust-sigma < 5); predicted 168h drift inside the lot safety envelope.
T06,T06-P0240,Iddq,uA,7.1794,7.7346,PASS,0.323,0.14,0.323,8.142,8.277,normal,0.0057,-0.02,False,False,False,False,False,OK: within lot-relative limits (max 0.1 robust-sigma < 5); predicted 168h drift inside the lot safety envelope.
T06,T06-P0241,Iddq,uA,8.3691,8.9292,PASS,0.103,0.48,0.103,9.359,9.527,normal,0.0059,-0.41,False,False,False,False,False,OK: within lot-relative limits (max 0.5 robust-sigma < 5); predicted 168h drift inside the lot safety envelope.
T06,T06-P0242,Iddq,uA,9.7337,10.3213,PASS,0.621,0.9,0.621,10.783,11.009,normal,0.0062,-0.66,False,False,False,False,False,OK: within lot-relative limits (max 0.9 robust-sigma < 5); predicted 168h drift inside the lot safety envelope.
T06,T06-P0243,Iddq,uA,7.2345,7.8113,PASS,0.386,0.07,0.386,8.19,8.341,normal,0.0057,-0.07,False,False,False,False,False,OK: within lot-relative limits (max 0.1 robust-sigma < 5); predicted 168h drift inside the lot safety envelope.
T06,T06-P0244,Iddq,uA,6.5674,7.0032,PASS,0.084,0.5,0.084,7.306,7.467,normal,0.0044,-0.55,False,False,False,False,False,OK: within lot-relative limits (max 0.5 robust-sigma < 5); predicted 168h drift inside the lot safety envelope.
T06,T06-P0245,Iddq,uA,8.4144,9.2555,PASS,0.084,0.58,0.084,9.811,9.927,normal,0.0083,0.73,False,False,False,False,False,OK: within lot-relative limits (max 0.6 robust-sigma < 5); predicted 168h drift inside the lot safety envelope.
T06,T06-P0246,Iddq,uA,13.0186,13.9606,PASS,0.979,3.05,0.979,14.598,14.906,normal,0.0094,-0.33,False,False,False,False,False,OK: within lot-relative limits (max 3.1 robust-sigma < 5); predicted 168h drift inside the lot safety envelope.
T06,T06-P0247,Iddq,uA,7.9553,8.3904,PASS,0.172,0.88,0.172,8.808,8.933,normal,0.0051,-0.67,False,False,False,False,False,OK: within lot-relative limits (max 0.9 robust-sigma < 5); predicted 168h drift inside the lot safety envelope.
T06,T06-P0248,Iddq,uA,9.0876,9.7335,PASS,0.585,0.4,0.585,10.269,10.396,normal,0.007,-0.12,False,False,False,False,False,OK: within lot-relative limits (max 0.4 robust-sigma < 5); predicted 168h drift inside the lot safety envelope.
T06,T06-P0249,Iddq,uA,8.2085,9.0113,PASS,0.051,0.51,0.039,9.545,9.659,normal,0.008,0.66,False,False,False,False,False,OK: within lot-relative limits (max 0.5 robust-sigma < 5); predicted 168h drift inside the lot safety envelope.
T06,T06-P0250,Iddq,uA,9.7211,10.4037,PASS,0.697,0.9,0.697,10.929,11.111,normal,0.0072,-0.26,False,False,False,False,False,OK: within lot-relative limits (max 0.9 robust-sigma < 5); predicted 168h drift inside the lot safety envelope.
T06,T06-P0251,Iddq,uA,10.5149,11.4314,PASS,0.892,1.51,0.892,12.075,12.277,normal,0.0093,0.32,False,False,False,False,False,OK: within lot-relative limits (max 1.5 robust-sigma < 5); predicted 168h drift inside the lot safety envelope.
T06,T06-P0252,Iddq,uA,8.4404,9.1029,PASS,0.354,0.11,0.354,9.546,9.726,normal,0.0066,-0.1,False,False,False,False,False,OK: within lot-relative limits (max 0.1 robust-sigma < 5); predicted 168h drift inside the lot safety envelope.
T06,T06-P0253,Iddq,uA,10.1892,10.4437,PASS,0.909,1.87,0.909,10.874,11.122,normal,0.0041,-1.68,False,False,False,False,False,OK: within lot-relative limits (max 1.9 robust-sigma < 5); predicted 168h drift inside the lot safety envelope.
T06,T06-P0254,Iddq,uA,7.4122,8.0965,PASS,0.224,0.34,0.224,8.571,8.705,normal,0.0069,0.51,False,False,False,False,False,OK: within lot-relative limits (max 0.3 robust-sigma < 5); predicted 168h drift inside the lot safety envelope.
T06,T06-P0255,Iddq,uA,8.8414,9.762,PASS,0.545,0.71,0.545,10.358,10.531,normal,0.009,0.86,False,False,False,False,False,OK: within lot-relative limits (max 0.7 robust-sigma < 5); predicted 168h drift inside the lot safety envelope.
T06,T06-P0256,Iddq,uA,7.3128,8.3755,PASS,0.473,1.98,0.473,9.051,9.111,normal,0.0103,2.36,False,False,False,False,False,OK: within lot-relative limits (max 2.0 robust-sigma < 5); predicted 168h drift inside the lot safety envelope.
T06,T06-P0257,Iddq,uA,8.8848,9.7064,PASS,0.581,0.34,0.581,10.32,10.434,normal,0.0085,0.63,False,False,False,False,False,OK: within lot-relative limits (max 0.3 robust-sigma < 5); predicted 168h drift inside the lot safety envelope.
T06,T06-P0258,Iddq,uA,8.022,8.6641,PASS,0.388,0.06,0.388,9.073,9.244,normal,0.0063,-0.1,False,False,False,False,False,OK: within lot-relative limits (max 0.1 robust-sigma < 5); predicted 168h drift inside the lot safety envelope.
T06,T06-P0259,Iddq,uA,9.0745,9.6874,PASS,0.579,0.46,0.579,10.154,10.372,normal,0.0064,-0.39,False,False,False,False,False,OK: within lot-relative limits (max 0.5 robust-sigma < 5); predicted 168h drift inside the lot safety envelope.
T06,T06-P0260,Iddq,uA,7.4018,8.0561,PASS,0.276,0.21,0.276,8.517,8.663,normal,0.0066,0.37,False,False,False,False,False,OK: within lot-relative limits (max 0.2 robust-sigma < 5); predicted 168h drift inside the lot safety envelope.
T06,T06-P0261,Iddq,uA,8.9637,9.8257,PASS,0.545,0.46,0.545,10.467,10.547,normal,0.0089,0.77,False,False,False,False,False,OK: within lot-relative limits (max 0.5 robust-sigma < 5); predicted 168h drift inside the lot safety envelope.
T06,T06-P0262,Iddq,uA,8.6853,9.2596,PASS,0.454,0.51,0.454,9.718,9.858,normal,0.0061,-0.39,False,False,False,False,False,OK: within lot-relative limits (max 0.5 robust-sigma < 5); predicted 168h drift inside the lot safety envelope.
T06,T06-P0263,Iddq,uA,8.0821,8.6007,PASS,0.098,0.57,0.098,8.999,9.158,normal,0.0055,-0.52,False,False,False,False,False,OK: within lot-relative limits (max 0.6 robust-sigma < 5); predicted 168h drift inside the lot safety envelope.
T06,T06-P0264,Iddq,uA,7.638,8.511,PASS,0.194,1.03,0.194,9.029,9.229,normal,0.0083,1.11,False,False,False,False,False,OK: within lot-relative limits (max 1.0 robust-sigma < 5); predicted 168h drift inside the lot safety envelope.
T06,T06-P0265,Iddq,uA,7.3386,7.6424,PASS,0.339,1.32,0.339,7.972,8.158,normal,0.0038,-1.19,False,False,False,False,False,OK: within lot-relative limits (max 1.3 robust-sigma < 5); predicted 168h drift inside the lot safety envelope.
T06,T06-P0266,Iddq,uA,8.2104,9.057,PASS,0.068,0.68,0.007,9.59,9.779,normal,0.0082,0.78,False,False,False,False,False,OK: within lot-relative limits (max 0.7 robust-sigma < 5); predicted 168h drift inside the lot safety envelope.
T06,T06-P0267,Iddq,uA,8.9848,9.7742,PASS,0.654,0.33,0.654,10.301,10.499,normal,0.0078,0.27,False,False,False,False,False,OK: within lot-relative limits (max 0.3 robust-sigma < 5); predicted 168h drift inside the lot safety envelope.
T06,T06-P0268,Iddq,uA,8.4381,9.4148,PASS,0.446,1.07,0.446,9.96,10.195,normal,0.0091,1.07,False,False,False,False,False,OK: within lot-relative limits (max 1.1 robust-sigma < 5); predicted 168h drift inside the lot safety envelope.
T06,T06-P0269,Iddq,uA,8.7669,9.3565,PASS,0.48,0.47,0.48,9.814,9.989,normal,0.0062,-0.38,False,False,False,False,False,OK: within lot-relative limits (max 0.5 robust-sigma < 5); predicted 168h drift inside the lot safety envelope.
T06,T06-P0270,Iddq,uA,10.2168,10.9465,PASS,0.818,1.26,0.818,11.544,11.692,normal,0.0079,-0.12,False,False,False,False,False,OK: within lot-relative limits (max 1.3 robust-sigma < 5); predicted 168h drift inside the lot safety envelope.
T06,T06-P0271,Iddq,uA,8.1297,8.8921,PASS,0.186,0.38,0.186,9.415,9.55,normal,0.0077,0.55,False,False,False,False,False,OK: within lot-relative limits (max 0.4 robust-sigma < 5); predicted 168h drift inside the lot safety envelope.
T06,T06-P0272,Iddq,uA,8.8725,9.7317,PASS,0.526,0.48,0.526,10.38,10.44,normal,0.009,0.83,False,False,False,False,False,OK: within lot-relative limits (max 0.5 robust-sigma < 5); predicted 168h drift inside the lot safety envelope.
T06,T06-P0273,Iddq,uA,9.7642,10.6406,PASS,0.732,0.97,0.732,11.276,11.438,normal,0.009,0.47,False,False,False,False,False,OK: within lot-relative limits (max 1.0 robust-sigma < 5); predicted 168h drift inside the lot safety envelope.
T06,T06-P0274,Iddq,uA,9.1889,9.9555,PASS,0.748,0.48,0.748,10.48,10.649,normal,0.0077,0.13,False,False,False,False,False,OK: within lot-relative limits (max 0.5 robust-sigma < 5); predicted 168h drift inside the lot safety envelope.
T06,T06-P0275,Iddq,uA,9.037,9.5853,PASS,0.594,0.68,0.594,10.013,10.221,normal,0.0058,-0.66,False,False,False,False,False,OK: within lot-relative limits (max 0.7 robust-sigma < 5); predicted 168h drift inside the lot safety envelope.
T06,T06-P0276,Iddq,uA,8.6167,9.2316,PASS,0.396,0.34,0.396,9.736,9.861,normal,0.0067,-0.12,False,False,False,False,False,OK: within lot-relative limits (max 0.3 robust-sigma < 5); predicted 168h drift inside the lot safety envelope.
T06,T06-P0277,Iddq,uA,11.3877,11.6591,PASS,0.958,2.06,0.958,12.134,12.445,normal,0.0044,-1.72,False,False,False,False,False,OK: within lot-relative limits (max 2.1 robust-sigma < 5); predicted 168h drift inside the lot safety envelope.
T06,T06-P0278,Iddq,uA,8.5937,9.2986,PASS,0.432,0.01,0.432,9.76,9.903,normal,0.0069,0.02,False,False,False,False,False,OK: within lot-relative limits (max 0.0 robust-sigma < 5); predicted 168h drift inside the lot safety envelope.
T06,T06-P0279,Iddq,uA,8.1596,8.7976,PASS,0.349,0.12,0.349,9.228,9.402,normal,0.0064,-0.1,False,False,False,False,False,OK: within lot-relative limits (max 0.1 robust-sigma < 5); predicted 168h drift inside the lot safety envelope.
T06,T06-P0280,Iddq,uA,9.3238,10.4502,PASS,0.738,1.23,0.738,11.154,11.286,normal,0.0109,1.43,False,False,False,False,False,OK: within lot-relative limits (max 1.2 robust-sigma < 5); predicted 168h drift inside the lot safety envelope.
T06,T06-P0281,Iddq,uA,10.6041,11.8306,PASS,0.897,1.77,0.897,12.57,12.808,normal,0.0117,1.18,False,False,False,False,False,OK: within lot-relative limits (max 1.8 robust-sigma < 5); predicted 168h drift inside the lot safety envelope.
T06,T06-P0282,Iddq,uA,10.4288,11.217,PASS,0.86,1.41,0.86,11.777,11.972,normal,0.008,-0.14,False,False,False,False,False,OK: within lot-relative limits (max 1.4 robust-sigma < 5); predicted 168h drift inside the lot safety envelope.
T06,T06-P0283,Iddq,uA,8.7862,9.6895,PASS,0.52,0.67,0.52,10.267,10.434,normal,0.0088,0.79,False,False,False,False,False,OK: within lot-relative limits (max 0.7 robust-sigma < 5); predicted 168h drift inside the lot safety envelope.
T06,T06-P0284,Iddq,uA,9.5878,10.5799,PASS,0.66,0.93,0.66,11.201,11.42,normal,0.0096,0.78,False,False,False,False,False,OK: within lot-relative limits (max 0.9 robust-sigma < 5); predicted 168h drift inside the lot safety envelope.
T06,T06-P0285,Iddq,uA,9.2237,10.0475,PASS,0.635,0.54,0.635,10.639,10.795,normal,0.0084,0.44,False,False,False,False,False,OK: within lot-relative limits (max 0.5 robust-sigma < 5); predicted 168h drift inside the lot safety envelope.
T06,T06-P0286,Iddq,uA,8.8105,9.6508,PASS,0.554,0.43,0.554,10.234,10.364,normal,0.0085,0.63,False,False,False,False,False,OK: within lot-relative limits (max 0.4 robust-sigma < 5); predicted 168h drift inside the lot safety envelope.
T06,T06-P0287,Iddq,uA,9.513,10.091,PASS,0.571,0.74,0.571,10.539,10.76,normal,0.0061,-0.66,False,False,False,False,False,OK: within lot-relative limits (max 0.7 robust-sigma < 5); predicted 168h drift inside the lot safety envelope.
T06,T06-P0288,Iddq,uA,9.43,9.9279,PASS,0.597,0.94,0.597,10.443,10.563,normal,0.006,-0.67,False,False,False,False,False,OK: within lot-relative limits (max 0.9 robust-sigma < 5); predicted 168h drift inside the lot safety envelope.
T06,T06-P0289,Iddq,uA,8.8718,10.0089,PASS,0.787,1.46,0.787,10.703,10.867,normal,0.0109,1.66,False,False,False,False,False,OK: within lot-relative limits (max 1.5 robust-sigma < 5); predicted 168h drift inside the lot safety envelope.
T06,T06-P0290,Iddq,uA,10.723,13.6916,REJECT,0.984,5.75,0.984,25.594,30.334,low,0.0885,20.24,False,True,False,True,False,ABNORMAL DRIFT: Iddq changed +28% from 0h to 24h vs lot median +8% (5.8 robust-sigma). | EARLY REJECT (drift forecast): predicted Iddq@168h = 25.6 uA from 0h/24h readings; drift slope 0.089 uA/h exceeds lot safety slope 0.023 uA/h (20.2 robust-sigma).
T06,T06-P0291,Iddq,uA,8.2747,8.5768,PASS,0.382,1.48,0.382,8.958,9.133,normal,0.0041,-1.29,False,False,False,False,False,OK: within lot-relative limits (max 1.5 robust-sigma < 5); predicted 168h drift inside the lot safety envelope.
T06,T06-P0292,Iddq,uA,10.593,11.1526,PASS,0.849,1.53,0.849,11.709,11.856,normal,0.0066,-0.72,False,False,False,False,False,OK: within lot-relative limits (max 1.5 robust-sigma < 5); predicted 168h drift inside the lot safety envelope.
T06,T06-P0293,Iddq,uA,11.4228,12.9012,PASS,0.964,2.42,0.964,13.616,13.993,normal,0.0131,1.33,False,False,False,False,False,OK: within lot-relative limits (max 2.4 robust-sigma < 5); predicted 168h drift inside the lot safety envelope.
T06,T06-P0294,Iddq,uA,11.4423,12.3748,PASS,0.962,2.11,0.962,12.954,13.18,normal,0.009,-0.07,False,False,False,False,False,OK: within lot-relative limits (max 2.1 robust-sigma < 5); predicted 168h drift inside the lot safety envelope.
T06,T06-P0295,Iddq,uA,8.9284,9.8435,PASS,0.523,0.66,0.523,10.472,10.603,normal,0.0092,0.89,False,False,False,False,False,OK: within lot-relative limits (max 0.7 robust-sigma < 5); predicted 168h drift inside the lot safety envelope.
T06,T06-P0296,Iddq,uA,8.4851,9.8219,PASS,0.894,2.35,0.894,10.773,10.795,normal,0.0136,3.05,False,False,False,False,False,OK: within lot-relative limits (max 2.3 robust-sigma < 5); predicted 168h drift inside the lot safety envelope.
T06,T06-P0297,Iddq,uA,6.8879,7.6843,PASS,0.226,1.07,0.226,8.489,8.489,normal,0.0095,2.24,False,False,False,False,False,OK: within lot-relative limits (max 1.1 robust-sigma < 5); predicted 168h drift inside the lot safety envelope.
T06,T06-P0298,Iddq,uA,8.562,9.7442,PASS,0.793,1.76,0.793,10.511,10.608,normal,0.0116,2.14,False,False,False,False,False,OK: within lot-relative limits (max 1.8 robust-sigma < 5); predicted 168h drift inside the lot safety envelope.
T06,T06-P0299,Iddq,uA,12.0223,13.1135,PASS,0.97,2.54,0.97,13.779,14.078,normal,0.0105,0.26,False,False,False,False,False,OK: within lot-relative limits (max 2.5 robust-sigma < 5); predicted 168h drift inside the lot safety envelope.
T06,T06-P0300,Iddq,uA,6.9506,7.4162,PASS,0.103,0.48,0.103,7.754,7.916,normal,0.0048,-0.47,False,False,False,False,False,OK: within lot-relative limits (max 0.5 robust-sigma < 5); predicted 168h drift inside the lot safety envelope.
T06,T06-P0301,Iddq,uA,7.0428,7.9144,PASS,0.339,1.32,0.339,8.595,8.595,normal,0.0092,1.97,False,False,False,False,False,OK: within lot-relative limits (max 1.3 robust-sigma < 5); predicted 168h drift inside the lot safety envelope.
T06,T06-P0302,Iddq,uA,9.6555,10.3295,PASS,0.675,0.85,0.675,10.855,11.036,normal,0.0071,-0.26,False,False,False,False,False,OK: within lot-relative limits (max 0.8 robust-sigma < 5); predicted 168h drift inside the lot safety envelope.
T06,T06-P0303,Iddq,uA,9.5511,10.5045,PASS,0.663,0.87,0.663,11.139,11.268,normal,0.0094,0.74,False,False,False,False,False,OK: within lot-relative limits (max 0.9 robust-sigma < 5); predicted 168h drift inside the lot safety envelope.
T06,T06-P0304,Iddq,uA,6.6272,7.4784,PASS,0.37,1.47,0.37,7.985,8.122,normal,0.0081,1.62,False,False,False,False,False,OK: within lot-relative limits (max 1.5 robust-sigma < 5); predicted 168h drift inside the lot safety envelope.
T06,T06-P0305,Iddq,uA,8.5118,9.0973,PASS,0.154,0.42,0.154,9.564,9.729,normal,0.0063,-0.27,False,False,False,False,False,OK: within lot-relative limits (max 0.4 robust-sigma < 5); predicted 168h drift inside the lot safety envelope.
T06,T06-P0306,Iddq,uA,9.0639,9.6579,PASS,0.574,0.52,0.574,10.142,10.288,normal,0.0064,-0.39,False,False,False,False,False,OK: within lot-relative limits (max 0.5 robust-sigma < 5); predicted 168h drift inside the lot safety envelope.
T06,T06-P0307,Iddq,uA,7.0175,7.53,PASS,0.261,0.28,0.261,7.903,8.042,normal,0.0053,-0.21,False,False,False,False,False,OK: within lot-relative limits (max 0.3 robust-sigma < 5); predicted 168h drift inside the lot safety envelope.
T06,T06-P0308,Iddq,uA,9.7401,10.5572,PASS,0.824,0.91,0.824,11.094,11.301,normal,0.0081,0.1,False,False,False,False,False,OK: within lot-relative limits (max 0.9 robust-sigma < 5); predicted 168h drift inside the lot safety envelope.
T06,T06-P0309,Iddq,uA,7.202,7.965,PASS,0.082,0.77,0.082,8.461,8.612,normal,0.0075,0.94,False,False,False,False,False,OK: within lot-relative limits (max 0.8 robust-sigma < 5); predicted 168h drift inside the lot safety envelope.
T06,T06-P0310,Iddq,uA,10.1442,10.726,PASS,0.721,1.21,0.721,11.238,11.414,normal,0.0065,-0.66,False,False,False,False,False,OK: within lot-relative limits (max 1.2 robust-sigma < 5); predicted 168h drift inside the lot safety envelope.
T06,T06-P0311,Iddq,uA,8.8817,9.9773,PASS,0.724,1.31,0.724,10.734,10.798,normal,0.011,1.71,False,False,False,False,False,OK: within lot-relative limits (max 1.3 robust-sigma < 5); predicted 168h drift inside the lot safety envelope.
T06,T06-P0312,Iddq,uA,7.9183,8.4875,PASS,0.25,0.32,0.25,8.942,9.07,normal,0.0061,-0.14,False,False,False,False,False,OK: within lot-relative limits (max 0.3 robust-sigma < 5); predicted 168h drift inside the lot safety envelope.
T06,T06-P0313,Iddq,uA,6.896,7.2677,PASS,0.116,0.91,0.116,7.742,7.742,normal,0.005,-0.3,False,False,False,False,False,OK: within lot-relative limits (max 0.9 robust-sigma < 5); predicted 168h drift inside the lot safety envelope.
T06,T06-P0314,Iddq,uA,8.2396,8.8492,PASS,0.251,0.25,0.251,9.305,9.448,normal,0.0063,-0.14,False,False,False,False,False,OK: within lot-relative limits (max 0.3 robust-sigma < 5); predicted 168h drift inside the lot safety envelope.
T06,T06-P0315,Iddq,uA,8.4642,9.2352,PASS,0.241,0.3,0.241,9.774,9.94,normal,0.0078,0.47,False,False,False,False,False,OK: within lot-relative limits (max 0.3 robust-sigma < 5); predicted 168h drift inside the lot safety envelope.
T06,T06-P0316,Iddq,uA,8.5418,8.996,PASS,0.142,0.93,0.142,9.442,9.574,normal,0.0054,-0.72,False,False,False,False,False,OK: within lot-relative limits (max 0.9 robust-sigma < 5); predicted 168h drift inside the lot safety envelope.
T06,T06-P0317,Iddq,uA,7.8291,8.4721,PASS,0.429,0.01,0.429,8.886,9.022,normal,0.0063,0.0,False,False,False,False,False,OK: within lot-relative limits (max 0.0 robust-sigma < 5); predicted 168h drift inside the lot safety envelope.
T06,T06-P0318,Iddq,uA,8.4632,9.2409,PASS,0.25,0.32,0.25,9.836,9.939,normal,0.0082,0.64,False,False,False,False,False,OK: within lot-relative limits (max 0.3 robust-sigma < 5); predicted 168h drift inside the lot safety envelope.
T06,T06-P0319,Iddq,uA,9.6614,10.3899,PASS,0.741,0.85,0.741,10.916,11.096,normal,0.0075,-0.12,False,False,False,False,False,OK: within lot-relative limits (max 0.8 robust-sigma < 5); predicted 168h drift inside the lot safety envelope.
T06,T06-P0320,Iddq,uA,7.7142,8.4119,PASS,0.26,0.28,0.26,8.908,9.037,normal,0.0071,0.47,False,False,False,False,False,OK: within lot-relative limits (max 0.3 robust-sigma < 5); predicted 168h drift inside the lot safety envelope.
T06,T06-P0321,Iddq,uA,8.2943,8.878,PASS,0.219,0.37,0.219,9.32,9.48,normal,0.0061,-0.27,False,False,False,False,False,OK: within lot-relative limits (max 0.4 robust-sigma < 5); predicted 168h drift inside the lot safety envelope.
T06,T06-P0322,Iddq,uA,9.248,9.6514,PASS,0.723,1.25,0.723,10.116,10.283,normal,0.0052,-1.01,False,False,False,False,False,OK: within lot-relative limits (max 1.2 robust-sigma < 5); predicted 168h drift inside the lot safety envelope.
T06,T06-P0323,Iddq,uA,8.5476,9.0197,PASS,0.158,0.86,0.158,10.741,10.741,normal,0.0131,2.77,False,False,False,False,False,OK: within lot-relative limits (max 0.9 robust-sigma < 5); predicted 168h drift inside the lot safety envelope.
T06,T06-P0324,Iddq,uA,9.6041,10.2723,PASS,0.651,0.81,0.651,10.797,10.977,normal,0.0071,-0.26,False,False,False,False,False,OK: within lot-relative limits (max 0.8 robust-sigma < 5); predicted 168h drift inside the lot safety envelope.
T06,T06-P0325,Iddq,uA,10.8087,11.1359,PASS,0.927,1.69,0.927,11.671,11.834,normal,0.0051,-1.36,False,False,False,False,False,OK: within lot-relative limits (max 1.7 robust-sigma < 5); predicted 168h drift inside the lot safety envelope.
T06,T06-P0326,Iddq,uA,8.2025,8.9678,PASS,0.219,0.37,0.219,9.5,9.635,normal,0.0077,0.55,False,False,False,False,False,OK: within lot-relative limits (max 0.4 robust-sigma < 5); predicted 168h drift inside the lot safety envelope.
T06,T06-P0327,Iddq,uA,8.9647,9.5417,PASS,0.581,0.56,0.581,10.018,10.159,normal,0.0063,-0.42,False,False,False,False,False,OK: within lot-relative limits (max 0.6 robust-sigma < 5); predicted 168h drift inside the lot safety envelope.
T06,T06-P0328,Iddq,uA,5.7635,6.2113,PASS,0.333,0.13,0.333,6.473,6.646,normal,0.0042,-0.29,False,False,False,False,False,OK: within lot-relative limits (max 0.1 robust-sigma < 5); predicted 168h drift inside the lot safety envelope.
T06,T06-P0329,Iddq,uA,8.1274,9.4373,PASS,0.787,2.46,0.787,10.368,10.368,normal,0.0133,3.18,False,False,False,False,False,OK: within lot-relative limits (max 2.5 robust-sigma < 5); predicted 168h drift inside the lot safety envelope.
T06,T06-P0330,Iddq,uA,9.3146,10.1636,PASS,0.646,0.62,0.646,10.757,10.939,normal,0.0086,0.47,False,False,False,False,False,OK: within lot-relative limits (max 0.6 robust-sigma < 5); predicted 168h drift inside the lot safety envelope.
T06,T06-P0331,Iddq,uA,7.4038,7.7547,PASS,0.221,1.12,0.221,8.081,8.233,normal,0.004,-1.07,False,False,False,False,False,OK: within lot-relative limits (max 1.1 robust-sigma < 5); predicted 168h drift inside the lot safety envelope.
T06,T06-P0332,Iddq,uA,10.3651,10.9197,PASS,0.786,1.37,0.786,11.947,11.947,normal,0.0094,0.42,False,False,False,False,False,OK: within lot-relative limits (max 1.4 robust-sigma < 5); predicted 168h drift inside the lot safety envelope.
T06,T06-P0333,Iddq,uA,6.6429,7.1861,PASS,0.437,0.0,0.437,7.498,7.647,normal,0.0051,-0.15,False,False,False,False,False,OK: within lot-relative limits (max 0.0 robust-sigma < 5); predicted 168h drift inside the lot safety envelope.
T06,T06-P0334,Iddq,uA,10.2688,11.6493,PASS,0.908,1.65,0.908,12.55,12.691,normal,0.0136,2.01,False,False,False,False,False,OK: within lot-relative limits (max 1.7 robust-sigma < 5); predicted 168h drift inside the lot safety envelope.
T06,T06-P0335,Iddq,uA,7.9642,8.516,PASS,0.184,0.4,0.184,8.949,9.103,normal,0.0059,-0.27,False,False,False,False,False,OK: within lot-relative limits (max 0.4 robust-sigma < 5); predicted 168h drift inside the lot safety envelope.
T06,T06-P0336,Iddq,uA,7.527,8.4523,PASS,0.311,1.3,0.311,9.045,9.151,normal,0.009,1.55,False,False,False,False,False,OK: within lot-relative limits (max 1.3 robust-sigma < 5); predicted 168h drift inside the lot safety envelope.
T06,T06-P0337,Iddq,uA,8.0354,8.5904,PASS,0.174,0.41,0.174,9.029,9.184,normal,0.0059,-0.27,False,False,False,False,False,OK: within lot-relative limits (max 0.4 robust-sigma < 5); predicted 168h drift inside the lot safety envelope.
T06,T06-P0338,Iddq,uA,8.2571,9.5927,PASS,0.872,2.47,0.872,10.548,10.548,normal,0.0136,3.22,False,False,False,False,False,OK: within lot-relative limits (max 2.5 robust-sigma < 5); predicted 168h drift inside the lot safety envelope.
T06,T06-P0339,Iddq,uA,7.3721,8.8131,REJECT,0.917,3.47,0.917,10.565,11.524,normal,0.019,6.35,False,False,False,True,False,EARLY REJECT (drift forecast): predicted Iddq@168h = 10.6 uA from 0h/24h readings; drift slope 0.019 uA/h exceeds lot safety slope 0.016 uA/h (6.3 robust-sigma).
T06,T06-P0340,Iddq,uA,7.1683,7.4814,PASS,0.299,1.24,0.299,7.817,7.975,normal,0.0039,-1.09,False,False,False,False,False,OK: within lot-relative limits (max 1.2 robust-sigma < 5); predicted 168h drift inside the lot safety envelope.
T06,T06-P0341,Iddq,uA,8.1455,8.7658,PASS,0.296,0.18,0.296,9.198,9.355,normal,0.0063,-0.14,False,False,False,False,False,OK: within lot-relative limits (max 0.2 robust-sigma < 5); predicted 168h drift inside the lot safety envelope.
T06,T06-P0342,Iddq,uA,9.7994,10.6008,PASS,0.854,0.95,0.854,11.129,11.292,normal,0.0079,0.01,False,False,False,False,False,OK: within lot-relative limits (max 1.0 robust-sigma < 5); predicted 168h drift inside the lot safety envelope.
T06,T06-P0343,Iddq,uA,9.0552,10.0644,PASS,0.644,0.94,0.644,10.706,10.862,normal,0.0098,1.11,False,False,False,False,False,OK: within lot-relative limits (max 0.9 robust-sigma < 5); predicted 168h drift inside the lot safety envelope.
T06,T06-P0344,Iddq,uA,10.3415,11.0563,PASS,0.806,1.35,0.806,11.62,11.82,normal,0.0076,-0.28,False,False,False,False,False,OK: within lot-relative limits (max 1.4 robust-sigma < 5); predicted 168h drift inside the lot safety envelope.
T06,T06-P0345,Iddq,uA,7.9789,8.6477,PASS,0.391,0.07,0.391,9.083,9.258,normal,0.0066,0.08,False,False,False,False,False,OK: within lot-relative limits (max 0.1 robust-sigma < 5); predicted 168h drift inside the lot safety envelope.
T06,T06-P0346,Iddq,uA,8.2657,9.1133,PASS,0.066,0.66,0.024,9.655,9.816,normal,0.0083,0.78,False,False,False,False,False,OK: within lot-relative limits (max 0.7 robust-sigma < 5); predicted 168h drift inside the lot safety envelope.
T06,T06-P0347,Iddq,uA,8.3186,8.8402,PASS,0.062,0.62,0.049,9.211,9.409,normal,0.0053,-0.67,False,False,False,False,False,OK: within lot-relative limits (max 0.6 robust-sigma < 5); predicted 168h drift inside the lot safety envelope.
T06,T06-P0348,Iddq,uA,8.8728,9.1935,PASS,0.59,1.5,0.59,9.638,9.794,normal,0.0046,-1.2,False,False,False,False,False,OK: within lot-relative limits (max 1.5 robust-sigma < 5); predicted 168h drift inside the lot safety envelope.
T06,T06-P0349,Iddq,uA,9.2922,9.6114,PASS,0.826,1.56,0.826,10.125,10.252,normal,0.005,-1.11,False,False,False,False,False,OK: within lot-relative limits (max 1.6 robust-sigma < 5); predicted 168h drift inside the lot safety envelope.
T06,T06-P0350,Iddq,uA,11.0148,11.5942,PASS,0.904,1.82,0.904,12.144,12.328,normal,0.0067,-0.79,False,False,False,False,False,OK: within lot-relative limits (max 1.8 robust-sigma < 5); predicted 168h drift inside the lot safety envelope.
T06,T06-P0351,Iddq,uA,9.5971,10.4538,PASS,0.725,0.84,0.725,11.07,11.232,normal,0.0088,0.44,False,False,False,False,False,OK: within lot-relative limits (max 0.8 robust-sigma < 5); predicted 168h drift inside the lot safety envelope.
T06,T06-P0352,Iddq,uA,8.7913,9.3573,PASS,0.482,0.56,0.482,9.802,9.962,normal,0.006,-0.49,False,False,False,False,False,OK: within lot-relative limits (max 0.6 robust-sigma < 5); predicted 168h drift inside the lot safety envelope.
T06,T06-P0353,Iddq,uA,10.3699,10.9957,PASS,0.765,1.37,0.765,11.482,11.729,normal,0.0066,-0.67,False,False,False,False,False,OK: within lot-relative limits (max 1.4 robust-sigma < 5); predicted 168h drift inside the lot safety envelope.
T06,T06-P0354,Iddq,uA,7.7934,8.649,PASS,0.139,0.89,0.139,9.213,9.349,normal,0.0085,1.11,False,False,False,False,False,OK: within lot-relative limits (max 0.9 robust-sigma < 5); predicted 168h drift inside the lot safety envelope.
T06,T06-P0355,Iddq,uA,7.1562,7.9905,PASS,0.187,1.1,0.187,8.531,8.651,normal,0.0082,1.34,False,False,False,False,False,OK: within lot-relative limits (max 1.1 robust-sigma < 5); predicted 168h drift inside the lot safety envelope.
T06,T06-P0356,Iddq,uA,9.4126,10.3153,PASS,0.585,0.73,0.585,10.947,11.076,normal,0.0091,0.66,False,False,False,False,False,OK: within lot-relative limits (max 0.7 robust-sigma < 5); predicted 168h drift inside the lot safety envelope.
T06,T06-P0357,Iddq,uA,8.6803,9.3538,PASS,0.476,0.13,0.476,9.808,10.002,normal,0.0067,-0.12,False,False,False,False,False,OK: within lot-relative limits (max 0.1 robust-sigma < 5); predicted 168h drift inside the lot safety envelope.
T06,T06-P0358,Iddq,uA,8.657,9.7976,PASS,0.814,1.57,0.814,10.473,10.677,normal,0.0108,1.74,False,False,False,False,False,OK: within lot-relative limits (max 1.6 robust-sigma < 5); predicted 168h drift inside the lot safety envelope.
T06,T06-P0359,Iddq,uA,9.7167,10.7375,PASS,0.667,1.04,0.667,11.364,11.613,normal,0.0098,0.82,False,False,False,False,False,OK: within lot-relative limits (max 1.0 robust-sigma < 5); predicted 168h drift inside the lot safety envelope.
T06,T06-P0360,Iddq,uA,8.1121,8.556,PASS,0.172,0.88,0.172,8.982,9.109,normal,0.0052,-0.67,False,False,False,False,False,OK: within lot-relative limits (max 0.9 robust-sigma < 5); predicted 168h drift inside the lot safety envelope.
T06,T06-P0361,Iddq,uA,8.469,9.1509,PASS,0.407,0.04,0.407,9.578,9.759,normal,0.0066,-0.1,False,False,False,False,False,OK: within lot-relative limits (max 0.0 robust-sigma < 5); predicted 168h drift inside the lot safety envelope.
T06,T06-P0362,Iddq,uA,9.2471,9.9608,PASS,0.676,0.53,0.676,10.462,10.643,normal,0.0072,-0.09,False,False,False,False,False,OK: within lot-relative limits (max 0.5 robust-sigma < 5); predicted 168h drift inside the lot safety envelope.
T06,T06-P0363,Iddq,uA,9.4446,10.2162,PASS,0.811,0.68,0.811,10.726,10.883,normal,0.0076,0.01,False,False,False,False,False,OK: within lot-relative limits (max 0.7 robust-sigma < 5); predicted 168h drift inside the lot safety envelope.
T06,T06-P0364,Iddq,uA,9.8115,11.0087,PASS,0.81,1.27,0.81,11.81,11.928,normal,0.0119,1.6,False,False,False,False,False,OK: within lot-relative limits (max 1.3 robust-sigma < 5); predicted 168h drift inside the lot safety envelope.
T06,T06-P0365,Iddq,uA,8.7545,9.4897,PASS,0.651,0.12,0.651,9.97,10.158,normal,0.0072,0.09,False,False,False,False,False,OK: within lot-relative limits (max 0.1 robust-sigma < 5); predicted 168h drift inside the lot safety envelope.
T06,T06-P0366,Iddq,uA,8.963,9.9171,PASS,0.54,0.78,0.54,10.525,10.712,normal,0.0093,0.93,False,False,False,False,False,OK: within lot-relative limits (max 0.8 robust-sigma < 5); predicted 168h drift inside the lot safety envelope.
T06,T06-P0367,Iddq,uA,6.1936,6.5025,PASS,0.202,1.04,0.202,6.802,6.895,normal,0.0036,-0.9,False,False,False,False,False,OK: within lot-relative limits (max 1.0 robust-sigma < 5); predicted 168h drift inside the lot safety envelope.
T06,T06-P0368,Iddq,uA,10.2129,11.1252,PASS,0.837,1.3,0.837,11.78,11.953,normal,0.0093,0.44,False,False,False,False,False,OK: within lot-relative limits (max 1.3 robust-sigma < 5); predicted 168h drift inside the lot safety envelope.
T06,T06-P0369,Iddq,uA,7.1102,7.3513,PASS,0.402,1.57,0.402,7.723,7.828,normal,0.0037,-1.2,False,False,False,False,False,OK: within lot-relative limits (max 1.6 robust-sigma < 5); predicted 168h drift inside the lot safety envelope.
T06,T06-P0370,Iddq,uA,8.6077,9.1697,PASS,0.053,0.53,0.03,9.631,9.77,normal,0.0061,-0.39,False,False,False,False,False,OK: within lot-relative limits (max 0.5 robust-sigma < 5); predicted 168h drift inside the lot safety envelope.
T06,T06-P0371,Iddq,uA,11.9923,13.1585,PASS,0.967,2.57,0.967,13.841,14.106,normal,0.011,0.46,False,False,False,False,False,OK: within lot-relative limits (max 2.6 robust-sigma < 5); predicted 168h drift inside the lot safety envelope.
T06,T06-P0372,Iddq,uA,8.1967,9.0147,PASS,0.091,0.57,0.091,9.558,9.67,normal,0.0081,0.73,False,False,False,False,False,OK: within lot-relative limits (max 0.6 robust-sigma < 5); predicted 168h drift inside the lot safety envelope.
T06,T06-P0373,Iddq,uA,6.9284,7.5899,PASS,0.115,0.44,0.115,8.068,8.155,normal,0.0068,0.7,False,False,False,False,False,OK: within lot-relative limits (max 0.4 robust-sigma < 5); predicted 168h drift inside the lot safety envelope.
T06,T06-P0374,Iddq,uA,10.6676,11.2895,PASS,0.848,1.58,0.848,11.811,11.993,normal,0.0068,-0.67,False,False,False,False,False,OK: within lot-relative limits (max 1.6 robust-sigma < 5); predicted 168h drift inside the lot safety envelope.
T06,T06-P0375,Iddq,uA,8.0381,8.482,PASS,0.158,0.86,0.158,8.9,9.026,normal,0.0051,-0.67,False,False,False,False,False,OK: within lot-relative limits (max 0.9 robust-sigma < 5); predicted 168h drift inside the lot safety envelope.
T06,T06-P0376,Iddq,uA,8.5142,8.9223,PASS,0.211,1.1,0.211,9.307,9.467,normal,0.0047,-1.02,False,False,False,False,False,OK: within lot-relative limits (max 1.1 robust-sigma < 5); predicted 168h drift inside the lot safety envelope.
T06,T06-P0377,Iddq,uA,8.4473,9.3454,PASS,0.086,0.78,0.086,9.878,10.095,normal,0.0085,0.81,False,False,False,False,False,OK: within lot-relative limits (max 0.8 robust-sigma < 5); predicted 168h drift inside the lot safety envelope.
T06,T06-P0378,Iddq,uA,9.5252,9.8587,PASS,0.82,1.53,0.82,10.391,10.514,normal,0.0052,-1.08,False,False,False,False,False,OK: within lot-relative limits (max 1.5 robust-sigma < 5); predicted 168h drift inside the lot safety envelope.
T06,T06-P0379,Iddq,uA,9.4759,10.5794,PASS,0.744,1.09,0.744,11.246,11.449,normal,0.0105,1.21,False,False,False,False,False,OK: within lot-relative limits (max 1.1 robust-sigma < 5); predicted 168h drift inside the lot safety envelope.
T06,T06-P0380,Iddq,uA,8.5828,8.8527,PASS,0.42,1.65,0.42,9.352,9.411,normal,0.0046,-1.11,False,False,False,False,False,OK: within lot-relative limits (max 1.7 robust-sigma < 5); predicted 168h drift inside the lot safety envelope.
T06,T06-P0381,Iddq,uA,9.8352,10.8465,PASS,0.691,1.11,0.691,11.49,11.68,normal,0.0098,0.78,False,False,False,False,False,OK: within lot-relative limits (max 1.1 robust-sigma < 5); predicted 168h drift inside the lot safety envelope.
T06,T06-P0382,Iddq,uA,7.4327,8.2774,PASS,0.186,1.01,0.186,8.773,8.921,normal,0.008,1.07,False,False,False,False,False,OK: within lot-relative limits (max 1.0 robust-sigma < 5); predicted 168h drift inside the lot safety envelope.
T06,T06-P0383,Iddq,uA,9.2713,10.6549,PASS,0.907,2.1,0.907,11.617,11.661,normal,0.014,2.69,False,False,False,False,False,OK: within lot-relative limits (max 2.1 robust-sigma < 5); predicted 168h drift inside the lot safety envelope.
T06,T06-P0384,Iddq,uA,7.9161,8.3806,PASS,0.075,0.75,0.072,8.765,8.953,normal,0.0051,-0.67,False,False,False,False,False,OK: within lot-relative limits (max 0.7 robust-sigma < 5); predicted 168h drift inside the lot safety envelope.
T06,T06-P0385,Iddq,uA,9.3945,10.1254,PASS,0.695,0.64,0.695,10.615,10.825,normal,0.0073,-0.12,False,False,False,False,False,OK: within lot-relative limits (max 0.6 robust-sigma < 5); predicted 168h drift inside the lot safety envelope.
T06,T06-P0386,Iddq,uA,7.7405,8.1565,PASS,0.122,0.91,0.122,8.571,8.692,normal,0.0049,-0.67,False,False,False,False,False,OK: within lot-relative limits (max 0.9 robust-sigma < 5); predicted 168h drift inside the lot safety envelope.
T06,T06-P0387,Iddq,uA,8.0403,8.9474,PASS,0.176,0.98,0.176,9.505,9.651,normal,0.0087,1.11,False,False,False,False,False,OK: within lot-relative limits (max 1.0 robust-sigma < 5); predicted 168h drift inside the lot safety envelope.
T06,T06-P0388,Iddq,uA,10.5976,11.2659,PASS,0.833,1.53,0.833,11.734,11.999,normal,0.0068,-0.67,False,False,False,False,False,OK: within lot-relative limits (max 1.5 robust-sigma < 5); predicted 168h drift inside the lot safety envelope.
T06,T06-P0389,Iddq,uA,7.5012,7.7513,PASS,0.41,1.59,0.41,8.155,8.247,normal,0.0039,-1.17,False,False,False,False,False,OK: within lot-relative limits (max 1.6 robust-sigma < 5); predicted 168h drift inside the lot safety envelope.
T06,T06-P0390,Iddq,uA,7.4251,7.8576,PASS,0.082,0.76,0.082,8.209,8.354,normal,0.0047,-0.72,False,False,False,False,False,OK: within lot-relative limits (max 0.8 robust-sigma < 5); predicted 168h drift inside the lot safety envelope.
T06,T06-P0391,Iddq,uA,9.3728,10.1907,PASS,0.692,0.64,0.692,10.739,10.952,normal,0.0081,0.26,False,False,False,False,False,OK: within lot-relative limits (max 0.6 robust-sigma < 5); predicted 168h drift inside the lot safety envelope.
T06,T06-P0392,Iddq,uA,8.3508,9.0699,PASS,0.327,0.14,0.327,9.563,9.757,normal,0.0072,0.24,False,False,False,False,False,OK: within lot-relative limits (max 0.1 robust-sigma < 5); predicted 168h drift inside the lot safety envelope.
T06,T06-P0393,Iddq,uA,8.1002,9.1478,PASS,0.385,1.49,0.385,9.744,9.922,normal,0.0098,1.58,False,False,False,False,False,OK: within lot-relative limits (max 1.5 robust-sigma < 5); predicted 168h drift inside the lot safety envelope.
T06,T06-P0394,Iddq,uA,8.4348,8.7295,PASS,0.398,1.54,0.398,9.184,9.31,normal,0.0045,-1.13,False,False,False,False,False,OK: within lot-relative limits (max 1.5 robust-sigma < 5); predicted 168h drift inside the lot safety envelope.
T06,T06-P0395,Iddq,uA,11.3993,12.7488,PASS,0.957,2.33,0.957,13.412,13.793,normal,0.012,0.98,False,False,False,False,False,OK: within lot-relative limits (max 2.3 robust-sigma < 5); predicted 168h drift inside the lot safety envelope.
T06,T06-P0396,Iddq,uA,7.4143,8.1607,PASS,0.066,0.6,0.066,8.632,8.768,normal,0.0072,0.69,False,False,False,False,False,OK: within lot-relative limits (max 0.6 robust-sigma < 5); predicted 168h drift inside the lot safety envelope.
T06,T06-P0397,Iddq,uA,8.1687,9.4924,PASS,0.826,2.48,0.826,10.435,10.435,normal,0.0135,3.22,False,False,False,False,False,OK: within lot-relative limits (max 2.5 robust-sigma < 5); predicted 168h drift inside the lot safety envelope.
T06,T06-P0398,Iddq,uA,8.8098,9.3016,PASS,0.487,0.84,0.487,9.787,9.893,normal,0.0058,-0.58,False,False,False,False,False,OK: within lot-relative limits (max 0.8 robust-sigma < 5); predicted 168h drift inside the lot safety envelope.
T06,T06-P0399,Iddq,uA,7.5399,8.0619,PASS,0.185,0.4,0.185,8.456,8.618,normal,0.0055,-0.33,False,False,False,False,False,OK: within lot-relative limits (max 0.4 robust-sigma < 5); predicted 168h drift inside the lot safety envelope.
T06,T06-P0400,Iddq,uA,8.5078,9.4938,PASS,0.469,1.08,0.469,10.042,10.28,normal,0.0091,1.07,False,False,False,False,False,OK: within lot-relative limits (max 1.1 robust-sigma < 5); predicted 168h drift inside the lot safety envelope.
T06,T06-P0401,Iddq,uA,9.1826,9.9294,PASS,0.784,0.47,0.784,10.442,10.581,normal,0.0075,0.05,False,False,False,False,False,OK: within lot-relative limits (max 0.5 robust-sigma < 5); predicted 168h drift inside the lot safety envelope.
T06,T06-P0402,Iddq,uA,7.5033,7.9955,PASS,0.052,0.52,0.032,8.378,8.517,normal,0.0052,-0.45,False,False,False,False,False,OK: within lot-relative limits (max 0.5 robust-sigma < 5); predicted 168h drift inside the lot safety envelope.
T06,T06-P0403,Iddq,uA,9.931,10.8682,PASS,0.736,1.13,0.736,11.503,11.666,normal,0.0094,0.55,False,False,False,False,False,OK: within lot-relative limits (max 1.1 robust-sigma < 5); predicted 168h drift inside the lot safety envelope.
T06,T06-P0404,Iddq,uA,7.3502,7.7905,PASS,0.071,0.71,0.017,8.126,8.314,normal,0.0046,-0.72,False,False,False,False,False,OK: within lot-relative limits (max 0.7 robust-sigma < 5); predicted 168h drift inside the lot safety envelope.
T06,T06-P0405,Iddq,uA,8.6068,9.2786,PASS,0.351,0.12,0.351,9.725,9.918,normal,0.0067,-0.12,False,False,False,False,False,OK: within lot-relative limits (max 0.1 robust-sigma < 5); predicted 168h drift inside the lot safety envelope.
T06,T06-P0406,Iddq,uA,9.0665,10.3051,PASS,0.847,1.72,0.847,11.133,11.233,normal,0.0123,2.14,False,False,False,False,False,OK: within lot-relative limits (max 1.7 robust-sigma < 5); predicted 168h drift inside the lot safety envelope.
T06,T06-P0407,Iddq,uA,13.0523,14.1547,PASS,0.98,3.12,0.98,14.759,15.139,normal,0.0102,-0.1,False,False,False,False,False,OK: within lot-relative limits (max 3.1 robust-sigma < 5); predicted 168h drift inside the lot safety envelope.
T06,T06-P0408,Iddq,uA,6.7704,7.575,PASS,0.276,1.17,0.276,8.059,8.2,normal,0.0077,1.29,False,False,False,False,False,OK: within lot-relative limits (max 1.2 robust-sigma < 5); predicted 168h drift inside the lot safety envelope.
T06,T06-P0409,Iddq,uA,8.9552,9.5299,PASS,0.59,0.57,0.59,10.004,10.148,normal,0.0062,-0.43,False,False,False,False,False,OK: within lot-relative limits (max 0.6 robust-sigma < 5); predicted 168h drift inside the lot safety envelope.
T06,T06-P0410,Iddq,uA,12.2368,13.9864,PASS,0.979,3.03,0.979,14.954,15.246,normal,0.0162,2.01,False,False,False,False,False,OK: within lot-relative limits (max 3.0 robust-sigma < 5); predicted 168h drift inside the lot safety envelope.
T06,T06-P0411,Iddq,uA,7.8868,8.483,PASS,0.284,0.2,0.284,8.906,9.058,normal,0.0061,-0.14,False,False,False,False,False,OK: within lot-relative limits (max 0.2 robust-sigma < 5); predicted 168h drift inside the lot safety envelope.
T06,T06-P0412,Iddq,uA,10.044,10.4747,PASS,0.806,1.27,0.806,10.934,11.168,normal,0.0053,-1.14,False,False,False,False,False,OK: within lot-relative limits (max 1.3 robust-sigma < 5); predicted 168h drift inside the lot safety envelope.
T06,T06-P0413,Iddq,uA,8.7762,9.6201,PASS,0.568,0.46,0.568,10.209,10.327,normal,0.0085,0.67,False,False,False,False,False,OK: within lot-relative limits (max 0.5 robust-sigma < 5); predicted 168h drift inside the lot safety envelope.
T06,T06-P0414,Iddq,uA,7.0217,7.7392,PASS,0.065,0.65,0.023,8.246,8.343,normal,0.0073,0.93,False,False,False,False,False,OK: within lot-relative limits (max 0.6 robust-sigma < 5); predicted 168h drift inside the lot safety envelope.
T06,T06-P0415,Iddq,uA,9.1453,10.1798,PASS,0.643,0.99,0.643,10.813,10.977,normal,0.0099,1.11,False,False,False,False,False,OK: within lot-relative limits (max 1.0 robust-sigma < 5); predicted 168h drift inside the lot safety envelope.
T06,T06-P0416,Iddq,uA,7.5902,8.6456,PASS,0.45,1.79,0.45,9.316,9.404,normal,0.0103,2.13,False,False,False,False,False,OK: within lot-relative limits (max 1.8 robust-sigma < 5); predicted 168h drift inside the lot safety envelope.
T06,T06-P0417,Iddq,uA,8.6898,9.5868,PASS,0.512,0.68,0.512,10.149,10.35,normal,0.0087,0.78,False,False,False,False,False,OK: within lot-relative limits (max 0.7 robust-sigma < 5); predicted 168h drift inside the lot safety envelope.
T06,T06-P0418,Iddq,uA,7.0936,7.6235,PASS,0.281,0.23,0.281,8.045,8.154,normal,0.0057,-0.02,False,False,False,False,False,OK: within lot-relative limits (max 0.2 robust-sigma < 5); predicted 168h drift inside the lot safety envelope.
T06,T06-P0419,Iddq,uA,9.3743,10.3453,PASS,0.558,0.76,0.558,10.951,11.166,normal,0.0094,0.78,False,False,False,False,False,OK: within lot-relative limits (max 0.8 robust-sigma < 5); predicted 168h drift inside the lot safety envelope.
T06,T06-P0420,Iddq,uA,6.2066,6.7803,PASS,0.213,0.34,0.213,7.157,7.294,normal,0.0057,0.43,False,False,False,False,False,OK: within lot-relative limits (max 0.3 robust-sigma < 5); predicted 168h drift inside the lot safety envelope.
T06,T06-P0421,Iddq,uA,8.4647,8.9226,PASS,0.109,0.9,0.109,9.373,9.505,normal,0.0054,-0.67,False,False,False,False,False,OK: within lot-relative limits (max 0.9 robust-sigma < 5); predicted 168h drift inside the lot safety envelope.
T06,T06-P0422,Iddq,uA,10.22,11.7253,PASS,0.933,2.04,0.933,12.837,12.854,normal,0.0156,2.76,False,False,False,False,False,OK: within lot-relative limits (max 2.0 robust-sigma < 5); predicted 168h drift inside the lot safety envelope.
T06,T06-P0423,Iddq,uA,9.3382,10.5092,PASS,0.784,1.37,0.784,11.235,11.368,normal,0.0113,1.59,False,False,False,False,False,OK: within lot-relative limits (max 1.4 robust-sigma < 5); predicted 168h drift inside the lot safety envelope.
T06,T06-P0424,Iddq,uA,8.1483,8.989,PASS,0.068,0.68,0.007,9.517,9.705,normal,0.0081,0.78,False,False,False,False,False,OK: within lot-relative limits (max 0.7 robust-sigma < 5); predicted 168h drift inside the lot safety envelope.
T06,T06-P0425,Iddq,uA,8.2454,9.1151,PASS,0.075,0.75,0.072,9.642,9.854,normal,0.0083,0.81,False,False,False,False,False,OK: within lot-relative limits (max 0.8 robust-sigma < 5); predicted 168h drift inside the lot safety envelope.
T06,T06-P0426,Iddq,uA,8.0961,8.7411,PASS,0.386,0.07,0.386,9.157,9.329,normal,0.0063,-0.1,False,False,False,False,False,OK: within lot-relative limits (max 0.1 robust-sigma < 5); predicted 168h drift inside the lot safety envelope.
T06,T06-P0427,Iddq,uA,12.2803,12.982,PASS,0.969,2.62,0.969,13.509,13.812,normal,0.0073,-0.85,False,False,False,False,False,OK: within lot-relative limits (max 2.6 robust-sigma < 5); predicted 168h drift inside the lot safety envelope.
T06,T06-P0428,Iddq,uA,8.4651,9.0915,PASS,0.251,0.25,0.251,9.559,9.706,normal,0.0065,-0.14,False,False,False,False,False,OK: within lot-relative limits (max 0.3 robust-sigma < 5); predicted 168h drift inside the lot safety envelope.
T06,T06-P0429,Iddq,uA,8.488,9.1677,PASS,0.388,0.05,0.388,9.6,9.781,normal,0.0066,-0.1,False,False,False,False,False,OK: within lot-relative limits (max 0.1 robust-sigma < 5); predicted 168h drift inside the lot safety envelope.
T06,T06-P0430,Iddq,uA,7.7602,8.3895,PASS,0.422,0.02,0.422,8.808,8.942,normal,0.0062,0.0,False,False,False,False,False,OK: within lot-relative limits (max 0.0 robust-sigma < 5); predicted 168h drift inside the lot safety envelope.
T06,T06-P0431,Iddq,uA,7.9446,8.5446,PASS,0.284,0.2,0.284,8.972,9.124,normal,0.0061,-0.14,False,False,False,False,False,OK: within lot-relative limits (max 0.2 robust-sigma < 5); predicted 168h drift inside the lot safety envelope.
T06,T06-P0432,Iddq,uA,9.3688,9.7419,PASS,0.748,1.37,0.748,10.163,10.414,normal,0.0047,-1.23,False,False,False,False,False,OK: within lot-relative limits (max 1.4 robust-sigma < 5); predicted 168h drift inside the lot safety envelope.
T06,T06-P0433,Iddq,uA,7.6919,8.595,PASS,0.221,1.12,0.221,9.127,9.294,normal,0.0085,1.21,False,False,False,False,False,OK: within lot-relative limits (max 1.1 robust-sigma < 5); predicted 168h drift inside the lot safety envelope.
T06,T06-P0434,Iddq,uA,7.8016,8.986,PASS,0.5,2.18,0.5,9.762,9.818,normal,0.0117,2.65,False,False,False,False,False,OK: within lot-relative limits (max 2.2 robust-sigma < 5); predicted 168h drift inside the lot safety envelope.
T06,T06-P0435,Iddq,uA,8.0151,8.4387,PASS,0.146,0.94,0.146,8.86,8.978,normal,0.005,-0.72,False,False,False,False,False,OK: within lot-relative limits (max 0.9 robust-sigma < 5); predicted 168h drift inside the lot safety envelope.
T06,T06-P0436,Iddq,uA,8.1898,8.8607,PASS,0.435,0.0,0.435,9.296,9.437,normal,0.0066,0.0,False,False,False,False,False,OK: within lot-relative limits (max 0.0 robust-sigma < 5); predicted 168h drift inside the lot safety envelope.
T06,T06-P0437,Iddq,uA,8.6446,9.8085,PASS,0.814,1.66,0.814,10.762,10.762,normal,0.0126,2.52,False,False,False,False,False,OK: within lot-relative limits (max 1.7 robust-sigma < 5); predicted 168h drift inside the lot safety envelope.
T06,T06-P0438,Iddq,uA,8.0716,8.522,PASS,0.165,0.84,0.165,8.937,9.064,normal,0.0052,-0.67,False,False,False,False,False,OK: within lot-relative limits (max 0.8 robust-sigma < 5); predicted 168h drift inside the lot safety envelope.
T06,T06-P0439,Iddq,uA,8.5265,8.8568,PASS,0.365,1.41,0.365,9.231,9.478,normal,0.0042,-1.29,False,False,False,False,False,OK: within lot-relative limits (max 1.4 robust-sigma < 5); predicted 168h drift inside the lot safety envelope.
T06,T06-P0440,Iddq,uA,7.6575,8.3182,PASS,0.323,0.14,0.323,8.769,8.948,normal,0.0066,0.24,False,False,False,False,False,OK: within lot-relative limits (max 0.1 robust-sigma < 5); predicted 168h drift inside the lot safety envelope.
T06,T06-P0441,Iddq,uA,10.1442,11.0353,PASS,0.831,1.24,0.831,11.623,11.854,normal,0.0088,0.26,False,False,False,False,False,OK: within lot-relative limits (max 1.2 robust-sigma < 5); predicted 168h drift inside the lot safety envelope.
T06,T06-P0442,Iddq,uA,8.6113,9.2276,PASS,0.253,0.33,0.253,9.73,9.863,normal,0.0067,-0.12,False,False,False,False,False,OK: within lot-relative limits (max 0.3 robust-sigma < 5); predicted 168h drift inside the lot safety envelope.
T06,T06-P0443,Iddq,uA,8.3568,9.3591,PASS,0.351,1.2,0.351,9.995,10.115,normal,0.0098,1.43,False,False,False,False,False,OK: within lot-relative limits (max 1.2 robust-sigma < 5); predicted 168h drift inside the lot safety envelope.
T06,T06-P0444,Iddq,uA,8.8292,10.2026,PASS,0.916,2.29,0.916,11.098,11.177,normal,0.0135,2.78,False,False,False,False,False,OK: within lot-relative limits (max 2.3 robust-sigma < 5); predicted 168h drift inside the lot safety envelope.
T06,T06-P0445,Iddq,uA,8.4782,9.3579,PASS,0.07,0.7,0.054,9.903,10.098,normal,0.0085,0.78,False,False,False,False,False,OK: within lot-relative limits (max 0.7 robust-sigma < 5); predicted 168h drift inside the lot safety envelope.
T06,T06-P0446,Iddq,uA,6.9508,7.4248,PASS,0.11,0.44,0.11,7.789,7.949,normal,0.005,-0.35,False,False,False,False,False,OK: within lot-relative limits (max 0.4 robust-sigma < 5); predicted 168h drift inside the lot safety envelope.
T06,T06-P0447,Iddq,uA,8.4587,8.7811,PASS,0.367,1.43,0.367,9.158,9.372,normal,0.0042,-1.29,False,False,False,False,False,OK: within lot-relative limits (max 1.4 robust-sigma < 5); predicted 168h drift inside the lot safety envelope.
T06,T06-P0448,Iddq,uA,10.7338,11.8337,PASS,0.89,1.77,0.89,12.583,12.742,normal,0.011,0.88,False,False,False,False,False,OK: within lot-relative limits (max 1.8 robust-sigma < 5); predicted 168h drift inside the lot safety envelope.
T06,T06-P0449,Iddq,uA,9.2249,9.879,PASS,0.587,0.51,0.587,10.385,10.54,normal,0.0069,-0.22,False,False,False,False,False,OK: within lot-relative limits (max 0.5 robust-sigma < 5); predicted 168h drift inside the lot safety envelope.
T06,T06-P0450,Iddq,uA,10.1316,11.2592,PASS,0.815,1.39,0.815,11.979,12.153,normal,0.011,1.11,False,False,False,False,False,OK: within lot-relative limits (max 1.4 robust-sigma < 5); predicted 168h drift inside the lot safety envelope.
T06,T06-P0451,Iddq,uA,7.8619,8.7133,PASS,0.148,0.84,0.148,9.294,9.4,normal,0.0085,1.11,False,False,False,False,False,OK: within lot-relative limits (max 0.8 robust-sigma < 5); predicted 168h drift inside the lot safety envelope.
T06,T06-P0452,Iddq,uA,57.2936,61.3123,REJECT,1.0,14.17,0.998,63.942,64.701,low,0.0396,-0.46,True,True,True,False,True,STATIC FAIL: Iddq@0h = 57.3 uA exceeds datasheet max 50 uA. | LOT OUTLIER: Iddq@24h = 61.3 uA is 14.2 robust-sigma above lot T06 median (9.4 uA). | LOT OUTLIER: Iddq@0h = 57.3 uA is 14.0 robust-sigma above lot T06 median (8.6 uA). | GUARD BAND: 90% upper forecast for Iddq@168h is 64.7 uA = 129% of datasheet max (guard band 70%).
T06,T06-P0453,Iddq,uA,7.8085,8.5311,PASS,0.211,0.34,0.211,9.043,9.17,normal,0.0074,0.55,False,False,False,False,False,OK: within lot-relative limits (max 0.3 robust-sigma < 5); predicted 168h drift inside the lot safety envelope.
T06,T06-P0454,Iddq,uA,10.2795,11.7248,PASS,0.927,1.84,0.927,12.693,12.783,normal,0.0144,2.29,False,False,False,False,False,OK: within lot-relative limits (max 1.8 robust-sigma < 5); predicted 168h drift inside the lot safety envelope.
T06,T06-P0455,Iddq,uA,7.5775,8.4091,PASS,0.142,0.89,0.142,8.984,9.09,normal,0.0084,1.19,False,False,False,False,False,OK: within lot-relative limits (max 0.9 robust-sigma < 5); predicted 168h drift inside the lot safety envelope.
T06,T06-P0456,Iddq,uA,7.7299,8.1365,PASS,0.126,0.95,0.126,8.544,8.659,normal,0.0048,-0.72,False,False,False,False,False,OK: within lot-relative limits (max 0.9 robust-sigma < 5); predicted 168h drift inside the lot safety envelope.
T06,T06-P0457,Iddq,uA,56.2786,60.6561,REJECT,1.0,14.09,0.998,63.125,64.074,low,0.0408,-0.32,True,True,True,False,True,STATIC FAIL: Iddq@0h = 56.3 uA exceeds datasheet max 50 uA. | LOT OUTLIER: Iddq@24h = 60.7 uA is 14.1 robust-sigma above lot T06 median (9.4 uA). | LOT OUTLIER: Iddq@0h = 56.3 uA is 13.9 robust-sigma above lot T06 median (8.6 uA). | GUARD BAND: 90% upper forecast for Iddq@168h is 64.1 uA = 128% of datasheet max (guard band 70%).
T06,T06-P0458,Iddq,uA,63.0597,67.8619,REJECT,1.0,14.94,0.999,70.731,71.554,low,0.0457,-0.32,True,True,True,False,True,STATIC FAIL: Iddq@0h = 63.1 uA exceeds datasheet max 50 uA. | LOT OUTLIER: Iddq@24h = 67.9 uA is 14.9 robust-sigma above lot T06 median (9.4 uA). | LOT OUTLIER: Iddq@0h = 63.1 uA is 14.7 robust-sigma above lot T06 median (8.6 uA). | GUARD BAND: 90% upper forecast for Iddq@168h is 71.6 uA = 143% of datasheet max (guard band 70%).
T06,T06-P0459,Iddq,uA,8.4122,9.2118,PASS,0.145,0.42,0.145,9.743,9.896,normal,0.0079,0.55,False,False,False,False,False,OK: within lot-relative limits (max 0.4 robust-sigma < 5); predicted 168h drift inside the lot safety envelope.
T06,T06-P0460,Iddq,uA,9.1354,9.7919,PASS,0.648,0.44,0.648,10.323,10.464,normal,0.0071,-0.12,False,False,False,False,False,OK: within lot-relative limits (max 0.4 robust-sigma < 5); predicted 168h drift inside the lot safety envelope.
T06,T06-P0461,Iddq,uA,8.7135,9.1201,PASS,0.47,1.14,0.47,9.53,9.689,normal,0.0049,-1.01,False,False,False,False,False,OK: within lot-relative limits (max 1.1 robust-sigma < 5); predicted 168h drift inside the lot safety envelope.
T06,T06-P0462,Iddq,uA,8.3027,8.9898,PASS,0.409,0.03,0.409,9.433,9.611,normal,0.0067,0.03,False,False,False,False,False,OK: within lot-relative limits (max 0.0 robust-sigma < 5); predicted 168h drift inside the lot safety envelope.
T06,T06-P0463,Iddq,uA,8.8519,9.8872,PASS,0.64,1.11,0.64,10.548,10.695,normal,0.0101,1.32,False,False,False,False,False,OK: within lot-relative limits (max 1.1 robust-sigma < 5); predicted 168h drift inside the lot safety envelope.
T06,T06-P0464,Iddq,uA,7.6977,8.4449,PASS,0.095,0.49,0.095,8.951,9.058,normal,0.0075,0.66,False,False,False,False,False,OK: within lot-relative limits (max 0.5 robust-sigma < 5); predicted 168h drift inside the lot safety envelope.
T06,T06-P0465,Iddq,uA,57.7579,60.8981,REJECT,1.0,14.12,0.997,63.557,64.082,low,0.0345,-0.84,True,True,True,False,True,STATIC FAIL: Iddq@0h = 57.8 uA exceeds datasheet max 50 uA. | LOT OUTLIER: Iddq@24h = 60.9 uA is 14.1 robust-sigma above lot T06 median (9.4 uA). | LOT OUTLIER: Iddq@0h = 57.8 uA is 14.1 robust-sigma above lot T06 median (8.6 uA). | GUARD BAND: 90% upper forecast for Iddq@168h is 64.1 uA = 128% of datasheet max (guard band 70%).
T06,T06-P0466,Iddq,uA,9.4715,10.257,PASS,0.788,0.7,0.788,10.788,10.964,normal,0.0078,0.1,False,False,False,False,False,OK: within lot-relative limits (max 0.7 robust-sigma < 5); predicted 168h drift inside the lot safety envelope.
T06,T06-P0467,Iddq,uA,7.461,8.0003,PASS,0.233,0.31,0.233,8.41,8.546,normal,0.0056,-0.19,False,False,False,False,False,OK: within lot-relative limits (max 0.3 robust-sigma < 5); predicted 168h drift inside the lot safety envelope.
T06,T06-P0468,Iddq,uA,8.3356,8.9425,PASS,0.256,0.29,0.256,9.413,9.548,normal,0.0064,-0.14,False,False,False,False,False,OK: within lot-relative limits (max 0.3 robust-sigma < 5); predicted 168h drift inside the lot safety envelope.
T06,T06-P0469,Iddq,uA,7.3635,7.963,PASS,0.429,0.01,0.429,8.342,8.486,normal,0.0058,-0.05,False,False,False,False,False,OK: within lot-relative limits (max 0.0 robust-sigma < 5); predicted 168h drift inside the lot safety envelope.
T06,T06-P0470,Iddq,uA,9.474,10.2026,PASS,0.7,0.71,0.7,10.704,10.88,normal,0.0073,-0.12,False,False,False,False,False,OK: within lot-relative limits (max 0.7 robust-sigma < 5); predicted 168h drift inside the lot safety envelope.
T06,T06-P0471,Iddq,uA,9.3744,9.8733,PASS,0.605,0.93,0.605,10.381,10.507,normal,0.006,-0.67,False,False,False,False,False,OK: within lot-relative limits (max 0.9 robust-sigma < 5); predicted 168h drift inside the lot safety envelope.
T06,T06-P0472,Iddq,uA,9.6431,10.9282,PASS,0.853,1.61,0.853,11.704,11.917,normal,0.0123,1.83,False,False,False,False,False,OK: within lot-relative limits (max 1.6 robust-sigma < 5); predicted 168h drift inside the lot safety envelope.
T06,T06-P0473,Iddq,uA,9.9967,11.2462,PASS,0.849,1.39,0.849,12.028,12.169,normal,0.0121,1.59,False,False,False,False,False,OK: within lot-relative limits (max 1.4 robust-sigma < 5); predicted 168h drift inside the lot safety envelope.
T06,T06-P0474,Iddq,uA,9.8824,10.4598,PASS,0.677,1.02,0.677,10.948,11.146,normal,0.0063,-0.66,False,False,False,False,False,OK: within lot-relative limits (max 1.0 robust-sigma < 5); predicted 168h drift inside the lot safety envelope.
T06,T06-P0475,Iddq,uA,9.4739,9.9618,PASS,0.658,0.98,0.658,10.478,10.579,normal,0.006,-0.71,False,False,False,False,False,OK: within lot-relative limits (max 1.0 robust-sigma < 5); predicted 168h drift inside the lot safety envelope.
T06,T06-P0476,Iddq,uA,72.6956,78.0386,REJECT,1.0,15.99,0.999,81.539,82.268,low,0.0526,-0.32,True,True,True,False,True,STATIC FAIL: Iddq@0h = 72.7 uA exceeds datasheet max 50 uA. | LOT OUTLIER: Iddq@24h = 78.0 uA is 16.0 robust-sigma above lot T06 median (9.4 uA). | LOT OUTLIER: Iddq@0h = 72.7 uA is 15.8 robust-sigma above lot T06 median (8.6 uA). | GUARD BAND: 90% upper forecast for Iddq@168h is 82.3 uA = 165% of datasheet max (guard band 70%).
T06,T06-P0477,Iddq,uA,9.7475,10.4886,PASS,0.773,0.92,0.773,11.013,11.194,normal,0.0075,-0.12,False,False,False,False,False,OK: within lot-relative limits (max 0.9 robust-sigma < 5); predicted 168h drift inside the lot safety envelope.
T06,T06-P0478,Iddq,uA,7.4938,8.1425,PASS,0.326,0.15,0.326,8.566,8.757,normal,0.0064,0.19,False,False,False,False,False,OK: within lot-relative limits (max 0.2 robust-sigma < 5); predicted 168h drift inside the lot safety envelope.
T06,T06-P0479,Iddq,uA,11.8901,12.9919,PASS,0.967,2.47,0.967,13.661,13.958,normal,0.0105,0.33,False,False,False,False,False,OK: within lot-relative limits (max 2.5 robust-sigma < 5); predicted 168h drift inside the lot safety envelope.
T06,T06-P0480,Iddq,uA,8.7911,9.7518,PASS,0.572,0.87,0.572,10.397,10.545,normal,0.0096,1.12,False,False,False,False,False,OK: within lot-relative limits (max 0.9 robust-sigma < 5); predicted 168h drift inside the lot safety envelope.
T06,T06-P0481,Iddq,uA,9.3825,10.9993,PASS,0.948,2.79,0.948,12.522,12.522,normal,0.0187,4.41,False,False,False,False,False,OK: within lot-relative limits (max 2.8 robust-sigma < 5); predicted 168h drift inside the lot safety envelope.
T06,T06-P0482,Iddq,uA,7.1295,7.7455,PASS,0.321,0.15,0.321,8.2,8.336,normal,0.0064,0.36,False,False,False,False,False,OK: within lot-relative limits (max 0.1 robust-sigma < 5); predicted 168h drift inside the lot safety envelope.
T06,T06-P0483,Iddq,uA,9.9331,10.5605,PASS,0.672,1.05,0.672,11.004,11.256,normal,0.0064,-0.66,False,False,False,False,False,OK: within lot-relative limits (max 1.1 robust-sigma < 5); predicted 168h drift inside the lot safety envelope.
T06,T06-P0484,Iddq,uA,10.1859,11.0908,PASS,0.832,1.28,0.832,11.749,11.921,normal,0.0093,0.44,False,False,False,False,False,OK: within lot-relative limits (max 1.3 robust-sigma < 5); predicted 168h drift inside the lot safety envelope.
T06,T06-P0485,Iddq,uA,6.9848,7.1443,PASS,0.468,1.94,0.468,7.422,7.611,normal,0.0026,-1.8,False,False,False,False,False,OK: within lot-relative limits (max 1.9 robust-sigma < 5); predicted 168h drift inside the lot safety envelope.
T06,T06-P0486,Iddq,uA,8.0485,8.9078,PASS,0.119,0.79,0.119,9.411,9.619,normal,0.0081,0.81,False,False,False,False,False,OK: within lot-relative limits (max 0.8 robust-sigma < 5); predicted 168h drift inside the lot safety envelope.
T06,T06-P0487,Iddq,uA,7.9885,8.585,PASS,0.276,0.23,0.276,9.021,9.178,normal,0.0061,-0.14,False,False,False,False,False,OK: within lot-relative limits (max 0.2 robust-sigma < 5); predicted 168h drift inside the lot safety envelope.
T06,T06-P0488,Iddq,uA,7.8099,8.1939,PASS,0.226,1.06,0.226,8.537,8.684,normal,0.0043,-1.02,False,False,False,False,False,OK: within lot-relative limits (max 1.1 robust-sigma < 5); predicted 168h drift inside the lot safety envelope.
T06,T06-P0489,Iddq,uA,10.3665,11.1013,PASS,0.817,1.37,0.817,11.648,11.849,normal,0.0076,-0.28,False,False,False,False,False,OK: within lot-relative limits (max 1.4 robust-sigma < 5); predicted 168h drift inside the lot safety envelope.
T06,T06-P0490,Iddq,uA,11.653,12.7042,PASS,0.96,2.3,0.96,13.348,13.645,normal,0.0101,0.25,False,False,False,False,False,OK: within lot-relative limits (max 2.3 robust-sigma < 5); predicted 168h drift inside the lot safety envelope.
T06,T06-P0491,Iddq,uA,7.3683,8.1443,PASS,0.075,0.75,0.072,8.603,8.807,normal,0.0073,0.77,False,False,False,False,False,OK: within lot-relative limits (max 0.7 robust-sigma < 5); predicted 168h drift inside the lot safety envelope.
T06,T06-P0492,Iddq,uA,9.7195,11.0368,PASS,0.873,1.68,0.873,11.935,12.037,normal,0.0132,2.14,False,False,False,False,False,OK: within lot-relative limits (max 1.7 robust-sigma < 5); predicted 168h drift inside the lot safety envelope.
T06,T06-P0493,Iddq,uA,8.2954,9.0947,PASS,0.106,0.46,0.106,9.646,9.761,normal,0.008,0.66,False,False,False,False,False,OK: within lot-relative limits (max 0.5 robust-sigma < 5); predicted 168h drift inside the lot safety envelope.
T06,T06-P0494,Iddq,uA,10.1863,11.2272,PASS,0.802,1.37,0.802,11.9,12.097,normal,0.0102,0.78,False,False,False,False,False,OK: within lot-relative limits (max 1.4 robust-sigma < 5); predicted 168h drift inside the lot safety envelope.
T06,T06-P0495,Iddq,uA,6.0546,6.8091,PASS,0.35,1.35,0.35,7.295,7.376,normal,0.0074,1.62,False,False,False,False,False,OK: within lot-relative limits (max 1.3 robust-sigma < 5); predicted 168h drift inside the lot safety envelope.
T06,T06-P0496,Iddq,uA,8.1063,8.852,PASS,0.245,0.33,0.245,9.421,9.52,normal,0.0078,0.64,False,False,False,False,False,OK: within lot-relative limits (max 0.3 robust-sigma < 5); predicted 168h drift inside the lot safety envelope.
T06,T06-P0497,Iddq,uA,10.0883,11.9585,PASS,0.965,3.17,0.965,13.642,13.642,normal,0.0212,4.77,False,False,False,False,False,OK: within lot-relative limits (max 3.2 robust-sigma < 5); predicted 168h drift inside the lot safety envelope.
T06,T06-P0498,Iddq,uA,7.7528,8.0822,PASS,0.291,1.28,0.291,8.435,8.621,normal,0.0041,-1.15,False,False,False,False,False,OK: within lot-relative limits (max 1.3 robust-sigma < 5); predicted 168h drift inside the lot safety envelope.
T06,T06-P0499,Iddq,uA,10.1949,11.4162,PASS,0.848,1.5,0.848,12.179,12.34,normal,0.0118,1.39,False,False,False,False,False,OK: within lot-relative limits (max 1.5 robust-sigma < 5); predicted 168h drift inside the lot safety envelope.
T06,T06-P0500,Iddq,uA,7.9084,8.8605,PASS,0.288,1.22,0.288,9.459,9.573,normal,0.0092,1.43,False,False,False,False,False,OK: within lot-relative limits (max 1.2 robust-sigma < 5); predicted 168h drift inside the lot safety envelope.
T07,T07-P0001,Iddq,uA,12.1207,12.8902,PASS,0.931,1.81,0.931,13.306,13.558,normal,0.0071,0.16,False,False,False,False,False,OK: within lot-relative limits (max 1.8 robust-sigma < 5); predicted 168h drift inside the lot safety envelope.
T07,T07-P0002,Iddq,uA,10.5798,11.1329,PASS,0.622,0.62,0.622,11.537,11.693,normal,0.0057,-0.09,False,False,False,False,False,OK: within lot-relative limits (max 0.6 robust-sigma < 5); predicted 168h drift inside the lot safety envelope.
T07,T07-P0003,Iddq,uA,9.5067,10.0093,PASS,0.281,0.22,0.281,10.374,10.519,normal,0.0052,-0.06,False,False,False,False,False,OK: within lot-relative limits (max 0.2 robust-sigma < 5); predicted 168h drift inside the lot safety envelope.
T07,T07-P0004,Iddq,uA,10.5583,11.2559,PASS,0.606,0.68,0.606,11.663,11.852,normal,0.0066,0.39,False,False,False,False,False,OK: within lot-relative limits (max 0.7 robust-sigma < 5); predicted 168h drift inside the lot safety envelope.
T07,T07-P0005,Iddq,uA,9.7904,10.3043,PASS,0.264,0.24,0.264,10.677,10.82,normal,0.0053,-0.09,False,False,False,False,False,OK: within lot-relative limits (max 0.2 robust-sigma < 5); predicted 168h drift inside the lot safety envelope.
T07,T07-P0006,Iddq,uA,9.5267,9.9514,PASS,0.067,0.59,0.067,10.281,10.468,normal,0.0045,-0.48,False,False,False,False,False,OK: within lot-relative limits (max 0.6 robust-sigma < 5); predicted 168h drift inside the lot safety envelope.
T07,T07-P0007,Iddq,uA,10.0903,10.9135,PASS,0.639,1.03,0.639,11.354,11.5,normal,0.0075,1.09,False,False,False,False,False,OK: within lot-relative limits (max 1.0 robust-sigma < 5); predicted 168h drift inside the lot safety envelope.
T07,T07-P0008,Iddq,uA,7.5259,7.7761,PASS,0.187,1.1,0.187,8.002,8.125,normal,0.0028,-1.04,False,False,False,False,False,OK: within lot-relative limits (max 1.1 robust-sigma < 5); predicted 168h drift inside the lot safety envelope.
T07,T07-P0009,Iddq,uA,11.19,11.6583,PASS,0.674,1.11,0.674,12.026,12.23,normal,0.005,-0.64,False,False,False,False,False,OK: within lot-relative limits (max 1.1 robust-sigma < 5); predicted 168h drift inside the lot safety envelope.
T07,T07-P0010,Iddq,uA,10.5638,11.0429,PASS,0.542,0.61,0.542,11.406,11.607,normal,0.005,-0.46,False,False,False,False,False,OK: within lot-relative limits (max 0.6 robust-sigma < 5); predicted 168h drift inside the lot safety envelope.
T07,T07-P0011,Iddq,uA,9.4071,10.254,PASS,0.356,1.39,0.356,10.781,10.901,normal,0.0082,1.78,False,False,False,False,False,OK: within lot-relative limits (max 1.4 robust-sigma < 5); predicted 168h drift inside the lot safety envelope.
T07,T07-P0012,Iddq,uA,8.8057,9.2786,PASS,0.32,0.19,0.32,9.611,9.766,normal,0.0048,-0.06,False,False,False,False,False,OK: within lot-relative limits (max 0.2 robust-sigma < 5); predicted 168h drift inside the lot safety envelope.
T07,T07-P0013,Iddq,uA,8.248,9.1343,PASS,0.492,2.12,0.492,9.715,10.004,normal,0.0087,2.81,False,False,False,False,False,OK: within lot-relative limits (max 2.1 robust-sigma < 5); predicted 168h drift inside the lot safety envelope.
T07,T07-P0014,Iddq,uA,9.8806,10.8927,PASS,0.862,1.91,0.862,11.5,11.616,normal,0.0096,2.36,False,False,False,False,False,OK: within lot-relative limits (max 1.9 robust-sigma < 5); predicted 168h drift inside the lot safety envelope.
T07,T07-P0015,Iddq,uA,9.801,10.4164,PASS,0.447,0.21,0.447,10.713,10.95,normal,0.0054,-0.0,False,False,False,False,False,OK: within lot-relative limits (max 0.2 robust-sigma < 5); predicted 168h drift inside the lot safety envelope.
T07,T07-P0016,Iddq,uA,10.016,10.5469,PASS,0.593,0.22,0.593,10.935,11.082,normal,0.0055,-0.05,False,False,False,False,False,OK: within lot-relative limits (max 0.2 robust-sigma < 5); predicted 168h drift inside the lot safety envelope.
T07,T07-P0017,Iddq,uA,11.8528,12.7161,PASS,0.879,1.69,0.879,13.246,13.407,normal,0.0083,0.83,False,False,False,False,False,OK: within lot-relative limits (max 1.7 robust-sigma < 5); predicted 168h drift inside the lot safety envelope.
T07,T07-P0018,Iddq,uA,7.4461,7.8317,PASS,0.259,0.27,0.259,8.073,8.232,normal,0.0037,-0.31,False,False,False,False,False,OK: within lot-relative limits (max 0.3 robust-sigma < 5); predicted 168h drift inside the lot safety envelope.
T07,T07-P0019,Iddq,uA,8.8277,9.5195,PASS,0.139,0.89,0.139,9.838,10.061,normal,0.006,0.73,False,False,False,False,False,OK: within lot-relative limits (max 0.9 robust-sigma < 5); predicted 168h drift inside the lot safety envelope.
T07,T07-P0020,Iddq,uA,8.9633,9.1836,PASS,0.384,1.49,0.384,9.478,9.651,normal,0.0031,-1.25,False,False,False,False,False,OK: within lot-relative limits (max 1.5 robust-sigma < 5); predicted 168h drift inside the lot safety envelope.
T07,T07-P0021,Iddq,uA,10.9833,11.6637,PASS,0.78,0.97,0.78,12.013,12.271,normal,0.0061,0.02,False,False,False,False,False,OK: within lot-relative limits (max 1.0 robust-sigma < 5); predicted 168h drift inside the lot safety envelope.
T07,T07-P0022,Iddq,uA,9.4969,9.8763,PASS,0.112,0.8,0.112,10.167,10.372,normal,0.004,-0.79,False,False,False,False,False,OK: within lot-relative limits (max 0.8 robust-sigma < 5); predicted 168h drift inside the lot safety envelope.
T07,T07-P0023,Iddq,uA,8.6412,9.1449,PASS,0.427,0.01,0.427,9.432,9.614,normal,0.0047,-0.06,False,False,False,False,False,OK: within lot-relative limits (max 0.0 robust-sigma < 5); predicted 168h drift inside the lot safety envelope.
T07,T07-P0024,Iddq,uA,9.7861,10.8379,PASS,0.871,2.13,0.871,11.501,11.578,normal,0.0102,2.72,False,False,False,False,False,OK: within lot-relative limits (max 2.1 robust-sigma < 5); predicted 168h drift inside the lot safety envelope.
T07,T07-P0025,Iddq,uA,10.2657,10.8229,PASS,0.707,0.36,0.707,11.23,11.386,normal,0.0057,0.03,False,False,False,False,False,OK: within lot-relative limits (max 0.4 robust-sigma < 5); predicted 168h drift inside the lot safety envelope.
T07,T07-P0026,Iddq,uA,12.0257,12.3197,PASS,0.921,1.74,0.921,12.699,12.93,normal,0.004,-1.3,False,False,False,False,False,OK: within lot-relative limits (max 1.7 robust-sigma < 5); predicted 168h drift inside the lot safety envelope.
T07,T07-P0027,Iddq,uA,10.1046,10.5686,PASS,0.514,0.53,0.514,10.941,11.103,normal,0.005,-0.36,False,False,False,False,False,OK: within lot-relative limits (max 0.5 robust-sigma < 5); predicted 168h drift inside the lot safety envelope.
T07,T07-P0028,Iddq,uA,9.1933,9.6972,PASS,0.324,0.14,0.324,10.05,10.196,normal,0.0051,0.0,False,False,False,False,False,OK: within lot-relative limits (max 0.1 robust-sigma < 5); predicted 168h drift inside the lot safety envelope.
T07,T07-P0029,Iddq,uA,9.1141,9.6484,PASS,0.412,0.03,0.412,9.963,10.183,normal,0.0051,0.0,False,False,False,False,False,OK: within lot-relative limits (max 0.0 robust-sigma < 5); predicted 168h drift inside the lot safety envelope.
T07,T07-P0030,Iddq,uA,8.7537,9.2477,PASS,0.386,0.07,0.386,9.554,9.709,normal,0.0048,-0.06,False,False,False,False,False,OK: within lot-relative limits (max 0.1 robust-sigma < 5); predicted 168h drift inside the lot safety envelope.
T07,T07-P0031,Iddq,uA,10.179,10.8073,PASS,0.698,0.34,0.698,11.165,11.372,normal,0.0059,0.13,False,False,False,False,False,OK: within lot-relative limits (max 0.3 robust-sigma < 5); predicted 168h drift inside the lot safety envelope.
T07,T07-P0032,Iddq,uA,10.6931,11.2852,PASS,0.741,0.72,0.741,11.695,11.86,normal,0.006,0.02,False,False,False,False,False,OK: within lot-relative limits (max 0.7 robust-sigma < 5); predicted 168h drift inside the lot safety envelope.
T07,T07-P0033,Iddq,uA,9.4984,9.7094,PASS,0.41,1.6,0.41,10.085,10.219,normal,0.0035,-1.1,False,False,False,False,False,OK: within lot-relative limits (max 1.6 robust-sigma < 5); predicted 168h drift inside the lot safety envelope.
T07,T07-P0034,Iddq,uA,9.5156,11.7294,REJECT,0.983,7.1,0.983,21.94,24.795,low,0.074,28.09,False,True,False,True,False,ABNORMAL DRIFT: Iddq changed +23% from 0h to 24h vs lot median +6% (7.1 robust-sigma). | EARLY REJECT (drift forecast): predicted Iddq@168h = 21.9 uA from 0h/24h readings; drift slope 0.074 uA/h exceeds lot safety slope 0.014 uA/h (28.1 robust-sigma).
T07,T07-P0035,Iddq,uA,11.5846,12.1243,PASS,0.798,1.41,0.798,12.502,12.72,normal,0.0055,-0.48,False,False,False,False,False,OK: within lot-relative limits (max 1.4 robust-sigma < 5); predicted 168h drift inside the lot safety envelope.
T07,T07-P0036,Iddq,uA,9.6955,10.3661,PASS,0.08,0.49,0.08,10.755,10.959,normal,0.0063,0.55,False,False,False,False,False,OK: within lot-relative limits (max 0.5 robust-sigma < 5); predicted 168h drift inside the lot safety envelope.
T07,T07-P0037,Iddq,uA,10.3329,11.6931,REJECT,0.956,3.13,0.956,13.252,13.609,normal,0.0174,6.01,False,False,False,True,False,EARLY REJECT (drift forecast): predicted Iddq@168h = 13.3 uA from 0h/24h readings; drift slope 0.017 uA/h exceeds lot safety slope 0.015 uA/h (6.0 robust-sigma).
T07,T07-P0038,Iddq,uA,8.6184,9.035,PASS,0.145,0.42,0.145,9.286,9.47,normal,0.004,-0.54,False,False,False,False,False,OK: within lot-relative limits (max 0.4 robust-sigma < 5); predicted 168h drift inside the lot safety envelope.
T07,T07-P0039,Iddq,uA,8.9842,9.2384,PASS,0.346,1.32,0.346,9.583,9.703,normal,0.0036,-0.92,False,False,False,False,False,OK: within lot-relative limits (max 1.3 robust-sigma < 5); predicted 168h drift inside the lot safety envelope.
T07,T07-P0040,Iddq,uA,7.5144,7.9736,PASS,0.329,0.14,0.329,8.172,8.402,normal,0.0039,-0.2,False,False,False,False,False,OK: within lot-relative limits (max 0.1 robust-sigma < 5); predicted 168h drift inside the lot safety envelope.
T07,T07-P0041,Iddq,uA,8.2616,8.5658,PASS,0.142,0.94,0.142,8.874,8.981,normal,0.0036,-0.66,False,False,False,False,False,OK: within lot-relative limits (max 0.9 robust-sigma < 5); predicted 168h drift inside the lot safety envelope.
T07,T07-P0042,Iddq,uA,9.999,10.439,PASS,0.493,0.62,0.493,10.795,10.987,normal,0.0047,-0.47,False,False,False,False,False,OK: within lot-relative limits (max 0.6 robust-sigma < 5); predicted 168h drift inside the lot safety envelope.
T07,T07-P0043,Iddq,uA,11.5591,11.9985,PASS,0.794,1.4,0.794,12.359,12.605,normal,0.0048,-0.83,False,False,False,False,False,OK: within lot-relative limits (max 1.4 robust-sigma < 5); predicted 168h drift inside the lot safety envelope.
T07,T07-P0044,Iddq,uA,9.3053,9.9678,PASS,0.084,0.58,0.084,10.37,10.531,normal,0.0063,0.73,False,False,False,False,False,OK: within lot-relative limits (max 0.6 robust-sigma < 5); predicted 168h drift inside the lot safety envelope.
T07,T07-P0045,Iddq,uA,8.4255,8.9895,PASS,0.156,0.39,0.156,9.345,9.49,normal,0.0055,0.55,False,False,False,False,False,OK: within lot-relative limits (max 0.4 robust-sigma < 5); predicted 168h drift inside the lot safety envelope.
T07,T07-P0046,Iddq,uA,9.9329,10.3564,PASS,0.454,0.68,0.454,10.676,10.859,normal,0.0044,-0.64,False,False,False,False,False,OK: within lot-relative limits (max 0.7 robust-sigma < 5); predicted 168h drift inside the lot safety envelope.
T07,T07-P0047,Iddq,uA,11.4044,11.8295,PASS,0.772,1.28,0.772,12.2,12.397,normal,0.0047,-0.81,False,False,False,False,False,OK: within lot-relative limits (max 1.3 robust-sigma < 5); predicted 168h drift inside the lot safety envelope.
T07,T07-P0048,Iddq,uA,9.6249,10.3372,PASS,0.07,0.7,0.016,10.727,10.911,normal,0.0066,0.73,False,False,False,False,False,OK: within lot-relative limits (max 0.7 robust-sigma < 5); predicted 168h drift inside the lot safety envelope.
T07,T07-P0049,Iddq,uA,11.1382,11.9037,PASS,0.721,1.14,0.721,12.362,12.59,normal,0.0073,0.57,False,False,False,False,False,OK: within lot-relative limits (max 1.1 robust-sigma < 5); predicted 168h drift inside the lot safety envelope.
T07,T07-P0050,Iddq,uA,9.6543,10.1536,PASS,0.26,0.28,0.26,10.522,10.665,normal,0.0052,-0.11,False,False,False,False,False,OK: within lot-relative limits (max 0.3 robust-sigma < 5); predicted 168h drift inside the lot safety envelope.
T07,T07-P0051,Iddq,uA,8.2471,8.852,PASS,0.067,0.67,0.004,9.241,9.344,normal,0.0059,0.93,False,False,False,False,False,OK: within lot-relative limits (max 0.7 robust-sigma < 5); predicted 168h drift inside the lot safety envelope.
T07,T07-P0052,Iddq,uA,8.7782,9.09,PASS,0.196,1.0,0.196,9.371,9.511,normal,0.0035,-0.89,False,False,False,False,False,OK: within lot-relative limits (max 1.0 robust-sigma < 5); predicted 168h drift inside the lot safety envelope.
T07,T07-P0053,Iddq,uA,9.5226,10.0895,PASS,0.38,0.07,0.38,10.41,10.639,normal,0.0053,0.0,False,False,False,False,False,OK: within lot-relative limits (max 0.1 robust-sigma < 5); predicted 168h drift inside the lot safety envelope.
T07,T07-P0054,Iddq,uA,12.5948,13.644,PASS,0.956,2.27,0.956,14.095,14.41,normal,0.0089,0.88,False,False,False,False,False,OK: within lot-relative limits (max 2.3 robust-sigma < 5); predicted 168h drift inside the lot safety envelope.
T07,T07-P0055,Iddq,uA,10.5399,11.4422,PASS,0.722,1.2,0.722,11.883,12.095,normal,0.008,1.16,False,False,False,False,False,OK: within lot-relative limits (max 1.2 robust-sigma < 5); predicted 168h drift inside the lot safety envelope.
T07,T07-P0056,Iddq,uA,9.398,9.833,PASS,0.052,0.52,0.042,10.142,10.326,normal,0.0044,-0.48,False,False,False,False,False,OK: within lot-relative limits (max 0.5 robust-sigma < 5); predicted 168h drift inside the lot safety envelope.
T07,T07-P0057,Iddq,uA,9.8949,10.7506,PASS,0.698,1.24,0.698,11.261,11.435,normal,0.0081,1.52,False,False,False,False,False,OK: within lot-relative limits (max 1.2 robust-sigma < 5); predicted 168h drift inside the lot safety envelope.
T07,T07-P0058,Iddq,uA,10.0418,10.3842,PASS,0.497,1.06,0.497,10.769,10.875,normal,0.0043,-0.72,False,False,False,False,False,OK: within lot-relative limits (max 1.1 robust-sigma < 5); predicted 168h drift inside the lot safety envelope.
T07,T07-P0059,Iddq,uA,9.4968,9.6275,PASS,0.475,1.98,0.475,9.918,10.071,normal,0.0025,-1.72,False,False,False,False,False,OK: within lot-relative limits (max 2.0 robust-sigma < 5); predicted 168h drift inside the lot safety envelope.
T07,T07-P0060,Iddq,uA,9.6138,10.0778,PASS,0.127,0.43,0.127,10.375,10.563,normal,0.0045,-0.48,False,False,False,False,False,OK: within lot-relative limits (max 0.4 robust-sigma < 5); predicted 168h drift inside the lot safety envelope.
T07,T07-P0061,Iddq,uA,9.3175,9.9271,PASS,0.245,0.33,0.245,10.322,10.459,normal,0.006,0.5,False,False,False,False,False,OK: within lot-relative limits (max 0.3 robust-sigma < 5); predicted 168h drift inside the lot safety envelope.
T07,T07-P0062,Iddq,uA,10.8979,11.5711,PASS,0.789,0.9,0.789,11.919,12.176,normal,0.0061,0.02,False,False,False,False,False,OK: within lot-relative limits (max 0.9 robust-sigma < 5); predicted 168h drift inside the lot safety envelope.
T07,T07-P0063,Iddq,uA,11.7269,12.1781,PASS,0.84,1.52,0.84,12.538,12.793,normal,0.0048,-0.83,False,False,False,False,False,OK: within lot-relative limits (max 1.5 robust-sigma < 5); predicted 168h drift inside the lot safety envelope.
T07,T07-P0064,Iddq,uA,11.4865,12.26,PASS,0.818,1.38,0.818,12.681,12.938,normal,0.0071,0.37,False,False,False,False,False,OK: within lot-relative limits (max 1.4 robust-sigma < 5); predicted 168h drift inside the lot safety envelope.
T07,T07-P0065,Iddq,uA,9.3427,9.7837,PASS,0.11,0.48,0.11,10.082,10.266,normal,0.0044,-0.48,False,False,False,False,False,OK: within lot-relative limits (max 0.5 robust-sigma < 5); predicted 168h drift inside the lot safety envelope.
T07,T07-P0066,Iddq,uA,10.1612,10.973,PASS,0.606,0.95,0.606,11.394,11.581,normal,0.0073,0.96,False,False,False,False,False,OK: within lot-relative limits (max 1.0 robust-sigma < 5); predicted 168h drift inside the lot safety envelope.
T07,T07-P0067,Iddq,uA,8.9207,9.3109,PASS,0.063,0.63,0.034,9.627,9.802,normal,0.0042,-0.48,False,False,False,False,False,OK: within lot-relative limits (max 0.6 robust-sigma < 5); predicted 168h drift inside the lot safety envelope.
T07,T07-P0068,Iddq,uA,8.567,9.3368,PASS,0.356,1.38,0.356,9.803,9.928,normal,0.0074,1.72,False,False,False,False,False,OK: within lot-relative limits (max 1.4 robust-sigma < 5); predicted 168h drift inside the lot safety envelope.
T07,T07-P0069,Iddq,uA,9.8991,10.469,PASS,0.656,0.07,0.656,10.82,11.013,normal,0.0055,-0.0,False,False,False,False,False,OK: within lot-relative limits (max 0.1 robust-sigma < 5); predicted 168h drift inside the lot safety envelope.
T07,T07-P0070,Iddq,uA,10.4307,11.1787,PASS,0.54,0.62,0.54,11.631,11.812,normal,0.0071,0.75,False,False,False,False,False,OK: within lot-relative limits (max 0.6 robust-sigma < 5); predicted 168h drift inside the lot safety envelope.
T07,T07-P0071,Iddq,uA,9.5861,9.9985,PASS,0.066,0.66,0.024,10.297,10.48,normal,0.0042,-0.66,False,False,False,False,False,OK: within lot-relative limits (max 0.7 robust-sigma < 5); predicted 168h drift inside the lot safety envelope.
T07,T07-P0072,Iddq,uA,10.6727,11.349,PASS,0.651,0.74,0.651,11.692,11.946,normal,0.0061,0.08,False,False,False,False,False,OK: within lot-relative limits (max 0.7 robust-sigma < 5); predicted 168h drift inside the lot safety envelope.
T07,T07-P0073,Iddq,uA,10.8702,11.5616,PASS,0.748,0.9,0.748,11.908,12.167,normal,0.0062,0.08,False,False,False,False,False,OK: within lot-relative limits (max 0.9 robust-sigma < 5); predicted 168h drift inside the lot safety envelope.
T07,T07-P0074,Iddq,uA,10.7204,11.6336,PASS,0.753,1.18,0.753,12.041,12.303,normal,0.0079,1.02,False,False,False,False,False,OK: within lot-relative limits (max 1.2 robust-sigma < 5); predicted 168h drift inside the lot safety envelope.
T07,T07-P0075,Iddq,uA,9.4065,10.1057,PASS,0.071,0.71,0.026,10.483,10.676,normal,0.0064,0.73,False,False,False,False,False,OK: within lot-relative limits (max 0.7 robust-sigma < 5); predicted 168h drift inside the lot safety envelope.
T07,T07-P0076,Iddq,uA,8.2977,8.5252,PASS,0.347,1.36,0.347,8.793,8.963,normal,0.0029,-1.17,False,False,False,False,False,OK: within lot-relative limits (max 1.4 robust-sigma < 5); predicted 168h drift inside the lot safety envelope.
T07,T07-P0077,Iddq,uA,12.2081,12.6524,PASS,0.912,1.87,0.912,13.019,13.26,normal,0.0048,-0.93,False,False,False,False,False,OK: within lot-relative limits (max 1.9 robust-sigma < 5); predicted 168h drift inside the lot safety envelope.
T07,T07-P0078,Iddq,uA,9.1918,9.6083,PASS,0.063,0.56,0.063,9.92,10.1,normal,0.0043,-0.48,False,False,False,False,False,OK: within lot-relative limits (max 0.6 robust-sigma < 5); predicted 168h drift inside the lot safety envelope.
T07,T07-P0079,Iddq,uA,10.571,11.3999,PASS,0.624,0.89,0.624,11.805,12.048,normal,0.0073,0.8,False,False,False,False,False,OK: within lot-relative limits (max 0.9 robust-sigma < 5); predicted 168h drift inside the lot safety envelope.
T07,T07-P0080,Iddq,uA,10.3045,10.9642,PASS,0.589,0.46,0.589,11.349,11.534,normal,0.0062,0.28,False,False,False,False,False,OK: within lot-relative limits (max 0.5 robust-sigma < 5); predicted 168h drift inside the lot safety envelope.
T07,T07-P0081,Iddq,uA,9.2517,10.1678,PASS,0.446,1.77,0.446,10.708,11.047,normal,0.0087,2.15,False,False,False,False,False,OK: within lot-relative limits (max 1.8 robust-sigma < 5); predicted 168h drift inside the lot safety envelope.
T07,T07-P0082,Iddq,uA,12.3141,12.9638,PASS,0.938,1.95,0.938,13.403,13.616,normal,0.0065,-0.16,False,False,False,False,False,OK: within lot-relative limits (max 1.9 robust-sigma < 5); predicted 168h drift inside the lot safety envelope.
T07,T07-P0083,Iddq,uA,10.7035,11.0045,PASS,0.738,1.33,0.738,11.438,11.56,normal,0.0044,-0.85,False,False,False,False,False,OK: within lot-relative limits (max 1.3 robust-sigma < 5); predicted 168h drift inside the lot safety envelope.
T07,T07-P0084,Iddq,uA,9.7913,10.0516,PASS,0.358,1.4,0.358,10.397,10.55,normal,0.0036,-1.09,False,False,False,False,False,OK: within lot-relative limits (max 1.4 robust-sigma < 5); predicted 168h drift inside the lot safety envelope.
T07,T07-P0085,Iddq,uA,9.343,9.5373,PASS,0.418,1.66,0.418,9.853,10.025,normal,0.003,-1.35,False,False,False,False,False,OK: within lot-relative limits (max 1.7 robust-sigma < 5); predicted 168h drift inside the lot safety envelope.
T07,T07-P0086,Iddq,uA,8.7206,9.8429,REJECT,0.871,3.01,0.871,11.546,11.687,normal,0.0168,7.21,False,False,False,True,False,EARLY REJECT (drift forecast): predicted Iddq@168h = 11.5 uA from 0h/24h readings; drift slope 0.017 uA/h exceeds lot safety slope 0.013 uA/h (7.2 robust-sigma).
T07,T07-P0087,Iddq,uA,8.2808,9.0792,PASS,0.418,1.66,0.418,9.721,9.721,normal,0.0086,2.68,False,False,False,False,False,OK: within lot-relative limits (max 1.7 robust-sigma < 5); predicted 168h drift inside the lot safety envelope.
T07,T07-P0088,Iddq,uA,10.4843,11.1987,PASS,0.581,0.63,0.581,11.637,11.851,normal,0.0069,0.57,False,False,False,False,False,OK: within lot-relative limits (max 0.6 robust-sigma < 5); predicted 168h drift inside the lot safety envelope.
T07,T07-P0089,Iddq,uA,9.1912,9.7714,PASS,0.281,0.23,0.281,10.047,10.288,normal,0.0051,0.0,False,False,False,False,False,OK: within lot-relative limits (max 0.2 robust-sigma < 5); predicted 168h drift inside the lot safety envelope.
T07,T07-P0090,Iddq,uA,9.1117,9.6295,PASS,0.395,0.05,0.395,9.96,10.116,normal,0.0051,0.0,False,False,False,False,False,OK: within lot-relative limits (max 0.0 robust-sigma < 5); predicted 168h drift inside the lot safety envelope.
T07,T07-P0091,Iddq,uA,10.4097,11.1649,PASS,0.534,0.64,0.534,11.607,11.788,normal,0.0071,0.75,False,False,False,False,False,OK: within lot-relative limits (max 0.6 robust-sigma < 5); predicted 168h drift inside the lot safety envelope.
T07,T07-P0092,Iddq,uA,9.0927,9.7595,PASS,0.067,0.67,0.004,10.133,10.297,normal,0.0062,0.73,False,False,False,False,False,OK: within lot-relative limits (max 0.7 robust-sigma < 5); predicted 168h drift inside the lot safety envelope.
T07,T07-P0093,Iddq,uA,10.5648,11.1932,PASS,0.758,0.63,0.758,11.555,11.803,normal,0.0059,0.02,False,False,False,False,False,OK: within lot-relative limits (max 0.6 robust-sigma < 5); predicted 168h drift inside the lot safety envelope.
T07,T07-P0094,Iddq,uA,9.0074,9.7459,PASS,0.2,1.04,0.2,10.09,10.266,normal,0.0064,0.92,False,False,False,False,False,OK: within lot-relative limits (max 1.0 robust-sigma < 5); predicted 168h drift inside the lot safety envelope.
T07,T07-P0095,Iddq,uA,9.0787,9.583,PASS,0.352,0.11,0.352,9.924,10.069,normal,0.005,0.0,False,False,False,False,False,OK: within lot-relative limits (max 0.1 robust-sigma < 5); predicted 168h drift inside the lot safety envelope.
T07,T07-P0096,Iddq,uA,11.0147,11.3491,PASS,0.735,1.23,0.735,11.755,11.889,normal,0.0044,-0.9,False,False,False,False,False,OK: within lot-relative limits (max 1.2 robust-sigma < 5); predicted 168h drift inside the lot safety envelope.
T07,T07-P0097,Iddq,uA,8.9068,9.3768,PASS,0.276,0.23,0.276,9.72,9.855,normal,0.0048,-0.06,False,False,False,False,False,OK: within lot-relative limits (max 0.2 robust-sigma < 5); predicted 168h drift inside the lot safety envelope.
T07,T07-P0098,Iddq,uA,10.6227,11.1897,PASS,0.646,0.66,0.646,11.599,11.782,normal,0.0058,-0.04,False,False,False,False,False,OK: within lot-relative limits (max 0.7 robust-sigma < 5); predicted 168h drift inside the lot safety envelope.
T07,T07-P0099,Iddq,uA,10.4214,10.784,PASS,0.624,1.03,0.624,11.146,11.291,normal,0.0043,-0.82,False,False,False,False,False,OK: within lot-relative limits (max 1.0 robust-sigma < 5); predicted 168h drift inside the lot safety envelope.
T07,T07-P0100,Iddq,uA,9.9983,10.3593,PASS,0.478,0.97,0.478,10.702,10.868,normal,0.0042,-0.79,False,False,False,False,False,OK: within lot-relative limits (max 1.0 robust-sigma < 5); predicted 168h drift inside the lot safety envelope.
T07,T07-P0101,Iddq,uA,8.0901,8.519,PASS,0.279,0.22,0.279,8.787,8.956,normal,0.0041,-0.24,False,False,False,False,False,OK: within lot-relative limits (max 0.2 robust-sigma < 5); predicted 168h drift inside the lot safety envelope.
T07,T07-P0102,Iddq,uA,8.1693,8.6615,PASS,0.359,0.1,0.359,8.971,9.132,normal,0.0048,0.17,False,False,False,False,False,OK: within lot-relative limits (max 0.1 robust-sigma < 5); predicted 168h drift inside the lot safety envelope.
T07,T07-P0103,Iddq,uA,8.463,9.0032,PASS,0.236,0.26,0.236,9.309,9.478,normal,0.005,0.23,False,False,False,False,False,OK: within lot-relative limits (max 0.3 robust-sigma < 5); predicted 168h drift inside the lot safety envelope.
T07,T07-P0104,Iddq,uA,8.2866,8.6795,PASS,0.111,0.47,0.111,8.984,9.11,normal,0.0042,-0.31,False,False,False,False,False,OK: within lot-relative limits (max 0.5 robust-sigma < 5); predicted 168h drift inside the lot safety envelope.
T07,T07-P0105,Iddq,uA,10.7834,11.026,PASS,0.829,1.58,0.829,11.455,11.611,normal,0.004,-1.08,False,False,False,False,False,OK: within lot-relative limits (max 1.6 robust-sigma < 5); predicted 168h drift inside the lot safety envelope.
T07,T07-P0106,Iddq,uA,8.7482,8.9939,PASS,0.341,1.33,0.341,9.317,9.448,normal,0.0034,-0.98,False,False,False,False,False,OK: within lot-relative limits (max 1.3 robust-sigma < 5); predicted 168h drift inside the lot safety envelope.
T07,T07-P0107,Iddq,uA,8.2953,8.8048,PASS,0.326,0.15,0.326,9.11,9.273,normal,0.0048,0.17,False,False,False,False,False,OK: within lot-relative limits (max 0.2 robust-sigma < 5); predicted 168h drift inside the lot safety envelope.
T07,T07-P0108,Iddq,uA,9.1025,9.7187,PASS,0.145,0.43,0.145,10.049,10.289,normal,0.0056,0.37,False,False,False,False,False,OK: within lot-relative limits (max 0.4 robust-sigma < 5); predicted 168h drift inside the lot safety envelope.
T07,T07-P0109,Iddq,uA,9.608,9.8529,PASS,0.375,1.45,0.375,10.16,10.345,normal,0.0033,-1.25,False,False,False,False,False,OK: within lot-relative limits (max 1.4 robust-sigma < 5); predicted 168h drift inside the lot safety envelope.
T07,T07-P0110,Iddq,uA,7.8255,8.2018,PASS,0.115,0.44,0.115,8.401,8.59,normal,0.0034,-0.68,False,False,False,False,False,OK: within lot-relative limits (max 0.4 robust-sigma < 5); predicted 168h drift inside the lot safety envelope.
T07,T07-P0111,Iddq,uA,10.4932,11.0617,PASS,0.68,0.55,0.68,11.477,11.638,normal,0.0059,0.02,False,False,False,False,False,OK: within lot-relative limits (max 0.6 robust-sigma < 5); predicted 168h drift inside the lot safety envelope.
T07,T07-P0112,Iddq,uA,10.5816,11.4806,PASS,0.724,1.17,0.724,11.885,12.143,normal,0.0078,1.02,False,False,False,False,False,OK: within lot-relative limits (max 1.2 robust-sigma < 5); predicted 168h drift inside the lot safety envelope.
T07,T07-P0113,Iddq,uA,35.2121,37.0477,REJECT,1.0,11.1,0.994,38.139,38.582,low,0.0174,-0.35,False,True,True,False,True,"LOT OUTLIER: Iddq@0h = 35.2 uA is 11.1 robust-sigma above lot T07 median (9.8 uA); still under datasheet max 50 uA, so a static limit would pass it. | LOT OUTLIER: Iddq@24h = 37.0 uA is 10.6 robust-sigma above lot T07 median (10.4 uA); still under datasheet max 50 uA, so a static limit would pass it. | GUARD BAND: 90% upper forecast for Iddq@168h is 38.6 uA = 77% of datasheet max (guard band 70%)."
T07,T07-P0114,Iddq,uA,10.5856,10.9972,PASS,0.571,0.85,0.571,11.339,11.561,normal,0.0045,-0.76,False,False,False,False,False,OK: within lot-relative limits (max 0.8 robust-sigma < 5); predicted 168h drift inside the lot safety envelope.
T07,T07-P0115,Iddq,uA,8.1164,8.6684,PASS,0.104,0.44,0.104,9.031,9.179,normal,0.0054,0.67,False,False,False,False,False,OK: within lot-relative limits (max 0.4 robust-sigma < 5); predicted 168h drift inside the lot safety envelope.
T07,T07-P0116,Iddq,uA,9.1266,9.5912,PASS,0.244,0.31,0.244,9.947,10.082,normal,0.0049,-0.11,False,False,False,False,False,OK: within lot-relative limits (max 0.3 robust-sigma < 5); predicted 168h drift inside the lot safety envelope.
T07,T07-P0117,Iddq,uA,9.3403,9.9427,PASS,0.256,0.29,0.256,10.27,10.455,normal,0.0055,0.22,False,False,False,False,False,OK: within lot-relative limits (max 0.3 robust-sigma < 5); predicted 168h drift inside the lot safety envelope.
T07,T07-P0118,Iddq,uA,9.8364,10.3655,PASS,0.312,0.18,0.312,10.759,10.91,normal,0.0055,0.02,False,False,False,False,False,OK: within lot-relative limits (max 0.2 robust-sigma < 5); predicted 168h drift inside the lot safety envelope.
T07,T07-P0119,Iddq,uA,11.1174,12.0551,PASS,0.794,1.25,0.794,12.486,12.758,normal,0.0081,1.02,False,False,False,False,False,OK: within lot-relative limits (max 1.2 robust-sigma < 5); predicted 168h drift inside the lot safety envelope.
T07,T07-P0120,Iddq,uA,9.3164,9.7759,PASS,0.186,0.38,0.186,10.054,10.237,normal,0.0044,-0.48,False,False,False,False,False,OK: within lot-relative limits (max 0.4 robust-sigma < 5); predicted 168h drift inside the lot safety envelope.
T07,T07-P0121,Iddq,uA,8.5853,8.8108,PASS,0.368,1.41,0.368,9.097,9.245,normal,0.003,-1.17,False,False,False,False,False,OK: within lot-relative limits (max 1.4 robust-sigma < 5); predicted 168h drift inside the lot safety envelope.
T07,T07-P0122,Iddq,uA,10.0312,10.5064,PASS,0.505,0.47,0.505,10.83,11.022,normal,0.0048,-0.47,False,False,False,False,False,OK: within lot-relative limits (max 0.5 robust-sigma < 5); predicted 168h drift inside the lot safety envelope.
T07,T07-P0123,Iddq,uA,9.8997,10.4602,PASS,0.58,0.07,0.58,10.821,10.98,normal,0.0055,-0.0,False,False,False,False,False,OK: within lot-relative limits (max 0.1 robust-sigma < 5); predicted 168h drift inside the lot safety envelope.
T07,T07-P0124,Iddq,uA,10.4224,11.1131,PASS,0.588,0.57,0.588,11.512,11.699,normal,0.0065,0.39,False,False,False,False,False,OK: within lot-relative limits (max 0.6 robust-sigma < 5); predicted 168h drift inside the lot safety envelope.
T07,T07-P0125,Iddq,uA,9.3453,9.6986,PASS,0.118,0.89,0.118,9.992,10.158,normal,0.0038,-0.83,False,False,False,False,False,OK: within lot-relative limits (max 0.9 robust-sigma < 5); predicted 168h drift inside the lot safety envelope.
T07,T07-P0126,Iddq,uA,9.9196,10.5743,PASS,0.586,0.35,0.586,10.95,11.135,normal,0.0061,0.37,False,False,False,False,False,OK: within lot-relative limits (max 0.4 robust-sigma < 5); predicted 168h drift inside the lot safety envelope.
T07,T07-P0127,Iddq,uA,9.157,9.6408,PASS,0.281,0.23,0.281,9.993,10.132,normal,0.005,-0.06,False,False,False,False,False,OK: within lot-relative limits (max 0.2 robust-sigma < 5); predicted 168h drift inside the lot safety envelope.
T07,T07-P0128,Iddq,uA,10.5403,10.9156,PASS,0.604,0.99,0.604,11.291,11.457,normal,0.0045,-0.76,False,False,False,False,False,OK: within lot-relative limits (max 1.0 robust-sigma < 5); predicted 168h drift inside the lot safety envelope.
T07,T07-P0129,Iddq,uA,8.7952,9.1474,PASS,0.117,0.79,0.117,9.401,9.605,normal,0.0036,-0.84,False,False,False,False,False,OK: within lot-relative limits (max 0.8 robust-sigma < 5); predicted 168h drift inside the lot safety envelope.
T07,T07-P0130,Iddq,uA,9.0774,9.3413,PASS,0.303,1.29,0.303,9.682,9.804,normal,0.0036,-0.92,False,False,False,False,False,OK: within lot-relative limits (max 1.3 robust-sigma < 5); predicted 168h drift inside the lot safety envelope.
T07,T07-P0131,Iddq,uA,11.3774,11.9766,PASS,0.817,1.26,0.817,12.423,12.585,normal,0.0062,-0.04,False,False,False,False,False,OK: within lot-relative limits (max 1.3 robust-sigma < 5); predicted 168h drift inside the lot safety envelope.
T07,T07-P0132,Iddq,uA,8.8656,9.3386,PASS,0.27,0.2,0.27,9.675,9.833,normal,0.0048,-0.06,False,False,False,False,False,OK: within lot-relative limits (max 0.2 robust-sigma < 5); predicted 168h drift inside the lot safety envelope.
T07,T07-P0133,Iddq,uA,9.8023,10.1646,PASS,0.142,0.93,0.142,10.487,10.655,normal,0.0041,-0.81,False,False,False,False,False,OK: within lot-relative limits (max 0.9 robust-sigma < 5); predicted 168h drift inside the lot safety envelope.
T07,T07-P0134,Iddq,uA,10.3671,10.9181,PASS,0.637,0.45,0.637,11.335,11.477,normal,0.0058,0.01,False,False,False,False,False,OK: within lot-relative limits (max 0.4 robust-sigma < 5); predicted 168h drift inside the lot safety envelope.
T07,T07-P0135,Iddq,uA,9.2441,9.7919,PASS,0.388,0.06,0.388,10.105,10.328,normal,0.0051,0.0,False,False,False,False,False,OK: within lot-relative limits (max 0.1 robust-sigma < 5); predicted 168h drift inside the lot safety envelope.
T07,T07-P0136,Iddq,uA,10.7108,11.2325,PASS,0.606,0.73,0.606,11.565,11.769,normal,0.0051,-0.46,False,False,False,False,False,OK: within lot-relative limits (max 0.7 robust-sigma < 5); predicted 168h drift inside the lot safety envelope.
T07,T07-P0137,Iddq,uA,9.0107,9.6423,PASS,0.053,0.53,0.049,9.996,10.185,normal,0.0059,0.55,False,False,False,False,False,OK: within lot-relative limits (max 0.5 robust-sigma < 5); predicted 168h drift inside the lot safety envelope.
T07,T07-P0138,Iddq,uA,11.0657,11.5046,PASS,0.676,1.02,0.676,11.853,12.085,normal,0.0047,-0.77,False,False,False,False,False,OK: within lot-relative limits (max 1.0 robust-sigma < 5); predicted 168h drift inside the lot safety envelope.
T07,T07-P0139,Iddq,uA,8.1402,8.5432,PASS,0.209,0.37,0.209,8.785,8.949,normal,0.0038,-0.48,False,False,False,False,False,OK: within lot-relative limits (max 0.4 robust-sigma < 5); predicted 168h drift inside the lot safety envelope.
T07,T07-P0140,Iddq,uA,8.2475,8.7567,PASS,0.306,0.17,0.306,9.057,9.219,normal,0.0048,0.17,False,False,False,False,False,OK: within lot-relative limits (max 0.2 robust-sigma < 5); predicted 168h drift inside the lot safety envelope.
T07,T07-P0141,Iddq,uA,9.6788,10.0207,PASS,0.181,1.01,0.181,10.345,10.486,normal,0.004,-0.85,False,False,False,False,False,OK: within lot-relative limits (max 1.0 robust-sigma < 5); predicted 168h drift inside the lot safety envelope.
T07,T07-P0142,Iddq,uA,11.4873,12.3237,PASS,0.779,1.43,0.779,12.802,13.004,normal,0.0078,0.73,False,False,False,False,False,OK: within lot-relative limits (max 1.4 robust-sigma < 5); predicted 168h drift inside the lot safety envelope.
T07,T07-P0143,Iddq,uA,11.6609,12.5578,PASS,0.844,1.58,0.844,13.031,13.23,normal,0.0082,0.83,False,False,False,False,False,OK: within lot-relative limits (max 1.6 robust-sigma < 5); predicted 168h drift inside the lot safety envelope.
T07,T07-P0144,Iddq,uA,8.8078,9.3817,PASS,0.25,0.31,0.25,9.709,9.887,normal,0.0054,0.31,False,False,False,False,False,OK: within lot-relative limits (max 0.3 robust-sigma < 5); predicted 168h drift inside the lot safety envelope.
T07,T07-P0145,Iddq,uA,9.6278,10.3087,PASS,0.063,0.56,0.063,10.68,10.883,normal,0.0063,0.55,False,False,False,False,False,OK: within lot-relative limits (max 0.6 robust-sigma < 5); predicted 168h drift inside the lot safety envelope.
T07,T07-P0146,Iddq,uA,9.2178,9.6829,PASS,0.253,0.33,0.253,10.046,10.185,normal,0.0049,-0.11,False,False,False,False,False,OK: within lot-relative limits (max 0.3 robust-sigma < 5); predicted 168h drift inside the lot safety envelope.
T07,T07-P0147,Iddq,uA,7.4904,8.0036,PASS,0.099,0.46,0.099,8.273,8.473,normal,0.0047,0.39,False,False,False,False,False,OK: within lot-relative limits (max 0.5 robust-sigma < 5); predicted 168h drift inside the lot safety envelope.
T07,T07-P0148,Iddq,uA,10.655,11.3073,PASS,0.705,0.71,0.705,11.654,11.904,normal,0.0059,0.02,False,False,False,False,False,OK: within lot-relative limits (max 0.7 robust-sigma < 5); predicted 168h drift inside the lot safety envelope.
T07,T07-P0149,Iddq,uA,9.3226,9.7376,PASS,0.064,0.59,0.064,10.061,10.244,normal,0.0044,-0.48,False,False,False,False,False,OK: within lot-relative limits (max 0.6 robust-sigma < 5); predicted 168h drift inside the lot safety envelope.
T07,T07-P0150,Iddq,uA,11.6555,12.486,PASS,0.84,1.54,0.84,13.025,13.18,normal,0.0082,0.83,False,False,False,False,False,OK: within lot-relative limits (max 1.5 robust-sigma < 5); predicted 168h drift inside the lot safety envelope.
T07,T07-P0151,Iddq,uA,10.1944,10.9157,PASS,0.526,0.56,0.526,11.36,11.523,normal,0.0069,0.72,False,False,False,False,False,OK: within lot-relative limits (max 0.6 robust-sigma < 5); predicted 168h drift inside the lot safety envelope.
T07,T07-P0152,Iddq,uA,9.2116,9.4008,PASS,0.424,1.67,0.424,9.7,9.884,normal,0.0029,-1.41,False,False,False,False,False,OK: within lot-relative limits (max 1.7 robust-sigma < 5); predicted 168h drift inside the lot safety envelope.
T07,T07-P0153,Iddq,uA,8.9501,9.1929,PASS,0.354,1.37,0.354,9.498,9.643,normal,0.0033,-1.12,False,False,False,False,False,OK: within lot-relative limits (max 1.4 robust-sigma < 5); predicted 168h drift inside the lot safety envelope.
T07,T07-P0154,Iddq,uA,9.5916,9.9166,PASS,0.226,1.07,0.226,10.252,10.387,normal,0.0039,-0.85,False,False,False,False,False,OK: within lot-relative limits (max 1.1 robust-sigma < 5); predicted 168h drift inside the lot safety envelope.
T07,T07-P0155,Iddq,uA,10.0082,11.036,PASS,0.878,1.92,0.878,11.638,11.766,normal,0.0097,2.33,False,False,False,False,False,OK: within lot-relative limits (max 1.9 robust-sigma < 5); predicted 168h drift inside the lot safety envelope.
T07,T07-P0156,Iddq,uA,9.2184,9.7907,PASS,0.296,0.18,0.296,10.077,10.299,normal,0.0051,0.0,False,False,False,False,False,OK: within lot-relative limits (max 0.2 robust-sigma < 5); predicted 168h drift inside the lot safety envelope.
T07,T07-P0157,Iddq,uA,13.6127,14.5823,PASS,0.976,2.82,0.976,15.064,15.396,normal,0.0086,0.46,False,False,False,False,False,OK: within lot-relative limits (max 2.8 robust-sigma < 5); predicted 168h drift inside the lot safety envelope.
T07,T07-P0158,Iddq,uA,10.2074,10.514,PASS,0.667,1.24,0.667,10.9,11.024,normal,0.0041,-0.88,False,False,False,False,False,OK: within lot-relative limits (max 1.2 robust-sigma < 5); predicted 168h drift inside the lot safety envelope.
T07,T07-P0159,Iddq,uA,8.4419,9.0474,PASS,0.066,0.6,0.066,9.452,9.565,normal,0.006,0.9,False,False,False,False,False,OK: within lot-relative limits (max 0.6 robust-sigma < 5); predicted 168h drift inside the lot safety envelope.
T07,T07-P0160,Iddq,uA,9.946,10.5332,PASS,0.683,0.12,0.683,10.872,11.112,normal,0.0055,-0.0,False,False,False,False,False,OK: within lot-relative limits (max 0.1 robust-sigma < 5); predicted 168h drift inside the lot safety envelope.
T07,T07-P0161,Iddq,uA,11.1126,11.457,PASS,0.772,1.2,0.772,11.859,11.994,normal,0.0044,-0.9,False,False,False,False,False,OK: within lot-relative limits (max 1.2 robust-sigma < 5); predicted 168h drift inside the lot safety envelope.
T07,T07-P0162,Iddq,uA,10.1957,10.8835,PASS,0.561,0.42,0.561,11.308,11.525,normal,0.0066,0.54,False,False,False,False,False,OK: within lot-relative limits (max 0.4 robust-sigma < 5); predicted 168h drift inside the lot safety envelope.
T07,T07-P0163,Iddq,uA,9.4889,10.1707,PASS,0.061,0.61,0.056,10.575,10.745,normal,0.0065,0.73,False,False,False,False,False,OK: within lot-relative limits (max 0.6 robust-sigma < 5); predicted 168h drift inside the lot safety envelope.
T07,T07-P0164,Iddq,uA,8.9937,9.5632,PASS,0.257,0.23,0.257,9.831,10.067,normal,0.005,0.0,False,False,False,False,False,OK: within lot-relative limits (max 0.2 robust-sigma < 5); predicted 168h drift inside the lot safety envelope.
T07,T07-P0165,Iddq,uA,8.8472,9.2825,PASS,0.158,0.39,0.158,9.548,9.721,normal,0.0042,-0.48,False,False,False,False,False,OK: within lot-relative limits (max 0.4 robust-sigma < 5); predicted 168h drift inside the lot safety envelope.
T07,T07-P0166,Iddq,uA,8.4856,8.723,PASS,0.345,1.34,0.345,9.062,9.166,normal,0.0034,-0.88,False,False,False,False,False,OK: within lot-relative limits (max 1.3 robust-sigma < 5); predicted 168h drift inside the lot safety envelope.
T07,T07-P0167,Iddq,uA,9.234,10.0347,PASS,0.299,1.25,0.299,10.477,10.671,normal,0.0074,1.4,False,False,False,False,False,OK: within lot-relative limits (max 1.2 robust-sigma < 5); predicted 168h drift inside the lot safety envelope.
T07,T07-P0168,Iddq,uA,10.0483,10.809,PASS,0.554,0.77,0.554,11.236,11.413,normal,0.0071,0.85,False,False,False,False,False,OK: within lot-relative limits (max 0.8 robust-sigma < 5); predicted 168h drift inside the lot safety envelope.
T07,T07-P0169,Iddq,uA,9.1643,9.7255,PASS,0.323,0.14,0.323,10.018,10.239,normal,0.0051,0.0,False,False,False,False,False,OK: within lot-relative limits (max 0.1 robust-sigma < 5); predicted 168h drift inside the lot safety envelope.
T07,T07-P0170,Iddq,uA,11.8277,12.2764,PASS,0.863,1.6,0.863,12.646,12.847,normal,0.0049,-0.83,False,False,False,False,False,OK: within lot-relative limits (max 1.6 robust-sigma < 5); predicted 168h drift inside the lot safety envelope.
T07,T07-P0171,Iddq,uA,10.3764,6.9819,REJECT,1.0,21.03,0.986,9.75,15.723,low,-0.0037,-5.69,False,True,False,False,False,ABNORMAL DRIFT: Iddq changed -33% from 0h to 24h vs lot median +6% (21.0 robust-sigma).
T07,T07-P0172,Iddq,uA,9.1245,9.9493,PASS,0.36,1.4,0.36,10.457,10.573,normal,0.0079,1.78,False,False,False,False,False,OK: within lot-relative limits (max 1.4 robust-sigma < 5); predicted 168h drift inside the lot safety envelope.
T07,T07-P0173,Iddq,uA,9.6869,10.1287,PASS,0.055,0.55,0.053,10.454,10.644,normal,0.0046,-0.48,False,False,False,False,False,OK: within lot-relative limits (max 0.5 robust-sigma < 5); predicted 168h drift inside the lot safety envelope.
T07,T07-P0174,Iddq,uA,11.6034,12.5626,PASS,0.855,1.59,0.855,13.035,13.27,normal,0.0085,1.03,False,False,False,False,False,OK: within lot-relative limits (max 1.6 robust-sigma < 5); predicted 168h drift inside the lot safety envelope.
T07,T07-P0175,Iddq,uA,7.9889,8.7727,PASS,0.438,1.73,0.438,9.34,9.541,normal,0.008,2.53,False,False,False,False,False,OK: within lot-relative limits (max 1.7 robust-sigma < 5); predicted 168h drift inside the lot safety envelope.
T07,T07-P0176,Iddq,uA,9.881,10.4511,PASS,0.621,0.06,0.621,10.801,10.993,normal,0.0055,-0.0,False,False,False,False,False,OK: within lot-relative limits (max 0.1 robust-sigma < 5); predicted 168h drift inside the lot safety envelope.
T07,T07-P0177,Iddq,uA,13.55,14.5338,PASS,0.975,2.8,0.975,14.994,15.333,normal,0.0086,0.46,False,False,False,False,False,OK: within lot-relative limits (max 2.8 robust-sigma < 5); predicted 168h drift inside the lot safety envelope.
T07,T07-P0178,Iddq,uA,10.9017,11.7406,PASS,0.679,1.03,0.679,12.156,12.383,normal,0.0075,0.75,False,False,False,False,False,OK: within lot-relative limits (max 1.0 robust-sigma < 5); predicted 168h drift inside the lot safety envelope.
T07,T07-P0179,Iddq,uA,8.7005,9.592,PASS,0.464,1.91,0.464,10.089,10.48,normal,0.0083,2.22,False,False,False,False,False,OK: within lot-relative limits (max 1.9 robust-sigma < 5); predicted 168h drift inside the lot safety envelope.
T07,T07-P0180,Iddq,uA,9.908,10.3472,PASS,0.446,0.6,0.446,10.699,10.887,normal,0.0047,-0.46,False,False,False,False,False,OK: within lot-relative limits (max 0.6 robust-sigma < 5); predicted 168h drift inside the lot safety envelope.
T07,T07-P0181,Iddq,uA,9.4867,10.412,PASS,0.468,1.71,0.468,10.996,11.042,normal,0.009,2.2,False,False,False,False,False,OK: within lot-relative limits (max 1.7 robust-sigma < 5); predicted 168h drift inside the lot safety envelope.
T07,T07-P0182,Iddq,uA,13.7455,14.4454,PASS,0.977,2.91,0.977,14.883,15.174,normal,0.0068,-0.36,False,False,False,False,False,OK: within lot-relative limits (max 2.9 robust-sigma < 5); predicted 168h drift inside the lot safety envelope.
T07,T07-P0183,Iddq,uA,9.071,9.3564,PASS,0.279,1.18,0.279,9.675,9.797,normal,0.0036,-0.92,False,False,False,False,False,OK: within lot-relative limits (max 1.2 robust-sigma < 5); predicted 168h drift inside the lot safety envelope.
T07,T07-P0184,Iddq,uA,9.5142,9.7106,PASS,0.419,1.67,0.419,10.034,10.208,normal,0.0031,-1.35,False,False,False,False,False,OK: within lot-relative limits (max 1.7 robust-sigma < 5); predicted 168h drift inside the lot safety envelope.
T07,T07-P0185,Iddq,uA,9.3364,9.9741,PASS,0.088,0.45,0.088,10.357,10.553,normal,0.0061,0.55,False,False,False,False,False,OK: within lot-relative limits (max 0.5 robust-sigma < 5); predicted 168h drift inside the lot safety envelope.
T07,T07-P0186,Iddq,uA,8.1326,8.905,PASS,0.41,1.6,0.41,9.457,9.469,normal,0.0079,2.33,False,False,False,False,False,OK: within lot-relative limits (max 1.6 robust-sigma < 5); predicted 168h drift inside the lot safety envelope.
T07,T07-P0187,Iddq,uA,6.5101,7.2177,PASS,0.5,2.18,0.5,7.663,7.915,normal,0.0069,2.79,False,False,False,False,False,OK: within lot-relative limits (max 2.2 robust-sigma < 5); predicted 168h drift inside the lot safety envelope.
T07,T07-P0188,Iddq,uA,9.3503,9.9327,PASS,0.316,0.19,0.316,10.221,10.446,normal,0.0052,0.0,False,False,False,False,False,OK: within lot-relative limits (max 0.2 robust-sigma < 5); predicted 168h drift inside the lot safety envelope.
T07,T07-P0189,Iddq,uA,10.4327,10.9912,PASS,0.629,0.5,0.629,11.426,11.571,normal,0.0059,0.07,False,False,False,False,False,OK: within lot-relative limits (max 0.5 robust-sigma < 5); predicted 168h drift inside the lot safety envelope.
T07,T07-P0190,Iddq,uA,9.2499,9.4693,PASS,0.397,1.53,0.397,9.842,9.96,normal,0.0035,-1.02,False,False,False,False,False,OK: within lot-relative limits (max 1.5 robust-sigma < 5); predicted 168h drift inside the lot safety envelope.
T07,T07-P0191,Iddq,uA,10.3693,10.9303,PASS,0.678,0.45,0.678,11.356,11.501,normal,0.0059,0.07,False,False,False,False,False,OK: within lot-relative limits (max 0.4 robust-sigma < 5); predicted 168h drift inside the lot safety envelope.
T07,T07-P0192,Iddq,uA,10.6401,11.4544,PASS,0.617,0.82,0.617,11.864,12.086,normal,0.0073,0.75,False,False,False,False,False,OK: within lot-relative limits (max 0.8 robust-sigma < 5); predicted 168h drift inside the lot safety envelope.
T07,T07-P0193,Iddq,uA,10.7321,11.088,PASS,0.673,1.1,0.673,11.477,11.591,normal,0.0044,-0.83,False,False,False,False,False,OK: within lot-relative limits (max 1.1 robust-sigma < 5); predicted 168h drift inside the lot safety envelope.
T07,T07-P0194,Iddq,uA,7.8067,8.265,PASS,0.41,0.03,0.41,8.49,8.714,normal,0.0041,-0.2,False,False,False,False,False,OK: within lot-relative limits (max 0.0 robust-sigma < 5); predicted 168h drift inside the lot safety envelope.
T07,T07-P0195,Iddq,uA,11.7532,12.4731,PASS,0.903,1.54,0.903,12.883,13.117,normal,0.0067,0.1,False,False,False,False,False,OK: within lot-relative limits (max 1.5 robust-sigma < 5); predicted 168h drift inside the lot safety envelope.
T07,T07-P0196,Iddq,uA,10.8552,11.4975,PASS,0.83,0.85,0.83,11.873,12.128,normal,0.0061,0.02,False,False,False,False,False,OK: within lot-relative limits (max 0.9 robust-sigma < 5); predicted 168h drift inside the lot safety envelope.
T07,T07-P0197,Iddq,uA,10.8179,11.1766,PASS,0.701,1.1,0.701,11.569,11.684,normal,0.0045,-0.83,False,False,False,False,False,OK: within lot-relative limits (max 1.1 robust-sigma < 5); predicted 168h drift inside the lot safety envelope.
T07,T07-P0198,Iddq,uA,9.7983,10.387,PASS,0.437,0.09,0.437,10.717,10.947,normal,0.0055,0.02,False,False,False,False,False,OK: within lot-relative limits (max 0.1 robust-sigma < 5); predicted 168h drift inside the lot safety envelope.
T07,T07-P0199,Iddq,uA,39.195,42.286,REJECT,1.0,12.04,0.996,43.432,44.307,low,0.0252,0.51,False,True,True,False,True,"LOT OUTLIER: Iddq@0h = 39.2 uA is 12.0 robust-sigma above lot T07 median (9.8 uA); still under datasheet max 50 uA, so a static limit would pass it. | LOT OUTLIER: Iddq@24h = 42.3 uA is 11.7 robust-sigma above lot T07 median (10.4 uA); still under datasheet max 50 uA, so a static limit would pass it. | GUARD BAND: 90% upper forecast for Iddq@168h is 44.3 uA = 89% of datasheet max (guard band 70%)."
T07,T07-P0200,Iddq,uA,9.0777,9.4532,PASS,0.073,0.73,0.048,9.751,9.914,normal,0.004,-0.66,False,False,False,False,False,OK: within lot-relative limits (max 0.7 robust-sigma < 5); predicted 168h drift inside the lot safety envelope.
T07,T07-P0201,Iddq,uA,10.1638,10.8588,PASS,0.549,0.46,0.549,11.326,11.489,normal,0.0069,0.72,False,False,False,False,False,OK: within lot-relative limits (max 0.5 robust-sigma < 5); predicted 168h drift inside the lot safety envelope.
T07,T07-P0202,Iddq,uA,10.8,11.7754,PASS,0.799,1.4,0.799,12.379,12.515,normal,0.0094,1.78,False,False,False,False,False,OK: within lot-relative limits (max 1.4 robust-sigma < 5); predicted 168h drift inside the lot safety envelope.
T07,T07-P0203,Iddq,uA,8.9874,9.4053,PASS,0.051,0.51,0.05,9.699,9.875,normal,0.0042,-0.48,False,False,False,False,False,OK: within lot-relative limits (max 0.5 robust-sigma < 5); predicted 168h drift inside the lot safety envelope.
T07,T07-P0204,Iddq,uA,10.9233,10.1971,REJECT,0.981,5.82,0.981,13.708,16.398,low,0.0166,5.19,False,True,False,True,False,ABNORMAL DRIFT: Iddq changed -7% from 0h to 24h vs lot median +6% (5.8 robust-sigma). | EARLY REJECT (drift forecast): predicted Iddq@168h = 13.7 uA from 0h/24h readings; drift slope 0.017 uA/h exceeds lot safety slope 0.016 uA/h (5.2 robust-sigma).
T07,T07-P0205,Iddq,uA,9.0189,9.5043,PASS,0.31,0.18,0.31,9.859,10.003,normal,0.005,0.0,False,False,False,False,False,OK: within lot-relative limits (max 0.2 robust-sigma < 5); predicted 168h drift inside the lot safety envelope.
T07,T07-P0206,Iddq,uA,10.3175,11.1085,PASS,0.606,0.81,0.606,11.505,11.719,normal,0.0071,0.75,False,False,False,False,False,OK: within lot-relative limits (max 0.8 robust-sigma < 5); predicted 168h drift inside the lot safety envelope.
T07,T07-P0207,Iddq,uA,9.6912,9.8972,PASS,0.42,1.64,0.42,10.22,10.398,normal,0.0031,-1.35,False,False,False,False,False,OK: within lot-relative limits (max 1.6 robust-sigma < 5); predicted 168h drift inside the lot safety envelope.
T07,T07-P0208,Iddq,uA,10.8593,11.0235,PASS,0.884,1.92,0.884,11.347,11.518,normal,0.0029,-1.7,False,False,False,False,False,OK: within lot-relative limits (max 1.9 robust-sigma < 5); predicted 168h drift inside the lot safety envelope.
T07,T07-P0209,Iddq,uA,12.2552,12.56,PASS,0.935,1.91,0.935,12.926,13.177,normal,0.004,-1.35,False,False,False,False,False,OK: within lot-relative limits (max 1.9 robust-sigma < 5); predicted 168h drift inside the lot safety envelope.
T07,T07-P0210,Iddq,uA,39.3672,43.3689,REJECT,1.0,12.07,0.997,45.244,45.904,low,0.035,1.88,False,True,True,False,True,"LOT OUTLIER: Iddq@0h = 39.4 uA is 12.1 robust-sigma above lot T07 median (9.8 uA); still under datasheet max 50 uA, so a static limit would pass it. | LOT OUTLIER: Iddq@24h = 43.4 uA is 11.9 robust-sigma above lot T07 median (10.4 uA); still under datasheet max 50 uA, so a static limit would pass it. | GUARD BAND: 90% upper forecast for Iddq@168h is 45.9 uA = 92% of datasheet max (guard band 70%)."
T07,T07-P0211,Iddq,uA,9.2649,9.4163,PASS,0.458,1.87,0.458,9.676,9.826,normal,0.0024,-1.72,False,False,False,False,False,OK: within lot-relative limits (max 1.9 robust-sigma < 5); predicted 168h drift inside the lot safety envelope.
T07,T07-P0212,Iddq,uA,9.1216,9.7366,PASS,0.199,0.41,0.199,10.07,10.31,normal,0.0056,0.37,False,False,False,False,False,OK: within lot-relative limits (max 0.4 robust-sigma < 5); predicted 168h drift inside the lot safety envelope.
T07,T07-P0213,Iddq,uA,10.6462,11.4255,PASS,0.583,0.8,0.583,11.871,12.056,normal,0.0073,0.75,False,False,False,False,False,OK: within lot-relative limits (max 0.8 robust-sigma < 5); predicted 168h drift inside the lot safety envelope.
T07,T07-P0214,Iddq,uA,9.2027,9.8547,PASS,0.078,0.56,0.078,10.209,10.402,normal,0.006,0.55,False,False,False,False,False,OK: within lot-relative limits (max 0.6 robust-sigma < 5); predicted 168h drift inside the lot safety envelope.
T07,T07-P0215,Iddq,uA,11.2036,11.7682,PASS,0.776,1.12,0.776,12.217,12.374,normal,0.006,-0.09,False,False,False,False,False,OK: within lot-relative limits (max 1.1 robust-sigma < 5); predicted 168h drift inside the lot safety envelope.
T07,T07-P0216,Iddq,uA,10.1249,10.439,PASS,0.621,1.2,0.621,10.836,10.935,normal,0.0042,-0.8,False,False,False,False,False,OK: within lot-relative limits (max 1.2 robust-sigma < 5); predicted 168h drift inside the lot safety envelope.
T07,T07-P0217,Iddq,uA,10.8416,11.5163,PASS,0.77,0.87,0.77,11.858,12.113,normal,0.006,0.02,False,False,False,False,False,OK: within lot-relative limits (max 0.9 robust-sigma < 5); predicted 168h drift inside the lot safety envelope.
T07,T07-P0218,Iddq,uA,9.0868,10.13,PASS,0.639,2.43,0.639,11.106,11.474,normal,0.012,4.2,False,False,False,False,False,OK: within lot-relative limits (max 2.4 robust-sigma < 5); predicted 168h drift inside the lot safety envelope.
T07,T07-P0219,Iddq,uA,8.7352,8.9156,PASS,0.419,1.67,0.419,9.198,9.372,normal,0.0028,-1.41,False,False,False,False,False,OK: within lot-relative limits (max 1.7 robust-sigma < 5); predicted 168h drift inside the lot safety envelope.
T07,T07-P0220,Iddq,uA,8.9528,9.3212,PASS,0.074,0.74,0.072,9.617,9.777,normal,0.004,-0.66,False,False,False,False,False,OK: within lot-relative limits (max 0.7 robust-sigma < 5); predicted 168h drift inside the lot safety envelope.
T07,T07-P0221,Iddq,uA,10.2671,11.0793,PASS,0.65,0.92,0.65,11.466,11.701,normal,0.0071,0.8,False,False,False,False,False,OK: within lot-relative limits (max 0.9 robust-sigma < 5); predicted 168h drift inside the lot safety envelope.
T07,T07-P0222,Iddq,uA,8.8239,9.4169,PASS,0.178,0.4,0.178,9.727,9.942,normal,0.0054,0.31,False,False,False,False,False,OK: within lot-relative limits (max 0.4 robust-sigma < 5); predicted 168h drift inside the lot safety envelope.
T07,T07-P0223,Iddq,uA,10.6581,11.2167,PASS,0.629,0.69,0.629,11.622,11.779,normal,0.0057,-0.09,False,False,False,False,False,OK: within lot-relative limits (max 0.7 robust-sigma < 5); predicted 168h drift inside the lot safety envelope.
T07,T07-P0224,Iddq,uA,7.5686,8.0971,PASS,0.052,0.52,0.036,8.359,8.547,normal,0.0047,0.39,False,False,False,False,False,OK: within lot-relative limits (max 0.5 robust-sigma < 5); predicted 168h drift inside the lot safety envelope.
T07,T07-P0225,Iddq,uA,8.923,9.6181,PASS,0.135,0.87,0.135,9.944,10.169,normal,0.0061,0.73,False,False,False,False,False,OK: within lot-relative limits (max 0.9 robust-sigma < 5); predicted 168h drift inside the lot safety envelope.
T07,T07-P0226,Iddq,uA,9.4441,9.9126,PASS,0.215,0.37,0.215,10.423,10.947,normal,0.0058,0.36,False,False,False,False,False,OK: within lot-relative limits (max 0.4 robust-sigma < 5); predicted 168h drift inside the lot safety envelope.
T07,T07-P0227,Iddq,uA,7.7425,8.3783,PASS,0.206,1.05,0.206,8.635,8.829,normal,0.0053,0.75,False,False,False,False,False,OK: within lot-relative limits (max 1.0 robust-sigma < 5); predicted 168h drift inside the lot safety envelope.
T07,T07-P0228,Iddq,uA,8.9543,9.8284,PASS,0.432,1.71,0.432,10.375,10.423,normal,0.0085,2.19,False,False,False,False,False,OK: within lot-relative limits (max 1.7 robust-sigma < 5); predicted 168h drift inside the lot safety envelope.
T07,T07-P0229,Iddq,uA,8.1533,8.4557,PASS,0.153,0.93,0.153,8.839,8.863,normal,0.0041,-0.31,False,False,False,False,False,OK: within lot-relative limits (max 0.9 robust-sigma < 5); predicted 168h drift inside the lot safety envelope.
T07,T07-P0230,Iddq,uA,9.7218,10.0037,PASS,0.31,1.29,0.31,10.37,10.5,normal,0.0039,-0.92,False,False,False,False,False,OK: within lot-relative limits (max 1.3 robust-sigma < 5); predicted 168h drift inside the lot safety envelope.
T07,T07-P0231,Iddq,uA,9.5621,9.9241,PASS,0.139,0.89,0.139,10.224,10.394,normal,0.0039,-0.83,False,False,False,False,False,OK: within lot-relative limits (max 0.9 robust-sigma < 5); predicted 168h drift inside the lot safety envelope.
T07,T07-P0232,Iddq,uA,10.8052,11.296,PASS,0.599,0.81,0.599,11.667,11.873,normal,0.0051,-0.46,False,False,False,False,False,OK: within lot-relative limits (max 0.8 robust-sigma < 5); predicted 168h drift inside the lot safety envelope.
T07,T07-P0233,Iddq,uA,8.808,9.5931,PASS,0.35,1.35,0.35,10.051,10.195,normal,0.0074,1.62,False,False,False,False,False,OK: within lot-relative limits (max 1.3 robust-sigma < 5); predicted 168h drift inside the lot safety envelope.
T07,T07-P0234,Iddq,uA,8.0037,8.4271,PASS,0.275,0.22,0.275,8.693,8.861,normal,0.0041,-0.24,False,False,False,False,False,OK: within lot-relative limits (max 0.2 robust-sigma < 5); predicted 168h drift inside the lot safety envelope.
T07,T07-P0235,Iddq,uA,9.1706,9.9095,PASS,0.176,0.98,0.176,10.236,10.452,normal,0.0063,0.78,False,False,False,False,False,OK: within lot-relative limits (max 1.0 robust-sigma < 5); predicted 168h drift inside the lot safety envelope.
T07,T07-P0236,Iddq,uA,9.8733,10.3914,PASS,0.466,0.24,0.466,10.767,10.912,normal,0.0053,-0.09,False,False,False,False,False,OK: within lot-relative limits (max 0.2 robust-sigma < 5); predicted 168h drift inside the lot safety envelope.
T07,T07-P0237,Iddq,uA,9.8516,10.5864,PASS,0.491,0.72,0.491,10.978,11.19,normal,0.0067,0.72,False,False,False,False,False,OK: within lot-relative limits (max 0.7 robust-sigma < 5); predicted 168h drift inside the lot safety envelope.
T07,T07-P0238,Iddq,uA,10.1186,10.4436,PASS,0.584,1.15,0.584,10.851,10.929,normal,0.0044,-0.72,False,False,False,False,False,OK: within lot-relative limits (max 1.1 robust-sigma < 5); predicted 168h drift inside the lot safety envelope.
T07,T07-P0239,Iddq,uA,11.2652,11.9478,PASS,0.842,1.17,0.842,12.321,12.586,normal,0.0063,0.02,False,False,False,False,False,OK: within lot-relative limits (max 1.2 robust-sigma < 5); predicted 168h drift inside the lot safety envelope.
T07,T07-P0240,Iddq,uA,9.3491,10.16,PASS,0.299,1.25,0.299,10.607,10.804,normal,0.0075,1.4,False,False,False,False,False,OK: within lot-relative limits (max 1.2 robust-sigma < 5); predicted 168h drift inside the lot safety envelope.
T07,T07-P0241,Iddq,uA,9.4169,9.9801,PASS,0.376,0.08,0.376,10.294,10.521,normal,0.0052,0.0,False,False,False,False,False,OK: within lot-relative limits (max 0.1 robust-sigma < 5); predicted 168h drift inside the lot safety envelope.
T07,T07-P0242,Iddq,uA,8.6951,9.5108,PASS,0.398,1.55,0.398,9.979,10.104,normal,0.0076,1.83,False,False,False,False,False,OK: within lot-relative limits (max 1.5 robust-sigma < 5); predicted 168h drift inside the lot safety envelope.
T07,T07-P0243,Iddq,uA,9.0202,9.5493,PASS,0.41,0.03,0.41,9.86,10.078,normal,0.005,0.0,False,False,False,False,False,OK: within lot-relative limits (max 0.0 robust-sigma < 5); predicted 168h drift inside the lot safety envelope.
T07,T07-P0244,Iddq,uA,11.2517,11.6393,PASS,0.769,1.16,0.769,12.033,12.185,normal,0.0046,-0.83,False,False,False,False,False,OK: within lot-relative limits (max 1.2 robust-sigma < 5); predicted 168h drift inside the lot safety envelope.
T07,T07-P0245,Iddq,uA,10.1994,10.807,PASS,0.734,0.34,0.734,11.187,11.395,normal,0.0059,0.13,False,False,False,False,False,OK: within lot-relative limits (max 0.3 robust-sigma < 5); predicted 168h drift inside the lot safety envelope.
T07,T07-P0246,Iddq,uA,7.0565,7.5443,PASS,0.095,0.49,0.095,7.794,7.982,normal,0.0044,0.39,False,False,False,False,False,OK: within lot-relative limits (max 0.5 robust-sigma < 5); predicted 168h drift inside the lot safety envelope.
T07,T07-P0247,Iddq,uA,11.1829,11.7533,PASS,0.765,1.11,0.765,12.194,12.353,normal,0.006,-0.09,False,False,False,False,False,OK: within lot-relative limits (max 1.1 robust-sigma < 5); predicted 168h drift inside the lot safety envelope.
T07,T07-P0248,Iddq,uA,7.6795,8.2302,PASS,0.06,0.6,0.057,8.521,8.688,normal,0.005,0.56,False,False,False,False,False,OK: within lot-relative limits (max 0.6 robust-sigma < 5); predicted 168h drift inside the lot safety envelope.
T07,T07-P0249,Iddq,uA,9.321,9.8915,PASS,0.323,0.14,0.323,10.189,10.414,normal,0.0052,0.0,False,False,False,False,False,OK: within lot-relative limits (max 0.1 robust-sigma < 5); predicted 168h drift inside the lot safety envelope.
T07,T07-P0250,Iddq,uA,10.8551,11.6164,PASS,0.675,0.94,0.675,12.048,12.27,normal,0.0071,0.57,False,False,False,False,False,OK: within lot-relative limits (max 0.9 robust-sigma < 5); predicted 168h drift inside the lot safety envelope.
T07,T07-P0251,Iddq,uA,9.7054,10.2814,PASS,0.394,0.06,0.394,10.609,10.843,normal,0.0054,0.0,False,False,False,False,False,OK: within lot-relative limits (max 0.1 robust-sigma < 5); predicted 168h drift inside the lot safety envelope.
T07,T07-P0252,Iddq,uA,10.4577,10.7794,PASS,0.664,1.21,0.664,11.162,11.295,normal,0.0042,-0.9,False,False,False,False,False,OK: within lot-relative limits (max 1.2 robust-sigma < 5); predicted 168h drift inside the lot safety envelope.
T07,T07-P0253,Iddq,uA,10.699,11.3492,PASS,0.747,0.74,0.747,11.702,11.953,normal,0.006,0.02,False,False,False,False,False,OK: within lot-relative limits (max 0.7 robust-sigma < 5); predicted 168h drift inside the lot safety envelope.
T07,T07-P0254,Iddq,uA,9.9048,11.0519,PASS,0.928,2.47,0.928,11.761,12.206,normal,0.011,3.11,False,False,False,False,False,OK: within lot-relative limits (max 2.5 robust-sigma < 5); predicted 168h drift inside the lot safety envelope.
T07,T07-P0255,Iddq,uA,8.4586,8.6912,PASS,0.349,1.36,0.349,9.026,9.136,normal,0.0034,-0.91,False,False,False,False,False,OK: within lot-relative limits (max 1.4 robust-sigma < 5); predicted 168h drift inside the lot safety envelope.
T07,T07-P0256,Iddq,uA,10.172,10.8683,PASS,0.544,0.46,0.544,11.336,11.498,normal,0.0069,0.72,False,False,False,False,False,OK: within lot-relative limits (max 0.5 robust-sigma < 5); predicted 168h drift inside the lot safety envelope.
T07,T07-P0257,Iddq,uA,8.8723,9.2281,PASS,0.119,0.79,0.119,9.521,9.69,normal,0.0039,-0.69,False,False,False,False,False,OK: within lot-relative limits (max 0.8 robust-sigma < 5); predicted 168h drift inside the lot safety envelope.
T07,T07-P0258,Iddq,uA,7.2609,7.6412,PASS,0.265,0.25,0.265,7.872,8.031,normal,0.0036,-0.31,False,False,False,False,False,OK: within lot-relative limits (max 0.2 robust-sigma < 5); predicted 168h drift inside the lot safety envelope.
T07,T07-P0259,Iddq,uA,9.3693,9.9827,PASS,0.253,0.33,0.253,10.344,10.517,normal,0.0058,0.37,False,False,False,False,False,OK: within lot-relative limits (max 0.3 robust-sigma < 5); predicted 168h drift inside the lot safety envelope.
T07,T07-P0260,Iddq,uA,10.5621,11.1509,PASS,0.72,0.61,0.72,11.552,11.714,normal,0.0059,0.02,False,False,False,False,False,OK: within lot-relative limits (max 0.6 robust-sigma < 5); predicted 168h drift inside the lot safety envelope.
T07,T07-P0261,Iddq,uA,9.7164,10.5037,PASS,0.462,1.0,0.462,10.876,11.074,normal,0.0069,0.89,False,False,False,False,False,OK: within lot-relative limits (max 1.0 robust-sigma < 5); predicted 168h drift inside the lot safety envelope.
T07,T07-P0262,Iddq,uA,9.6873,10.6472,PASS,0.743,1.77,0.743,11.205,11.29,normal,0.009,2.13,False,False,False,False,False,OK: within lot-relative limits (max 1.8 robust-sigma < 5); predicted 168h drift inside the lot safety envelope.
T07,T07-P0263,Iddq,uA,12.147,12.4852,PASS,0.919,1.83,0.919,12.923,13.101,normal,0.0046,-1.02,False,False,False,False,False,OK: within lot-relative limits (max 1.8 robust-sigma < 5); predicted 168h drift inside the lot safety envelope.
T07,T07-P0264,Iddq,uA,9.9814,10.7716,PASS,0.596,0.92,0.596,11.146,11.376,normal,0.0069,0.8,False,False,False,False,False,OK: within lot-relative limits (max 0.9 robust-sigma < 5); predicted 168h drift inside the lot safety envelope.
T07,T07-P0265,Iddq,uA,11.0525,11.9706,PASS,0.764,1.19,0.764,12.414,12.654,normal,0.0081,1.02,False,False,False,False,False,OK: within lot-relative limits (max 1.2 robust-sigma < 5); predicted 168h drift inside the lot safety envelope.
T07,T07-P0266,Iddq,uA,10.4652,11.0747,PASS,0.804,0.54,0.804,11.446,11.643,normal,0.0058,0.02,False,False,False,False,False,OK: within lot-relative limits (max 0.5 robust-sigma < 5); predicted 168h drift inside the lot safety envelope.
T07,T07-P0267,Iddq,uA,12.0042,12.803,PASS,0.908,1.74,0.908,13.276,13.504,normal,0.0076,0.44,False,False,False,False,False,OK: within lot-relative limits (max 1.7 robust-sigma < 5); predicted 168h drift inside the lot safety envelope.
T07,T07-P0268,Iddq,uA,9.5472,9.4963,PASS,0.837,2.87,0.837,9.966,10.126,normal,0.0025,-1.74,False,False,False,False,False,OK: within lot-relative limits (max 2.9 robust-sigma < 5); predicted 168h drift inside the lot safety envelope.
T07,T07-P0269,Iddq,uA,11.1251,12.3237,PASS,0.922,2.14,0.922,12.95,13.162,normal,0.0109,2.36,False,False,False,False,False,OK: within lot-relative limits (max 2.1 robust-sigma < 5); predicted 168h drift inside the lot safety envelope.
T07,T07-P0270,Iddq,uA,12.2332,13.52,PASS,0.962,2.2,0.962,14.143,14.463,normal,0.0114,2.11,False,False,False,False,False,OK: within lot-relative limits (max 2.2 robust-sigma < 5); predicted 168h drift inside the lot safety envelope.
T07,T07-P0271,Iddq,uA,9.3346,10.1663,PASS,0.35,1.35,0.35,10.668,10.804,normal,0.0079,1.67,False,False,False,False,False,OK: within lot-relative limits (max 1.3 robust-sigma < 5); predicted 168h drift inside the lot safety envelope.
T07,T07-P0272,Iddq,uA,11.2078,11.9864,PASS,0.738,1.2,0.738,12.44,12.669,normal,0.0073,0.57,False,False,False,False,False,OK: within lot-relative limits (max 1.2 robust-sigma < 5); predicted 168h drift inside the lot safety envelope.
T07,T07-P0273,Iddq,uA,8.2964,8.7823,PASS,0.416,0.03,0.416,9.111,9.283,normal,0.0048,0.17,False,False,False,False,False,OK: within lot-relative limits (max 0.0 robust-sigma < 5); predicted 168h drift inside the lot safety envelope.
T07,T07-P0274,Iddq,uA,9.9922,11.8711,REJECT,0.98,5.39,0.98,19.515,22.709,low,0.0567,21.84,False,True,False,True,False,ABNORMAL DRIFT: Iddq changed +19% from 0h to 24h vs lot median +6% (5.4 robust-sigma). | EARLY REJECT (drift forecast): predicted Iddq@168h = 19.5 uA from 0h/24h readings; drift slope 0.057 uA/h exceeds lot safety slope 0.015 uA/h (21.8 robust-sigma).
T07,T07-P0275,Iddq,uA,10.6106,11.1603,PASS,0.619,0.65,0.619,11.57,11.721,normal,0.0057,-0.09,False,False,False,False,False,OK: within lot-relative limits (max 0.6 robust-sigma < 5); predicted 168h drift inside the lot safety envelope.
T07,T07-P0276,Iddq,uA,8.792,9.1144,PASS,0.126,0.94,0.126,9.386,9.557,normal,0.0035,-0.89,False,False,False,False,False,OK: within lot-relative limits (max 0.9 robust-sigma < 5); predicted 168h drift inside the lot safety envelope.
T07,T07-P0277,Iddq,uA,7.8178,8.415,PASS,0.114,0.8,0.114,8.674,8.885,normal,0.0051,0.56,False,False,False,False,False,OK: within lot-relative limits (max 0.8 robust-sigma < 5); predicted 168h drift inside the lot safety envelope.
T07,T07-P0278,Iddq,uA,9.8696,10.3606,PASS,0.44,0.36,0.44,10.763,11.208,normal,0.0053,-0.09,False,False,False,False,False,OK: within lot-relative limits (max 0.4 robust-sigma < 5); predicted 168h drift inside the lot safety envelope.
T07,T07-P0279,Iddq,uA,9.4469,9.7121,PASS,0.341,1.33,0.341,10.076,10.203,normal,0.0037,-0.92,False,False,False,False,False,OK: within lot-relative limits (max 1.3 robust-sigma < 5); predicted 168h drift inside the lot safety envelope.
T07,T07-P0280,Iddq,uA,9.9745,10.4806,PASS,0.503,0.32,0.503,10.875,11.021,normal,0.0054,-0.1,False,False,False,False,False,OK: within lot-relative limits (max 0.3 robust-sigma < 5); predicted 168h drift inside the lot safety envelope.
T07,T07-P0281,Iddq,uA,10.2631,10.708,PASS,0.564,0.65,0.564,11.031,11.22,normal,0.0046,-0.63,False,False,False,False,False,OK: within lot-relative limits (max 0.6 robust-sigma < 5); predicted 168h drift inside the lot safety envelope.
T07,T07-P0282,Iddq,uA,10.8901,11.1737,PASS,0.802,1.42,0.802,11.522,11.726,normal,0.0038,-1.23,False,False,False,False,False,OK: within lot-relative limits (max 1.4 robust-sigma < 5); predicted 168h drift inside the lot safety envelope.
T07,T07-P0283,Iddq,uA,11.8452,12.5591,PASS,0.92,1.61,0.92,12.984,13.219,normal,0.0068,0.1,False,False,False,False,False,OK: within lot-relative limits (max 1.6 robust-sigma < 5); predicted 168h drift inside the lot safety envelope.
T07,T07-P0284,Iddq,uA,10.2173,11.0109,PASS,0.604,0.86,0.604,11.408,11.644,normal,0.0071,0.8,False,False,False,False,False,OK: within lot-relative limits (max 0.9 robust-sigma < 5); predicted 168h drift inside the lot safety envelope.
T07,T07-P0285,Iddq,uA,8.1987,8.2819,PASS,0.497,2.15,0.497,8.542,8.676,normal,0.002,-1.81,False,False,False,False,False,OK: within lot-relative limits (max 2.1 robust-sigma < 5); predicted 168h drift inside the lot safety envelope.
T07,T07-P0286,Iddq,uA,10.7287,11.2314,PASS,0.588,0.75,0.588,11.584,11.789,normal,0.0051,-0.46,False,False,False,False,False,OK: within lot-relative limits (max 0.7 robust-sigma < 5); predicted 168h drift inside the lot safety envelope.
T07,T07-P0287,Iddq,uA,10.1679,11.3584,PASS,0.927,2.53,0.927,12.677,12.677,normal,0.0149,4.95,False,False,False,False,False,OK: within lot-relative limits (max 2.5 robust-sigma < 5); predicted 168h drift inside the lot safety envelope.
T07,T07-P0288,Iddq,uA,9.7763,10.9089,PASS,0.908,2.48,0.908,11.617,12.048,normal,0.011,3.14,False,False,False,False,False,OK: within lot-relative limits (max 2.5 robust-sigma < 5); predicted 168h drift inside the lot safety envelope.
T07,T07-P0289,Iddq,uA,11.6688,12.1859,PASS,0.812,1.48,0.812,12.593,12.807,normal,0.0055,-0.48,False,False,False,False,False,OK: within lot-relative limits (max 1.5 robust-sigma < 5); predicted 168h drift inside the lot safety envelope.
T07,T07-P0290,Iddq,uA,9.8893,10.3399,PASS,0.442,0.55,0.442,10.679,10.866,normal,0.0047,-0.46,False,False,False,False,False,OK: within lot-relative limits (max 0.5 robust-sigma < 5); predicted 168h drift inside the lot safety envelope.
T07,T07-P0291,Iddq,uA,9.4362,10.0186,PASS,0.306,0.16,0.306,10.315,10.542,normal,0.0052,0.0,False,False,False,False,False,OK: within lot-relative limits (max 0.2 robust-sigma < 5); predicted 168h drift inside the lot safety envelope.
T07,T07-P0292,Iddq,uA,10.275,10.9603,PASS,0.555,0.45,0.555,11.365,11.567,normal,0.0065,0.44,False,False,False,False,False,OK: within lot-relative limits (max 0.5 robust-sigma < 5); predicted 168h drift inside the lot safety envelope.
T07,T07-P0293,Iddq,uA,8.071,8.1937,PASS,0.466,1.92,0.466,8.389,8.541,normal,0.0019,-1.9,False,False,False,False,False,OK: within lot-relative limits (max 1.9 robust-sigma < 5); predicted 168h drift inside the lot safety envelope.
T07,T07-P0294,Iddq,uA,10.9189,11.3655,PASS,0.617,0.9,0.617,11.735,11.925,normal,0.0049,-0.64,False,False,False,False,False,OK: within lot-relative limits (max 0.9 robust-sigma < 5); predicted 168h drift inside the lot safety envelope.
T07,T07-P0295,Iddq,uA,10.0155,10.6288,PASS,0.673,0.2,0.673,10.953,11.19,normal,0.0056,0.01,False,False,False,False,False,OK: within lot-relative limits (max 0.2 robust-sigma < 5); predicted 168h drift inside the lot safety envelope.
T07,T07-P0296,Iddq,uA,12.012,12.6513,PASS,0.913,1.73,0.913,13.115,13.283,normal,0.0066,-0.05,False,False,False,False,False,OK: within lot-relative limits (max 1.7 robust-sigma < 5); predicted 168h drift inside the lot safety envelope.
T07,T07-P0297,Iddq,uA,10.5695,11.2381,PASS,0.644,0.66,0.644,11.56,11.831,normal,0.0059,0.02,False,False,False,False,False,OK: within lot-relative limits (max 0.7 robust-sigma < 5); predicted 168h drift inside the lot safety envelope.
T07,T07-P0298,Iddq,uA,10.1076,10.8075,PASS,0.536,0.49,0.536,11.25,11.425,normal,0.0068,0.68,False,False,False,False,False,OK: within lot-relative limits (max 0.5 robust-sigma < 5); predicted 168h drift inside the lot safety envelope.
T07,T07-P0299,Iddq,uA,9.9539,10.9872,PASS,0.881,1.97,0.881,11.585,11.737,normal,0.0097,2.36,False,False,False,False,False,OK: within lot-relative limits (max 2.0 robust-sigma < 5); predicted 168h drift inside the lot safety envelope.
T07,T07-P0300,Iddq,uA,8.4959,8.8741,PASS,0.064,0.59,0.064,9.18,9.34,normal,0.0041,-0.44,False,False,False,False,False,OK: within lot-relative limits (max 0.6 robust-sigma < 5); predicted 168h drift inside the lot safety envelope.
T07,T07-P0301,Iddq,uA,9.7638,10.185,PASS,0.066,0.66,0.014,10.488,10.674,normal,0.0043,-0.66,False,False,False,False,False,OK: within lot-relative limits (max 0.7 robust-sigma < 5); predicted 168h drift inside the lot safety envelope.
T07,T07-P0302,Iddq,uA,10.1579,10.5491,PASS,0.544,0.86,0.544,10.897,11.094,normal,0.0044,-0.71,False,False,False,False,False,OK: within lot-relative limits (max 0.9 robust-sigma < 5); predicted 168h drift inside the lot safety envelope.
T07,T07-P0303,Iddq,uA,11.1135,11.2322,PASS,0.919,2.12,0.919,11.613,11.78,normal,0.003,-1.7,False,False,False,False,False,OK: within lot-relative limits (max 2.1 robust-sigma < 5); predicted 168h drift inside the lot safety envelope.
T07,T07-P0304,Iddq,uA,10.1172,10.8722,PASS,0.53,0.73,0.53,11.327,11.492,normal,0.0072,0.9,False,False,False,False,False,OK: within lot-relative limits (max 0.7 robust-sigma < 5); predicted 168h drift inside the lot safety envelope.
T07,T07-P0305,Iddq,uA,10.4707,11.0421,PASS,0.672,0.53,0.672,11.452,11.613,normal,0.0058,0.02,False,False,False,False,False,OK: within lot-relative limits (max 0.5 robust-sigma < 5); predicted 168h drift inside the lot safety envelope.
T07,T07-P0306,Iddq,uA,10.4346,11.2192,PASS,0.559,0.75,0.559,11.635,11.852,normal,0.0071,0.75,False,False,False,False,False,OK: within lot-relative limits (max 0.8 robust-sigma < 5); predicted 168h drift inside the lot safety envelope.
T07,T07-P0307,Iddq,uA,9.1554,9.9821,PASS,0.358,1.4,0.358,10.492,10.609,normal,0.008,1.78,False,False,False,False,False,OK: within lot-relative limits (max 1.4 robust-sigma < 5); predicted 168h drift inside the lot safety envelope.
T07,T07-P0308,Iddq,uA,10.1801,10.7689,PASS,0.782,0.31,0.782,11.166,11.326,normal,0.0059,0.13,False,False,False,False,False,OK: within lot-relative limits (max 0.3 robust-sigma < 5); predicted 168h drift inside the lot safety envelope.
T07,T07-P0309,Iddq,uA,9.4571,10.3044,PASS,0.344,1.37,0.344,10.838,10.959,normal,0.0082,1.78,False,False,False,False,False,OK: within lot-relative limits (max 1.4 robust-sigma < 5); predicted 168h drift inside the lot safety envelope.
T07,T07-P0310,Iddq,uA,8.426,8.7388,PASS,0.132,0.92,0.132,9.051,9.16,normal,0.0037,-0.66,False,False,False,False,False,OK: within lot-relative limits (max 0.9 robust-sigma < 5); predicted 168h drift inside the lot safety envelope.
T07,T07-P0311,Iddq,uA,8.2283,8.7405,PASS,0.316,0.19,0.316,9.036,9.198,normal,0.0048,0.17,False,False,False,False,False,OK: within lot-relative limits (max 0.2 robust-sigma < 5); predicted 168h drift inside the lot safety envelope.
T07,T07-P0312,Iddq,uA,10.8813,11.736,PASS,0.691,1.02,0.691,12.152,12.401,normal,0.0076,0.8,False,False,False,False,False,OK: within lot-relative limits (max 1.0 robust-sigma < 5); predicted 168h drift inside the lot safety envelope.
T07,T07-P0313,Iddq,uA,11.6512,12.5099,PASS,0.838,1.55,0.838,13.02,13.179,normal,0.0081,0.83,False,False,False,False,False,OK: within lot-relative limits (max 1.6 robust-sigma < 5); predicted 168h drift inside the lot safety envelope.
T07,T07-P0314,Iddq,uA,11.316,12.3386,PASS,0.864,1.44,0.864,12.97,13.113,normal,0.0098,1.78,False,False,False,False,False,OK: within lot-relative limits (max 1.4 robust-sigma < 5); predicted 168h drift inside the lot safety envelope.
T07,T07-P0315,Iddq,uA,8.9472,9.0015,PASS,0.566,2.34,0.566,9.344,9.489,normal,0.0024,-1.72,False,False,False,False,False,OK: within lot-relative limits (max 2.3 robust-sigma < 5); predicted 168h drift inside the lot safety envelope.
T07,T07-P0316,Iddq,uA,11.795,12.2589,PASS,0.856,1.57,0.856,12.617,12.867,normal,0.0049,-0.82,False,False,False,False,False,OK: within lot-relative limits (max 1.6 robust-sigma < 5); predicted 168h drift inside the lot safety envelope.
T07,T07-P0317,Iddq,uA,12.039,12.8488,PASS,0.909,1.77,0.909,13.314,13.556,normal,0.0076,0.44,False,False,False,False,False,OK: within lot-relative limits (max 1.8 robust-sigma < 5); predicted 168h drift inside the lot safety envelope.
T07,T07-P0318,Iddq,uA,8.9072,9.5257,PASS,0.084,0.5,0.084,9.881,10.068,normal,0.0058,0.55,False,False,False,False,False,OK: within lot-relative limits (max 0.5 robust-sigma < 5); predicted 168h drift inside the lot safety envelope.
T07,T07-P0319,Iddq,uA,10.5325,10.8668,PASS,0.635,1.17,0.635,11.255,11.376,normal,0.0043,-0.85,False,False,False,False,False,OK: within lot-relative limits (max 1.2 robust-sigma < 5); predicted 168h drift inside the lot safety envelope.
T07,T07-P0320,Iddq,uA,12.0233,12.9823,PASS,0.908,1.86,0.908,13.443,13.693,normal,0.0085,0.85,False,False,False,False,False,OK: within lot-relative limits (max 1.9 robust-sigma < 5); predicted 168h drift inside the lot safety envelope.
T07,T07-P0321,Iddq,uA,9.9985,10.259,PASS,0.5,1.42,0.5,10.584,10.766,normal,0.0035,-1.21,False,False,False,False,False,OK: within lot-relative limits (max 1.4 robust-sigma < 5); predicted 168h drift inside the lot safety envelope.
T07,T07-P0322,Iddq,uA,11.167,12.2589,PASS,0.893,1.72,0.893,12.954,12.998,normal,0.0106,2.24,False,False,False,False,False,OK: within lot-relative limits (max 1.7 robust-sigma < 5); predicted 168h drift inside the lot safety envelope.
T07,T07-P0323,Iddq,uA,9.0788,9.5673,PASS,0.309,0.18,0.309,9.924,10.069,normal,0.005,0.0,False,False,False,False,False,OK: within lot-relative limits (max 0.2 robust-sigma < 5); predicted 168h drift inside the lot safety envelope.
T07,T07-P0324,Iddq,uA,9.5191,9.7607,PASS,0.375,1.45,0.375,10.066,10.25,normal,0.0033,-1.25,False,False,False,False,False,OK: within lot-relative limits (max 1.5 robust-sigma < 5); predicted 168h drift inside the lot safety envelope.
T07,T07-P0325,Iddq,uA,10.8161,11.3397,PASS,0.661,0.82,0.661,11.679,11.885,normal,0.0051,-0.46,False,False,False,False,False,OK: within lot-relative limits (max 0.8 robust-sigma < 5); predicted 168h drift inside the lot safety envelope.
T07,T07-P0326,Iddq,uA,9.4939,10.3624,PASS,0.375,1.45,0.375,10.913,11.029,normal,0.0084,1.89,False,False,False,False,False,OK: within lot-relative limits (max 1.4 robust-sigma < 5); predicted 168h drift inside the lot safety envelope.
T07,T07-P0327,Iddq,uA,9.8455,10.1903,PASS,0.194,1.02,0.194,10.529,10.667,normal,0.0041,-0.82,False,False,False,False,False,OK: within lot-relative limits (max 1.0 robust-sigma < 5); predicted 168h drift inside the lot safety envelope.
T07,T07-P0328,Iddq,uA,10.0987,10.2649,PASS,0.775,1.86,0.775,10.582,10.71,normal,0.0029,-1.59,False,False,False,False,False,OK: within lot-relative limits (max 1.9 robust-sigma < 5); predicted 168h drift inside the lot safety envelope.
T07,T07-P0329,Iddq,uA,8.5995,9.1889,PASS,0.106,0.46,0.106,9.525,9.721,normal,0.0055,0.5,False,False,False,False,False,OK: within lot-relative limits (max 0.5 robust-sigma < 5); predicted 168h drift inside the lot safety envelope.
T07,T07-P0330,Iddq,uA,11.7018,12.2671,PASS,0.845,1.5,0.845,12.628,12.844,normal,0.0055,-0.48,False,False,False,False,False,OK: within lot-relative limits (max 1.5 robust-sigma < 5); predicted 168h drift inside the lot safety envelope.
T07,T07-P0331,Iddq,uA,9.7582,10.3718,PASS,0.278,0.22,0.278,10.667,10.902,normal,0.0054,0.0,False,False,False,False,False,OK: within lot-relative limits (max 0.2 robust-sigma < 5); predicted 168h drift inside the lot safety envelope.
T07,T07-P0332,Iddq,uA,9.3902,9.9504,PASS,0.38,0.07,0.38,10.265,10.491,normal,0.0052,0.0,False,False,False,False,False,OK: within lot-relative limits (max 0.1 robust-sigma < 5); predicted 168h drift inside the lot safety envelope.
T07,T07-P0333,Iddq,uA,9.5342,9.7314,PASS,0.419,1.67,0.419,10.055,10.23,normal,0.0031,-1.35,False,False,False,False,False,OK: within lot-relative limits (max 1.7 robust-sigma < 5); predicted 168h drift inside the lot safety envelope.
T07,T07-P0334,Iddq,uA,9.7722,10.2535,PASS,0.16,0.38,0.16,10.546,10.738,normal,0.0046,-0.48,False,False,False,False,False,OK: within lot-relative limits (max 0.4 robust-sigma < 5); predicted 168h drift inside the lot safety envelope.
T07,T07-P0335,Iddq,uA,8.4646,9.2509,PASS,0.395,1.51,0.395,9.858,9.858,normal,0.0083,2.38,False,False,False,False,False,OK: within lot-relative limits (max 1.5 robust-sigma < 5); predicted 168h drift inside the lot safety envelope.
T07,T07-P0336,Iddq,uA,10.983,11.5542,PASS,0.744,0.95,0.744,11.976,12.133,normal,0.0059,-0.09,False,False,False,False,False,OK: within lot-relative limits (max 1.0 robust-sigma < 5); predicted 168h drift inside the lot safety envelope.
T07,T07-P0337,Iddq,uA,9.3004,9.8594,PASS,0.361,0.09,0.361,10.167,10.391,normal,0.0052,0.0,False,False,False,False,False,OK: within lot-relative limits (max 0.1 robust-sigma < 5); predicted 168h drift inside the lot safety envelope.
T07,T07-P0338,Iddq,uA,10.9852,11.4574,PASS,0.651,0.95,0.651,11.806,12.01,normal,0.0049,-0.64,False,False,False,False,False,OK: within lot-relative limits (max 1.0 robust-sigma < 5); predicted 168h drift inside the lot safety envelope.
T07,T07-P0339,Iddq,uA,8.7377,9.4609,PASS,0.214,1.08,0.214,9.793,10.004,normal,0.0063,0.94,False,False,False,False,False,OK: within lot-relative limits (max 1.1 robust-sigma < 5); predicted 168h drift inside the lot safety envelope.
T07,T07-P0340,Iddq,uA,8.6675,9.2926,PASS,0.062,0.62,0.049,9.645,9.816,normal,0.0058,0.67,False,False,False,False,False,OK: within lot-relative limits (max 0.6 robust-sigma < 5); predicted 168h drift inside the lot safety envelope.
T07,T07-P0341,Iddq,uA,8.5777,9.3777,PASS,0.396,1.53,0.396,9.845,9.968,normal,0.0075,1.83,False,False,False,False,False,OK: within lot-relative limits (max 1.5 robust-sigma < 5); predicted 168h drift inside the lot safety envelope.
T07,T07-P0342,Iddq,uA,10.2507,10.7447,PASS,0.546,0.43,0.546,11.104,11.263,normal,0.0051,-0.34,False,False,False,False,False,OK: within lot-relative limits (max 0.4 robust-sigma < 5); predicted 168h drift inside the lot safety envelope.
T07,T07-P0343,Iddq,uA,8.4821,8.8645,PASS,0.098,0.57,0.098,9.165,9.325,normal,0.0041,-0.44,False,False,False,False,False,OK: within lot-relative limits (max 0.6 robust-sigma < 5); predicted 168h drift inside the lot safety envelope.
T07,T07-P0344,Iddq,uA,10.7171,11.5678,PASS,0.701,0.93,0.701,11.969,12.214,normal,0.0074,0.8,False,False,False,False,False,OK: within lot-relative limits (max 0.9 robust-sigma < 5); predicted 168h drift inside the lot safety envelope.
T07,T07-P0345,Iddq,uA,9.352,10.0496,PASS,0.072,0.72,0.026,10.422,10.623,normal,0.0064,0.73,False,False,False,False,False,OK: within lot-relative limits (max 0.7 robust-sigma < 5); predicted 168h drift inside the lot safety envelope.
T07,T07-P0346,Iddq,uA,10.7405,11.6074,PASS,0.73,0.99,0.73,11.995,12.241,normal,0.0075,0.8,False,False,False,False,False,OK: within lot-relative limits (max 1.0 robust-sigma < 5); predicted 168h drift inside the lot safety envelope.
T07,T07-P0347,Iddq,uA,9.3603,9.7435,PASS,0.079,0.75,0.079,10.055,10.222,normal,0.0041,-0.66,False,False,False,False,False,OK: within lot-relative limits (max 0.8 robust-sigma < 5); predicted 168h drift inside the lot safety envelope.
T07,T07-P0348,Iddq,uA,10.6273,11.2874,PASS,0.667,0.7,0.667,11.623,11.873,normal,0.0059,0.02,False,False,False,False,False,OK: within lot-relative limits (max 0.7 robust-sigma < 5); predicted 168h drift inside the lot safety envelope.
T07,T07-P0349,Iddq,uA,8.6535,9.2008,PASS,0.267,0.23,0.267,9.445,9.687,normal,0.0047,-0.06,False,False,False,False,False,OK: within lot-relative limits (max 0.2 robust-sigma < 5); predicted 168h drift inside the lot safety envelope.
T07,T07-P0350,Iddq,uA,8.6052,9.0534,PASS,0.236,0.26,0.236,9.364,9.507,normal,0.0045,-0.17,False,False,False,False,False,OK: within lot-relative limits (max 0.3 robust-sigma < 5); predicted 168h drift inside the lot safety envelope.
T07,T07-P0351,Iddq,uA,10.4549,11.1056,PASS,0.677,0.56,0.677,11.435,11.681,normal,0.0058,0.02,False,False,False,False,False,OK: within lot-relative limits (max 0.6 robust-sigma < 5); predicted 168h drift inside the lot safety envelope.
T07,T07-P0352,Iddq,uA,9.1499,9.4481,PASS,0.231,1.13,0.231,9.78,9.882,normal,0.0037,-0.85,False,False,False,False,False,OK: within lot-relative limits (max 1.1 robust-sigma < 5); predicted 168h drift inside the lot safety envelope.
T07,T07-P0353,Iddq,uA,11.0795,11.6319,PASS,0.722,1.03,0.722,12.082,12.219,normal,0.006,-0.09,False,False,False,False,False,OK: within lot-relative limits (max 1.0 robust-sigma < 5); predicted 168h drift inside the lot safety envelope.
T07,T07-P0354,Iddq,uA,8.989,9.5533,PASS,0.276,0.21,0.276,9.826,10.043,normal,0.005,0.0,False,False,False,False,False,OK: within lot-relative limits (max 0.2 robust-sigma < 5); predicted 168h drift inside the lot safety envelope.
T07,T07-P0355,Iddq,uA,10.3166,11.2733,PASS,0.811,1.5,0.811,11.86,11.985,normal,0.0092,1.9,False,False,False,False,False,OK: within lot-relative limits (max 1.5 robust-sigma < 5); predicted 168h drift inside the lot safety envelope.
T07,T07-P0356,Iddq,uA,8.7858,9.1955,PASS,0.084,0.5,0.084,9.467,9.654,normal,0.0041,-0.54,False,False,False,False,False,OK: within lot-relative limits (max 0.5 robust-sigma < 5); predicted 168h drift inside the lot safety envelope.
T07,T07-P0357,Iddq,uA,7.8615,8.1178,PASS,0.231,1.13,0.231,8.359,8.473,normal,0.003,-1.04,False,False,False,False,False,OK: within lot-relative limits (max 1.1 robust-sigma < 5); predicted 168h drift inside the lot safety envelope.
T07,T07-P0358,Iddq,uA,11.5556,12.4985,PASS,0.837,1.54,0.837,12.979,13.166,normal,0.0085,1.02,False,False,False,False,False,OK: within lot-relative limits (max 1.5 robust-sigma < 5); predicted 168h drift inside the lot safety envelope.
T07,T07-P0359,Iddq,uA,9.4352,10.1828,PASS,0.132,0.93,0.132,10.531,10.753,normal,0.0065,0.78,False,False,False,False,False,OK: within lot-relative limits (max 0.9 robust-sigma < 5); predicted 168h drift inside the lot safety envelope.
T07,T07-P0360,Iddq,uA,11.1419,11.5932,PASS,0.691,1.08,0.691,11.975,12.168,normal,0.005,-0.64,False,False,False,False,False,OK: within lot-relative limits (max 1.1 robust-sigma < 5); predicted 168h drift inside the lot safety envelope.
T07,T07-P0361,Iddq,uA,10.0417,10.8374,PASS,0.626,0.93,0.626,11.26,11.444,normal,0.0072,0.96,False,False,False,False,False,OK: within lot-relative limits (max 0.9 robust-sigma < 5); predicted 168h drift inside the lot safety envelope.
T07,T07-P0362,Iddq,uA,8.0722,8.2091,PASS,0.454,1.84,0.454,8.397,8.543,normal,0.0019,-1.87,False,False,False,False,False,OK: within lot-relative limits (max 1.8 robust-sigma < 5); predicted 168h drift inside the lot safety envelope.
T07,T07-P0363,Iddq,uA,10.2661,8.0782,REJECT,1.0,13.76,0.986,7.525,15.401,low,-0.0163,-15.04,False,True,False,False,False,ABNORMAL DRIFT: Iddq changed -21% from 0h to 24h vs lot median +6% (13.8 robust-sigma).
T07,T07-P0364,Iddq,uA,11.276,12.2109,PASS,0.82,1.35,0.82,12.665,12.91,normal,0.0083,1.02,False,False,False,False,False,OK: within lot-relative limits (max 1.4 robust-sigma < 5); predicted 168h drift inside the lot safety envelope.
T07,T07-P0365,Iddq,uA,11.479,11.8296,PASS,0.814,1.33,0.814,12.244,12.39,normal,0.0046,-0.92,False,False,False,False,False,OK: within lot-relative limits (max 1.3 robust-sigma < 5); predicted 168h drift inside the lot safety envelope.
T07,T07-P0366,Iddq,uA,42.086,44.4449,REJECT,1.0,12.66,0.997,45.722,46.299,low,0.0216,-0.23,False,True,True,False,True,"LOT OUTLIER: Iddq@0h = 42.1 uA is 12.7 robust-sigma above lot T07 median (9.8 uA); still under datasheet max 50 uA, so a static limit would pass it. | LOT OUTLIER: Iddq@24h = 44.4 uA is 12.1 robust-sigma above lot T07 median (10.4 uA); still under datasheet max 50 uA, so a static limit would pass it. | GUARD BAND: 90% upper forecast for Iddq@168h is 46.3 uA = 93% of datasheet max (guard band 70%)."
T07,T07-P0367,Iddq,uA,10.2823,10.9279,PASS,0.635,0.43,0.635,11.261,11.488,normal,0.0058,0.07,False,False,False,False,False,OK: within lot-relative limits (max 0.4 robust-sigma < 5); predicted 168h drift inside the lot safety envelope.
T07,T07-P0368,Iddq,uA,9.7701,9.9656,PASS,0.426,1.7,0.426,10.282,10.464,normal,0.003,-1.43,False,False,False,False,False,OK: within lot-relative limits (max 1.7 robust-sigma < 5); predicted 168h drift inside the lot safety envelope.
T07,T07-P0369,Iddq,uA,9.8885,10.3029,PASS,0.439,0.71,0.439,10.628,10.807,normal,0.0044,-0.64,False,False,False,False,False,OK: within lot-relative limits (max 0.7 robust-sigma < 5); predicted 168h drift inside the lot safety envelope.
T07,T07-P0370,Iddq,uA,8.5221,8.9593,PASS,0.241,0.29,0.241,9.274,9.415,normal,0.0045,-0.17,False,False,False,False,False,OK: within lot-relative limits (max 0.3 robust-sigma < 5); predicted 168h drift inside the lot safety envelope.
T07,T07-P0371,Iddq,uA,10.6626,11.5201,PASS,0.681,0.98,0.681,11.908,12.152,normal,0.0074,0.8,False,False,False,False,False,OK: within lot-relative limits (max 1.0 robust-sigma < 5); predicted 168h drift inside the lot safety envelope.
T07,T07-P0372,Iddq,uA,10.6672,11.1982,PASS,0.606,0.7,0.606,11.632,11.765,normal,0.0057,-0.09,False,False,False,False,False,OK: within lot-relative limits (max 0.7 robust-sigma < 5); predicted 168h drift inside the lot safety envelope.
T07,T07-P0373,Iddq,uA,10.1218,10.6975,PASS,0.754,0.25,0.754,11.102,11.248,normal,0.0058,0.13,False,False,False,False,False,OK: within lot-relative limits (max 0.3 robust-sigma < 5); predicted 168h drift inside the lot safety envelope.
T07,T07-P0374,Iddq,uA,8.9446,9.2472,PASS,0.228,1.07,0.228,9.56,9.687,normal,0.0037,-0.85,False,False,False,False,False,OK: within lot-relative limits (max 1.1 robust-sigma < 5); predicted 168h drift inside the lot safety envelope.
T07,T07-P0375,Iddq,uA,10.4532,11.4628,PASS,0.854,1.67,0.854,12.126,12.167,normal,0.01,2.24,False,False,False,False,False,OK: within lot-relative limits (max 1.7 robust-sigma < 5); predicted 168h drift inside the lot safety envelope.
T07,T07-P0376,Iddq,uA,9.2606,9.4327,PASS,0.444,1.76,0.444,9.716,9.876,normal,0.0027,-1.55,False,False,False,False,False,OK: within lot-relative limits (max 1.8 robust-sigma < 5); predicted 168h drift inside the lot safety envelope.
T07,T07-P0377,Iddq,uA,11.4567,11.764,PASS,0.843,1.39,0.843,12.158,12.336,normal,0.0042,-1.12,False,False,False,False,False,OK: within lot-relative limits (max 1.4 robust-sigma < 5); predicted 168h drift inside the lot safety envelope.
T07,T07-P0378,Iddq,uA,9.1838,9.5915,PASS,0.06,0.6,0.057,9.911,10.091,normal,0.0043,-0.48,False,False,False,False,False,OK: within lot-relative limits (max 0.6 robust-sigma < 5); predicted 168h drift inside the lot safety envelope.
T07,T07-P0379,Iddq,uA,9.1876,9.7197,PASS,0.437,0.0,0.437,10.043,10.222,normal,0.0051,0.0,False,False,False,False,False,OK: within lot-relative limits (max 0.0 robust-sigma < 5); predicted 168h drift inside the lot safety envelope.
T07,T07-P0380,Iddq,uA,9.4505,10.2718,PASS,0.312,1.25,0.312,10.722,10.921,normal,0.0076,1.4,False,False,False,False,False,OK: within lot-relative limits (max 1.3 robust-sigma < 5); predicted 168h drift inside the lot safety envelope.
T07,T07-P0381,Iddq,uA,8.679,9.0652,PASS,0.064,0.6,0.064,9.352,9.536,normal,0.004,-0.54,False,False,False,False,False,OK: within lot-relative limits (max 0.6 robust-sigma < 5); predicted 168h drift inside the lot safety envelope.
T07,T07-P0382,Iddq,uA,8.7953,9.1265,PASS,0.109,0.9,0.109,9.39,9.56,normal,0.0035,-0.89,False,False,False,False,False,OK: within lot-relative limits (max 0.9 robust-sigma < 5); predicted 168h drift inside the lot safety envelope.
T07,T07-P0383,Iddq,uA,9.4056,9.6986,PASS,0.286,1.19,0.286,10.032,10.158,normal,0.0037,-0.92,False,False,False,False,False,OK: within lot-relative limits (max 1.2 robust-sigma < 5); predicted 168h drift inside the lot safety envelope.
T07,T07-P0384,Iddq,uA,7.2744,7.5409,PASS,0.126,0.95,0.126,7.738,7.904,normal,0.0028,-1.03,False,False,False,False,False,OK: within lot-relative limits (max 0.9 robust-sigma < 5); predicted 168h drift inside the lot safety envelope.
T07,T07-P0385,Iddq,uA,12.5606,13.1077,PASS,0.941,2.12,0.941,13.457,13.723,normal,0.0053,-0.76,False,False,False,False,False,OK: within lot-relative limits (max 2.1 robust-sigma < 5); predicted 168h drift inside the lot safety envelope.
T07,T07-P0386,Iddq,uA,10.0885,10.7213,PASS,0.639,0.27,0.639,11.065,11.271,normal,0.0058,0.13,False,False,False,False,False,OK: within lot-relative limits (max 0.3 robust-sigma < 5); predicted 168h drift inside the lot safety envelope.
T07,T07-P0387,Iddq,uA,10.0068,10.9909,PASS,0.844,1.74,0.844,11.601,11.662,normal,0.0095,2.21,False,False,False,False,False,OK: within lot-relative limits (max 1.7 robust-sigma < 5); predicted 168h drift inside the lot safety envelope.
T07,T07-P0388,Iddq,uA,8.877,9.1642,PASS,0.224,1.14,0.224,9.488,9.588,normal,0.0036,-0.85,False,False,False,False,False,OK: within lot-relative limits (max 1.1 robust-sigma < 5); predicted 168h drift inside the lot safety envelope.
T07,T07-P0389,Iddq,uA,9.9399,10.6211,PASS,0.572,0.46,0.572,11.026,11.235,normal,0.0065,0.55,False,False,False,False,False,OK: within lot-relative limits (max 0.5 robust-sigma < 5); predicted 168h drift inside the lot safety envelope.
T07,T07-P0390,Iddq,uA,9.7436,10.2201,PASS,0.17,0.4,0.17,10.515,10.706,normal,0.0046,-0.48,False,False,False,False,False,OK: within lot-relative limits (max 0.4 robust-sigma < 5); predicted 168h drift inside the lot safety envelope.
T07,T07-P0391,Iddq,uA,9.9756,10.5878,PASS,0.646,0.17,0.646,10.909,11.145,normal,0.0056,0.01,False,False,False,False,False,OK: within lot-relative limits (max 0.2 robust-sigma < 5); predicted 168h drift inside the lot safety envelope.
T07,T07-P0392,Iddq,uA,8.0197,8.7707,PASS,0.398,1.54,0.398,9.325,9.325,normal,0.0078,2.33,False,False,False,False,False,OK: within lot-relative limits (max 1.5 robust-sigma < 5); predicted 168h drift inside the lot safety envelope.
T07,T07-P0393,Iddq,uA,9.7372,10.1427,PASS,0.072,0.72,0.029,10.459,10.642,normal,0.0043,-0.66,False,False,False,False,False,OK: within lot-relative limits (max 0.7 robust-sigma < 5); predicted 168h drift inside the lot safety envelope.
T07,T07-P0394,Iddq,uA,7.6598,8.1091,PASS,0.41,0.03,0.41,8.33,8.55,normal,0.004,-0.2,False,False,False,False,False,OK: within lot-relative limits (max 0.0 robust-sigma < 5); predicted 168h drift inside the lot safety envelope.
T07,T07-P0395,Iddq,uA,9.6083,12.7004,REJECT,1.0,10.35,0.986,26.138,28.714,low,0.0984,34.31,False,True,False,True,False,ABNORMAL DRIFT: Iddq changed +32% from 0h to 24h vs lot median +6% (10.3 robust-sigma). | EARLY REJECT (drift forecast): predicted Iddq@168h = 26.1 uA from 0h/24h readings; drift slope 0.098 uA/h exceeds lot safety slope 0.014 uA/h (34.3 robust-sigma).
T07,T07-P0396,Iddq,uA,8.8187,9.1795,PASS,0.087,0.76,0.087,9.458,9.631,normal,0.0038,-0.72,False,False,False,False,False,OK: within lot-relative limits (max 0.8 robust-sigma < 5); predicted 168h drift inside the lot safety envelope.
T07,T07-P0397,Iddq,uA,9.0955,9.701,PASS,0.198,0.38,0.198,10.041,10.239,normal,0.0056,0.37,False,False,False,False,False,OK: within lot-relative limits (max 0.4 robust-sigma < 5); predicted 168h drift inside the lot safety envelope.
T07,T07-P0398,Iddq,uA,9.2846,9.8888,PASS,0.244,0.31,0.244,10.25,10.422,normal,0.0057,0.37,False,False,False,False,False,OK: within lot-relative limits (max 0.3 robust-sigma < 5); predicted 168h drift inside the lot safety envelope.
T07,T07-P0399,Iddq,uA,10.6117,11.8256,PASS,0.927,2.41,0.927,12.563,13.078,normal,0.0116,3.0,False,False,False,False,False,OK: within lot-relative limits (max 2.4 robust-sigma < 5); predicted 168h drift inside the lot safety envelope.
T07,T07-P0400,Iddq,uA,11.4824,12.0292,PASS,0.778,1.34,0.778,12.391,12.613,normal,0.0054,-0.48,False,False,False,False,False,OK: within lot-relative limits (max 1.3 robust-sigma < 5); predicted 168h drift inside the lot safety envelope.
T07,T07-P0401,Iddq,uA,9.7682,10.4864,PASS,0.458,0.68,0.458,10.879,11.061,normal,0.0066,0.7,False,False,False,False,False,OK: within lot-relative limits (max 0.7 robust-sigma < 5); predicted 168h drift inside the lot safety envelope.
T07,T07-P0402,Iddq,uA,8.5745,9.2442,PASS,0.172,0.88,0.172,9.541,9.773,normal,0.0058,0.67,False,False,False,False,False,OK: within lot-relative limits (max 0.9 robust-sigma < 5); predicted 168h drift inside the lot safety envelope.
T07,T07-P0403,Iddq,uA,11.6997,12.0058,PASS,0.883,1.5,0.883,12.372,12.579,normal,0.004,-1.25,False,False,False,False,False,OK: within lot-relative limits (max 1.5 robust-sigma < 5); predicted 168h drift inside the lot safety envelope.
T07,T07-P0404,Iddq,uA,8.2652,8.7037,PASS,0.279,0.22,0.279,9.061,9.15,normal,0.0047,0.11,False,False,False,False,False,OK: within lot-relative limits (max 0.2 robust-sigma < 5); predicted 168h drift inside the lot safety envelope.
T07,T07-P0405,Iddq,uA,9.2642,9.4228,PASS,0.453,1.83,0.453,9.692,9.877,normal,0.0025,-1.65,False,False,False,False,False,OK: within lot-relative limits (max 1.8 robust-sigma < 5); predicted 168h drift inside the lot safety envelope.
T07,T07-P0406,Iddq,uA,9.4143,10.0561,PASS,0.072,0.45,0.072,10.443,10.641,normal,0.0061,0.55,False,False,False,False,False,OK: within lot-relative limits (max 0.4 robust-sigma < 5); predicted 168h drift inside the lot safety envelope.
T07,T07-P0407,Iddq,uA,8.7747,9.2919,PASS,0.403,0.04,0.403,9.577,9.803,normal,0.0048,-0.06,False,False,False,False,False,OK: within lot-relative limits (max 0.0 robust-sigma < 5); predicted 168h drift inside the lot safety envelope.
T07,T07-P0408,Iddq,uA,11.6226,12.5091,PASS,0.833,1.55,0.833,12.988,13.187,normal,0.0081,0.83,False,False,False,False,False,OK: within lot-relative limits (max 1.6 robust-sigma < 5); predicted 168h drift inside the lot safety envelope.
T07,T07-P0409,Iddq,uA,10.207,11.3203,PASS,0.897,2.19,0.897,12.017,12.118,normal,0.0108,2.79,False,False,False,False,False,OK: within lot-relative limits (max 2.2 robust-sigma < 5); predicted 168h drift inside the lot safety envelope.
T07,T07-P0410,Iddq,uA,11.1715,12.0054,PASS,0.717,1.21,0.717,12.457,12.689,normal,0.0077,0.75,False,False,False,False,False,OK: within lot-relative limits (max 1.2 robust-sigma < 5); predicted 168h drift inside the lot safety envelope.
T07,T07-P0411,Iddq,uA,9.3474,9.835,PASS,0.236,0.26,0.236,10.187,10.331,normal,0.005,-0.11,False,False,False,False,False,OK: within lot-relative limits (max 0.3 robust-sigma < 5); predicted 168h drift inside the lot safety envelope.
T07,T07-P0412,Iddq,uA,10.8994,11.2192,PASS,0.741,1.27,0.741,11.632,11.764,normal,0.0044,-0.9,False,False,False,False,False,OK: within lot-relative limits (max 1.3 robust-sigma < 5); predicted 168h drift inside the lot safety envelope.
T07,T07-P0413,Iddq,uA,9.5998,10.3797,PASS,0.332,1.01,0.332,10.753,10.941,normal,0.0069,0.92,False,False,False,False,False,OK: within lot-relative limits (max 1.0 robust-sigma < 5); predicted 168h drift inside the lot safety envelope.
T07,T07-P0414,Iddq,uA,9.5139,10.0788,PASS,0.394,0.06,0.394,10.4,10.629,normal,0.0053,0.0,False,False,False,False,False,OK: within lot-relative limits (max 0.1 robust-sigma < 5); predicted 168h drift inside the lot safety envelope.
T07,T07-P0415,Iddq,uA,10.1699,10.296,PASS,0.846,2.05,0.846,10.657,10.784,normal,0.0029,-1.59,False,False,False,False,False,OK: within lot-relative limits (max 2.0 robust-sigma < 5); predicted 168h drift inside the lot safety envelope.
T07,T07-P0416,Iddq,uA,10.3568,10.8789,PASS,0.617,0.44,0.617,11.309,11.443,normal,0.0057,-0.04,False,False,False,False,False,OK: within lot-relative limits (max 0.4 robust-sigma < 5); predicted 168h drift inside the lot safety envelope.
T07,T07-P0417,Iddq,uA,10.5463,11.0993,PASS,0.638,0.6,0.638,11.5,11.656,normal,0.0057,-0.09,False,False,False,False,False,OK: within lot-relative limits (max 0.6 robust-sigma < 5); predicted 168h drift inside the lot safety envelope.
T07,T07-P0418,Iddq,uA,9.6219,9.8412,PASS,0.402,1.57,0.402,10.216,10.36,normal,0.0035,-1.1,False,False,False,False,False,OK: within lot-relative limits (max 1.6 robust-sigma < 5); predicted 168h drift inside the lot safety envelope.
T07,T07-P0419,Iddq,uA,8.0708,8.3238,PASS,0.285,1.18,0.285,8.568,8.699,normal,0.003,-1.1,False,False,False,False,False,OK: within lot-relative limits (max 1.2 robust-sigma < 5); predicted 168h drift inside the lot safety envelope.
T07,T07-P0420,Iddq,uA,9.389,9.6509,PASS,0.335,1.34,0.335,10.015,10.141,normal,0.0037,-0.92,False,False,False,False,False,OK: within lot-relative limits (max 1.3 robust-sigma < 5); predicted 168h drift inside the lot safety envelope.
T07,T07-P0421,Iddq,uA,7.0684,7.3625,PASS,0.072,0.72,0.026,7.553,7.726,normal,0.0029,-0.85,False,False,False,False,False,OK: within lot-relative limits (max 0.7 robust-sigma < 5); predicted 168h drift inside the lot safety envelope.
T07,T07-P0422,Iddq,uA,9.3943,9.6705,PASS,0.301,1.27,0.301,10.02,10.146,normal,0.0037,-0.92,False,False,False,False,False,OK: within lot-relative limits (max 1.3 robust-sigma < 5); predicted 168h drift inside the lot safety envelope.
T07,T07-P0423,Iddq,uA,8.7743,9.677,PASS,0.468,1.93,0.468,10.174,10.569,normal,0.0083,2.22,False,False,False,False,False,OK: within lot-relative limits (max 1.9 robust-sigma < 5); predicted 168h drift inside the lot safety envelope.
T07,T07-P0424,Iddq,uA,10.728,11.577,PASS,0.705,0.92,0.705,11.981,12.227,normal,0.0075,0.8,False,False,False,False,False,OK: within lot-relative limits (max 0.9 robust-sigma < 5); predicted 168h drift inside the lot safety envelope.
T07,T07-P0425,Iddq,uA,6.9496,7.3138,PASS,0.262,0.24,0.262,7.535,7.686,normal,0.0035,-0.31,False,False,False,False,False,OK: within lot-relative limits (max 0.2 robust-sigma < 5); predicted 168h drift inside the lot safety envelope.
T07,T07-P0426,Iddq,uA,12.4268,13.5772,PASS,0.959,2.23,0.959,14.225,14.426,normal,0.0107,1.73,False,False,False,False,False,OK: within lot-relative limits (max 2.2 robust-sigma < 5); predicted 168h drift inside the lot safety envelope.
T07,T07-P0427,Iddq,uA,9.5385,9.8858,PASS,0.143,0.96,0.143,10.199,10.368,normal,0.0039,-0.83,False,False,False,False,False,OK: within lot-relative limits (max 1.0 robust-sigma < 5); predicted 168h drift inside the lot safety envelope.
T07,T07-P0428,Iddq,uA,7.8911,8.3711,PASS,0.337,0.13,0.337,8.581,8.821,normal,0.0041,-0.2,False,False,False,False,False,OK: within lot-relative limits (max 0.1 robust-sigma < 5); predicted 168h drift inside the lot safety envelope.
T07,T07-P0429,Iddq,uA,10.3445,11.0855,PASS,0.532,0.6,0.532,11.535,11.714,normal,0.0071,0.75,False,False,False,False,False,OK: within lot-relative limits (max 0.6 robust-sigma < 5); predicted 168h drift inside the lot safety envelope.
T07,T07-P0430,Iddq,uA,10.4045,11.2759,PASS,0.649,1.12,0.649,11.686,11.926,normal,0.0076,1.02,False,False,False,False,False,OK: within lot-relative limits (max 1.1 robust-sigma < 5); predicted 168h drift inside the lot safety envelope.
T07,T07-P0431,Iddq,uA,10.3042,10.8085,PASS,0.552,0.4,0.552,11.128,11.322,normal,0.0049,-0.46,False,False,False,False,False,OK: within lot-relative limits (max 0.4 robust-sigma < 5); predicted 168h drift inside the lot safety envelope.
T07,T07-P0432,Iddq,uA,12.6262,13.28,PASS,0.953,2.16,0.953,13.725,13.938,normal,0.0065,-0.21,False,False,False,False,False,OK: within lot-relative limits (max 2.2 robust-sigma < 5); predicted 168h drift inside the lot safety envelope.
T07,T07-P0433,Iddq,uA,8.8036,9.1772,PASS,0.069,0.69,0.006,9.442,9.625,normal,0.0038,-0.72,False,False,False,False,False,OK: within lot-relative limits (max 0.7 robust-sigma < 5); predicted 168h drift inside the lot safety envelope.
T07,T07-P0434,Iddq,uA,10.1765,10.8009,PASS,0.695,0.33,0.695,11.162,11.37,normal,0.0059,0.13,False,False,False,False,False,OK: within lot-relative limits (max 0.3 robust-sigma < 5); predicted 168h drift inside the lot safety envelope.
T07,T07-P0435,Iddq,uA,10.1536,10.4348,PASS,0.666,1.35,0.666,10.822,10.966,normal,0.004,-0.95,False,False,False,False,False,OK: within lot-relative limits (max 1.3 robust-sigma < 5); predicted 168h drift inside the lot safety envelope.
T07,T07-P0436,Iddq,uA,8.8585,9.9842,REJECT,0.856,2.94,0.856,11.347,11.592,normal,0.0148,5.96,False,False,False,True,False,EARLY REJECT (drift forecast): predicted Iddq@168h = 11.3 uA from 0h/24h readings; drift slope 0.015 uA/h exceeds lot safety slope 0.013 uA/h (6.0 robust-sigma).
T07,T07-P0437,Iddq,uA,10.0941,10.6028,PASS,0.578,0.33,0.578,11.038,11.149,normal,0.0056,0.01,False,False,False,False,False,OK: within lot-relative limits (max 0.3 robust-sigma < 5); predicted 168h drift inside the lot safety envelope.
T07,T07-P0438,Iddq,uA,11.1801,12.3565,PASS,0.916,2.03,0.916,13.014,13.227,normal,0.0109,2.36,False,False,False,False,False,OK: within lot-relative limits (max 2.0 robust-sigma < 5); predicted 168h drift inside the lot safety envelope.
T07,T07-P0439,Iddq,uA,8.7768,9.3375,PASS,0.236,0.26,0.236,9.595,9.824,normal,0.0049,0.0,False,False,False,False,False,OK: within lot-relative limits (max 0.3 robust-sigma < 5); predicted 168h drift inside the lot safety envelope.
T07,T07-P0440,Iddq,uA,10.394,10.926,PASS,0.597,0.47,0.597,11.349,11.482,normal,0.0057,-0.04,False,False,False,False,False,OK: within lot-relative limits (max 0.5 robust-sigma < 5); predicted 168h drift inside the lot safety envelope.
T07,T07-P0441,Iddq,uA,11.0415,11.9,PASS,0.717,1.14,0.717,12.312,12.584,normal,0.0076,0.75,False,False,False,False,False,OK: within lot-relative limits (max 1.1 robust-sigma < 5); predicted 168h drift inside the lot safety envelope.
T07,T07-P0442,Iddq,uA,10.5817,11.0859,PASS,0.56,0.63,0.56,11.426,11.627,normal,0.005,-0.46,False,False,False,False,False,OK: within lot-relative limits (max 0.6 robust-sigma < 5); predicted 168h drift inside the lot safety envelope.
T07,T07-P0443,Iddq,uA,7.9919,8.4197,PASS,0.287,0.2,0.287,8.692,8.869,normal,0.0042,-0.19,False,False,False,False,False,OK: within lot-relative limits (max 0.2 robust-sigma < 5); predicted 168h drift inside the lot safety envelope.
T07,T07-P0444,Iddq,uA,10.2885,10.5244,PASS,0.811,1.56,0.811,10.931,11.078,normal,0.0038,-1.07,False,False,False,False,False,OK: within lot-relative limits (max 1.6 robust-sigma < 5); predicted 168h drift inside the lot safety envelope.
T07,T07-P0445,Iddq,uA,9.1531,9.6222,PASS,0.241,0.3,0.241,9.976,10.111,normal,0.0049,-0.11,False,False,False,False,False,OK: within lot-relative limits (max 0.3 robust-sigma < 5); predicted 168h drift inside the lot safety envelope.
T07,T07-P0446,Iddq,uA,11.3419,11.8959,PASS,0.781,1.23,0.781,12.247,12.458,normal,0.0054,-0.46,False,False,False,False,False,OK: within lot-relative limits (max 1.2 robust-sigma < 5); predicted 168h drift inside the lot safety envelope.
T07,T07-P0447,Iddq,uA,9.6325,10.151,PASS,0.294,0.18,0.294,10.53,10.683,normal,0.0053,0.0,False,False,False,False,False,OK: within lot-relative limits (max 0.2 robust-sigma < 5); predicted 168h drift inside the lot safety envelope.
T07,T07-P0448,Iddq,uA,12.4469,12.8596,PASS,0.938,2.04,0.938,13.269,13.43,normal,0.0049,-0.94,False,False,False,False,False,OK: within lot-relative limits (max 2.0 robust-sigma < 5); predicted 168h drift inside the lot safety envelope.
T07,T07-P0449,Iddq,uA,8.3131,8.8817,PASS,0.092,0.46,0.092,9.272,9.402,normal,0.0057,0.76,False,False,False,False,False,OK: within lot-relative limits (max 0.5 robust-sigma < 5); predicted 168h drift inside the lot safety envelope.
T07,T07-P0450,Iddq,uA,10.4132,11.0173,PASS,0.802,0.5,0.802,11.404,11.585,normal,0.0059,0.07,False,False,False,False,False,OK: within lot-relative limits (max 0.5 robust-sigma < 5); predicted 168h drift inside the lot safety envelope.
T07,T07-P0451,Iddq,uA,8.7327,9.3375,PASS,0.089,0.49,0.089,9.672,9.871,normal,0.0056,0.5,False,False,False,False,False,OK: within lot-relative limits (max 0.5 robust-sigma < 5); predicted 168h drift inside the lot safety envelope.
T07,T07-P0452,Iddq,uA,12.1103,13.3347,PASS,0.958,2.08,0.958,14.138,14.227,normal,0.0121,2.48,False,False,False,False,False,OK: within lot-relative limits (max 2.1 robust-sigma < 5); predicted 168h drift inside the lot safety envelope.
T07,T07-P0453,Iddq,uA,11.8647,14.7072,REJECT,0.986,7.36,0.986,27.394,30.908,low,0.0924,28.14,False,True,False,True,False,ABNORMAL DRIFT: Iddq changed +24% from 0h to 24h vs lot median +6% (7.4 robust-sigma). | EARLY REJECT (drift forecast): predicted Iddq@168h = 27.4 uA from 0h/24h readings; drift slope 0.092 uA/h exceeds lot safety slope 0.018 uA/h (28.1 robust-sigma).
T07,T07-P0454,Iddq,uA,8.7431,9.346,PASS,0.103,0.48,0.103,9.684,9.883,normal,0.0056,0.5,False,False,False,False,False,OK: within lot-relative limits (max 0.5 robust-sigma < 5); predicted 168h drift inside the lot safety envelope.
T07,T07-P0455,Iddq,uA,77.8239,80.9497,REJECT,1.0,18.01,0.999,83.08,84.561,low,0.0313,-0.89,True,True,True,False,True,STATIC FAIL: Iddq@0h = 77.8 uA exceeds datasheet max 50 uA. | LOT OUTLIER: Iddq@0h = 77.8 uA is 18.0 robust-sigma above lot T07 median (9.8 uA). | LOT OUTLIER: Iddq@24h = 80.9 uA is 17.0 robust-sigma above lot T07 median (10.4 uA). | GUARD BAND: 90% upper forecast for Iddq@168h is 84.6 uA = 169% of datasheet max (guard band 70%).
T07,T07-P0456,Iddq,uA,9.7155,10.5528,PASS,0.482,1.22,0.482,11.016,11.228,normal,0.0077,1.37,False,False,False,False,False,OK: within lot-relative limits (max 1.2 robust-sigma < 5); predicted 168h drift inside the lot safety envelope.
T07,T07-P0457,Iddq,uA,7.8615,8.2869,PASS,0.318,0.17,0.318,8.549,8.711,normal,0.0041,-0.2,False,False,False,False,False,OK: within lot-relative limits (max 0.2 robust-sigma < 5); predicted 168h drift inside the lot safety envelope.
T07,T07-P0458,Iddq,uA,8.5881,8.8996,PASS,0.15,0.96,0.15,9.168,9.336,normal,0.0035,-0.89,False,False,False,False,False,OK: within lot-relative limits (max 1.0 robust-sigma < 5); predicted 168h drift inside the lot safety envelope.
T07,T07-P0459,Iddq,uA,9.9284,10.6941,PASS,0.581,0.83,0.581,11.064,11.277,normal,0.0068,0.72,False,False,False,False,False,OK: within lot-relative limits (max 0.8 robust-sigma < 5); predicted 168h drift inside the lot safety envelope.
T07,T07-P0460,Iddq,uA,10.3339,11.0057,PASS,0.607,0.49,0.607,11.43,11.6,normal,0.0065,0.44,False,False,False,False,False,OK: within lot-relative limits (max 0.5 robust-sigma < 5); predicted 168h drift inside the lot safety envelope.
T07,T07-P0461,Iddq,uA,9.4182,9.7987,PASS,0.086,0.78,0.086,10.117,10.286,normal,0.0042,-0.66,False,False,False,False,False,OK: within lot-relative limits (max 0.8 robust-sigma < 5); predicted 168h drift inside the lot safety envelope.
T07,T07-P0462,Iddq,uA,10.0397,10.7545,PASS,0.546,0.58,0.546,11.227,11.363,normal,0.0071,0.85,False,False,False,False,False,OK: within lot-relative limits (max 0.6 robust-sigma < 5); predicted 168h drift inside the lot safety envelope.
T07,T07-P0463,Iddq,uA,10.1335,11.0535,PASS,0.77,1.42,0.77,11.646,11.743,normal,0.009,1.89,False,False,False,False,False,OK: within lot-relative limits (max 1.4 robust-sigma < 5); predicted 168h drift inside the lot safety envelope.
T07,T07-P0464,Iddq,uA,9.9305,10.8086,PASS,0.73,1.32,0.73,11.354,11.494,normal,0.0085,1.69,False,False,False,False,False,OK: within lot-relative limits (max 1.3 robust-sigma < 5); predicted 168h drift inside the lot safety envelope.
T07,T07-P0465,Iddq,uA,8.3927,8.7812,PASS,0.052,0.52,0.042,9.099,9.227,normal,0.0042,-0.31,False,False,False,False,False,OK: within lot-relative limits (max 0.5 robust-sigma < 5); predicted 168h drift inside the lot safety envelope.
T07,T07-P0466,Iddq,uA,9.9568,10.4361,PASS,0.487,0.43,0.487,10.744,10.94,normal,0.0047,-0.49,False,False,False,False,False,OK: within lot-relative limits (max 0.4 robust-sigma < 5); predicted 168h drift inside the lot safety envelope.
T07,T07-P0467,Iddq,uA,10.4125,10.8099,PASS,0.604,0.88,0.604,11.141,11.358,normal,0.0043,-0.81,False,False,False,False,False,OK: within lot-relative limits (max 0.9 robust-sigma < 5); predicted 168h drift inside the lot safety envelope.
T07,T07-P0468,Iddq,uA,8.1558,8.3485,PASS,0.397,1.53,0.397,8.798,8.798,normal,0.0038,-0.5,False,False,False,False,False,OK: within lot-relative limits (max 1.5 robust-sigma < 5); predicted 168h drift inside the lot safety envelope.
T07,T07-P0469,Iddq,uA,11.8109,12.6493,PASS,0.87,1.64,0.87,13.138,13.336,normal,0.0079,0.66,False,False,False,False,False,OK: within lot-relative limits (max 1.6 robust-sigma < 5); predicted 168h drift inside the lot safety envelope.
T07,T07-P0470,Iddq,uA,11.6385,12.4388,PASS,0.845,1.51,0.845,12.946,13.141,normal,0.0078,0.66,False,False,False,False,False,OK: within lot-relative limits (max 1.5 robust-sigma < 5); predicted 168h drift inside the lot safety envelope.
T07,T07-P0471,Iddq,uA,9.9244,12.2072,REJECT,0.984,7.0,0.984,22.949,25.86,low,0.0775,28.2,False,True,False,True,False,ABNORMAL DRIFT: Iddq changed +23% from 0h to 24h vs lot median +6% (7.0 robust-sigma). | EARLY REJECT (drift forecast): predicted Iddq@168h = 22.9 uA from 0h/24h readings; drift slope 0.078 uA/h exceeds lot safety slope 0.015 uA/h (28.2 robust-sigma).
T07,T07-P0472,Iddq,uA,12.5685,13.1283,PASS,0.941,2.13,0.941,13.529,13.801,normal,0.0057,-0.58,False,False,False,False,False,OK: within lot-relative limits (max 2.1 robust-sigma < 5); predicted 168h drift inside the lot safety envelope.
T07,T07-P0473,Iddq,uA,8.7437,9.0724,PASS,0.109,0.9,0.109,9.334,9.504,normal,0.0035,-0.89,False,False,False,False,False,OK: within lot-relative limits (max 0.9 robust-sigma < 5); predicted 168h drift inside the lot safety envelope.
T07,T07-P0474,Iddq,uA,70.8728,75.8256,REJECT,1.0,17.2,0.999,78.089,79.46,low,0.043,0.3,True,True,True,False,True,STATIC FAIL: Iddq@0h = 70.9 uA exceeds datasheet max 50 uA. | LOT OUTLIER: Iddq@0h = 70.9 uA is 17.2 robust-sigma above lot T07 median (9.8 uA). | LOT OUTLIER: Iddq@24h = 75.8 uA is 16.5 robust-sigma above lot T07 median (10.4 uA). | GUARD BAND: 90% upper forecast for Iddq@168h is 79.5 uA = 159% of datasheet max (guard band 70%).
T07,T07-P0475,Iddq,uA,9.1654,9.341,PASS,0.439,1.74,0.439,9.646,9.817,normal,0.0029,-1.43,False,False,False,False,False,OK: within lot-relative limits (max 1.7 robust-sigma < 5); predicted 168h drift inside the lot safety envelope.
T07,T07-P0476,Iddq,uA,8.9037,9.3423,PASS,0.16,0.38,0.16,9.609,9.783,normal,0.0042,-0.48,False,False,False,False,False,OK: within lot-relative limits (max 0.4 robust-sigma < 5); predicted 168h drift inside the lot safety envelope.
T07,T07-P0477,Iddq,uA,12.2986,12.901,PASS,0.928,1.94,0.928,13.238,13.504,normal,0.0056,-0.58,False,False,False,False,False,OK: within lot-relative limits (max 1.9 robust-sigma < 5); predicted 168h drift inside the lot safety envelope.
T07,T07-P0478,Iddq,uA,9.9247,10.6034,PASS,0.566,0.46,0.566,11.009,11.218,normal,0.0065,0.55,False,False,False,False,False,OK: within lot-relative limits (max 0.5 robust-sigma < 5); predicted 168h drift inside the lot safety envelope.
T07,T07-P0479,Iddq,uA,9.735,10.1384,PASS,0.073,0.73,0.048,10.457,10.632,normal,0.0043,-0.66,False,False,False,False,False,OK: within lot-relative limits (max 0.7 robust-sigma < 5); predicted 168h drift inside the lot safety envelope.
T07,T07-P0480,Iddq,uA,10.0548,10.9901,PASS,0.794,1.51,0.794,11.606,11.684,normal,0.0092,2.05,False,False,False,False,False,OK: within lot-relative limits (max 1.5 robust-sigma < 5); predicted 168h drift inside the lot safety envelope.
T07,T07-P0481,Iddq,uA,11.8112,12.5524,PASS,0.896,1.58,0.896,12.947,13.181,normal,0.0068,0.1,False,False,False,False,False,OK: within lot-relative limits (max 1.6 robust-sigma < 5); predicted 168h drift inside the lot safety envelope.
T07,T07-P0482,Iddq,uA,9.8556,11.1818,REJECT,0.957,3.25,0.957,12.675,13.006,normal,0.0168,6.12,False,False,False,True,False,EARLY REJECT (drift forecast): predicted Iddq@168h = 12.7 uA from 0h/24h readings; drift slope 0.017 uA/h exceeds lot safety slope 0.015 uA/h (6.1 robust-sigma).
T07,T07-P0483,Iddq,uA,9.3152,9.9741,PASS,0.063,0.56,0.063,10.333,10.529,normal,0.0061,0.55,False,False,False,False,False,OK: within lot-relative limits (max 0.6 robust-sigma < 5); predicted 168h drift inside the lot safety envelope.
T07,T07-P0484,Iddq,uA,10.1532,10.5748,PASS,0.514,0.73,0.514,10.943,11.096,normal,0.0047,-0.53,False,False,False,False,False,OK: within lot-relative limits (max 0.7 robust-sigma < 5); predicted 168h drift inside the lot safety envelope.
T07,T07-P0485,Iddq,uA,11.479,11.7662,PASS,0.858,1.47,0.858,12.138,12.352,normal,0.0039,-1.25,False,False,False,False,False,OK: within lot-relative limits (max 1.5 robust-sigma < 5); predicted 168h drift inside the lot safety envelope.
T07,T07-P0486,Iddq,uA,9.5253,9.9234,PASS,0.072,0.72,0.029,10.232,10.41,normal,0.0042,-0.66,False,False,False,False,False,OK: within lot-relative limits (max 0.7 robust-sigma < 5); predicted 168h drift inside the lot safety envelope.
T07,T07-P0487,Iddq,uA,11.6809,12.3798,PASS,0.903,1.49,0.903,12.769,13.036,normal,0.0065,-0.0,False,False,False,False,False,OK: within lot-relative limits (max 1.5 robust-sigma < 5); predicted 168h drift inside the lot safety envelope.
T07,T07-P0488,Iddq,uA,10.1623,10.5596,PASS,0.572,0.84,0.572,10.907,11.098,normal,0.0044,-0.69,False,False,False,False,False,OK: within lot-relative limits (max 0.8 robust-sigma < 5); predicted 168h drift inside the lot safety envelope.
T07,T07-P0489,Iddq,uA,9.3629,10.2937,PASS,0.45,1.79,0.45,10.837,11.204,normal,0.0088,2.15,False,False,False,False,False,OK: within lot-relative limits (max 1.8 robust-sigma < 5); predicted 168h drift inside the lot safety envelope.
T07,T07-P0490,Iddq,uA,10.3552,11.1745,PASS,0.614,0.92,0.614,11.564,11.802,normal,0.0072,0.8,False,False,False,False,False,OK: within lot-relative limits (max 0.9 robust-sigma < 5); predicted 168h drift inside the lot safety envelope.
T07,T07-P0491,Iddq,uA,12.6031,12.8511,PASS,0.957,2.15,0.957,13.242,13.516,normal,0.0038,-1.49,False,False,False,False,False,OK: within lot-relative limits (max 2.1 robust-sigma < 5); predicted 168h drift inside the lot safety envelope.
T07,T07-P0492,Iddq,uA,9.2879,10.2627,PASS,0.481,2.02,0.481,10.81,11.259,normal,0.0091,2.36,False,False,False,False,False,OK: within lot-relative limits (max 2.0 robust-sigma < 5); predicted 168h drift inside the lot safety envelope.
T07,T07-P0493,Iddq,uA,11.7463,12.2688,PASS,0.837,1.54,0.837,12.676,12.892,normal,0.0055,-0.48,False,False,False,False,False,OK: within lot-relative limits (max 1.5 robust-sigma < 5); predicted 168h drift inside the lot safety envelope.
T07,T07-P0494,Iddq,uA,10.5781,11.2359,PASS,0.686,0.66,0.686,11.57,11.818,normal,0.0059,0.02,False,False,False,False,False,OK: within lot-relative limits (max 0.7 robust-sigma < 5); predicted 168h drift inside the lot safety envelope.
T07,T07-P0495,Iddq,uA,9.9375,10.3313,PASS,0.462,0.81,0.462,10.645,10.853,normal,0.0042,-0.76,False,False,False,False,False,OK: within lot-relative limits (max 0.8 robust-sigma < 5); predicted 168h drift inside the lot safety envelope.
T07,T07-P0496,Iddq,uA,9.5548,10.88,REJECT,0.952,3.42,0.952,13.089,17.661,normal,0.021,8.49,False,False,False,True,False,EARLY REJECT (drift forecast): predicted Iddq@168h = 13.1 uA from 0h/24h readings; drift slope 0.021 uA/h exceeds lot safety slope 0.014 uA/h (8.5 robust-sigma).
T07,T07-P0497,Iddq,uA,10.714,11.3847,PASS,0.702,0.77,0.702,11.718,11.97,normal,0.006,0.02,False,False,False,False,False,OK: within lot-relative limits (max 0.8 robust-sigma < 5); predicted 168h drift inside the lot safety envelope.
T07,T07-P0498,Iddq,uA,10.504,11.4639,PASS,0.815,1.45,0.815,12.076,12.202,normal,0.0094,1.9,False,False,False,False,False,OK: within lot-relative limits (max 1.4 robust-sigma < 5); predicted 168h drift inside the lot safety envelope.
T07,T07-P0499,Iddq,uA,10.0723,10.5896,PASS,0.573,0.29,0.573,11.014,11.127,normal,0.0056,0.01,False,False,False,False,False,OK: within lot-relative limits (max 0.3 robust-sigma < 5); predicted 168h drift inside the lot safety envelope.
T07,T07-P0500,Iddq,uA,10.4291,11.3667,PASS,0.782,1.38,0.782,11.954,12.085,normal,0.0091,1.78,False,False,False,False,False,OK: within lot-relative limits (max 1.4 robust-sigma < 5); predicted 168h drift inside the lot safety envelope.
T08,T08-P0001,Iddq,uA,10.3294,11.0614,PASS,0.091,0.58,0.091,11.606,11.806,normal,0.0076,-0.69,False,False,False,False,False,OK: within lot-relative limits (max 0.6 robust-sigma < 5); predicted 168h drift inside the lot safety envelope.
T08,T08-P0002,Iddq,uA,10.7536,11.3776,PASS,0.136,1.0,0.136,11.907,12.099,normal,0.0069,-1.08,False,False,False,False,False,OK: within lot-relative limits (max 1.0 robust-sigma < 5); predicted 168h drift inside the lot safety envelope.
T08,T08-P0003,Iddq,uA,8.7366,9.6706,PASS,0.067,0.59,0.067,10.171,10.458,normal,0.0085,0.26,False,False,False,False,False,OK: within lot-relative limits (max 0.6 robust-sigma < 5); predicted 168h drift inside the lot safety envelope.
T08,T08-P0004,Iddq,uA,9.6958,10.2852,PASS,0.122,0.91,0.122,10.719,10.966,normal,0.0061,-1.12,False,False,False,False,False,OK: within lot-relative limits (max 0.9 robust-sigma < 5); predicted 168h drift inside the lot safety envelope.
T08,T08-P0005,Iddq,uA,10.7797,11.9864,PASS,0.441,0.75,0.441,12.852,12.953,normal,0.0123,0.9,False,False,False,False,False,OK: within lot-relative limits (max 0.7 robust-sigma < 5); predicted 168h drift inside the lot safety envelope.
T08,T08-P0006,Iddq,uA,11.9814,13.5929,PASS,0.8,1.46,0.8,14.543,14.818,normal,0.0152,1.38,False,False,False,False,False,OK: within lot-relative limits (max 1.5 robust-sigma < 5); predicted 168h drift inside the lot safety envelope.
T08,T08-P0007,Iddq,uA,10.8566,11.9021,PASS,0.41,0.25,0.41,12.632,12.788,normal,0.0106,0.25,False,False,False,False,False,OK: within lot-relative limits (max 0.3 robust-sigma < 5); predicted 168h drift inside the lot safety envelope.
T08,T08-P0008,Iddq,uA,10.742,11.4296,PASS,0.114,0.8,0.114,11.961,12.172,normal,0.0073,-0.93,False,False,False,False,False,OK: within lot-relative limits (max 0.8 robust-sigma < 5); predicted 168h drift inside the lot safety envelope.
T08,T08-P0009,Iddq,uA,9.8431,10.9199,PASS,0.067,0.67,0.004,11.636,11.82,normal,0.0107,0.67,False,False,False,False,False,OK: within lot-relative limits (max 0.7 robust-sigma < 5); predicted 168h drift inside the lot safety envelope.
T08,T08-P0010,Iddq,uA,10.9609,11.9776,PASS,0.51,0.14,0.51,12.693,12.885,normal,0.0103,0.12,False,False,False,False,False,OK: within lot-relative limits (max 0.1 robust-sigma < 5); predicted 168h drift inside the lot safety envelope.
T08,T08-P0011,Iddq,uA,7.4524,8.0818,PASS,0.332,0.13,0.332,8.437,8.663,normal,0.0059,-0.48,False,False,False,False,False,OK: within lot-relative limits (max 0.1 robust-sigma < 5); predicted 168h drift inside the lot safety envelope.
T08,T08-P0012,Iddq,uA,11.9605,12.8167,PASS,0.68,0.83,0.68,13.514,13.704,normal,0.0092,-0.54,False,False,False,False,False,OK: within lot-relative limits (max 0.8 robust-sigma < 5); predicted 168h drift inside the lot safety envelope.
T08,T08-P0013,Iddq,uA,12.1816,15.9656,REJECT,0.984,6.54,0.984,32.638,36.258,low,0.1218,22.57,False,True,False,True,True,ABNORMAL DRIFT: Iddq changed +31% from 0h to 24h vs lot median +9% (6.5 robust-sigma). | EARLY REJECT (drift forecast): predicted Iddq@168h = 32.6 uA from 0h/24h readings; drift slope 0.122 uA/h exceeds lot safety slope 0.028 uA/h (22.6 robust-sigma). | GUARD BAND: 90% upper forecast for Iddq@168h is 36.3 uA = 73% of datasheet max (guard band 70%).
T08,T08-P0014,Iddq,uA,10.9146,11.4336,PASS,0.463,1.35,0.463,11.938,12.143,normal,0.0061,-1.41,False,False,False,False,False,OK: within lot-relative limits (max 1.4 robust-sigma < 5); predicted 168h drift inside the lot safety envelope.
T08,T08-P0015,Iddq,uA,9.6177,10.3121,PASS,0.053,0.53,0.044,10.841,11.02,normal,0.0073,-0.6,False,False,False,False,False,OK: within lot-relative limits (max 0.5 robust-sigma < 5); predicted 168h drift inside the lot safety envelope.
T08,T08-P0016,Iddq,uA,13.0674,14.2641,PASS,0.909,1.58,0.909,15.128,15.349,normal,0.0123,0.11,False,False,False,False,False,OK: within lot-relative limits (max 1.6 robust-sigma < 5); predicted 168h drift inside the lot safety envelope.
T08,T08-P0017,Iddq,uA,9.9365,10.2721,PASS,0.452,1.82,0.452,10.716,10.925,normal,0.0046,-1.78,False,False,False,False,False,OK: within lot-relative limits (max 1.8 robust-sigma < 5); predicted 168h drift inside the lot safety envelope.
T08,T08-P0018,Iddq,uA,13.1523,14.1303,PASS,0.871,1.63,0.871,14.852,15.091,normal,0.0101,-0.55,False,False,False,False,False,OK: within lot-relative limits (max 1.6 robust-sigma < 5); predicted 168h drift inside the lot safety envelope.
T08,T08-P0019,Iddq,uA,10.6572,12.4155,PASS,0.887,2.39,0.887,13.725,13.725,normal,0.0183,2.96,False,False,False,False,False,OK: within lot-relative limits (max 2.4 robust-sigma < 5); predicted 168h drift inside the lot safety envelope.
T08,T08-P0020,Iddq,uA,9.73,10.5589,PASS,0.353,0.11,0.353,11.077,11.302,normal,0.008,-0.34,False,False,False,False,False,OK: within lot-relative limits (max 0.1 robust-sigma < 5); predicted 168h drift inside the lot safety envelope.
T08,T08-P0021,Iddq,uA,75.4441,80.7916,REJECT,1.0,16.47,0.999,84.199,85.199,low,0.0521,-0.87,True,True,True,False,True,STATIC FAIL: Iddq@0h = 75.4 uA exceeds datasheet max 50 uA. | LOT OUTLIER: Iddq@0h = 75.4 uA is 16.5 robust-sigma above lot T08 median (10.9 uA). | LOT OUTLIER: Iddq@24h = 80.8 uA is 15.0 robust-sigma above lot T08 median (11.9 uA). | GUARD BAND: 90% upper forecast for Iddq@168h is 85.2 uA = 170% of datasheet max (guard band 70%).
T08,T08-P0022,Iddq,uA,9.976,10.942,PASS,0.245,0.27,0.245,11.6,11.751,normal,0.0097,0.23,False,False,False,False,False,OK: within lot-relative limits (max 0.3 robust-sigma < 5); predicted 168h drift inside the lot safety envelope.
T08,T08-P0023,Iddq,uA,10.6736,11.3129,PASS,0.142,0.94,0.142,11.818,12.072,normal,0.0068,-1.08,False,False,False,False,False,OK: within lot-relative limits (max 0.9 robust-sigma < 5); predicted 168h drift inside the lot safety envelope.
T08,T08-P0024,Iddq,uA,11.4942,12.6037,PASS,0.587,0.49,0.587,13.386,13.539,normal,0.0113,0.27,False,False,False,False,False,OK: within lot-relative limits (max 0.5 robust-sigma < 5); predicted 168h drift inside the lot safety envelope.
T08,T08-P0025,Iddq,uA,10.6021,11.4575,PASS,0.236,0.25,0.236,11.991,12.226,normal,0.0083,-0.51,False,False,False,False,False,OK: within lot-relative limits (max 0.3 robust-sigma < 5); predicted 168h drift inside the lot safety envelope.
T08,T08-P0026,Iddq,uA,10.1812,11.1254,PASS,0.332,0.14,0.332,11.791,11.968,normal,0.0096,0.12,False,False,False,False,False,OK: within lot-relative limits (max 0.1 robust-sigma < 5); predicted 168h drift inside the lot safety envelope.
T08,T08-P0027,Iddq,uA,10.8484,11.829,PASS,0.394,0.06,0.394,12.534,12.721,normal,0.01,0.06,False,False,False,False,False,OK: within lot-relative limits (max 0.1 robust-sigma < 5); predicted 168h drift inside the lot safety envelope.
T08,T08-P0028,Iddq,uA,11.3719,12.3317,PASS,0.729,0.4,0.729,12.954,13.209,normal,0.0094,-0.32,False,False,False,False,False,OK: within lot-relative limits (max 0.4 robust-sigma < 5); predicted 168h drift inside the lot safety envelope.
T08,T08-P0029,Iddq,uA,10.9646,11.7816,PASS,0.463,0.46,0.463,12.389,12.591,normal,0.0085,-0.54,False,False,False,False,False,OK: within lot-relative limits (max 0.5 robust-sigma < 5); predicted 168h drift inside the lot safety envelope.
T08,T08-P0030,Iddq,uA,11.7423,12.8329,PASS,0.685,0.67,0.685,13.602,13.803,normal,0.0111,0.13,False,False,False,False,False,OK: within lot-relative limits (max 0.7 robust-sigma < 5); predicted 168h drift inside the lot safety envelope.
T08,T08-P0031,Iddq,uA,11.8983,12.6213,PASS,0.711,0.91,0.711,13.199,13.457,normal,0.0077,-1.03,False,False,False,False,False,OK: within lot-relative limits (max 0.9 robust-sigma < 5); predicted 168h drift inside the lot safety envelope.
T08,T08-P0032,Iddq,uA,11.3122,12.1432,PASS,0.646,0.49,0.646,12.783,12.961,normal,0.0088,-0.54,False,False,False,False,False,OK: within lot-relative limits (max 0.5 robust-sigma < 5); predicted 168h drift inside the lot safety envelope.
T08,T08-P0033,Iddq,uA,12.0576,12.8222,PASS,0.713,0.9,0.713,13.38,13.663,normal,0.0079,-1.02,False,False,False,False,False,OK: within lot-relative limits (max 0.9 robust-sigma < 5); predicted 168h drift inside the lot safety envelope.
T08,T08-P0034,Iddq,uA,10.8942,12.1102,PASS,0.501,0.74,0.501,12.878,13.087,normal,0.0118,0.67,False,False,False,False,False,OK: within lot-relative limits (max 0.7 robust-sigma < 5); predicted 168h drift inside the lot safety envelope.
T08,T08-P0035,Iddq,uA,12.8127,13.8749,PASS,0.856,1.41,0.856,14.586,14.842,normal,0.0106,-0.34,False,False,False,False,False,OK: within lot-relative limits (max 1.4 robust-sigma < 5); predicted 168h drift inside the lot safety envelope.
T08,T08-P0036,Iddq,uA,11.6374,12.4367,PASS,0.608,0.65,0.608,13.085,13.301,normal,0.0086,-0.67,False,False,False,False,False,OK: within lot-relative limits (max 0.6 robust-sigma < 5); predicted 168h drift inside the lot safety envelope.
T08,T08-P0037,Iddq,uA,12.2993,13.0667,PASS,0.732,1.06,0.732,13.626,13.911,normal,0.0079,-1.07,False,False,False,False,False,OK: within lot-relative limits (max 1.1 robust-sigma < 5); predicted 168h drift inside the lot safety envelope.
T08,T08-P0038,Iddq,uA,10.7368,11.3263,PASS,0.211,1.1,0.211,11.888,12.057,normal,0.0069,-1.08,False,False,False,False,False,OK: within lot-relative limits (max 1.1 robust-sigma < 5); predicted 168h drift inside the lot safety envelope.
T08,T08-P0039,Iddq,uA,9.2328,9.2596,PASS,0.844,2.88,0.844,9.739,10.051,normal,0.003,-2.38,False,False,False,False,False,OK: within lot-relative limits (max 2.9 robust-sigma < 5); predicted 168h drift inside the lot safety envelope.
T08,T08-P0040,Iddq,uA,10.2188,11.0329,PASS,0.256,0.29,0.256,11.557,11.784,normal,0.008,-0.51,False,False,False,False,False,OK: within lot-relative limits (max 0.3 robust-sigma < 5); predicted 168h drift inside the lot safety envelope.
T08,T08-P0041,Iddq,uA,10.9108,12.595,PASS,0.893,2.07,0.893,13.692,13.814,normal,0.0166,2.27,False,False,False,False,False,OK: within lot-relative limits (max 2.1 robust-sigma < 5); predicted 168h drift inside the lot safety envelope.
T08,T08-P0042,Iddq,uA,11.5365,12.181,PASS,0.738,1.07,0.738,12.782,12.955,normal,0.0074,-1.06,False,False,False,False,False,OK: within lot-relative limits (max 1.1 robust-sigma < 5); predicted 168h drift inside the lot safety envelope.
T08,T08-P0043,Iddq,uA,10.7643,11.9104,PASS,0.091,0.58,0.091,12.587,12.878,normal,0.0109,0.38,False,False,False,False,False,OK: within lot-relative limits (max 0.6 robust-sigma < 5); predicted 168h drift inside the lot safety envelope.
T08,T08-P0044,Iddq,uA,13.326,13.8139,PASS,0.936,1.75,0.936,14.404,14.655,normal,0.0064,-1.72,False,False,False,False,False,OK: within lot-relative limits (max 1.7 robust-sigma < 5); predicted 168h drift inside the lot safety envelope.
T08,T08-P0045,Iddq,uA,9.1205,9.9179,PASS,0.408,0.04,0.408,10.49,10.674,normal,0.0081,-0.06,False,False,False,False,False,OK: within lot-relative limits (max 0.0 robust-sigma < 5); predicted 168h drift inside the lot safety envelope.
T08,T08-P0046,Iddq,uA,8.5254,9.32,PASS,0.326,0.15,0.326,9.819,10.016,normal,0.0077,-0.02,False,False,False,False,False,OK: within lot-relative limits (max 0.2 robust-sigma < 5); predicted 168h drift inside the lot safety envelope.
T08,T08-P0047,Iddq,uA,10.6094,11.4881,PASS,0.314,0.19,0.314,12.078,12.295,normal,0.0087,-0.34,False,False,False,False,False,OK: within lot-relative limits (max 0.2 robust-sigma < 5); predicted 168h drift inside the lot safety envelope.
T08,T08-P0048,Iddq,uA,10.0359,10.6653,PASS,0.166,0.85,0.166,11.112,11.351,normal,0.0064,-1.08,False,False,False,False,False,OK: within lot-relative limits (max 0.8 robust-sigma < 5); predicted 168h drift inside the lot safety envelope.
T08,T08-P0049,Iddq,uA,10.7591,12.5946,PASS,0.918,2.56,0.918,14.276,14.276,normal,0.0209,3.76,False,False,False,False,False,OK: within lot-relative limits (max 2.6 robust-sigma < 5); predicted 168h drift inside the lot safety envelope.
T08,T08-P0050,Iddq,uA,11.6753,12.855,PASS,0.571,0.62,0.571,13.639,13.88,normal,0.0117,0.35,False,False,False,False,False,OK: within lot-relative limits (max 0.6 robust-sigma < 5); predicted 168h drift inside the lot safety envelope.
T08,T08-P0051,Iddq,uA,15.6265,18.0845,PASS,0.981,3.26,0.981,19.598,24.681,normal,0.0236,2.25,False,False,False,False,False,OK: within lot-relative limits (max 3.3 robust-sigma < 5); predicted 168h drift inside the lot safety envelope.
T08,T08-P0052,Iddq,uA,8.9285,9.8186,REJECT,0.183,0.36,0.183,14.325,14.325,normal,0.0321,8.85,False,False,False,True,False,EARLY REJECT (drift forecast): predicted Iddq@168h = 14.3 uA from 0h/24h readings; drift slope 0.032 uA/h exceeds lot safety slope 0.021 uA/h (8.8 robust-sigma).
T08,T08-P0053,Iddq,uA,9.4668,10.4543,PASS,0.051,0.51,0.05,11.041,11.289,normal,0.0094,0.31,False,False,False,False,False,OK: within lot-relative limits (max 0.5 robust-sigma < 5); predicted 168h drift inside the lot safety envelope.
T08,T08-P0054,Iddq,uA,10.8413,12.2446,PASS,0.546,1.3,0.546,13.047,13.294,normal,0.0131,1.15,False,False,False,False,False,OK: within lot-relative limits (max 1.3 robust-sigma < 5); predicted 168h drift inside the lot safety envelope.
T08,T08-P0055,Iddq,uA,8.8764,10.3789,PASS,0.687,2.52,0.687,11.927,11.927,normal,0.0182,4.1,False,False,False,False,False,OK: within lot-relative limits (max 2.5 robust-sigma < 5); predicted 168h drift inside the lot safety envelope.
T08,T08-P0056,Iddq,uA,10.0052,10.6181,PASS,0.118,0.89,0.118,11.078,11.316,normal,0.0064,-1.08,False,False,False,False,False,OK: within lot-relative limits (max 0.9 robust-sigma < 5); predicted 168h drift inside the lot safety envelope.
T08,T08-P0057,Iddq,uA,12.8905,13.4214,PASS,0.901,1.57,0.901,14.106,14.325,normal,0.0072,-1.39,False,False,False,False,False,OK: within lot-relative limits (max 1.6 robust-sigma < 5); predicted 168h drift inside the lot safety envelope.
T08,T08-P0058,Iddq,uA,10.969,12.0528,PASS,0.504,0.33,0.504,12.754,12.926,normal,0.0106,0.23,False,False,False,False,False,OK: within lot-relative limits (max 0.3 robust-sigma < 5); predicted 168h drift inside the lot safety envelope.
T08,T08-P0059,Iddq,uA,10.8082,12.0225,PASS,0.448,0.76,0.448,12.776,12.987,normal,0.0117,0.67,False,False,False,False,False,OK: within lot-relative limits (max 0.8 robust-sigma < 5); predicted 168h drift inside the lot safety envelope.
T08,T08-P0060,Iddq,uA,12.7158,13.5298,PASS,0.771,1.35,0.771,14.158,14.409,normal,0.0086,-0.93,False,False,False,False,False,OK: within lot-relative limits (max 1.3 robust-sigma < 5); predicted 168h drift inside the lot safety envelope.
T08,T08-P0061,Iddq,uA,8.737,9.4665,PASS,0.307,0.16,0.307,9.892,10.142,normal,0.0069,-0.48,False,False,False,False,False,OK: within lot-relative limits (max 0.2 robust-sigma < 5); predicted 168h drift inside the lot safety envelope.
T08,T08-P0062,Iddq,uA,11.0729,11.7794,PASS,0.485,0.81,0.485,12.321,12.547,normal,0.0074,-0.95,False,False,False,False,False,OK: within lot-relative limits (max 0.8 robust-sigma < 5); predicted 168h drift inside the lot safety envelope.
T08,T08-P0063,Iddq,uA,10.7445,11.9775,PASS,0.445,0.84,0.445,12.693,12.996,normal,0.0116,0.65,False,False,False,False,False,OK: within lot-relative limits (max 0.8 robust-sigma < 5); predicted 168h drift inside the lot safety envelope.
T08,T08-P0064,Iddq,uA,11.2703,12.5699,PASS,0.564,0.86,0.564,13.343,13.632,normal,0.0123,0.71,False,False,False,False,False,OK: within lot-relative limits (max 0.9 robust-sigma < 5); predicted 168h drift inside the lot safety envelope.
T08,T08-P0065,Iddq,uA,9.4048,10.5794,PASS,0.273,1.16,0.273,11.259,11.462,normal,0.011,1.01,False,False,False,False,False,OK: within lot-relative limits (max 1.2 robust-sigma < 5); predicted 168h drift inside the lot safety envelope.
T08,T08-P0066,Iddq,uA,10.2423,11.5,PASS,0.196,1.09,0.196,12.28,12.465,normal,0.0121,1.05,False,False,False,False,False,OK: within lot-relative limits (max 1.1 robust-sigma < 5); predicted 168h drift inside the lot safety envelope.
T08,T08-P0067,Iddq,uA,10.8086,11.6543,PASS,0.253,0.33,0.253,12.232,12.464,normal,0.0085,-0.5,False,False,False,False,False,OK: within lot-relative limits (max 0.3 robust-sigma < 5); predicted 168h drift inside the lot safety envelope.
T08,T08-P0068,Iddq,uA,11.9352,13.3004,PASS,0.651,0.86,0.651,14.112,14.436,normal,0.013,0.68,False,False,False,False,False,OK: within lot-relative limits (max 0.9 robust-sigma < 5); predicted 168h drift inside the lot safety envelope.
T08,T08-P0069,Iddq,uA,38.7919,42.877,REJECT,1.0,10.82,0.993,45.038,45.906,low,0.0372,0.19,False,True,True,False,True,"LOT OUTLIER: Iddq@0h = 38.8 uA is 10.8 robust-sigma above lot T08 median (10.9 uA); still under datasheet max 50 uA, so a static limit would pass it. | LOT OUTLIER: Iddq@24h = 42.9 uA is 10.0 robust-sigma above lot T08 median (11.9 uA); still under datasheet max 50 uA, so a static limit would pass it. | GUARD BAND: 90% upper forecast for Iddq@168h is 45.9 uA = 92% of datasheet max (guard band 70%)."
T08,T08-P0070,Iddq,uA,11.9476,13.5202,PASS,0.76,1.37,0.76,14.456,14.747,normal,0.0149,1.29,False,False,False,False,False,OK: within lot-relative limits (max 1.4 robust-sigma < 5); predicted 168h drift inside the lot safety envelope.
T08,T08-P0071,Iddq,uA,8.199,8.6858,PASS,0.143,0.96,0.143,9.031,9.274,normal,0.005,-1.22,False,False,False,False,False,OK: within lot-relative limits (max 1.0 robust-sigma < 5); predicted 168h drift inside the lot safety envelope.
T08,T08-P0072,Iddq,uA,11.4607,12.5148,PASS,0.744,0.46,0.744,13.293,13.472,normal,0.0109,0.16,False,False,False,False,False,OK: within lot-relative limits (max 0.5 robust-sigma < 5); predicted 168h drift inside the lot safety envelope.
T08,T08-P0073,Iddq,uA,12.1061,13.0888,PASS,0.757,0.93,0.757,13.748,13.96,normal,0.0098,-0.4,False,False,False,False,False,OK: within lot-relative limits (max 0.9 robust-sigma < 5); predicted 168h drift inside the lot safety envelope.
T08,T08-P0074,Iddq,uA,9.7154,10.211,PASS,0.303,1.23,0.303,10.725,10.844,normal,0.006,-1.16,False,False,False,False,False,OK: within lot-relative limits (max 1.2 robust-sigma < 5); predicted 168h drift inside the lot safety envelope.
T08,T08-P0075,Iddq,uA,10.474,11.4925,PASS,0.261,0.28,0.261,12.18,12.338,normal,0.0102,0.23,False,False,False,False,False,OK: within lot-relative limits (max 0.3 robust-sigma < 5); predicted 168h drift inside the lot safety envelope.
T08,T08-P0076,Iddq,uA,10.8841,12.0407,PASS,0.489,0.57,0.489,12.726,13.022,normal,0.011,0.38,False,False,False,False,False,OK: within lot-relative limits (max 0.6 robust-sigma < 5); predicted 168h drift inside the lot safety envelope.
T08,T08-P0077,Iddq,uA,11.4581,12.1308,PASS,0.728,0.98,0.728,12.695,12.96,normal,0.0074,-1.06,False,False,False,False,False,OK: within lot-relative limits (max 1.0 robust-sigma < 5); predicted 168h drift inside the lot safety envelope.
T08,T08-P0078,Iddq,uA,12.6581,13.9519,PASS,0.794,1.31,0.794,14.779,15.048,normal,0.0126,0.34,False,False,False,False,False,OK: within lot-relative limits (max 1.3 robust-sigma < 5); predicted 168h drift inside the lot safety envelope.
T08,T08-P0079,Iddq,uA,11.1865,12.3207,PASS,0.56,0.41,0.56,13.105,13.299,normal,0.0114,0.43,False,False,False,False,False,OK: within lot-relative limits (max 0.4 robust-sigma < 5); predicted 168h drift inside the lot safety envelope.
T08,T08-P0080,Iddq,uA,10.603,11.5192,PASS,0.38,0.07,0.38,12.142,12.402,normal,0.0092,-0.18,False,False,False,False,False,OK: within lot-relative limits (max 0.1 robust-sigma < 5); predicted 168h drift inside the lot safety envelope.
T08,T08-P0081,Iddq,uA,10.7589,11.421,PASS,0.146,0.88,0.146,11.913,12.169,normal,0.0069,-1.08,False,False,False,False,False,OK: within lot-relative limits (max 0.9 robust-sigma < 5); predicted 168h drift inside the lot safety envelope.
T08,T08-P0082,Iddq,uA,11.3423,12.2518,PASS,0.679,0.38,0.679,12.836,13.079,normal,0.0089,-0.49,False,False,False,False,False,OK: within lot-relative limits (max 0.4 robust-sigma < 5); predicted 168h drift inside the lot safety envelope.
T08,T08-P0083,Iddq,uA,12.1666,13.0534,PASS,0.693,0.97,0.693,13.747,13.94,normal,0.0094,-0.54,False,False,False,False,False,OK: within lot-relative limits (max 1.0 robust-sigma < 5); predicted 168h drift inside the lot safety envelope.
T08,T08-P0084,Iddq,uA,11.3447,12.292,PASS,0.711,0.38,0.711,12.923,13.162,normal,0.0094,-0.32,False,False,False,False,False,OK: within lot-relative limits (max 0.4 robust-sigma < 5); predicted 168h drift inside the lot safety envelope.
T08,T08-P0085,Iddq,uA,10.1306,10.7658,PASS,0.166,0.85,0.166,11.217,11.458,normal,0.0065,-1.08,False,False,False,False,False,OK: within lot-relative limits (max 0.8 robust-sigma < 5); predicted 168h drift inside the lot safety envelope.
T08,T08-P0086,Iddq,uA,10.2935,11.4186,PASS,0.067,0.67,0.008,12.169,12.361,normal,0.0112,0.67,False,False,False,False,False,OK: within lot-relative limits (max 0.7 robust-sigma < 5); predicted 168h drift inside the lot safety envelope.
T08,T08-P0087,Iddq,uA,9.818,10.4678,PASS,0.073,0.73,0.048,10.979,11.144,normal,0.0069,-0.82,False,False,False,False,False,OK: within lot-relative limits (max 0.7 robust-sigma < 5); predicted 168h drift inside the lot safety envelope.
T08,T08-P0088,Iddq,uA,9.7537,10.9299,PASS,0.194,1.02,0.194,11.631,11.819,normal,0.0112,0.91,False,False,False,False,False,OK: within lot-relative limits (max 1.0 robust-sigma < 5); predicted 168h drift inside the lot safety envelope.
T08,T08-P0089,Iddq,uA,10.2143,11.2894,PASS,0.054,0.54,0.05,11.944,12.22,normal,0.0103,0.38,False,False,False,False,False,OK: within lot-relative limits (max 0.5 robust-sigma < 5); predicted 168h drift inside the lot safety envelope.
T08,T08-P0090,Iddq,uA,10.262,11.2207,PASS,0.32,0.16,0.32,11.885,12.068,normal,0.0097,0.12,False,False,False,False,False,OK: within lot-relative limits (max 0.2 robust-sigma < 5); predicted 168h drift inside the lot safety envelope.
T08,T08-P0091,Iddq,uA,12.1792,12.9125,PASS,0.756,0.98,0.756,13.493,13.775,normal,0.0078,-1.07,False,False,False,False,False,OK: within lot-relative limits (max 1.0 robust-sigma < 5); predicted 168h drift inside the lot safety envelope.
T08,T08-P0092,Iddq,uA,9.4908,9.8626,PASS,0.416,1.63,0.416,10.257,10.54,normal,0.0046,-1.73,False,False,False,False,False,OK: within lot-relative limits (max 1.6 robust-sigma < 5); predicted 168h drift inside the lot safety envelope.
T08,T08-P0093,Iddq,uA,11.2615,11.816,PASS,0.668,1.29,0.668,12.324,12.529,normal,0.0063,-1.39,False,False,False,False,False,OK: within lot-relative limits (max 1.3 robust-sigma < 5); predicted 168h drift inside the lot safety envelope.
T08,T08-P0094,Iddq,uA,9.1786,12.1788,REJECT,0.98,6.97,0.98,25.348,27.334,low,0.0962,23.38,False,True,False,True,False,ABNORMAL DRIFT: Iddq changed +33% from 0h to 24h vs lot median +9% (7.0 robust-sigma). | EARLY REJECT (drift forecast): predicted Iddq@168h = 25.3 uA from 0h/24h readings; drift slope 0.096 uA/h exceeds lot safety slope 0.021 uA/h (23.4 robust-sigma).
T08,T08-P0095,Iddq,uA,12.262,13.4579,PASS,0.757,1.04,0.757,14.261,14.444,normal,0.0119,0.24,False,False,False,False,False,OK: within lot-relative limits (max 1.0 robust-sigma < 5); predicted 168h drift inside the lot safety envelope.
T08,T08-P0096,Iddq,uA,11.4613,12.6115,PASS,0.529,0.47,0.529,13.384,13.554,normal,0.0114,0.34,False,False,False,False,False,OK: within lot-relative limits (max 0.5 robust-sigma < 5); predicted 168h drift inside the lot safety envelope.
T08,T08-P0097,Iddq,uA,12.7167,14.1181,PASS,0.763,1.35,0.763,15.027,15.271,normal,0.0138,0.66,False,False,False,False,False,OK: within lot-relative limits (max 1.3 robust-sigma < 5); predicted 168h drift inside the lot safety envelope.
T08,T08-P0098,Iddq,uA,11.7477,12.3009,PASS,0.79,1.37,0.79,12.845,13.07,normal,0.0065,-1.42,False,False,False,False,False,OK: within lot-relative limits (max 1.4 robust-sigma < 5); predicted 168h drift inside the lot safety envelope.
T08,T08-P0099,Iddq,uA,9.4864,10.6715,PASS,0.273,1.16,0.273,11.356,11.561,normal,0.0111,1.01,False,False,False,False,False,OK: within lot-relative limits (max 1.2 robust-sigma < 5); predicted 168h drift inside the lot safety envelope.
T08,T08-P0100,Iddq,uA,10.9883,11.9169,PASS,0.493,0.13,0.493,12.523,12.763,normal,0.0091,-0.31,False,False,False,False,False,OK: within lot-relative limits (max 0.1 robust-sigma < 5); predicted 168h drift inside the lot safety envelope.
T08,T08-P0101,Iddq,uA,10.1217,10.9292,PASS,0.256,0.28,0.256,11.448,11.672,normal,0.0079,-0.51,False,False,False,False,False,OK: within lot-relative limits (max 0.3 robust-sigma < 5); predicted 168h drift inside the lot safety envelope.
T08,T08-P0102,Iddq,uA,10.1878,10.5366,PASS,0.451,1.8,0.451,10.987,11.201,normal,0.0048,-1.78,False,False,False,False,False,OK: within lot-relative limits (max 1.8 robust-sigma < 5); predicted 168h drift inside the lot safety envelope.
T08,T08-P0103,Iddq,uA,9.5475,10.1162,PASS,0.126,0.95,0.126,10.555,10.799,normal,0.006,-1.12,False,False,False,False,False,OK: within lot-relative limits (max 0.9 robust-sigma < 5); predicted 168h drift inside the lot safety envelope.
T08,T08-P0104,Iddq,uA,10.5639,11.3208,PASS,0.055,0.55,0.052,11.929,12.104,normal,0.0081,-0.55,False,False,False,False,False,OK: within lot-relative limits (max 0.6 robust-sigma < 5); predicted 168h drift inside the lot safety envelope.
T08,T08-P0105,Iddq,uA,11.0251,12.5565,PASS,0.814,1.59,0.814,13.503,13.669,normal,0.0147,1.62,False,False,False,False,False,OK: within lot-relative limits (max 1.6 robust-sigma < 5); predicted 168h drift inside the lot safety envelope.
T08,T08-P0106,Iddq,uA,11.1304,12.4485,PASS,0.582,0.95,0.582,13.258,13.487,normal,0.0127,0.88,False,False,False,False,False,OK: within lot-relative limits (max 1.0 robust-sigma < 5); predicted 168h drift inside the lot safety envelope.
T08,T08-P0107,Iddq,uA,15.1387,16.3989,PASS,0.976,2.83,0.976,17.112,17.537,normal,0.0117,-0.53,False,False,False,False,False,OK: within lot-relative limits (max 2.8 robust-sigma < 5); predicted 168h drift inside the lot safety envelope.
T08,T08-P0108,Iddq,uA,10.7123,12.0503,PASS,0.465,1.16,0.465,12.835,13.054,normal,0.0126,1.03,False,False,False,False,False,OK: within lot-relative limits (max 1.2 robust-sigma < 5); predicted 168h drift inside the lot safety envelope.
T08,T08-P0109,Iddq,uA,10.9408,12.6855,PASS,0.906,2.22,0.906,13.907,13.929,normal,0.0177,2.61,False,False,False,False,False,OK: within lot-relative limits (max 2.2 robust-sigma < 5); predicted 168h drift inside the lot safety envelope.
T08,T08-P0110,Iddq,uA,10.6867,11.7389,PASS,0.25,0.32,0.25,12.427,12.593,normal,0.0104,0.23,False,False,False,False,False,OK: within lot-relative limits (max 0.3 robust-sigma < 5); predicted 168h drift inside the lot safety envelope.
T08,T08-P0111,Iddq,uA,10.4749,11.5496,PASS,0.088,0.45,0.088,12.235,12.453,normal,0.0105,0.35,False,False,False,False,False,OK: within lot-relative limits (max 0.5 robust-sigma < 5); predicted 168h drift inside the lot safety envelope.
T08,T08-P0112,Iddq,uA,10.4979,11.7618,PASS,0.177,1.02,0.177,12.519,12.721,normal,0.012,0.91,False,False,False,False,False,OK: within lot-relative limits (max 1.0 robust-sigma < 5); predicted 168h drift inside the lot safety envelope.
T08,T08-P0113,Iddq,uA,11.118,11.7324,PASS,0.499,1.09,0.499,12.352,12.485,normal,0.0073,-0.99,False,False,False,False,False,OK: within lot-relative limits (max 1.1 robust-sigma < 5); predicted 168h drift inside the lot safety envelope.
T08,T08-P0114,Iddq,uA,10.6994,11.6986,PASS,0.324,0.16,0.324,12.392,12.582,normal,0.0101,0.12,False,False,False,False,False,OK: within lot-relative limits (max 0.2 robust-sigma < 5); predicted 168h drift inside the lot safety envelope.
T08,T08-P0115,Iddq,uA,12.0669,13.1146,PASS,0.838,0.9,0.838,13.826,14.115,normal,0.0105,-0.16,False,False,False,False,False,OK: within lot-relative limits (max 0.9 robust-sigma < 5); predicted 168h drift inside the lot safety envelope.
T08,T08-P0116,Iddq,uA,11.5063,12.354,PASS,0.615,0.5,0.615,13.002,13.184,normal,0.0089,-0.54,False,False,False,False,False,OK: within lot-relative limits (max 0.5 robust-sigma < 5); predicted 168h drift inside the lot safety envelope.
T08,T08-P0117,Iddq,uA,9.6541,10.5648,PASS,0.32,0.19,0.32,11.16,11.353,normal,0.009,0.07,False,False,False,False,False,OK: within lot-relative limits (max 0.2 robust-sigma < 5); predicted 168h drift inside the lot safety envelope.
T08,T08-P0118,Iddq,uA,10.7869,12.2326,PASS,0.604,1.44,0.604,13.073,13.341,normal,0.0136,1.34,False,False,False,False,False,OK: within lot-relative limits (max 1.4 robust-sigma < 5); predicted 168h drift inside the lot safety envelope.
T08,T08-P0119,Iddq,uA,11.3833,12.9476,PASS,0.812,1.55,0.812,13.921,14.113,normal,0.0151,1.58,False,False,False,False,False,OK: within lot-relative limits (max 1.5 robust-sigma < 5); predicted 168h drift inside the lot safety envelope.
T08,T08-P0120,Iddq,uA,10.436,11.4295,PASS,0.278,0.22,0.278,12.086,12.29,normal,0.0098,0.12,False,False,False,False,False,OK: within lot-relative limits (max 0.2 robust-sigma < 5); predicted 168h drift inside the lot safety envelope.
T08,T08-P0121,Iddq,uA,10.6855,11.7818,PASS,0.088,0.45,0.088,12.481,12.703,normal,0.0107,0.35,False,False,False,False,False,OK: within lot-relative limits (max 0.5 robust-sigma < 5); predicted 168h drift inside the lot safety envelope.
T08,T08-P0122,Iddq,uA,10.7456,11.6787,PASS,0.388,0.05,0.388,12.306,12.569,normal,0.0093,-0.18,False,False,False,False,False,OK: within lot-relative limits (max 0.1 robust-sigma < 5); predicted 168h drift inside the lot safety envelope.
T08,T08-P0123,Iddq,uA,11.729,12.3867,PASS,0.689,1.07,0.689,12.996,13.171,normal,0.0075,-1.06,False,False,False,False,False,OK: within lot-relative limits (max 1.1 robust-sigma < 5); predicted 168h drift inside the lot safety envelope.
T08,T08-P0124,Iddq,uA,11.1881,12.1209,PASS,0.678,0.26,0.678,12.779,12.98,normal,0.0095,-0.25,False,False,False,False,False,OK: within lot-relative limits (max 0.3 robust-sigma < 5); predicted 168h drift inside the lot safety envelope.
T08,T08-P0125,Iddq,uA,10.0974,11.0073,PASS,0.389,0.05,0.389,11.659,11.84,normal,0.0093,0.04,False,False,False,False,False,OK: within lot-relative limits (max 0.1 robust-sigma < 5); predicted 168h drift inside the lot safety envelope.
T08,T08-P0126,Iddq,uA,10.8362,11.5757,PASS,0.066,0.66,0.024,12.183,12.386,normal,0.008,-0.67,False,False,False,False,False,OK: within lot-relative limits (max 0.7 robust-sigma < 5); predicted 168h drift inside the lot safety envelope.
T08,T08-P0127,Iddq,uA,12.979,17.556,REJECT,0.986,7.65,0.986,30.705,38.669,low,0.1055,19.24,False,True,False,True,True,ABNORMAL DRIFT: Iddq changed +35% from 0h to 24h vs lot median +9% (7.6 robust-sigma). | EARLY REJECT (drift forecast): predicted Iddq@168h = 30.7 uA from 0h/24h readings; drift slope 0.106 uA/h exceeds lot safety slope 0.030 uA/h (19.2 robust-sigma). | GUARD BAND: 90% upper forecast for Iddq@168h is 38.7 uA = 77% of datasheet max (guard band 70%).
T08,T08-P0128,Iddq,uA,9.5411,10.7741,PASS,0.31,1.29,0.31,11.465,11.7,normal,0.0115,1.11,False,False,False,False,False,OK: within lot-relative limits (max 1.3 robust-sigma < 5); predicted 168h drift inside the lot safety envelope.
T08,T08-P0129,Iddq,uA,12.068,12.6733,PASS,0.785,1.26,0.785,13.347,13.432,normal,0.0076,-1.11,False,False,False,False,False,OK: within lot-relative limits (max 1.3 robust-sigma < 5); predicted 168h drift inside the lot safety envelope.
T08,T08-P0130,Iddq,uA,10.7426,12.0551,PASS,0.467,1.07,0.467,12.871,13.074,normal,0.0127,1.03,False,False,False,False,False,OK: within lot-relative limits (max 1.1 robust-sigma < 5); predicted 168h drift inside the lot safety envelope.
T08,T08-P0131,Iddq,uA,17.5889,19.655,PASS,0.981,4.1,0.981,20.73,21.267,normal,0.0187,0.59,False,False,False,False,False,OK: within lot-relative limits (max 4.1 robust-sigma < 5); predicted 168h drift inside the lot safety envelope.
T08,T08-P0132,Iddq,uA,11.9267,13.5825,PASS,0.824,1.59,0.824,14.586,14.787,normal,0.0158,1.58,False,False,False,False,False,OK: within lot-relative limits (max 1.6 robust-sigma < 5); predicted 168h drift inside the lot safety envelope.
T08,T08-P0133,Iddq,uA,10.8352,12.0291,PASS,0.449,0.69,0.449,12.808,13.011,normal,0.0117,0.67,False,False,False,False,False,OK: within lot-relative limits (max 0.7 robust-sigma < 5); predicted 168h drift inside the lot safety envelope.
T08,T08-P0134,Iddq,uA,10.7287,11.7833,PASS,0.245,0.31,0.245,12.476,12.643,normal,0.0104,0.23,False,False,False,False,False,OK: within lot-relative limits (max 0.3 robust-sigma < 5); predicted 168h drift inside the lot safety envelope.
T08,T08-P0135,Iddq,uA,8.9061,9.8089,PASS,0.201,0.41,0.201,10.435,10.594,normal,0.0091,0.43,False,False,False,False,False,OK: within lot-relative limits (max 0.4 robust-sigma < 5); predicted 168h drift inside the lot safety envelope.
T08,T08-P0136,Iddq,uA,10.3148,12.9571,REJECT,0.975,5.04,0.975,23.327,29.381,low,0.0775,18.03,False,True,False,True,False,ABNORMAL DRIFT: Iddq changed +26% from 0h to 24h vs lot median +9% (5.0 robust-sigma). | EARLY REJECT (drift forecast): predicted Iddq@168h = 23.3 uA from 0h/24h readings; drift slope 0.077 uA/h exceeds lot safety slope 0.024 uA/h (18.0 robust-sigma).
T08,T08-P0137,Iddq,uA,14.1413,15.9988,PASS,0.962,2.3,0.962,16.963,17.456,normal,0.0168,1.06,False,False,False,False,False,OK: within lot-relative limits (max 2.3 robust-sigma < 5); predicted 168h drift inside the lot safety envelope.
T08,T08-P0138,Iddq,uA,11.4802,12.9961,PASS,0.741,1.38,0.741,13.891,14.17,normal,0.0143,1.29,False,False,False,False,False,OK: within lot-relative limits (max 1.4 robust-sigma < 5); predicted 168h drift inside the lot safety envelope.
T08,T08-P0139,Iddq,uA,73.0321,79.4753,REJECT,1.0,16.19,0.999,83.628,84.535,low,0.0631,-0.18,True,True,True,False,True,STATIC FAIL: Iddq@0h = 73.0 uA exceeds datasheet max 50 uA. | LOT OUTLIER: Iddq@0h = 73.0 uA is 16.2 robust-sigma above lot T08 median (10.9 uA). | LOT OUTLIER: Iddq@24h = 79.5 uA is 14.8 robust-sigma above lot T08 median (11.9 uA). | GUARD BAND: 90% upper forecast for Iddq@168h is 84.5 uA = 169% of datasheet max (guard band 70%).
T08,T08-P0140,Iddq,uA,10.8589,11.8097,PASS,0.456,0.03,0.456,12.443,12.702,normal,0.0094,-0.16,False,False,False,False,False,OK: within lot-relative limits (max 0.0 robust-sigma < 5); predicted 168h drift inside the lot safety envelope.
T08,T08-P0141,Iddq,uA,10.984,11.7167,PASS,0.461,0.71,0.461,12.296,12.503,normal,0.0078,-0.79,False,False,False,False,False,OK: within lot-relative limits (max 0.7 robust-sigma < 5); predicted 168h drift inside the lot safety envelope.
T08,T08-P0142,Iddq,uA,9.5375,10.3994,PASS,0.391,0.06,0.391,10.993,11.184,normal,0.0087,-0.01,False,False,False,False,False,OK: within lot-relative limits (max 0.1 robust-sigma < 5); predicted 168h drift inside the lot safety envelope.
T08,T08-P0143,Iddq,uA,11.164,12.3567,PASS,0.512,0.59,0.512,13.093,13.357,normal,0.0115,0.46,False,False,False,False,False,OK: within lot-relative limits (max 0.6 robust-sigma < 5); predicted 168h drift inside the lot safety envelope.
T08,T08-P0144,Iddq,uA,11.8747,12.4365,PASS,0.797,1.36,0.797,12.989,13.211,normal,0.0066,-1.41,False,False,False,False,False,OK: within lot-relative limits (max 1.4 robust-sigma < 5); predicted 168h drift inside the lot safety envelope.
T08,T08-P0145,Iddq,uA,9.0137,9.793,PASS,0.386,0.07,0.386,10.367,10.549,normal,0.0081,-0.06,False,False,False,False,False,OK: within lot-relative limits (max 0.1 robust-sigma < 5); predicted 168h drift inside the lot safety envelope.
T08,T08-P0146,Iddq,uA,10.4547,11.4161,PASS,0.342,0.11,0.342,12.108,12.29,normal,0.0098,0.12,False,False,False,False,False,OK: within lot-relative limits (max 0.1 robust-sigma < 5); predicted 168h drift inside the lot safety envelope.
T08,T08-P0147,Iddq,uA,7.5493,8.3387,PASS,0.051,0.51,0.042,8.779,9.039,normal,0.0073,0.23,False,False,False,False,False,OK: within lot-relative limits (max 0.5 robust-sigma < 5); predicted 168h drift inside the lot safety envelope.
T08,T08-P0148,Iddq,uA,8.9431,9.7021,PASS,0.347,0.12,0.347,10.948,10.948,normal,0.0119,1.61,False,False,False,False,False,OK: within lot-relative limits (max 0.1 robust-sigma < 5); predicted 168h drift inside the lot safety envelope.
T08,T08-P0149,Iddq,uA,12.2458,13.2334,PASS,0.769,1.03,0.769,13.857,14.121,normal,0.0096,-0.5,False,False,False,False,False,OK: within lot-relative limits (max 1.0 robust-sigma < 5); predicted 168h drift inside the lot safety envelope.
T08,T08-P0150,Iddq,uA,12.8863,13.7076,PASS,0.819,1.46,0.819,14.291,14.591,normal,0.0084,-1.04,False,False,False,False,False,OK: within lot-relative limits (max 1.5 robust-sigma < 5); predicted 168h drift inside the lot safety envelope.
T08,T08-P0151,Iddq,uA,13.7645,14.8158,PASS,0.934,2.02,0.934,15.504,15.819,normal,0.0104,-0.62,False,False,False,False,False,OK: within lot-relative limits (max 2.0 robust-sigma < 5); predicted 168h drift inside the lot safety envelope.
T08,T08-P0152,Iddq,uA,9.3272,9.8531,PASS,0.226,1.06,0.226,10.34,10.475,normal,0.006,-1.05,False,False,False,False,False,OK: within lot-relative limits (max 1.1 robust-sigma < 5); predicted 168h drift inside the lot safety envelope.
T08,T08-P0153,Iddq,uA,10.947,11.4403,PASS,0.487,1.43,0.487,11.969,12.179,normal,0.0061,-1.42,False,False,False,False,False,OK: within lot-relative limits (max 1.4 robust-sigma < 5); predicted 168h drift inside the lot safety envelope.
T08,T08-P0154,Iddq,uA,10.6014,11.8175,PASS,0.159,0.84,0.159,12.532,12.823,normal,0.0115,0.67,False,False,False,False,False,OK: within lot-relative limits (max 0.8 robust-sigma < 5); predicted 168h drift inside the lot safety envelope.
T08,T08-P0155,Iddq,uA,12.4879,13.4783,PASS,0.798,1.19,0.798,14.131,14.4,normal,0.0098,-0.5,False,False,False,False,False,OK: within lot-relative limits (max 1.2 robust-sigma < 5); predicted 168h drift inside the lot safety envelope.
T08,T08-P0156,Iddq,uA,11.3884,12.3317,PASS,0.696,0.41,0.696,12.973,13.197,normal,0.0094,-0.32,False,False,False,False,False,OK: within lot-relative limits (max 0.4 robust-sigma < 5); predicted 168h drift inside the lot safety envelope.
T08,T08-P0157,Iddq,uA,11.0802,11.6601,PASS,0.494,1.19,0.494,12.273,12.391,normal,0.0071,-1.07,False,False,False,False,False,OK: within lot-relative limits (max 1.2 robust-sigma < 5); predicted 168h drift inside the lot safety envelope.
T08,T08-P0158,Iddq,uA,11.9459,12.4961,PASS,0.83,1.4,0.83,13.078,13.29,normal,0.0067,-1.38,False,False,False,False,False,OK: within lot-relative limits (max 1.4 robust-sigma < 5); predicted 168h drift inside the lot safety envelope.
T08,T08-P0159,Iddq,uA,10.502,11.4009,PASS,0.361,0.1,0.361,11.956,12.199,normal,0.0087,-0.34,False,False,False,False,False,OK: within lot-relative limits (max 0.1 robust-sigma < 5); predicted 168h drift inside the lot safety envelope.
T08,T08-P0160,Iddq,uA,12.1644,13.7959,PASS,0.82,1.44,0.82,14.765,15.044,normal,0.0155,1.38,False,False,False,False,False,OK: within lot-relative limits (max 1.4 robust-sigma < 5); predicted 168h drift inside the lot safety envelope.
T08,T08-P0161,Iddq,uA,10.3545,11.0262,PASS,0.077,0.77,0.075,11.532,11.733,normal,0.007,-0.92,False,False,False,False,False,OK: within lot-relative limits (max 0.8 robust-sigma < 5); predicted 168h drift inside the lot safety envelope.
T08,T08-P0162,Iddq,uA,12.6939,13.0625,PASS,0.921,1.98,0.921,13.652,13.894,normal,0.0057,-1.86,False,False,False,False,False,OK: within lot-relative limits (max 2.0 robust-sigma < 5); predicted 168h drift inside the lot safety envelope.
T08,T08-P0163,Iddq,uA,11.0904,12.5306,PASS,0.697,1.31,0.697,13.404,13.614,normal,0.0138,1.26,False,False,False,False,False,OK: within lot-relative limits (max 1.3 robust-sigma < 5); predicted 168h drift inside the lot safety envelope.
T08,T08-P0164,Iddq,uA,11.2138,11.9286,PASS,0.606,0.81,0.606,12.478,12.707,normal,0.0075,-0.95,False,False,False,False,False,OK: within lot-relative limits (max 0.8 robust-sigma < 5); predicted 168h drift inside the lot safety envelope.
T08,T08-P0165,Iddq,uA,9.3374,10.9607,PASS,0.762,2.66,0.762,12.525,12.525,normal,0.019,4.06,False,False,False,False,False,OK: within lot-relative limits (max 2.7 robust-sigma < 5); predicted 168h drift inside the lot safety envelope.
T08,T08-P0166,Iddq,uA,8.9199,9.6601,PASS,0.296,0.18,0.296,10.103,10.342,normal,0.007,-0.47,False,False,False,False,False,OK: within lot-relative limits (max 0.2 robust-sigma < 5); predicted 168h drift inside the lot safety envelope.
T08,T08-P0167,Iddq,uA,8.8178,9.6645,PASS,0.264,0.24,0.264,10.202,10.392,normal,0.0082,0.1,False,False,False,False,False,OK: within lot-relative limits (max 0.2 robust-sigma < 5); predicted 168h drift inside the lot safety envelope.
T08,T08-P0168,Iddq,uA,11.6494,12.4609,PASS,0.583,0.62,0.583,13.099,13.315,normal,0.0086,-0.67,False,False,False,False,False,OK: within lot-relative limits (max 0.6 robust-sigma < 5); predicted 168h drift inside the lot safety envelope.
T08,T08-P0169,Iddq,uA,8.0953,8.8944,PASS,0.241,0.33,0.241,9.397,9.546,normal,0.0077,0.19,False,False,False,False,False,OK: within lot-relative limits (max 0.3 robust-sigma < 5); predicted 168h drift inside the lot safety envelope.
T08,T08-P0170,Iddq,uA,13.0078,13.9494,PASS,0.843,1.54,0.843,14.689,14.892,normal,0.01,-0.55,False,False,False,False,False,OK: within lot-relative limits (max 1.5 robust-sigma < 5); predicted 168h drift inside the lot safety envelope.
T08,T08-P0171,Iddq,uA,10.447,12.1196,PASS,0.786,2.24,0.786,13.231,13.301,normal,0.0166,2.52,False,False,False,False,False,OK: within lot-relative limits (max 2.2 robust-sigma < 5); predicted 168h drift inside the lot safety envelope.
T08,T08-P0172,Iddq,uA,9.1414,10.897,REJECT,0.89,3.2,0.89,13.043,13.043,normal,0.0232,5.71,False,False,False,True,False,EARLY REJECT (drift forecast): predicted Iddq@168h = 13.0 uA from 0h/24h readings; drift slope 0.023 uA/h exceeds lot safety slope 0.021 uA/h (5.7 robust-sigma).
T08,T08-P0173,Iddq,uA,11.3855,12.6366,PASS,0.507,0.68,0.507,13.48,13.672,normal,0.0125,0.71,False,False,False,False,False,OK: within lot-relative limits (max 0.7 robust-sigma < 5); predicted 168h drift inside the lot safety envelope.
T08,T08-P0174,Iddq,uA,9.2734,10.41,PASS,0.216,1.08,0.216,11.17,11.292,normal,0.0113,1.17,False,False,False,False,False,OK: within lot-relative limits (max 1.1 robust-sigma < 5); predicted 168h drift inside the lot safety envelope.
T08,T08-P0175,Iddq,uA,11.0655,12.1302,PASS,0.582,0.25,0.582,12.891,13.034,normal,0.0109,0.28,False,False,False,False,False,OK: within lot-relative limits (max 0.2 robust-sigma < 5); predicted 168h drift inside the lot safety envelope.
T08,T08-P0176,Iddq,uA,10.6805,11.4593,PASS,0.051,0.51,0.048,12.061,12.238,normal,0.0082,-0.55,False,False,False,False,False,OK: within lot-relative limits (max 0.5 robust-sigma < 5); predicted 168h drift inside the lot safety envelope.
T08,T08-P0177,Iddq,uA,12.7206,13.6869,PASS,0.786,1.35,0.786,14.365,14.625,normal,0.0098,-0.55,False,False,False,False,False,OK: within lot-relative limits (max 1.4 robust-sigma < 5); predicted 168h drift inside the lot safety envelope.
T08,T08-P0178,Iddq,uA,12.3306,13.2498,PASS,0.753,1.09,0.753,13.932,14.176,normal,0.0095,-0.54,False,False,False,False,False,OK: within lot-relative limits (max 1.1 robust-sigma < 5); predicted 168h drift inside the lot safety envelope.
T08,T08-P0179,Iddq,uA,12.3049,13.8999,PASS,0.811,1.3,0.811,14.812,15.105,normal,0.0149,1.16,False,False,False,False,False,OK: within lot-relative limits (max 1.3 robust-sigma < 5); predicted 168h drift inside the lot safety envelope.
T08,T08-P0180,Iddq,uA,10.2765,10.9795,PASS,0.066,0.66,0.014,11.547,11.746,normal,0.0076,-0.69,False,False,False,False,False,OK: within lot-relative limits (max 0.7 robust-sigma < 5); predicted 168h drift inside the lot safety envelope.
T08,T08-P0181,Iddq,uA,12.8773,13.8577,PASS,0.839,1.45,0.839,14.542,14.793,normal,0.0099,-0.55,False,False,False,False,False,OK: within lot-relative limits (max 1.5 robust-sigma < 5); predicted 168h drift inside the lot safety envelope.
T08,T08-P0182,Iddq,uA,10.9338,11.9245,PASS,0.505,0.07,0.505,12.633,12.821,normal,0.0101,0.06,False,False,False,False,False,OK: within lot-relative limits (max 0.1 robust-sigma < 5); predicted 168h drift inside the lot safety envelope.
T08,T08-P0183,Iddq,uA,11.0601,11.5306,PASS,0.525,1.52,0.525,12.122,12.305,normal,0.0063,-1.35,False,False,False,False,False,OK: within lot-relative limits (max 1.5 robust-sigma < 5); predicted 168h drift inside the lot safety envelope.
T08,T08-P0184,Iddq,uA,11.4309,13.0841,PASS,0.848,1.77,0.848,14.193,14.251,normal,0.0164,1.99,False,False,False,False,False,OK: within lot-relative limits (max 1.8 robust-sigma < 5); predicted 168h drift inside the lot safety envelope.
T08,T08-P0185,Iddq,uA,11.2734,12.8529,PASS,0.823,1.63,0.823,13.787,14.03,normal,0.015,1.58,False,False,False,False,False,OK: within lot-relative limits (max 1.6 robust-sigma < 5); predicted 168h drift inside the lot safety envelope.
T08,T08-P0186,Iddq,uA,9.1769,10.1031,PASS,0.17,0.4,0.17,10.759,10.916,normal,0.0094,0.45,False,False,False,False,False,OK: within lot-relative limits (max 0.4 robust-sigma < 5); predicted 168h drift inside the lot safety envelope.
T08,T08-P0187,Iddq,uA,11.7133,13.5122,PASS,0.894,2.04,0.894,14.684,14.814,normal,0.0177,2.24,False,False,False,False,False,OK: within lot-relative limits (max 2.0 robust-sigma < 5); predicted 168h drift inside the lot safety envelope.
T08,T08-P0188,Iddq,uA,9.0644,9.6785,PASS,0.068,0.68,0.007,10.112,10.366,normal,0.0062,-0.88,False,False,False,False,False,OK: within lot-relative limits (max 0.7 robust-sigma < 5); predicted 168h drift inside the lot safety envelope.
T08,T08-P0189,Iddq,uA,11.6543,12.6123,PASS,0.662,0.61,0.662,13.253,13.49,normal,0.0095,-0.37,False,False,False,False,False,OK: within lot-relative limits (max 0.6 robust-sigma < 5); predicted 168h drift inside the lot safety envelope.
T08,T08-P0190,Iddq,uA,10.8054,11.6763,PASS,0.236,0.26,0.236,12.228,12.46,normal,0.0085,-0.5,False,False,False,False,False,OK: within lot-relative limits (max 0.3 robust-sigma < 5); predicted 168h drift inside the lot safety envelope.
T08,T08-P0191,Iddq,uA,11.152,12.3671,PASS,0.506,0.65,0.506,13.264,13.392,normal,0.0126,0.84,False,False,False,False,False,OK: within lot-relative limits (max 0.7 robust-sigma < 5); predicted 168h drift inside the lot safety envelope.
T08,T08-P0192,Iddq,uA,9.3929,10.6037,PASS,0.291,1.28,0.291,11.287,11.519,normal,0.0113,1.11,False,False,False,False,False,OK: within lot-relative limits (max 1.3 robust-sigma < 5); predicted 168h drift inside the lot safety envelope.
T08,T08-P0193,Iddq,uA,12.4052,13.3866,PASS,0.806,1.14,0.806,14.038,14.305,normal,0.0097,-0.5,False,False,False,False,False,OK: within lot-relative limits (max 1.1 robust-sigma < 5); predicted 168h drift inside the lot safety envelope.
T08,T08-P0194,Iddq,uA,10.5891,12.0763,PASS,0.501,1.64,0.501,12.922,13.178,normal,0.0139,1.52,False,False,False,False,False,OK: within lot-relative limits (max 1.6 robust-sigma < 5); predicted 168h drift inside the lot safety envelope.
T08,T08-P0195,Iddq,uA,12.3667,13.7203,PASS,0.674,1.11,0.674,14.622,14.85,normal,0.0134,0.68,False,False,False,False,False,OK: within lot-relative limits (max 1.1 robust-sigma < 5); predicted 168h drift inside the lot safety envelope.
T08,T08-P0196,Iddq,uA,9.9902,11.0683,PASS,0.062,0.62,0.047,11.682,11.952,normal,0.0101,0.38,False,False,False,False,False,OK: within lot-relative limits (max 0.6 robust-sigma < 5); predicted 168h drift inside the lot safety envelope.
T08,T08-P0197,Iddq,uA,9.9511,10.6253,PASS,0.068,0.68,0.007,11.128,11.374,normal,0.007,-0.82,False,False,False,False,False,OK: within lot-relative limits (max 0.7 robust-sigma < 5); predicted 168h drift inside the lot safety envelope.
T08,T08-P0198,Iddq,uA,11.0445,12.3421,PASS,0.571,0.92,0.571,13.122,13.359,normal,0.0124,0.81,False,False,False,False,False,OK: within lot-relative limits (max 0.9 robust-sigma < 5); predicted 168h drift inside the lot safety envelope.
T08,T08-P0199,Iddq,uA,12.2582,14.2397,PASS,0.93,2.29,0.93,15.621,15.621,normal,0.02,2.68,False,False,False,False,False,OK: within lot-relative limits (max 2.3 robust-sigma < 5); predicted 168h drift inside the lot safety envelope.
T08,T08-P0200,Iddq,uA,9.1932,9.954,PASS,0.32,0.19,0.32,10.49,10.659,normal,0.0077,-0.28,False,False,False,False,False,OK: within lot-relative limits (max 0.2 robust-sigma < 5); predicted 168h drift inside the lot safety envelope.
T08,T08-P0201,Iddq,uA,10.2215,10.8831,PASS,0.086,0.78,0.086,11.384,11.583,normal,0.0069,-0.92,False,False,False,False,False,OK: within lot-relative limits (max 0.8 robust-sigma < 5); predicted 168h drift inside the lot safety envelope.
T08,T08-P0202,Iddq,uA,10.1933,10.8347,PASS,0.164,0.84,0.164,11.286,11.529,normal,0.0065,-1.08,False,False,False,False,False,OK: within lot-relative limits (max 0.8 robust-sigma < 5); predicted 168h drift inside the lot safety envelope.
T08,T08-P0203,Iddq,uA,10.6401,11.4142,PASS,0.051,0.51,0.039,12.015,12.191,normal,0.0082,-0.55,False,False,False,False,False,OK: within lot-relative limits (max 0.5 robust-sigma < 5); predicted 168h drift inside the lot safety envelope.
T08,T08-P0204,Iddq,uA,10.2327,11.9049,PASS,0.565,2.34,0.565,13.117,13.117,normal,0.0172,2.84,False,False,False,False,False,OK: within lot-relative limits (max 2.3 robust-sigma < 5); predicted 168h drift inside the lot safety envelope.
T08,T08-P0205,Iddq,uA,12.3698,14.0127,PASS,0.84,1.4,0.84,15.014,15.298,normal,0.0157,1.38,False,False,False,False,False,OK: within lot-relative limits (max 1.4 robust-sigma < 5); predicted 168h drift inside the lot safety envelope.
T08,T08-P0206,Iddq,uA,11.7388,13.1707,PASS,0.663,1.07,0.663,14.088,14.287,normal,0.014,1.08,False,False,False,False,False,OK: within lot-relative limits (max 1.1 robust-sigma < 5); predicted 168h drift inside the lot safety envelope.
T08,T08-P0207,Iddq,uA,10.8357,11.7938,PASS,0.437,0.0,0.437,12.499,12.694,normal,0.0099,0.02,False,False,False,False,False,OK: within lot-relative limits (max 0.0 robust-sigma < 5); predicted 168h drift inside the lot safety envelope.
T08,T08-P0208,Iddq,uA,12.0803,13.6057,PASS,0.748,1.2,0.748,14.541,14.721,normal,0.0146,1.16,False,False,False,False,False,OK: within lot-relative limits (max 1.2 robust-sigma < 5); predicted 168h drift inside the lot safety envelope.
T08,T08-P0209,Iddq,uA,12.4803,13.6388,PASS,0.826,1.19,0.826,14.456,14.671,normal,0.0118,0.13,False,False,False,False,False,OK: within lot-relative limits (max 1.2 robust-sigma < 5); predicted 168h drift inside the lot safety envelope.
T08,T08-P0210,Iddq,uA,10.1289,10.6958,PASS,0.226,1.07,0.226,11.215,11.374,normal,0.0065,-1.08,False,False,False,False,False,OK: within lot-relative limits (max 1.1 robust-sigma < 5); predicted 168h drift inside the lot safety envelope.
T08,T08-P0211,Iddq,uA,9.9498,10.5068,PASS,0.226,1.07,0.226,11.017,11.173,normal,0.0064,-1.08,False,False,False,False,False,OK: within lot-relative limits (max 1.1 robust-sigma < 5); predicted 168h drift inside the lot safety envelope.
T08,T08-P0212,Iddq,uA,11.9085,13.3713,PASS,0.725,1.09,0.725,14.28,14.493,normal,0.0141,1.05,False,False,False,False,False,OK: within lot-relative limits (max 1.1 robust-sigma < 5); predicted 168h drift inside the lot safety envelope.
T08,T08-P0213,Iddq,uA,14.7271,14.8352,PASS,0.976,2.73,0.976,15.848,15.99,normal,0.0067,-1.84,False,False,False,False,False,OK: within lot-relative limits (max 2.7 robust-sigma < 5); predicted 168h drift inside the lot safety envelope.
T08,T08-P0214,Iddq,uA,8.0962,9.0485,PASS,0.142,0.93,0.142,9.573,9.8,normal,0.0088,0.68,False,False,False,False,False,OK: within lot-relative limits (max 0.9 robust-sigma < 5); predicted 168h drift inside the lot safety envelope.
T08,T08-P0215,Iddq,uA,10.1024,11.9135,PASS,0.829,2.82,0.829,13.519,13.519,normal,0.0203,3.99,False,False,False,False,False,OK: within lot-relative limits (max 2.8 robust-sigma < 5); predicted 168h drift inside the lot safety envelope.
T08,T08-P0216,Iddq,uA,12.0873,13.1502,PASS,0.859,0.92,0.859,13.864,14.139,normal,0.0106,-0.14,False,False,False,False,False,OK: within lot-relative limits (max 0.9 robust-sigma < 5); predicted 168h drift inside the lot safety envelope.
T08,T08-P0217,Iddq,uA,10.0483,10.509,PASS,0.365,1.41,0.365,10.98,11.179,normal,0.0055,-1.43,False,False,False,False,False,OK: within lot-relative limits (max 1.4 robust-sigma < 5); predicted 168h drift inside the lot safety envelope.
T08,T08-P0218,Iddq,uA,12.3107,13.0974,PASS,0.724,1.07,0.724,13.66,13.95,normal,0.008,-1.02,False,False,False,False,False,OK: within lot-relative limits (max 1.1 robust-sigma < 5); predicted 168h drift inside the lot safety envelope.
T08,T08-P0219,Iddq,uA,11.1943,11.9702,PASS,0.578,0.63,0.578,12.62,12.795,normal,0.0085,-0.6,False,False,False,False,False,OK: within lot-relative limits (max 0.6 robust-sigma < 5); predicted 168h drift inside the lot safety envelope.
T08,T08-P0220,Iddq,uA,9.3305,10.2604,PASS,0.183,0.36,0.183,10.893,11.02,normal,0.0093,0.34,False,False,False,False,False,OK: within lot-relative limits (max 0.4 robust-sigma < 5); predicted 168h drift inside the lot safety envelope.
T08,T08-P0221,Iddq,uA,10.3036,11.2394,PASS,0.379,0.07,0.379,11.897,12.082,normal,0.0095,0.04,False,False,False,False,False,OK: within lot-relative limits (max 0.1 robust-sigma < 5); predicted 168h drift inside the lot safety envelope.
T08,T08-P0222,Iddq,uA,11.3798,12.2052,PASS,0.611,0.52,0.611,12.859,13.039,normal,0.0088,-0.54,False,False,False,False,False,OK: within lot-relative limits (max 0.5 robust-sigma < 5); predicted 168h drift inside the lot safety envelope.
T08,T08-P0223,Iddq,uA,9.7444,10.4511,PASS,0.052,0.52,0.032,11.004,11.165,normal,0.0075,-0.55,False,False,False,False,False,OK: within lot-relative limits (max 0.5 robust-sigma < 5); predicted 168h drift inside the lot safety envelope.
T08,T08-P0224,Iddq,uA,11.6936,12.6032,PASS,0.593,0.64,0.593,13.23,13.484,normal,0.0091,-0.5,False,False,False,False,False,OK: within lot-relative limits (max 0.6 robust-sigma < 5); predicted 168h drift inside the lot safety envelope.
T08,T08-P0225,Iddq,uA,11.2468,12.6439,PASS,0.632,1.14,0.632,13.541,13.706,normal,0.0137,1.16,False,False,False,False,False,OK: within lot-relative limits (max 1.1 robust-sigma < 5); predicted 168h drift inside the lot safety envelope.
T08,T08-P0226,Iddq,uA,10.7647,11.6875,PASS,0.364,0.09,0.364,12.255,12.504,normal,0.0089,-0.34,False,False,False,False,False,OK: within lot-relative limits (max 0.1 robust-sigma < 5); predicted 168h drift inside the lot safety envelope.
T08,T08-P0227,Iddq,uA,11.6561,12.4877,PASS,0.596,0.61,0.596,13.187,13.343,normal,0.0091,-0.5,False,False,False,False,False,OK: within lot-relative limits (max 0.6 robust-sigma < 5); predicted 168h drift inside the lot safety envelope.
T08,T08-P0228,Iddq,uA,10.4064,11.4236,PASS,0.241,0.3,0.241,12.101,12.258,normal,0.0101,0.23,False,False,False,False,False,OK: within lot-relative limits (max 0.3 robust-sigma < 5); predicted 168h drift inside the lot safety envelope.
T08,T08-P0229,Iddq,uA,11.5238,12.3467,PASS,0.605,0.56,0.605,13.022,13.192,normal,0.0089,-0.54,False,False,False,False,False,OK: within lot-relative limits (max 0.6 robust-sigma < 5); predicted 168h drift inside the lot safety envelope.
T08,T08-P0230,Iddq,uA,9.6431,10.1964,PASS,0.194,1.02,0.194,10.661,10.85,normal,0.0061,-1.12,False,False,False,False,False,OK: within lot-relative limits (max 1.0 robust-sigma < 5); predicted 168h drift inside the lot safety envelope.
T08,T08-P0231,Iddq,uA,13.2947,14.0245,PASS,0.896,1.73,0.896,14.7,14.917,normal,0.0084,-1.12,False,False,False,False,False,OK: within lot-relative limits (max 1.7 robust-sigma < 5); predicted 168h drift inside the lot safety envelope.
T08,T08-P0232,Iddq,uA,10.6452,11.5693,PASS,0.388,0.06,0.388,12.191,12.452,normal,0.0092,-0.18,False,False,False,False,False,OK: within lot-relative limits (max 0.1 robust-sigma < 5); predicted 168h drift inside the lot safety envelope.
T08,T08-P0233,Iddq,uA,12.8356,13.3825,PASS,0.895,1.52,0.895,14.053,14.269,normal,0.0072,-1.38,False,False,False,False,False,OK: within lot-relative limits (max 1.5 robust-sigma < 5); predicted 168h drift inside the lot safety envelope.
T08,T08-P0234,Iddq,uA,14.4481,15.6167,PASS,0.962,2.43,0.962,16.299,16.655,normal,0.011,-0.58,False,False,False,False,False,OK: within lot-relative limits (max 2.4 robust-sigma < 5); predicted 168h drift inside the lot safety envelope.
T08,T08-P0235,Iddq,uA,13.3695,14.5344,PASS,0.942,1.77,0.942,15.318,15.626,normal,0.0116,-0.17,False,False,False,False,False,OK: within lot-relative limits (max 1.8 robust-sigma < 5); predicted 168h drift inside the lot safety envelope.
T08,T08-P0236,Iddq,uA,10.7898,11.722,PASS,0.38,0.07,0.38,12.364,12.621,normal,0.0094,-0.16,False,False,False,False,False,OK: within lot-relative limits (max 0.1 robust-sigma < 5); predicted 168h drift inside the lot safety envelope.
T08,T08-P0237,Iddq,uA,11.2218,13.2439,PASS,0.948,2.85,0.948,15.052,15.052,normal,0.0228,4.05,False,False,False,False,False,OK: within lot-relative limits (max 2.8 robust-sigma < 5); predicted 168h drift inside the lot safety envelope.
T08,T08-P0238,Iddq,uA,10.8898,11.5587,PASS,0.445,0.89,0.445,12.065,12.317,normal,0.007,-1.06,False,False,False,False,False,OK: within lot-relative limits (max 0.9 robust-sigma < 5); predicted 168h drift inside the lot safety envelope.
T08,T08-P0239,Iddq,uA,11.3782,12.2239,PASS,0.621,0.46,0.621,12.857,13.066,normal,0.0088,-0.54,False,False,False,False,False,OK: within lot-relative limits (max 0.5 robust-sigma < 5); predicted 168h drift inside the lot safety envelope.
T08,T08-P0240,Iddq,uA,9.8477,10.6148,PASS,0.173,0.35,0.173,11.121,11.356,normal,0.0076,-0.55,False,False,False,False,False,OK: within lot-relative limits (max 0.3 robust-sigma < 5); predicted 168h drift inside the lot safety envelope.
T08,T08-P0241,Iddq,uA,8.5922,9.5225,PASS,0.063,0.63,0.023,10.113,10.29,normal,0.0091,0.55,False,False,False,False,False,OK: within lot-relative limits (max 0.6 robust-sigma < 5); predicted 168h drift inside the lot safety envelope.
T08,T08-P0242,Iddq,uA,11.4168,12.2811,PASS,0.644,0.43,0.644,12.901,13.126,normal,0.0088,-0.54,False,False,False,False,False,OK: within lot-relative limits (max 0.4 robust-sigma < 5); predicted 168h drift inside the lot safety envelope.
T08,T08-P0243,Iddq,uA,11.1046,12.2518,PASS,0.545,0.47,0.545,13.009,13.241,normal,0.0113,0.43,False,False,False,False,False,OK: within lot-relative limits (max 0.5 robust-sigma < 5); predicted 168h drift inside the lot safety envelope.
T08,T08-P0244,Iddq,uA,13.3274,14.6404,PASS,0.909,1.75,0.909,15.553,15.692,normal,0.0132,0.33,False,False,False,False,False,OK: within lot-relative limits (max 1.7 robust-sigma < 5); predicted 168h drift inside the lot safety envelope.
T08,T08-P0245,Iddq,uA,13.6062,15.2584,PASS,0.933,1.93,0.933,16.271,16.553,normal,0.0159,0.98,False,False,False,False,False,OK: within lot-relative limits (max 1.9 robust-sigma < 5); predicted 168h drift inside the lot safety envelope.
T08,T08-P0246,Iddq,uA,9.1956,10.491,PASS,0.42,1.65,0.42,12.122,12.122,normal,0.0174,3.59,False,False,False,False,False,OK: within lot-relative limits (max 1.7 robust-sigma < 5); predicted 168h drift inside the lot safety envelope.
T08,T08-P0247,Iddq,uA,9.5594,10.131,PASS,0.126,0.94,0.126,10.568,10.812,normal,0.006,-1.12,False,False,False,False,False,OK: within lot-relative limits (max 0.9 robust-sigma < 5); predicted 168h drift inside the lot safety envelope.
T08,T08-P0248,Iddq,uA,12.3238,13.1944,PASS,0.717,1.08,0.717,13.855,14.086,normal,0.0091,-0.67,False,False,False,False,False,OK: within lot-relative limits (max 1.1 robust-sigma < 5); predicted 168h drift inside the lot safety envelope.
T08,T08-P0249,Iddq,uA,12.4895,13.7206,PASS,0.786,1.19,0.786,14.576,14.718,normal,0.0124,0.33,False,False,False,False,False,OK: within lot-relative limits (max 1.2 robust-sigma < 5); predicted 168h drift inside the lot safety envelope.
T08,T08-P0250,Iddq,uA,11.351,12.4173,PASS,0.697,0.38,0.697,13.15,13.348,normal,0.0107,0.13,False,False,False,False,False,OK: within lot-relative limits (max 0.4 robust-sigma < 5); predicted 168h drift inside the lot safety envelope.
T08,T08-P0251,Iddq,uA,10.9826,12.4137,PASS,0.691,1.33,0.691,13.218,13.481,normal,0.0133,1.15,False,False,False,False,False,OK: within lot-relative limits (max 1.3 robust-sigma < 5); predicted 168h drift inside the lot safety envelope.
T08,T08-P0252,Iddq,uA,8.6913,9.1909,PASS,0.194,1.02,0.194,9.573,9.764,normal,0.0053,-1.22,False,False,False,False,False,OK: within lot-relative limits (max 1.0 robust-sigma < 5); predicted 168h drift inside the lot safety envelope.
T08,T08-P0253,Iddq,uA,14.8753,15.9303,PASS,0.966,2.68,0.966,16.671,16.996,normal,0.0107,-0.76,False,False,False,False,False,OK: within lot-relative limits (max 2.7 robust-sigma < 5); predicted 168h drift inside the lot safety envelope.
T08,T08-P0254,Iddq,uA,9.8888,11.0409,PASS,0.118,0.89,0.118,11.744,11.961,normal,0.011,0.8,False,False,False,False,False,OK: within lot-relative limits (max 0.9 robust-sigma < 5); predicted 168h drift inside the lot safety envelope.
T08,T08-P0255,Iddq,uA,11.628,12.7219,PASS,0.679,0.59,0.679,13.469,13.674,normal,0.011,0.13,False,False,False,False,False,OK: within lot-relative limits (max 0.6 robust-sigma < 5); predicted 168h drift inside the lot safety envelope.
T08,T08-P0256,Iddq,uA,11.3173,12.544,PASS,0.526,0.64,0.526,13.399,13.546,normal,0.0124,0.71,False,False,False,False,False,OK: within lot-relative limits (max 0.6 robust-sigma < 5); predicted 168h drift inside the lot safety envelope.
T08,T08-P0257,Iddq,uA,9.4705,10.0922,PASS,0.075,0.75,0.072,10.574,10.75,normal,0.0066,-0.86,False,False,False,False,False,OK: within lot-relative limits (max 0.7 robust-sigma < 5); predicted 168h drift inside the lot safety envelope.
T08,T08-P0258,Iddq,uA,12.1915,12.9249,PASS,0.741,0.99,0.741,13.506,13.789,normal,0.0078,-1.07,False,False,False,False,False,OK: within lot-relative limits (max 1.0 robust-sigma < 5); predicted 168h drift inside the lot safety envelope.
T08,T08-P0259,Iddq,uA,13.4069,14.8937,PASS,0.905,1.8,0.905,15.884,16.093,normal,0.0147,0.73,False,False,False,False,False,OK: within lot-relative limits (max 1.8 robust-sigma < 5); predicted 168h drift inside the lot safety envelope.
T08,T08-P0260,Iddq,uA,10.9069,11.6838,PASS,0.444,0.56,0.444,12.324,12.482,normal,0.0084,-0.54,False,False,False,False,False,OK: within lot-relative limits (max 0.6 robust-sigma < 5); predicted 168h drift inside the lot safety envelope.
T08,T08-P0261,Iddq,uA,11.2763,12.0876,PASS,0.601,0.54,0.601,12.742,12.92,normal,0.0087,-0.54,False,False,False,False,False,OK: within lot-relative limits (max 0.5 robust-sigma < 5); predicted 168h drift inside the lot safety envelope.
T08,T08-P0262,Iddq,uA,11.9703,13.0685,PASS,0.792,0.83,0.792,13.866,14.071,normal,0.0113,0.13,False,False,False,False,False,OK: within lot-relative limits (max 0.8 robust-sigma < 5); predicted 168h drift inside the lot safety envelope.
T08,T08-P0263,Iddq,uA,12.3921,13.5506,PASS,0.811,1.13,0.811,14.354,14.572,normal,0.0117,0.13,False,False,False,False,False,OK: within lot-relative limits (max 1.1 robust-sigma < 5); predicted 168h drift inside the lot safety envelope.
T08,T08-P0264,Iddq,uA,12.167,13.6119,PASS,0.701,1.04,0.701,14.452,14.743,normal,0.0136,0.8,False,False,False,False,False,OK: within lot-relative limits (max 1.0 robust-sigma < 5); predicted 168h drift inside the lot safety envelope.
T08,T08-P0265,Iddq,uA,9.8416,10.5525,PASS,0.053,0.53,0.044,11.114,11.276,normal,0.0076,-0.55,False,False,False,False,False,OK: within lot-relative limits (max 0.5 robust-sigma < 5); predicted 168h drift inside the lot safety envelope.
T08,T08-P0266,Iddq,uA,9.6213,10.849,PASS,0.303,1.24,0.303,11.562,11.755,normal,0.0116,1.11,False,False,False,False,False,OK: within lot-relative limits (max 1.2 robust-sigma < 5); predicted 168h drift inside the lot safety envelope.
T08,T08-P0267,Iddq,uA,10.102,11.053,PASS,0.296,0.18,0.296,11.7,11.879,normal,0.0095,0.12,False,False,False,False,False,OK: within lot-relative limits (max 0.2 robust-sigma < 5); predicted 168h drift inside the lot safety envelope.
T08,T08-P0268,Iddq,uA,7.808,8.6667,PASS,0.069,0.69,0.006,9.19,9.383,normal,0.0082,0.55,False,False,False,False,False,OK: within lot-relative limits (max 0.7 robust-sigma < 5); predicted 168h drift inside the lot safety envelope.
T08,T08-P0269,Iddq,uA,9.0409,9.8418,PASS,0.437,0.0,0.437,10.468,10.597,normal,0.0085,0.12,False,False,False,False,False,OK: within lot-relative limits (max 0.0 robust-sigma < 5); predicted 168h drift inside the lot safety envelope.
T08,T08-P0270,Iddq,uA,10.5477,11.6607,PASS,0.055,0.55,0.053,12.334,12.619,normal,0.0106,0.38,False,False,False,False,False,OK: within lot-relative limits (max 0.5 robust-sigma < 5); predicted 168h drift inside the lot safety envelope.
T08,T08-P0271,Iddq,uA,9.9412,10.7801,PASS,0.332,0.13,0.332,11.317,11.547,normal,0.0082,-0.34,False,False,False,False,False,OK: within lot-relative limits (max 0.1 robust-sigma < 5); predicted 168h drift inside the lot safety envelope.
T08,T08-P0272,Iddq,uA,9.6347,11.323,PASS,0.778,2.7,0.778,12.777,12.777,normal,0.0187,3.75,False,False,False,False,False,OK: within lot-relative limits (max 2.7 robust-sigma < 5); predicted 168h drift inside the lot safety envelope.
T08,T08-P0273,Iddq,uA,12.2215,13.0859,PASS,0.701,1.01,0.701,13.74,13.969,normal,0.009,-0.67,False,False,False,False,False,OK: within lot-relative limits (max 1.0 robust-sigma < 5); predicted 168h drift inside the lot safety envelope.
T08,T08-P0274,Iddq,uA,11.3928,12.1614,PASS,0.626,0.69,0.626,12.748,13.022,normal,0.0081,-0.8,False,False,False,False,False,OK: within lot-relative limits (max 0.7 robust-sigma < 5); predicted 168h drift inside the lot safety envelope.
T08,T08-P0275,Iddq,uA,12.2414,13.5935,PASS,0.642,1.03,0.642,14.474,14.7,normal,0.0133,0.68,False,False,False,False,False,OK: within lot-relative limits (max 1.0 robust-sigma < 5); predicted 168h drift inside the lot safety envelope.
T08,T08-P0276,Iddq,uA,10.6263,11.9719,PASS,0.445,1.21,0.445,12.78,12.949,normal,0.0128,1.13,False,False,False,False,False,OK: within lot-relative limits (max 1.2 robust-sigma < 5); predicted 168h drift inside the lot safety envelope.
T08,T08-P0277,Iddq,uA,10.1589,11.2991,PASS,0.076,0.76,0.076,12.009,12.207,normal,0.011,0.67,False,False,False,False,False,OK: within lot-relative limits (max 0.8 robust-sigma < 5); predicted 168h drift inside the lot safety envelope.
T08,T08-P0278,Iddq,uA,9.7989,10.5828,PASS,0.26,0.28,0.26,11.083,11.3,normal,0.0076,-0.51,False,False,False,False,False,OK: within lot-relative limits (max 0.3 robust-sigma < 5); predicted 168h drift inside the lot safety envelope.
T08,T08-P0279,Iddq,uA,11.1342,11.96,PASS,0.53,0.47,0.53,12.616,12.786,normal,0.0088,-0.46,False,False,False,False,False,OK: within lot-relative limits (max 0.5 robust-sigma < 5); predicted 168h drift inside the lot safety envelope.
T08,T08-P0280,Iddq,uA,8.8235,9.3251,PASS,0.203,1.04,0.203,9.723,9.903,normal,0.0054,-1.21,False,False,False,False,False,OK: within lot-relative limits (max 1.0 robust-sigma < 5); predicted 168h drift inside the lot safety envelope.
T08,T08-P0281,Iddq,uA,9.7952,10.7878,PASS,0.208,0.41,0.208,11.441,11.645,normal,0.0098,0.35,False,False,False,False,False,OK: within lot-relative limits (max 0.4 robust-sigma < 5); predicted 168h drift inside the lot safety envelope.
T08,T08-P0282,Iddq,uA,11.7384,13.2495,PASS,0.724,1.28,0.724,14.13,14.394,normal,0.0142,1.16,False,False,False,False,False,OK: within lot-relative limits (max 1.3 robust-sigma < 5); predicted 168h drift inside the lot safety envelope.
T08,T08-P0283,Iddq,uA,11.868,13.6975,PASS,0.896,2.06,0.896,14.878,15.026,normal,0.0179,2.24,False,False,False,False,False,OK: within lot-relative limits (max 2.1 robust-sigma < 5); predicted 168h drift inside the lot safety envelope.
T08,T08-P0284,Iddq,uA,10.7259,12.1878,PASS,0.58,1.51,0.58,13.089,13.298,normal,0.0141,1.52,False,False,False,False,False,OK: within lot-relative limits (max 1.5 robust-sigma < 5); predicted 168h drift inside the lot safety envelope.
T08,T08-P0285,Iddq,uA,9.3943,10.1833,PASS,0.331,0.15,0.331,10.675,10.913,normal,0.0076,-0.39,False,False,False,False,False,OK: within lot-relative limits (max 0.1 robust-sigma < 5); predicted 168h drift inside the lot safety envelope.
T08,T08-P0286,Iddq,uA,11.9653,12.2687,PASS,0.919,2.11,0.919,12.78,13.09,normal,0.0049,-2.04,False,False,False,False,False,OK: within lot-relative limits (max 2.1 robust-sigma < 5); predicted 168h drift inside the lot safety envelope.
T08,T08-P0287,Iddq,uA,10.0281,10.6215,PASS,0.15,0.96,0.15,11.104,11.342,normal,0.0064,-1.08,False,False,False,False,False,OK: within lot-relative limits (max 1.0 robust-sigma < 5); predicted 168h drift inside the lot safety envelope.
T08,T08-P0288,Iddq,uA,10.8011,12.452,PASS,0.862,2.02,0.862,13.538,13.66,normal,0.0163,2.24,False,False,False,False,False,OK: within lot-relative limits (max 2.0 robust-sigma < 5); predicted 168h drift inside the lot safety envelope.
T08,T08-P0289,Iddq,uA,9.646,10.3834,PASS,0.156,0.39,0.156,10.873,11.09,normal,0.0073,-0.6,False,False,False,False,False,OK: within lot-relative limits (max 0.4 robust-sigma < 5); predicted 168h drift inside the lot safety envelope.
T08,T08-P0290,Iddq,uA,13.9041,15.3995,PASS,0.941,2.11,0.941,16.211,16.628,normal,0.0137,0.3,False,False,False,False,False,OK: within lot-relative limits (max 2.1 robust-sigma < 5); predicted 168h drift inside the lot safety envelope.
T08,T08-P0291,Iddq,uA,13.3579,13.8588,PASS,0.936,1.77,0.936,14.438,14.712,normal,0.0064,-1.72,False,False,False,False,False,OK: within lot-relative limits (max 1.8 robust-sigma < 5); predicted 168h drift inside the lot safety envelope.
T08,T08-P0292,Iddq,uA,9.6998,10.5654,PASS,0.422,0.02,0.422,11.162,11.364,normal,0.0087,-0.05,False,False,False,False,False,OK: within lot-relative limits (max 0.0 robust-sigma < 5); predicted 168h drift inside the lot safety envelope.
T08,T08-P0293,Iddq,uA,9.254,12.3321,REJECT,0.981,7.12,0.981,26.104,27.559,low,0.1003,23.95,False,True,False,True,False,ABNORMAL DRIFT: Iddq changed +33% from 0h to 24h vs lot median +9% (7.1 robust-sigma). | EARLY REJECT (drift forecast): predicted Iddq@168h = 26.1 uA from 0h/24h readings; drift slope 0.100 uA/h exceeds lot safety slope 0.021 uA/h (23.9 robust-sigma).
T08,T08-P0294,Iddq,uA,10.8157,12.032,PASS,0.452,0.77,0.452,12.785,12.996,normal,0.0117,0.67,False,False,False,False,False,OK: within lot-relative limits (max 0.8 robust-sigma < 5); predicted 168h drift inside the lot safety envelope.
T08,T08-P0295,Iddq,uA,11.9956,12.739,PASS,0.715,0.87,0.715,13.289,13.568,normal,0.0077,-1.07,False,False,False,False,False,OK: within lot-relative limits (max 0.9 robust-sigma < 5); predicted 168h drift inside the lot safety envelope.
T08,T08-P0296,Iddq,uA,12.892,13.6362,PASS,0.844,1.46,0.844,14.274,14.494,normal,0.0082,-1.08,False,False,False,False,False,OK: within lot-relative limits (max 1.5 robust-sigma < 5); predicted 168h drift inside the lot safety envelope.
T08,T08-P0297,Iddq,uA,10.7258,11.8658,PASS,0.093,0.57,0.093,12.542,12.832,normal,0.0108,0.38,False,False,False,False,False,OK: within lot-relative limits (max 0.6 robust-sigma < 5); predicted 168h drift inside the lot safety envelope.
T08,T08-P0298,Iddq,uA,9.4017,9.7603,PASS,0.419,1.67,0.419,10.404,10.404,normal,0.006,-1.1,False,False,False,False,False,OK: within lot-relative limits (max 1.7 robust-sigma < 5); predicted 168h drift inside the lot safety envelope.
T08,T08-P0299,Iddq,uA,11.363,12.1043,PASS,0.622,0.76,0.622,12.715,12.898,normal,0.008,-0.8,False,False,False,False,False,OK: within lot-relative limits (max 0.8 robust-sigma < 5); predicted 168h drift inside the lot safety envelope.
T08,T08-P0300,Iddq,uA,11.3168,12.4154,PASS,0.633,0.36,0.633,13.164,13.33,normal,0.011,0.24,False,False,False,False,False,OK: within lot-relative limits (max 0.4 robust-sigma < 5); predicted 168h drift inside the lot safety envelope.
T08,T08-P0301,Iddq,uA,8.9152,9.3951,PASS,0.224,1.14,0.224,9.825,9.995,normal,0.0054,-1.21,False,False,False,False,False,OK: within lot-relative limits (max 1.1 robust-sigma < 5); predicted 168h drift inside the lot safety envelope.
T08,T08-P0302,Iddq,uA,10.5584,11.4167,PASS,0.257,0.23,0.257,11.984,12.175,normal,0.0085,-0.42,False,False,False,False,False,OK: within lot-relative limits (max 0.2 robust-sigma < 5); predicted 168h drift inside the lot safety envelope.
T08,T08-P0303,Iddq,uA,10.6208,11.1188,PASS,0.351,1.37,0.351,11.605,11.816,normal,0.0059,-1.43,False,False,False,False,False,OK: within lot-relative limits (max 1.4 robust-sigma < 5); predicted 168h drift inside the lot safety envelope.
T08,T08-P0304,Iddq,uA,9.6063,10.3027,PASS,0.052,0.52,0.032,10.828,11.007,normal,0.0073,-0.6,False,False,False,False,False,OK: within lot-relative limits (max 0.5 robust-sigma < 5); predicted 168h drift inside the lot safety envelope.
T08,T08-P0305,Iddq,uA,11.274,12.2796,PASS,0.782,0.33,0.782,13.006,13.208,normal,0.0103,0.02,False,False,False,False,False,OK: within lot-relative limits (max 0.3 robust-sigma < 5); predicted 168h drift inside the lot safety envelope.
T08,T08-P0306,Iddq,uA,12.576,13.7573,PASS,0.836,1.25,0.836,14.567,14.789,normal,0.0119,0.13,False,False,False,False,False,OK: within lot-relative limits (max 1.3 robust-sigma < 5); predicted 168h drift inside the lot safety envelope.
T08,T08-P0307,Iddq,uA,12.5212,13.475,PASS,0.786,1.22,0.786,14.147,14.395,normal,0.0097,-0.54,False,False,False,False,False,OK: within lot-relative limits (max 1.2 robust-sigma < 5); predicted 168h drift inside the lot safety envelope.
T08,T08-P0308,Iddq,uA,9.5979,10.5368,PASS,0.241,0.3,0.241,11.14,11.306,normal,0.0092,0.18,False,False,False,False,False,OK: within lot-relative limits (max 0.3 robust-sigma < 5); predicted 168h drift inside the lot safety envelope.
T08,T08-P0309,Iddq,uA,10.205,11.6731,PASS,0.442,1.75,0.442,12.613,12.723,normal,0.0143,1.86,False,False,False,False,False,OK: within lot-relative limits (max 1.7 robust-sigma < 5); predicted 168h drift inside the lot safety envelope.
T08,T08-P0310,Iddq,uA,12.0425,13.0982,PASS,0.852,0.89,0.852,13.798,14.086,normal,0.0105,-0.16,False,False,False,False,False,OK: within lot-relative limits (max 0.9 robust-sigma < 5); predicted 168h drift inside the lot safety envelope.
T08,T08-P0311,Iddq,uA,10.5857,11.193,PASS,0.194,1.02,0.194,11.721,11.911,normal,0.0068,-1.08,False,False,False,False,False,OK: within lot-relative limits (max 1.0 robust-sigma < 5); predicted 168h drift inside the lot safety envelope.
T08,T08-P0312,Iddq,uA,10.2341,11.7034,PASS,0.439,1.74,0.439,12.649,12.759,normal,0.0144,1.86,False,False,False,False,False,OK: within lot-relative limits (max 1.7 robust-sigma < 5); predicted 168h drift inside the lot safety envelope.
T08,T08-P0313,Iddq,uA,14.3887,15.4771,PASS,0.957,2.4,0.957,16.207,16.536,normal,0.0108,-0.62,False,False,False,False,False,OK: within lot-relative limits (max 2.4 robust-sigma < 5); predicted 168h drift inside the lot safety envelope.
T08,T08-P0314,Iddq,uA,7.7416,9.1675,PASS,0.865,2.97,0.865,10.415,10.415,normal,0.0159,4.13,False,False,False,False,False,OK: within lot-relative limits (max 3.0 robust-sigma < 5); predicted 168h drift inside the lot safety envelope.
T08,T08-P0315,Iddq,uA,10.1819,11.0981,PASS,0.4,0.05,0.4,11.757,11.939,normal,0.0094,0.04,False,False,False,False,False,OK: within lot-relative limits (max 0.0 robust-sigma < 5); predicted 168h drift inside the lot safety envelope.
T08,T08-P0316,Iddq,uA,9.732,10.6575,PASS,0.276,0.21,0.276,11.271,11.461,normal,0.0092,0.12,False,False,False,False,False,OK: within lot-relative limits (max 0.2 robust-sigma < 5); predicted 168h drift inside the lot safety envelope.
T08,T08-P0317,Iddq,uA,10.6598,11.7204,PASS,0.2,0.35,0.2,12.43,12.59,normal,0.0105,0.3,False,False,False,False,False,OK: within lot-relative limits (max 0.4 robust-sigma < 5); predicted 168h drift inside the lot safety envelope.
T08,T08-P0318,Iddq,uA,13.6495,14.3848,PASS,0.93,1.95,0.93,15.074,15.315,normal,0.0085,-1.15,False,False,False,False,False,OK: within lot-relative limits (max 1.9 robust-sigma < 5); predicted 168h drift inside the lot safety envelope.
T08,T08-P0319,Iddq,uA,10.7545,11.7195,PASS,0.405,0.04,0.405,12.418,12.611,normal,0.0099,0.04,False,False,False,False,False,OK: within lot-relative limits (max 0.0 robust-sigma < 5); predicted 168h drift inside the lot safety envelope.
T08,T08-P0320,Iddq,uA,10.5278,11.0455,PASS,0.321,1.3,0.321,11.508,11.712,normal,0.0058,-1.42,False,False,False,False,False,OK: within lot-relative limits (max 1.3 robust-sigma < 5); predicted 168h drift inside the lot safety envelope.
T08,T08-P0321,Iddq,uA,11.1407,12.7312,PASS,0.826,1.71,0.826,13.812,13.89,normal,0.0159,1.95,False,False,False,False,False,OK: within lot-relative limits (max 1.7 robust-sigma < 5); predicted 168h drift inside the lot safety envelope.
T08,T08-P0322,Iddq,uA,10.4853,11.5671,PASS,0.096,0.47,0.096,12.247,12.502,normal,0.0105,0.35,False,False,False,False,False,OK: within lot-relative limits (max 0.5 robust-sigma < 5); predicted 168h drift inside the lot safety envelope.
T08,T08-P0323,Iddq,uA,11.5593,12.4474,PASS,0.611,0.54,0.611,13.062,13.289,normal,0.0089,-0.53,False,False,False,False,False,OK: within lot-relative limits (max 0.5 robust-sigma < 5); predicted 168h drift inside the lot safety envelope.
T08,T08-P0324,Iddq,uA,15.1951,16.9764,PASS,0.976,2.86,0.976,17.903,18.372,normal,0.0161,0.58,False,False,False,False,False,OK: within lot-relative limits (max 2.9 robust-sigma < 5); predicted 168h drift inside the lot safety envelope.
T08,T08-P0325,Iddq,uA,10.0221,10.7113,PASS,0.065,0.65,0.023,11.261,11.455,normal,0.0074,-0.69,False,False,False,False,False,OK: within lot-relative limits (max 0.6 robust-sigma < 5); predicted 168h drift inside the lot safety envelope.
T08,T08-P0326,Iddq,uA,10.7127,11.1642,PASS,0.397,1.53,0.397,11.723,11.914,normal,0.006,-1.39,False,False,False,False,False,OK: within lot-relative limits (max 1.5 robust-sigma < 5); predicted 168h drift inside the lot safety envelope.
T08,T08-P0327,Iddq,uA,10.8954,11.5032,PASS,0.449,1.08,0.449,12.071,12.235,normal,0.007,-1.06,False,False,False,False,False,OK: within lot-relative limits (max 1.1 robust-sigma < 5); predicted 168h drift inside the lot safety envelope.
T08,T08-P0328,Iddq,uA,8.3625,9.4893,PASS,0.372,1.46,0.372,10.162,10.37,normal,0.0107,1.41,False,False,False,False,False,OK: within lot-relative limits (max 1.5 robust-sigma < 5); predicted 168h drift inside the lot safety envelope.
T08,T08-P0329,Iddq,uA,11.7476,12.6109,PASS,0.572,0.67,0.572,13.291,13.46,normal,0.0092,-0.5,False,False,False,False,False,OK: within lot-relative limits (max 0.7 robust-sigma < 5); predicted 168h drift inside the lot safety envelope.
T08,T08-P0330,Iddq,uA,10.854,12.5599,PASS,0.882,2.15,0.882,13.796,13.796,normal,0.0175,2.61,False,False,False,False,False,OK: within lot-relative limits (max 2.2 robust-sigma < 5); predicted 168h drift inside the lot safety envelope.
T08,T08-P0331,Iddq,uA,8.4866,9.6116,PASS,0.358,1.4,0.358,10.281,10.502,normal,0.0107,1.33,False,False,False,False,False,OK: within lot-relative limits (max 1.4 robust-sigma < 5); predicted 168h drift inside the lot safety envelope.
T08,T08-P0332,Iddq,uA,10.7504,11.4546,PASS,0.075,0.75,0.072,12.022,12.202,normal,0.0076,-0.82,False,False,False,False,False,OK: within lot-relative limits (max 0.8 robust-sigma < 5); predicted 168h drift inside the lot safety envelope.
T08,T08-P0333,Iddq,uA,11.194,12.1641,PASS,0.749,0.26,0.749,12.862,13.094,normal,0.0099,-0.09,False,False,False,False,False,OK: within lot-relative limits (max 0.3 robust-sigma < 5); predicted 168h drift inside the lot safety envelope.
T08,T08-P0334,Iddq,uA,9.7572,10.7715,PASS,0.085,0.5,0.085,11.397,11.634,normal,0.0098,0.35,False,False,False,False,False,OK: within lot-relative limits (max 0.5 robust-sigma < 5); predicted 168h drift inside the lot safety envelope.
T08,T08-P0335,Iddq,uA,12.6001,13.7924,PASS,0.83,1.27,0.83,14.595,14.817,normal,0.0119,0.13,False,False,False,False,False,OK: within lot-relative limits (max 1.3 robust-sigma < 5); predicted 168h drift inside the lot safety envelope.
T08,T08-P0336,Iddq,uA,10.16,10.8754,PASS,0.067,0.59,0.067,11.416,11.613,normal,0.0075,-0.69,False,False,False,False,False,OK: within lot-relative limits (max 0.6 robust-sigma < 5); predicted 168h drift inside the lot safety envelope.
T08,T08-P0337,Iddq,uA,8.9304,9.7227,PASS,0.433,0.01,0.433,10.731,10.731,normal,0.0107,1.11,False,False,False,False,False,OK: within lot-relative limits (max 0.0 robust-sigma < 5); predicted 168h drift inside the lot safety envelope.
T08,T08-P0338,Iddq,uA,12.0985,13.6594,PASS,0.768,1.29,0.768,14.563,14.836,normal,0.0147,1.16,False,False,False,False,False,OK: within lot-relative limits (max 1.3 robust-sigma < 5); predicted 168h drift inside the lot safety envelope.
T08,T08-P0339,Iddq,uA,10.8869,11.7175,PASS,0.445,0.4,0.445,12.302,12.516,normal,0.0084,-0.54,False,False,False,False,False,OK: within lot-relative limits (max 0.4 robust-sigma < 5); predicted 168h drift inside the lot safety envelope.
T08,T08-P0340,Iddq,uA,11.0629,12.3048,PASS,0.508,0.76,0.508,13.083,13.293,normal,0.012,0.68,False,False,False,False,False,OK: within lot-relative limits (max 0.8 robust-sigma < 5); predicted 168h drift inside the lot safety envelope.
T08,T08-P0341,Iddq,uA,8.9117,9.8477,PASS,0.053,0.53,0.034,10.453,10.668,normal,0.0092,0.46,False,False,False,False,False,OK: within lot-relative limits (max 0.5 robust-sigma < 5); predicted 168h drift inside the lot safety envelope.
T08,T08-P0342,Iddq,uA,8.9631,9.8553,PASS,0.2,0.35,0.2,10.508,10.592,normal,0.0092,0.45,False,False,False,False,False,OK: within lot-relative limits (max 0.4 robust-sigma < 5); predicted 168h drift inside the lot safety envelope.
T08,T08-P0343,Iddq,uA,9.5323,10.7908,PASS,0.354,1.38,0.354,11.513,11.766,normal,0.0118,1.25,False,False,False,False,False,OK: within lot-relative limits (max 1.4 robust-sigma < 5); predicted 168h drift inside the lot safety envelope.
T08,T08-P0344,Iddq,uA,10.6355,11.3163,PASS,0.114,0.8,0.114,11.842,12.052,normal,0.0072,-0.93,False,False,False,False,False,OK: within lot-relative limits (max 0.8 robust-sigma < 5); predicted 168h drift inside the lot safety envelope.
T08,T08-P0345,Iddq,uA,10.7349,12.1319,PASS,0.49,1.32,0.49,12.911,13.177,normal,0.013,1.13,False,False,False,False,False,OK: within lot-relative limits (max 1.3 robust-sigma < 5); predicted 168h drift inside the lot safety envelope.
T08,T08-P0346,Iddq,uA,13.0399,14.0713,PASS,0.883,1.56,0.883,14.748,15.025,normal,0.0102,-0.51,False,False,False,False,False,OK: within lot-relative limits (max 1.6 robust-sigma < 5); predicted 168h drift inside the lot safety envelope.
T08,T08-P0347,Iddq,uA,13.308,14.6242,PASS,0.906,1.73,0.906,15.476,15.67,normal,0.0129,0.23,False,False,False,False,False,OK: within lot-relative limits (max 1.7 robust-sigma < 5); predicted 168h drift inside the lot safety envelope.
T08,T08-P0348,Iddq,uA,11.3119,12.1171,PASS,0.636,0.57,0.636,12.782,12.946,normal,0.0088,-0.54,False,False,False,False,False,OK: within lot-relative limits (max 0.6 robust-sigma < 5); predicted 168h drift inside the lot safety envelope.
T08,T08-P0349,Iddq,uA,10.7238,11.509,PASS,0.084,0.5,0.084,12.11,12.287,normal,0.0083,-0.55,False,False,False,False,False,OK: within lot-relative limits (max 0.5 robust-sigma < 5); predicted 168h drift inside the lot safety envelope.
T08,T08-P0350,Iddq,uA,13.7586,14.8963,PASS,0.944,2.02,0.944,15.592,15.938,normal,0.0109,-0.46,False,False,False,False,False,OK: within lot-relative limits (max 2.0 robust-sigma < 5); predicted 168h drift inside the lot safety envelope.
T08,T08-P0351,Iddq,uA,10.8623,11.5439,PASS,0.406,0.84,0.406,12.034,12.286,normal,0.007,-1.06,False,False,False,False,False,OK: within lot-relative limits (max 0.8 robust-sigma < 5); predicted 168h drift inside the lot safety envelope.
T08,T08-P0352,Iddq,uA,12.3151,14.3421,PASS,0.934,2.38,0.934,15.889,15.889,normal,0.0213,3.01,False,False,False,False,False,OK: within lot-relative limits (max 2.4 robust-sigma < 5); predicted 168h drift inside the lot safety envelope.
T08,T08-P0353,Iddq,uA,10.377,11.4304,PASS,0.146,0.42,0.146,12.121,12.336,normal,0.0104,0.35,False,False,False,False,False,OK: within lot-relative limits (max 0.4 robust-sigma < 5); predicted 168h drift inside the lot safety envelope.
T08,T08-P0354,Iddq,uA,10.8137,11.7457,PASS,0.378,0.08,0.378,12.391,12.649,normal,0.0094,-0.16,False,False,False,False,False,OK: within lot-relative limits (max 0.1 robust-sigma < 5); predicted 168h drift inside the lot safety envelope.
T08,T08-P0355,Iddq,uA,10.563,11.1203,PASS,0.276,1.18,0.276,11.676,11.832,normal,0.0066,-1.13,False,False,False,False,False,OK: within lot-relative limits (max 1.2 robust-sigma < 5); predicted 168h drift inside the lot safety envelope.
T08,T08-P0356,Iddq,uA,10.0832,10.9139,PASS,0.284,0.2,0.284,11.456,11.685,normal,0.0082,-0.39,False,False,False,False,False,OK: within lot-relative limits (max 0.2 robust-sigma < 5); predicted 168h drift inside the lot safety envelope.
T08,T08-P0357,Iddq,uA,11.498,13.1095,PASS,0.83,1.63,0.83,14.061,14.309,normal,0.0153,1.58,False,False,False,False,False,OK: within lot-relative limits (max 1.6 robust-sigma < 5); predicted 168h drift inside the lot safety envelope.
T08,T08-P0358,Iddq,uA,9.7148,10.7888,PASS,0.071,0.71,0.016,11.484,11.666,normal,0.0105,0.67,False,False,False,False,False,OK: within lot-relative limits (max 0.7 robust-sigma < 5); predicted 168h drift inside the lot safety envelope.
T08,T08-P0359,Iddq,uA,10.8138,11.2792,PASS,0.39,1.5,0.39,11.874,12.031,normal,0.0063,-1.3,False,False,False,False,False,OK: within lot-relative limits (max 1.5 robust-sigma < 5); predicted 168h drift inside the lot safety envelope.
T08,T08-P0360,Iddq,uA,11.7156,12.4362,PASS,0.662,0.89,0.662,12.981,13.251,normal,0.0075,-1.06,False,False,False,False,False,OK: within lot-relative limits (max 0.9 robust-sigma < 5); predicted 168h drift inside the lot safety envelope.
T08,T08-P0361,Iddq,uA,14.6313,16.0594,PASS,0.967,2.54,0.967,16.887,17.228,normal,0.0134,0.03,False,False,False,False,False,OK: within lot-relative limits (max 2.5 robust-sigma < 5); predicted 168h drift inside the lot safety envelope.
T08,T08-P0362,Iddq,uA,8.5624,9.404,PASS,0.245,0.31,0.245,9.902,10.08,normal,0.008,0.08,False,False,False,False,False,OK: within lot-relative limits (max 0.3 robust-sigma < 5); predicted 168h drift inside the lot safety envelope.
T08,T08-P0363,Iddq,uA,10.8474,12.5335,PASS,0.875,2.1,0.875,13.612,13.743,normal,0.0165,2.27,False,False,False,False,False,OK: within lot-relative limits (max 2.1 robust-sigma < 5); predicted 168h drift inside the lot safety envelope.
T08,T08-P0364,Iddq,uA,11.9584,12.7116,PASS,0.721,0.84,0.721,13.248,13.525,normal,0.0077,-1.07,False,False,False,False,False,OK: within lot-relative limits (max 0.8 robust-sigma < 5); predicted 168h drift inside the lot safety envelope.
T08,T08-P0365,Iddq,uA,10.238,11.2327,PASS,0.26,0.28,0.26,11.905,12.06,normal,0.0099,0.23,False,False,False,False,False,OK: within lot-relative limits (max 0.3 robust-sigma < 5); predicted 168h drift inside the lot safety envelope.
T08,T08-P0366,Iddq,uA,12.1689,12.9179,PASS,0.743,0.97,0.743,13.481,13.764,normal,0.0078,-1.07,False,False,False,False,False,OK: within lot-relative limits (max 1.0 robust-sigma < 5); predicted 168h drift inside the lot safety envelope.
T08,T08-P0367,Iddq,uA,11.7944,13.3187,PASS,0.769,1.29,0.769,14.197,14.463,normal,0.0143,1.16,False,False,False,False,False,OK: within lot-relative limits (max 1.3 robust-sigma < 5); predicted 168h drift inside the lot safety envelope.
T08,T08-P0368,Iddq,uA,11.5259,12.9081,PASS,0.612,1.0,0.612,13.747,13.966,normal,0.0132,0.91,False,False,False,False,False,OK: within lot-relative limits (max 1.0 robust-sigma < 5); predicted 168h drift inside the lot safety envelope.
T08,T08-P0369,Iddq,uA,10.348,11.1055,PASS,0.084,0.5,0.084,11.686,11.857,normal,0.008,-0.55,False,False,False,False,False,OK: within lot-relative limits (max 0.5 robust-sigma < 5); predicted 168h drift inside the lot safety envelope.
T08,T08-P0370,Iddq,uA,10.5677,11.0721,PASS,0.345,1.35,0.345,11.552,11.757,normal,0.0059,-1.42,False,False,False,False,False,OK: within lot-relative limits (max 1.3 robust-sigma < 5); predicted 168h drift inside the lot safety envelope.
T08,T08-P0371,Iddq,uA,36.9106,40.5768,REJECT,1.0,10.4,0.993,42.615,43.116,low,0.034,0.04,False,True,True,False,True,"LOT OUTLIER: Iddq@0h = 36.9 uA is 10.4 robust-sigma above lot T08 median (10.9 uA); still under datasheet max 50 uA, so a static limit would pass it. | LOT OUTLIER: Iddq@24h = 40.6 uA is 9.6 robust-sigma above lot T08 median (11.9 uA); still under datasheet max 50 uA, so a static limit would pass it. | GUARD BAND: 90% upper forecast for Iddq@168h is 43.1 uA = 86% of datasheet max (guard band 70%)."
T08,T08-P0372,Iddq,uA,9.505,10.1697,PASS,0.061,0.61,0.053,10.66,10.865,normal,0.0069,-0.74,False,False,False,False,False,OK: within lot-relative limits (max 0.6 robust-sigma < 5); predicted 168h drift inside the lot safety envelope.
T08,T08-P0373,Iddq,uA,11.0533,11.8143,PASS,0.481,0.64,0.481,12.433,12.634,normal,0.0082,-0.66,False,False,False,False,False,OK: within lot-relative limits (max 0.6 robust-sigma < 5); predicted 168h drift inside the lot safety envelope.
T08,T08-P0374,Iddq,uA,9.4001,9.7864,PASS,0.402,1.57,0.402,10.271,10.455,normal,0.0052,-1.44,False,False,False,False,False,OK: within lot-relative limits (max 1.6 robust-sigma < 5); predicted 168h drift inside the lot safety envelope.
T08,T08-P0375,Iddq,uA,9.6688,10.236,PASS,0.176,0.98,0.176,10.689,10.936,normal,0.0061,-1.12,False,False,False,False,False,OK: within lot-relative limits (max 1.0 robust-sigma < 5); predicted 168h drift inside the lot safety envelope.
T08,T08-P0376,Iddq,uA,9.1684,9.6514,PASS,0.279,1.18,0.279,10.11,10.276,normal,0.0056,-1.19,False,False,False,False,False,OK: within lot-relative limits (max 1.2 robust-sigma < 5); predicted 168h drift inside the lot safety envelope.
T08,T08-P0377,Iddq,uA,12.5631,14.1209,PASS,0.826,1.33,0.826,15.065,15.31,normal,0.0149,1.05,False,False,False,False,False,OK: within lot-relative limits (max 1.3 robust-sigma < 5); predicted 168h drift inside the lot safety envelope.
T08,T08-P0378,Iddq,uA,10.1342,11.4678,PASS,0.344,1.37,0.344,12.258,12.509,normal,0.0126,1.29,False,False,False,False,False,OK: within lot-relative limits (max 1.4 robust-sigma < 5); predicted 168h drift inside the lot safety envelope.
T08,T08-P0379,Iddq,uA,9.8094,10.7998,PASS,0.17,0.4,0.17,11.438,11.662,normal,0.0097,0.3,False,False,False,False,False,OK: within lot-relative limits (max 0.4 robust-sigma < 5); predicted 168h drift inside the lot safety envelope.
T08,T08-P0380,Iddq,uA,12.0046,13.2678,PASS,0.655,0.86,0.655,14.04,14.362,normal,0.0121,0.38,False,False,False,False,False,OK: within lot-relative limits (max 0.9 robust-sigma < 5); predicted 168h drift inside the lot safety envelope.
T08,T08-P0381,Iddq,uA,10.5952,11.1956,PASS,0.206,1.05,0.206,11.731,11.901,normal,0.0068,-1.08,False,False,False,False,False,OK: within lot-relative limits (max 1.0 robust-sigma < 5); predicted 168h drift inside the lot safety envelope.
T08,T08-P0382,Iddq,uA,11.5181,12.5552,PASS,0.777,0.51,0.777,13.32,13.506,normal,0.0107,0.08,False,False,False,False,False,OK: within lot-relative limits (max 0.5 robust-sigma < 5); predicted 168h drift inside the lot safety envelope.
T08,T08-P0383,Iddq,uA,10.5337,11.41,PASS,0.309,0.17,0.309,11.992,12.207,normal,0.0087,-0.34,False,False,False,False,False,OK: within lot-relative limits (max 0.2 robust-sigma < 5); predicted 168h drift inside the lot safety envelope.
T08,T08-P0384,Iddq,uA,11.2615,12.485,PASS,0.51,0.64,0.51,13.339,13.503,normal,0.0124,0.72,False,False,False,False,False,OK: within lot-relative limits (max 0.6 robust-sigma < 5); predicted 168h drift inside the lot safety envelope.
T08,T08-P0385,Iddq,uA,11.1399,11.8433,PASS,0.504,0.83,0.504,12.376,12.623,normal,0.0074,-0.99,False,False,False,False,False,OK: within lot-relative limits (max 0.8 robust-sigma < 5); predicted 168h drift inside the lot safety envelope.
T08,T08-P0386,Iddq,uA,8.2013,8.7894,PASS,0.055,0.55,0.052,9.211,9.404,normal,0.006,-0.7,False,False,False,False,False,OK: within lot-relative limits (max 0.5 robust-sigma < 5); predicted 168h drift inside the lot safety envelope.
T08,T08-P0387,Iddq,uA,13.1216,14.2324,PASS,0.915,1.61,0.915,14.938,15.229,normal,0.0108,-0.34,False,False,False,False,False,OK: within lot-relative limits (max 1.6 robust-sigma < 5); predicted 168h drift inside the lot safety envelope.
T08,T08-P0388,Iddq,uA,12.3153,13.4015,PASS,0.869,1.08,0.869,14.205,14.428,normal,0.0113,0.01,False,False,False,False,False,OK: within lot-relative limits (max 1.1 robust-sigma < 5); predicted 168h drift inside the lot safety envelope.
T08,T08-P0389,Iddq,uA,9.0044,9.7428,PASS,0.276,0.21,0.276,10.264,10.385,normal,0.0075,-0.3,False,False,False,False,False,OK: within lot-relative limits (max 0.2 robust-sigma < 5); predicted 168h drift inside the lot safety envelope.
T08,T08-P0390,Iddq,uA,12.1458,13.5369,PASS,0.661,1.0,0.661,14.361,14.691,normal,0.0132,0.68,False,False,False,False,False,OK: within lot-relative limits (max 1.0 robust-sigma < 5); predicted 168h drift inside the lot safety envelope.
T08,T08-P0391,Iddq,uA,10.757,11.1693,PASS,0.419,1.66,0.419,11.639,11.904,normal,0.0052,-1.7,False,False,False,False,False,OK: within lot-relative limits (max 1.7 robust-sigma < 5); predicted 168h drift inside the lot safety envelope.
T08,T08-P0392,Iddq,uA,11.045,11.8025,PASS,0.477,0.65,0.477,12.424,12.624,normal,0.0082,-0.66,False,False,False,False,False,OK: within lot-relative limits (max 0.7 robust-sigma < 5); predicted 168h drift inside the lot safety envelope.
T08,T08-P0393,Iddq,uA,12.821,13.7588,PASS,0.795,1.42,0.795,14.478,14.684,normal,0.0099,-0.55,False,False,False,False,False,OK: within lot-relative limits (max 1.4 robust-sigma < 5); predicted 168h drift inside the lot safety envelope.
T08,T08-P0394,Iddq,uA,12.4708,13.3952,PASS,0.763,1.18,0.763,14.09,14.321,normal,0.0096,-0.54,False,False,False,False,False,OK: within lot-relative limits (max 1.2 robust-sigma < 5); predicted 168h drift inside the lot safety envelope.
T08,T08-P0395,Iddq,uA,12.5596,13.2797,PASS,0.812,1.24,0.812,13.914,14.132,normal,0.0081,-1.07,False,False,False,False,False,OK: within lot-relative limits (max 1.2 robust-sigma < 5); predicted 168h drift inside the lot safety envelope.
T08,T08-P0396,Iddq,uA,14.1335,14.6861,PASS,0.958,2.24,0.958,15.266,15.683,normal,0.0067,-1.74,False,False,False,False,False,OK: within lot-relative limits (max 2.2 robust-sigma < 5); predicted 168h drift inside the lot safety envelope.
T08,T08-P0397,Iddq,uA,12.4736,13.3591,PASS,0.757,1.18,0.757,14.023,14.257,normal,0.0092,-0.67,False,False,False,False,False,OK: within lot-relative limits (max 1.2 robust-sigma < 5); predicted 168h drift inside the lot safety envelope.
T08,T08-P0398,Iddq,uA,10.1022,11.2435,PASS,0.1,0.78,0.1,11.942,12.139,normal,0.011,0.67,False,False,False,False,False,OK: within lot-relative limits (max 0.8 robust-sigma < 5); predicted 168h drift inside the lot safety envelope.
T08,T08-P0399,Iddq,uA,9.1526,10.292,PASS,0.224,1.14,0.224,11.024,11.16,normal,0.0111,1.17,False,False,False,False,False,OK: within lot-relative limits (max 1.1 robust-sigma < 5); predicted 168h drift inside the lot safety envelope.
T08,T08-P0400,Iddq,uA,12.3211,13.4916,PASS,0.777,1.08,0.777,14.272,14.51,normal,0.0116,0.13,False,False,False,False,False,OK: within lot-relative limits (max 1.1 robust-sigma < 5); predicted 168h drift inside the lot safety envelope.
T08,T08-P0401,Iddq,uA,8.7509,9.5106,PASS,0.388,0.06,0.388,9.966,10.242,normal,0.0072,-0.33,False,False,False,False,False,OK: within lot-relative limits (max 0.1 robust-sigma < 5); predicted 168h drift inside the lot safety envelope.
T08,T08-P0402,Iddq,uA,10.6644,11.3298,PASS,0.179,0.86,0.179,11.808,12.062,normal,0.0068,-1.08,False,False,False,False,False,OK: within lot-relative limits (max 0.9 robust-sigma < 5); predicted 168h drift inside the lot safety envelope.
T08,T08-P0403,Iddq,uA,10.4575,11.2261,PASS,0.08,0.49,0.08,11.809,11.982,normal,0.008,-0.55,False,False,False,False,False,OK: within lot-relative limits (max 0.5 robust-sigma < 5); predicted 168h drift inside the lot safety envelope.
T08,T08-P0404,Iddq,uA,9.9131,10.5027,PASS,0.126,0.95,0.126,10.976,11.212,normal,0.0063,-1.08,False,False,False,False,False,OK: within lot-relative limits (max 1.0 robust-sigma < 5); predicted 168h drift inside the lot safety envelope.
T08,T08-P0405,Iddq,uA,12.8291,14.4967,PASS,0.865,1.53,0.865,15.476,15.743,normal,0.0158,1.21,False,False,False,False,False,OK: within lot-relative limits (max 1.5 robust-sigma < 5); predicted 168h drift inside the lot safety envelope.
T08,T08-P0406,Iddq,uA,11.4546,12.5499,PASS,0.627,0.46,0.627,13.286,13.489,normal,0.0109,0.16,False,False,False,False,False,OK: within lot-relative limits (max 0.5 robust-sigma < 5); predicted 168h drift inside the lot safety envelope.
T08,T08-P0407,Iddq,uA,10.5287,11.4949,PASS,0.356,0.1,0.356,12.194,12.377,normal,0.0099,0.12,False,False,False,False,False,OK: within lot-relative limits (max 0.1 robust-sigma < 5); predicted 168h drift inside the lot safety envelope.
T08,T08-P0408,Iddq,uA,12.0435,13.3718,PASS,0.644,0.9,0.644,14.24,14.462,normal,0.0131,0.68,False,False,False,False,False,OK: within lot-relative limits (max 0.9 robust-sigma < 5); predicted 168h drift inside the lot safety envelope.
T08,T08-P0409,Iddq,uA,10.5424,11.5038,PASS,0.366,0.09,0.366,12.21,12.393,normal,0.0099,0.12,False,False,False,False,False,OK: within lot-relative limits (max 0.1 robust-sigma < 5); predicted 168h drift inside the lot safety envelope.
T08,T08-P0410,Iddq,uA,12.8018,13.9453,PASS,0.902,1.4,0.902,14.758,14.992,normal,0.0116,0.0,False,False,False,False,False,OK: within lot-relative limits (max 1.4 robust-sigma < 5); predicted 168h drift inside the lot safety envelope.
T08,T08-P0411,Iddq,uA,14.2254,15.8714,PASS,0.959,2.3,0.959,16.759,17.2,normal,0.0151,0.58,False,False,False,False,False,OK: within lot-relative limits (max 2.3 robust-sigma < 5); predicted 168h drift inside the lot safety envelope.
T08,T08-P0412,Iddq,uA,10.8248,9.3761,REJECT,0.979,8.05,0.979,8.68,15.78,low,-0.0128,-9.72,False,True,False,False,False,ABNORMAL DRIFT: Iddq changed -13% from 0h to 24h vs lot median +9% (8.0 robust-sigma).
T08,T08-P0413,Iddq,uA,10.6573,11.2208,PASS,0.268,1.17,0.268,11.78,11.938,normal,0.0067,-1.13,False,False,False,False,False,OK: within lot-relative limits (max 1.2 robust-sigma < 5); predicted 168h drift inside the lot safety envelope.
T08,T08-P0414,Iddq,uA,12.7312,13.9791,PASS,0.83,1.36,0.83,14.798,14.996,normal,0.0123,0.22,False,False,False,False,False,OK: within lot-relative limits (max 1.4 robust-sigma < 5); predicted 168h drift inside the lot safety envelope.
T08,T08-P0415,Iddq,uA,8.4642,9.4883,PASS,0.22,1.03,0.22,10.049,10.262,normal,0.0094,0.79,False,False,False,False,False,OK: within lot-relative limits (max 1.0 robust-sigma < 5); predicted 168h drift inside the lot safety envelope.
T08,T08-P0416,Iddq,uA,9.3561,10.0267,PASS,0.055,0.55,0.052,10.546,10.721,normal,0.0071,-0.6,False,False,False,False,False,OK: within lot-relative limits (max 0.5 robust-sigma < 5); predicted 168h drift inside the lot safety envelope.
T08,T08-P0417,Iddq,uA,9.8477,10.3512,PASS,0.293,1.23,0.293,10.871,10.991,normal,0.0061,-1.16,False,False,False,False,False,OK: within lot-relative limits (max 1.2 robust-sigma < 5); predicted 168h drift inside the lot safety envelope.
T08,T08-P0418,Iddq,uA,8.8656,9.7233,PASS,0.264,0.26,0.264,10.329,10.449,normal,0.0087,0.28,False,False,False,False,False,OK: within lot-relative limits (max 0.3 robust-sigma < 5); predicted 168h drift inside the lot safety envelope.
T08,T08-P0419,Iddq,uA,10.8966,11.3395,PASS,0.476,1.58,0.476,12.039,12.119,normal,0.0068,-1.14,False,False,False,False,False,OK: within lot-relative limits (max 1.6 robust-sigma < 5); predicted 168h drift inside the lot safety envelope.
T08,T08-P0420,Iddq,uA,11.3173,13.4826,PASS,0.958,3.18,0.958,15.095,15.681,normal,0.0225,3.9,False,False,False,False,False,OK: within lot-relative limits (max 3.2 robust-sigma < 5); predicted 168h drift inside the lot safety envelope.
T08,T08-P0421,Iddq,uA,10.8261,11.9329,PASS,0.384,0.44,0.384,12.653,12.87,normal,0.0109,0.37,False,False,False,False,False,OK: within lot-relative limits (max 0.4 robust-sigma < 5); predicted 168h drift inside the lot safety envelope.
T08,T08-P0422,Iddq,uA,10.8681,11.9111,PASS,0.44,0.24,0.44,12.645,12.802,normal,0.0106,0.25,False,False,False,False,False,OK: within lot-relative limits (max 0.2 robust-sigma < 5); predicted 168h drift inside the lot safety envelope.
T08,T08-P0423,Iddq,uA,12.3008,13.07,PASS,0.736,1.07,0.736,13.627,13.913,normal,0.0079,-1.07,False,False,False,False,False,OK: within lot-relative limits (max 1.1 robust-sigma < 5); predicted 168h drift inside the lot safety envelope.
T08,T08-P0424,Iddq,uA,12.6349,13.2362,PASS,0.85,1.35,0.85,13.811,14.057,normal,0.007,-1.42,False,False,False,False,False,OK: within lot-relative limits (max 1.3 robust-sigma < 5); predicted 168h drift inside the lot safety envelope.
T08,T08-P0425,Iddq,uA,12.6953,16.1223,REJECT,0.982,5.43,0.982,29.899,35.911,low,0.1024,19.12,False,True,False,True,True,ABNORMAL DRIFT: Iddq changed +27% from 0h to 24h vs lot median +9% (5.4 robust-sigma). | EARLY REJECT (drift forecast): predicted Iddq@168h = 29.9 uA from 0h/24h readings; drift slope 0.102 uA/h exceeds lot safety slope 0.029 uA/h (19.1 robust-sigma). | GUARD BAND: 90% upper forecast for Iddq@168h is 35.9 uA = 72% of datasheet max (guard band 70%).
T08,T08-P0426,Iddq,uA,10.719,11.6821,PASS,0.403,0.04,0.403,12.377,12.569,normal,0.0099,0.04,False,False,False,False,False,OK: within lot-relative limits (max 0.0 robust-sigma < 5); predicted 168h drift inside the lot safety envelope.
T08,T08-P0427,Iddq,uA,10.9424,12.0769,PASS,0.502,0.49,0.502,12.78,13.047,normal,0.0109,0.35,False,False,False,False,False,OK: within lot-relative limits (max 0.5 robust-sigma < 5); predicted 168h drift inside the lot safety envelope.
T08,T08-P0428,Iddq,uA,13.1397,14.2261,PASS,0.906,1.63,0.906,14.929,15.215,normal,0.0106,-0.39,False,False,False,False,False,OK: within lot-relative limits (max 1.6 robust-sigma < 5); predicted 168h drift inside the lot safety envelope.
T08,T08-P0429,Iddq,uA,11.6569,12.286,PASS,0.733,1.14,0.733,12.915,13.09,normal,0.0075,-1.06,False,False,False,False,False,OK: within lot-relative limits (max 1.1 robust-sigma < 5); predicted 168h drift inside the lot safety envelope.
T08,T08-P0430,Iddq,uA,13.024,14.1818,PASS,0.924,1.55,0.924,15.015,15.246,normal,0.0118,0.0,False,False,False,False,False,OK: within lot-relative limits (max 1.6 robust-sigma < 5); predicted 168h drift inside the lot safety envelope.
T08,T08-P0431,Iddq,uA,10.1944,11.0344,PASS,0.284,0.2,0.284,11.582,11.814,normal,0.0083,-0.39,False,False,False,False,False,OK: within lot-relative limits (max 0.2 robust-sigma < 5); predicted 168h drift inside the lot safety envelope.
T08,T08-P0432,Iddq,uA,10.8207,11.6146,PASS,0.089,0.49,0.089,12.227,12.398,normal,0.0084,-0.54,False,False,False,False,False,OK: within lot-relative limits (max 0.5 robust-sigma < 5); predicted 168h drift inside the lot safety envelope.
T08,T08-P0433,Iddq,uA,10.1435,10.9506,PASS,0.243,0.29,0.243,11.472,11.697,normal,0.0079,-0.51,False,False,False,False,False,OK: within lot-relative limits (max 0.3 robust-sigma < 5); predicted 168h drift inside the lot safety envelope.
T08,T08-P0434,Iddq,uA,10.8511,11.9205,PASS,0.37,0.32,0.37,12.669,12.787,normal,0.0108,0.34,False,False,False,False,False,OK: within lot-relative limits (max 0.3 robust-sigma < 5); predicted 168h drift inside the lot safety envelope.
T08,T08-P0435,Iddq,uA,11.3621,12.5643,PASS,0.512,0.55,0.512,13.306,13.594,normal,0.0116,0.42,False,False,False,False,False,OK: within lot-relative limits (max 0.6 robust-sigma < 5); predicted 168h drift inside the lot safety envelope.
T08,T08-P0436,Iddq,uA,10.5198,11.0877,PASS,0.229,1.14,0.229,11.648,11.813,normal,0.0067,-1.08,False,False,False,False,False,OK: within lot-relative limits (max 1.1 robust-sigma < 5); predicted 168h drift inside the lot safety envelope.
T08,T08-P0437,Iddq,uA,14.1629,15.9383,PASS,0.96,2.27,0.96,16.922,17.26,normal,0.0164,0.96,False,False,False,False,False,OK: within lot-relative limits (max 2.3 robust-sigma < 5); predicted 168h drift inside the lot safety envelope.
T08,T08-P0438,Iddq,uA,8.9744,9.6697,PASS,0.183,0.36,0.183,10.107,10.358,normal,0.0067,-0.63,False,False,False,False,False,OK: within lot-relative limits (max 0.4 robust-sigma < 5); predicted 168h drift inside the lot safety envelope.
T08,T08-P0439,Iddq,uA,12.2552,13.095,PASS,0.7,1.03,0.7,13.778,14.007,normal,0.0091,-0.67,False,False,False,False,False,OK: within lot-relative limits (max 1.0 robust-sigma < 5); predicted 168h drift inside the lot safety envelope.
T08,T08-P0440,Iddq,uA,9.3263,10.3634,PASS,0.073,0.73,0.026,11.039,11.2,normal,0.0102,0.71,False,False,False,False,False,OK: within lot-relative limits (max 0.7 robust-sigma < 5); predicted 168h drift inside the lot safety envelope.
T08,T08-P0441,Iddq,uA,11.2346,12.2485,PASS,0.752,0.3,0.752,13.011,13.174,normal,0.0106,0.12,False,False,False,False,False,OK: within lot-relative limits (max 0.3 robust-sigma < 5); predicted 168h drift inside the lot safety envelope.
T08,T08-P0442,Iddq,uA,9.9895,11.0091,PASS,0.115,0.44,0.115,11.668,11.876,normal,0.01,0.35,False,False,False,False,False,OK: within lot-relative limits (max 0.4 robust-sigma < 5); predicted 168h drift inside the lot safety envelope.
T08,T08-P0443,Iddq,uA,11.1272,11.5063,PASS,0.741,1.81,0.741,12.041,12.234,normal,0.0054,-1.69,False,False,False,False,False,OK: within lot-relative limits (max 1.8 robust-sigma < 5); predicted 168h drift inside the lot safety envelope.
T08,T08-P0444,Iddq,uA,10.8496,11.4232,PASS,0.268,1.17,0.268,12.0,12.153,normal,0.0068,-1.11,False,False,False,False,False,OK: within lot-relative limits (max 1.2 robust-sigma < 5); predicted 168h drift inside the lot safety envelope.
T08,T08-P0445,Iddq,uA,9.7729,10.1288,PASS,0.438,1.73,0.438,10.574,10.753,normal,0.0048,-1.7,False,False,False,False,False,OK: within lot-relative limits (max 1.7 robust-sigma < 5); predicted 168h drift inside the lot safety envelope.
T08,T08-P0446,Iddq,uA,9.3632,10.7524,PASS,0.461,1.88,0.461,11.7,11.786,normal,0.0139,2.16,False,False,False,False,False,OK: within lot-relative limits (max 1.9 robust-sigma < 5); predicted 168h drift inside the lot safety envelope.
T08,T08-P0447,Iddq,uA,10.0479,10.9911,PASS,0.315,0.17,0.315,11.637,11.816,normal,0.0095,0.12,False,False,False,False,False,OK: within lot-relative limits (max 0.2 robust-sigma < 5); predicted 168h drift inside the lot safety envelope.
T08,T08-P0448,Iddq,uA,10.8017,11.7778,PASS,0.391,0.06,0.391,12.48,12.666,normal,0.01,0.06,False,False,False,False,False,OK: within lot-relative limits (max 0.1 robust-sigma < 5); predicted 168h drift inside the lot safety envelope.
T08,T08-P0449,Iddq,uA,12.0715,13.2033,PASS,0.778,0.91,0.778,13.983,14.195,normal,0.0114,0.13,False,False,False,False,False,OK: within lot-relative limits (max 0.9 robust-sigma < 5); predicted 168h drift inside the lot safety envelope.
T08,T08-P0450,Iddq,uA,13.6013,14.1662,PASS,0.942,1.92,0.942,14.846,15.115,normal,0.0074,-1.46,False,False,False,False,False,OK: within lot-relative limits (max 1.9 robust-sigma < 5); predicted 168h drift inside the lot safety envelope.
T08,T08-P0451,Iddq,uA,8.7008,9.4792,PASS,0.41,0.03,0.41,9.992,10.208,normal,0.0077,-0.1,False,False,False,False,False,OK: within lot-relative limits (max 0.0 robust-sigma < 5); predicted 168h drift inside the lot safety envelope.
T08,T08-P0452,Iddq,uA,11.4819,13.0515,PASS,0.795,1.52,0.795,14.042,14.235,normal,0.0152,1.58,False,False,False,False,False,OK: within lot-relative limits (max 1.5 robust-sigma < 5); predicted 168h drift inside the lot safety envelope.
T08,T08-P0453,Iddq,uA,10.2629,11.2444,PASS,0.276,0.23,0.276,11.886,12.086,normal,0.0097,0.12,False,False,False,False,False,OK: within lot-relative limits (max 0.2 robust-sigma < 5); predicted 168h drift inside the lot safety envelope.
T08,T08-P0454,Iddq,uA,10.8103,12.7224,PASS,0.936,2.75,0.936,14.401,14.401,normal,0.0214,3.87,False,False,False,False,False,OK: within lot-relative limits (max 2.7 robust-sigma < 5); predicted 168h drift inside the lot safety envelope.
T08,T08-P0455,Iddq,uA,11.3882,12.3713,PASS,0.762,0.41,0.762,13.091,13.321,normal,0.0101,-0.08,False,False,False,False,False,OK: within lot-relative limits (max 0.4 robust-sigma < 5); predicted 168h drift inside the lot safety envelope.
T08,T08-P0456,Iddq,uA,12.1384,13.489,PASS,0.631,0.97,0.631,14.352,14.576,normal,0.0132,0.68,False,False,False,False,False,OK: within lot-relative limits (max 1.0 robust-sigma < 5); predicted 168h drift inside the lot safety envelope.
T08,T08-P0457,Iddq,uA,11.4631,12.4458,PASS,0.77,0.47,0.77,13.059,13.315,normal,0.0095,-0.32,False,False,False,False,False,OK: within lot-relative limits (max 0.5 robust-sigma < 5); predicted 168h drift inside the lot safety envelope.
T08,T08-P0458,Iddq,uA,10.8107,11.8317,PASS,0.313,0.19,0.313,12.528,12.713,normal,0.0102,0.14,False,False,False,False,False,OK: within lot-relative limits (max 0.2 robust-sigma < 5); predicted 168h drift inside the lot safety envelope.
T08,T08-P0459,Iddq,uA,13.1367,14.6935,PASS,0.876,1.64,0.876,15.638,15.906,normal,0.0149,0.86,False,False,False,False,False,OK: within lot-relative limits (max 1.6 robust-sigma < 5); predicted 168h drift inside the lot safety envelope.
T08,T08-P0460,Iddq,uA,11.4578,12.6403,PASS,0.509,0.47,0.509,13.403,13.662,normal,0.0116,0.39,False,False,False,False,False,OK: within lot-relative limits (max 0.5 robust-sigma < 5); predicted 168h drift inside the lot safety envelope.
T08,T08-P0461,Iddq,uA,10.988,12.2971,PASS,0.567,0.98,0.567,13.055,13.315,normal,0.0123,0.81,False,False,False,False,False,OK: within lot-relative limits (max 1.0 robust-sigma < 5); predicted 168h drift inside the lot safety envelope.
T08,T08-P0462,Iddq,uA,12.8242,13.9603,PASS,0.907,1.42,0.907,14.784,15.109,normal,0.0117,0.0,False,False,False,False,False,OK: within lot-relative limits (max 1.4 robust-sigma < 5); predicted 168h drift inside the lot safety envelope.
T08,T08-P0463,Iddq,uA,9.3783,10.4144,PASS,0.07,0.7,0.016,11.07,11.263,normal,0.0101,0.63,False,False,False,False,False,OK: within lot-relative limits (max 0.7 robust-sigma < 5); predicted 168h drift inside the lot safety envelope.
T08,T08-P0464,Iddq,uA,9.6909,10.3183,PASS,0.086,0.78,0.086,10.776,10.981,normal,0.0065,-0.97,False,False,False,False,False,OK: within lot-relative limits (max 0.8 robust-sigma < 5); predicted 168h drift inside the lot safety envelope.
T08,T08-P0465,Iddq,uA,13.1019,14.5273,PASS,0.856,1.6,0.856,15.525,15.697,normal,0.0144,0.74,False,False,False,False,False,OK: within lot-relative limits (max 1.6 robust-sigma < 5); predicted 168h drift inside the lot safety envelope.
T08,T08-P0466,Iddq,uA,10.7215,11.428,PASS,0.074,0.74,0.072,11.989,12.169,normal,0.0075,-0.82,False,False,False,False,False,OK: within lot-relative limits (max 0.7 robust-sigma < 5); predicted 168h drift inside the lot safety envelope.
T08,T08-P0467,Iddq,uA,8.7054,7.9887,INSPECT,0.969,6.01,0.969,11.291,12.713,low,0.0154,3.15,False,True,False,False,False,ABNORMAL DRIFT: Iddq changed -8% from 0h to 24h vs lot median +9% (6.0 robust-sigma).
T08,T08-P0468,Iddq,uA,12.3588,13.4442,PASS,0.866,1.11,0.866,14.161,14.456,normal,0.0107,-0.16,False,False,False,False,False,OK: within lot-relative limits (max 1.1 robust-sigma < 5); predicted 168h drift inside the lot safety envelope.
T08,T08-P0469,Iddq,uA,12.8454,13.8629,PASS,0.849,1.43,0.849,14.528,14.801,normal,0.01,-0.51,False,False,False,False,False,OK: within lot-relative limits (max 1.4 robust-sigma < 5); predicted 168h drift inside the lot safety envelope.
T08,T08-P0470,Iddq,uA,9.9823,10.5795,PASS,0.127,0.94,0.127,11.053,11.29,normal,0.0064,-1.08,False,False,False,False,False,OK: within lot-relative limits (max 0.9 robust-sigma < 5); predicted 168h drift inside the lot safety envelope.
T08,T08-P0471,Iddq,uA,9.2508,9.8228,PASS,0.202,0.87,0.202,10.29,10.469,normal,0.0062,-0.96,False,False,False,False,False,OK: within lot-relative limits (max 0.9 robust-sigma < 5); predicted 168h drift inside the lot safety envelope.
T08,T08-P0472,Iddq,uA,10.9156,11.4008,PASS,0.476,1.46,0.476,12.042,12.144,normal,0.0067,-1.18,False,False,False,False,False,OK: within lot-relative limits (max 1.5 robust-sigma < 5); predicted 168h drift inside the lot safety envelope.
T08,T08-P0473,Iddq,uA,11.6546,12.0693,PASS,0.879,1.76,0.879,12.618,12.827,normal,0.0057,-1.68,False,False,False,False,False,OK: within lot-relative limits (max 1.8 robust-sigma < 5); predicted 168h drift inside the lot safety envelope.
T08,T08-P0474,Iddq,uA,10.102,11.899,PASS,0.817,2.78,0.817,13.546,13.546,normal,0.0205,4.05,False,False,False,False,False,OK: within lot-relative limits (max 2.8 robust-sigma < 5); predicted 168h drift inside the lot safety envelope.
T08,T08-P0475,Iddq,uA,9.8243,10.8847,PASS,0.062,0.62,0.047,11.488,11.754,normal,0.0099,0.38,False,False,False,False,False,OK: within lot-relative limits (max 0.6 robust-sigma < 5); predicted 168h drift inside the lot safety envelope.
T08,T08-P0476,Iddq,uA,11.5589,12.749,PASS,0.535,0.54,0.535,13.503,13.782,normal,0.0116,0.35,False,False,False,False,False,OK: within lot-relative limits (max 0.5 robust-sigma < 5); predicted 168h drift inside the lot safety envelope.
T08,T08-P0477,Iddq,uA,11.7301,12.3181,PASS,0.745,1.26,0.745,12.957,13.056,normal,0.0073,-1.14,False,False,False,False,False,OK: within lot-relative limits (max 1.3 robust-sigma < 5); predicted 168h drift inside the lot safety envelope.
T08,T08-P0478,Iddq,uA,8.8737,9.4839,PASS,0.065,0.65,0.023,9.92,10.148,normal,0.0062,-0.82,False,False,False,False,False,OK: within lot-relative limits (max 0.6 robust-sigma < 5); predicted 168h drift inside the lot safety envelope.
T08,T08-P0479,Iddq,uA,61.6381,69.5639,REJECT,1.0,14.75,0.998,73.619,74.711,low,0.0713,0.95,True,True,True,False,True,STATIC FAIL: Iddq@0h = 61.6 uA exceeds datasheet max 50 uA. | LOT OUTLIER: Iddq@0h = 61.6 uA is 14.8 robust-sigma above lot T08 median (10.9 uA). | LOT OUTLIER: Iddq@24h = 69.6 uA is 13.8 robust-sigma above lot T08 median (11.9 uA). | GUARD BAND: 90% upper forecast for Iddq@168h is 74.7 uA = 149% of datasheet max (guard band 70%).
T08,T08-P0480,Iddq,uA,10.3281,12.058,PASS,0.822,2.47,0.822,13.35,13.35,normal,0.018,3.06,False,False,False,False,False,OK: within lot-relative limits (max 2.5 robust-sigma < 5); predicted 168h drift inside the lot safety envelope.
T08,T08-P0481,Iddq,uA,10.1928,11.0375,PASS,0.312,0.18,0.312,11.604,11.812,normal,0.0084,-0.34,False,False,False,False,False,OK: within lot-relative limits (max 0.2 robust-sigma < 5); predicted 168h drift inside the lot safety envelope.
T08,T08-P0482,Iddq,uA,11.2528,12.9221,PASS,0.862,1.88,0.862,14.109,14.163,normal,0.017,2.25,False,False,False,False,False,OK: within lot-relative limits (max 1.9 robust-sigma < 5); predicted 168h drift inside the lot safety envelope.
T08,T08-P0483,Iddq,uA,11.5434,12.565,PASS,0.812,0.53,0.812,13.333,13.523,normal,0.0107,0.05,False,False,False,False,False,OK: within lot-relative limits (max 0.5 robust-sigma < 5); predicted 168h drift inside the lot safety envelope.
T08,T08-P0484,Iddq,uA,13.8955,15.4269,PASS,0.942,2.1,0.942,16.378,16.68,normal,0.0148,0.59,False,False,False,False,False,OK: within lot-relative limits (max 2.1 robust-sigma < 5); predicted 168h drift inside the lot safety envelope.
T08,T08-P0485,Iddq,uA,11.2643,12.6394,PASS,0.618,1.07,0.618,13.525,13.709,normal,0.0135,1.09,False,False,False,False,False,OK: within lot-relative limits (max 1.1 robust-sigma < 5); predicted 168h drift inside the lot safety envelope.
T08,T08-P0486,Iddq,uA,12.4846,14.4414,PASS,0.922,2.14,0.922,15.897,15.897,normal,0.0203,2.66,False,False,False,False,False,OK: within lot-relative limits (max 2.1 robust-sigma < 5); predicted 168h drift inside the lot safety envelope.
T08,T08-P0487,Iddq,uA,8.8225,9.7545,PASS,0.055,0.55,0.052,10.348,10.561,normal,0.0091,0.46,False,False,False,False,False,OK: within lot-relative limits (max 0.5 robust-sigma < 5); predicted 168h drift inside the lot safety envelope.
T08,T08-P0488,Iddq,uA,9.9456,10.8264,PASS,0.437,0.0,0.437,11.466,11.651,normal,0.009,0.0,False,False,False,False,False,OK: within lot-relative limits (max 0.0 robust-sigma < 5); predicted 168h drift inside the lot safety envelope.
T08,T08-P0489,Iddq,uA,12.4156,13.7525,PASS,0.678,1.14,0.678,14.52,14.854,normal,0.0125,0.38,False,False,False,False,False,OK: within lot-relative limits (max 1.1 robust-sigma < 5); predicted 168h drift inside the lot safety envelope.
T08,T08-P0490,Iddq,uA,9.1022,9.8204,PASS,0.244,0.31,0.244,10.339,10.502,normal,0.0074,-0.4,False,False,False,False,False,OK: within lot-relative limits (max 0.3 robust-sigma < 5); predicted 168h drift inside the lot safety envelope.
T08,T08-P0491,Iddq,uA,13.03,13.8851,PASS,0.849,1.55,0.849,14.571,14.778,normal,0.0092,-0.82,False,False,False,False,False,OK: within lot-relative limits (max 1.6 robust-sigma < 5); predicted 168h drift inside the lot safety envelope.
T08,T08-P0492,Iddq,uA,11.6427,12.1931,PASS,0.788,1.36,0.788,12.735,12.953,normal,0.0065,-1.41,False,False,False,False,False,OK: within lot-relative limits (max 1.4 robust-sigma < 5); predicted 168h drift inside the lot safety envelope.
T08,T08-P0493,Iddq,uA,11.223,11.8798,PASS,0.622,0.98,0.622,12.468,12.658,normal,0.0074,-0.99,False,False,False,False,False,OK: within lot-relative limits (max 1.0 robust-sigma < 5); predicted 168h drift inside the lot safety envelope.
T08,T08-P0494,Iddq,uA,10.7235,11.38,PASS,0.118,0.89,0.118,11.874,12.129,normal,0.0068,-1.08,False,False,False,False,False,OK: within lot-relative limits (max 0.9 robust-sigma < 5); predicted 168h drift inside the lot safety envelope.
T08,T08-P0495,Iddq,uA,9.5479,10.3518,PASS,0.33,0.14,0.33,10.849,11.09,normal,0.0077,-0.39,False,False,False,False,False,OK: within lot-relative limits (max 0.1 robust-sigma < 5); predicted 168h drift inside the lot safety envelope.
T08,T08-P0496,Iddq,uA,9.4789,10.6301,PASS,0.206,1.05,0.206,11.357,11.537,normal,0.0112,1.03,False,False,False,False,False,OK: within lot-relative limits (max 1.0 robust-sigma < 5); predicted 168h drift inside the lot safety envelope.
T08,T08-P0497,Iddq,uA,10.2848,11.4604,PASS,0.129,0.82,0.129,12.158,12.44,normal,0.0112,0.67,False,False,False,False,False,OK: within lot-relative limits (max 0.8 robust-sigma < 5); predicted 168h drift inside the lot safety envelope.
T08,T08-P0498,Iddq,uA,10.3352,10.8845,PASS,0.266,1.16,0.266,11.424,11.584,normal,0.0065,-1.13,False,False,False,False,False,OK: within lot-relative limits (max 1.2 robust-sigma < 5); predicted 168h drift inside the lot safety envelope.
T08,T08-P0499,Iddq,uA,12.9288,13.6678,PASS,0.847,1.49,0.847,14.315,14.535,normal,0.0083,-1.08,False,False,False,False,False,OK: within lot-relative limits (max 1.5 robust-sigma < 5); predicted 168h drift inside the lot safety envelope.
T08,T08-P0500,Iddq,uA,9.5742,10.8172,PASS,0.333,1.31,0.333,11.505,11.753,normal,0.0115,1.11,False,False,False,False,False,OK: within lot-relative limits (max 1.3 robust-sigma < 5); predicted 168h drift inside the lot safety envelope.
