lot_id,part_id,parameter,unit,V0,V24,V96,V168,datasheet_max,label,defect_type
L01,L01-P0001,Iddq,uA,14.6785,15.6559,16.1609,16.4,50.0,0,none
L01,L01-P0002,Iddq,uA,9.5853,10.1529,10.307,10.2196,50.0,0,none
L01,L01-P0003,Iddq,uA,10.7163,11.5378,11.8333,12.082,50.0,0,none
L01,L01-P0004,Iddq,uA,33.5221,41.9453,45.1934,46.55,50.0,1,lot_outlier
L01,L01-P0005,Iddq,uA,12.2485,13.8161,14.4873,14.7774,50.0,0,none
L01,L01-P0006,Iddq,uA,12.7873,13.6546,35.3074,35.1834,50.0,1,step_jump
L01,L01-P0007,Iddq,uA,11.2721,12.7586,13.528,13.8075,50.0,0,none
L01,L01-P0008,Iddq,uA,14.4873,15.4225,16.0162,16.0335,50.0,0,none
L01,L01-P0009,Iddq,uA,14.2479,15.9042,16.2889,16.7733,50.0,0,none
L01,L01-P0010,Iddq,uA,12.9486,14.2496,15.1758,15.399,50.0,0,none
L01,L01-P0011,Iddq,uA,14.9982,16.5369,17.2227,17.5665,50.0,0,none
L01,L01-P0012,Iddq,uA,13.7002,15.4658,16.5239,16.5875,50.0,0,none
L01,L01-P0013,Iddq,uA,11.235,12.7088,13.6293,13.3626,50.0,0,none
L01,L01-P0014,Iddq,uA,13.633,15.3462,16.1856,16.4645,50.0,0,none
L01,L01-P0015,Iddq,uA,11.1472,12.1181,12.7586,12.6955,50.0,0,none
L01,L01-P0016,Iddq,uA,14.6206,16.5274,17.5411,17.7363,50.0,0,none
L01,L01-P0017,Iddq,uA,12.7061,15.2403,16.0089,16.3983,50.0,0,none
L01,L01-P0018,Iddq,uA,12.2677,13.4416,13.702,13.9779,50.0,0,none
L01,L01-P0019,Iddq,uA,11.5768,12.7361,13.3686,13.0969,50.0,0,none
L01,L01-P0020,Iddq,uA,15.4093,17.8433,18.8708,19.4334,50.0,0,none
L01,L01-P0021,Iddq,uA,12.4671,13.8288,14.3252,14.4145,50.0,0,none
L01,L01-P0022,Iddq,uA,11.7946,14.1711,14.9223,15.2349,50.0,0,none
L01,L01-P0023,Iddq,uA,12.1112,13.4371,13.8699,13.9635,50.0,0,none
L01,L01-P0024,Iddq,uA,13.9234,16.461,17.3203,17.8301,50.0,0,none
L01,L01-P0025,Iddq,uA,13.5952,15.2059,15.809,16.0855,50.0,0,none
L01,L01-P0026,Iddq,uA,13.5895,15.0345,16.0205,15.9805,50.0,0,none
L01,L01-P0027,Iddq,uA,13.447,16.2595,17.2441,17.7927,50.0,0,none
L01,L01-P0028,Iddq,uA,17.2904,18.9086,19.8341,20.2113,50.0,0,none
L01,L01-P0029,Iddq,uA,12.0254,13.2077,13.4494,13.7261,50.0,0,none
L01,L01-P0030,Iddq,uA,11.7179,13.0838,13.5269,13.6293,50.0,0,none
L01,L01-P0031,Iddq,uA,11.3052,12.8022,13.4187,13.9577,50.0,0,none
L01,L01-P0032,Iddq,uA,13.9065,14.8856,15.0253,15.3785,50.0,0,none
L01,L01-P0033,Iddq,uA,14.9472,16.9584,18.2046,18.2849,50.0,0,none
L01,L01-P0034,Iddq,uA,12.6949,13.7681,14.2818,14.4753,50.0,0,none
L01,L01-P0035,Iddq,uA,11.2894,13.3499,13.5761,13.9293,50.0,0,none
L01,L01-P0036,Iddq,uA,11.2531,11.9512,12.3015,12.3849,50.0,0,none
L01,L01-P0037,Iddq,uA,13.9361,15.4178,15.9608,16.0461,50.0,0,none
L01,L01-P0038,Iddq,uA,14.3147,15.2028,15.4886,15.8558,50.0,0,none
L01,L01-P0039,Iddq,uA,13.7904,15.0128,15.7643,15.366,50.0,0,none
L01,L01-P0040,Iddq,uA,11.4133,12.8579,13.5666,13.8282,50.0,0,none
L01,L01-P0041,Iddq,uA,12.9753,14.4659,15.0839,15.8468,50.0,0,none
L01,L01-P0042,Iddq,uA,13.1908,14.2784,14.8652,14.9846,50.0,0,none
L01,L01-P0043,Iddq,uA,12.8983,15.3228,13.7048,17.4235,50.0,1,erratic
L01,L01-P0044,Iddq,uA,14.2122,16.0852,16.9776,17.3205,50.0,0,none
L01,L01-P0045,Iddq,uA,13.2111,14.0878,14.8729,14.8203,50.0,0,none
L01,L01-P0046,Iddq,uA,14.136,16.0439,16.6566,17.1778,50.0,0,none
L01,L01-P0047,Iddq,uA,12.9111,14.7605,15.4095,15.9857,50.0,0,none
L01,L01-P0048,Iddq,uA,13.4152,14.9581,15.8376,16.3279,50.0,0,none
L01,L01-P0049,Iddq,uA,14.2271,15.655,16.4942,17.229,50.0,0,none
L01,L01-P0050,Iddq,uA,10.2212,11.4767,12.1178,12.4532,50.0,0,none
L01,L01-P0051,Iddq,uA,12.1544,14.6499,15.7254,16.161,50.0,0,none
L01,L01-P0052,Iddq,uA,11.8016,13.5465,13.8444,14.1585,50.0,0,none
L01,L01-P0053,Iddq,uA,11.564,12.8166,13.2594,13.2097,50.0,0,none
L01,L01-P0054,Iddq,uA,12.0775,13.1294,13.5349,13.87,50.0,0,none
L01,L01-P0055,Iddq,uA,16.0076,17.1233,17.9227,17.9967,50.0,0,none
L01,L01-P0056,Iddq,uA,11.3357,12.8649,19.2925,38.9877,50.0,1,accelerating
L01,L01-P0057,Iddq,uA,14.5599,16.0245,16.5725,16.6101,50.0,0,none
L01,L01-P0058,Iddq,uA,9.8882,10.9957,11.6113,11.8343,50.0,0,none
L01,L01-P0059,Iddq,uA,12.0444,13.6886,14.4177,14.6927,50.0,0,none
L01,L01-P0060,Iddq,uA,13.2454,14.7529,15.0562,15.7333,50.0,0,none
L01,L01-P0061,Iddq,uA,13.7874,15.2877,15.6735,15.8163,50.0,0,none
L01,L01-P0062,Iddq,uA,13.8595,16.2124,16.8714,17.6737,50.0,0,none
L01,L01-P0063,Iddq,uA,14.4983,16.2023,17.2482,17.4232,50.0,0,none
L01,L01-P0064,Iddq,uA,12.0402,13.55,14.0,14.4845,50.0,0,none
L01,L01-P0065,Iddq,uA,11.8623,13.1786,13.5358,13.8267,50.0,0,none
L01,L01-P0066,Iddq,uA,14.3492,16.3611,17.1731,17.3843,50.0,0,none
L01,L01-P0067,Iddq,uA,12.476,13.9936,14.6252,15.0282,50.0,0,none
L01,L01-P0068,Iddq,uA,10.758,11.351,11.7703,11.7891,50.0,0,none
L01,L01-P0069,Iddq,uA,10.8252,11.9712,12.7625,12.8144,50.0,0,none
L01,L01-P0070,Iddq,uA,11.1366,12.7013,12.8538,13.1089,50.0,0,none
L01,L01-P0071,Iddq,uA,13.7936,14.8958,15.4319,15.3951,50.0,0,none
L01,L01-P0072,Iddq,uA,13.0003,14.8829,15.3814,15.5548,50.0,0,none
L01,L01-P0073,Iddq,uA,14.0086,15.0575,15.2301,15.779,50.0,0,none
L01,L01-P0074,Iddq,uA,12.0817,13.8193,14.8077,15.0855,50.0,0,none
L01,L01-P0075,Iddq,uA,12.9083,15.223,15.8009,16.6117,50.0,0,none
L01,L01-P0076,Iddq,uA,14.045,15.3882,15.6601,16.1482,50.0,0,none
L01,L01-P0077,Iddq,uA,12.3361,13.3723,14.3578,14.5054,50.0,0,none
L01,L01-P0078,Iddq,uA,13.7149,14.2683,14.7445,14.9001,50.0,0,none
L01,L01-P0079,Iddq,uA,11.7968,12.4991,12.9701,12.8911,50.0,0,none
L01,L01-P0080,Iddq,uA,12.2359,13.2642,13.8244,14.1188,50.0,0,none
L01,L01-P0081,Iddq,uA,11.8717,13.0948,13.6199,13.7024,50.0,0,none
L01,L01-P0082,Iddq,uA,10.5567,12.2402,12.9957,12.9186,50.0,0,none
L01,L01-P0083,Iddq,uA,13.5182,16.6732,17.7817,18.3029,50.0,0,none
L01,L01-P0084,Iddq,uA,12.131,12.9309,13.3637,13.8115,50.0,0,none
L01,L01-P0085,Iddq,uA,12.7352,13.7946,14.4481,14.6476,50.0,0,none
L01,L01-P0086,Iddq,uA,13.5803,15.1808,16.4237,16.393,50.0,0,none
L01,L01-P0087,Iddq,uA,13.4858,16.2687,17.1695,17.5811,50.0,0,none
L01,L01-P0088,Iddq,uA,14.0986,14.9435,15.664,16.1069,50.0,0,none
L01,L01-P0089,Iddq,uA,12.619,14.0651,14.6996,14.9814,50.0,0,none
L01,L01-P0090,Iddq,uA,11.9564,14.3153,15.5147,15.5129,50.0,0,none
L01,L01-P0091,Iddq,uA,12.7033,13.4264,13.9017,13.8449,50.0,0,none
L01,L01-P0092,Iddq,uA,10.1271,10.9117,11.2136,11.0726,50.0,0,none
L01,L01-P0093,Iddq,uA,10.431,11.4397,11.6467,12.0131,50.0,0,none
L01,L01-P0094,Iddq,uA,10.5702,11.6332,12.0267,12.2198,50.0,0,none
L01,L01-P0095,Iddq,uA,11.2005,12.8138,12.9634,13.5769,50.0,0,none
L01,L01-P0096,Iddq,uA,13.4717,14.9004,15.8821,16.3582,50.0,0,none
L01,L01-P0097,Iddq,uA,11.0625,11.9793,12.1457,12.3048,50.0,0,none
L01,L01-P0098,Iddq,uA,12.2445,13.6117,14.4351,14.3765,50.0,0,none
L01,L01-P0099,Iddq,uA,15.647,16.9466,17.4391,17.8297,50.0,0,none
L01,L01-P0100,Iddq,uA,11.9335,14.313,14.9563,15.3257,50.0,0,none
L01,L01-P0101,Iddq,uA,14.0963,15.4267,16.1975,16.3602,50.0,0,none
L01,L01-P0102,Iddq,uA,11.211,12.1962,12.7084,12.7725,50.0,0,none
L01,L01-P0103,Iddq,uA,38.62,42.2147,45.6071,46.55,50.0,1,lot_outlier
L01,L01-P0104,Iddq,uA,11.0176,13.0066,13.5311,13.8079,50.0,0,none
L01,L01-P0105,Iddq,uA,12.1364,13.7007,14.3732,14.7363,50.0,0,none
L01,L01-P0106,Iddq,uA,14.5798,15.4028,15.6519,16.0996,50.0,0,none
L01,L01-P0107,Iddq,uA,10.028,11.3541,11.9348,12.0453,50.0,0,none
L01,L01-P0108,Iddq,uA,13.4359,14.5787,14.9415,15.4218,50.0,0,none
L01,L01-P0109,Iddq,uA,39.3491,44.0521,44.947,46.55,50.0,1,lot_outlier
L01,L01-P0110,Iddq,uA,42.6321,45.0223,46.8244,46.55,50.0,1,lot_outlier
L01,L01-P0111,Iddq,uA,10.4964,11.6911,12.3171,12.8108,50.0,0,none
L01,L01-P0112,Iddq,uA,13.0692,13.9927,14.4397,14.6784,50.0,0,none
L01,L01-P0113,Iddq,uA,11.8654,12.7164,13.0676,13.4751,50.0,0,none
L01,L01-P0114,Iddq,uA,13.1583,15.4018,15.8572,16.458,50.0,0,none
L01,L01-P0115,Iddq,uA,12.8254,14.5002,14.9189,15.1701,50.0,0,none
L01,L01-P0116,Iddq,uA,16.1156,17.7521,18.2317,18.2529,50.0,0,none
L01,L01-P0117,Iddq,uA,35.7389,42.0683,44.5923,46.55,50.0,1,lot_outlier
L01,L01-P0118,Iddq,uA,11.1194,12.1022,12.2899,12.7378,50.0,0,none
L01,L01-P0119,Iddq,uA,13.0512,14.9007,15.0112,15.4332,50.0,0,none
L01,L01-P0120,Iddq,uA,13.3755,14.8566,15.5684,15.782,50.0,0,none
L01,L01-P0121,Iddq,uA,15.5426,17.1044,17.4537,18.0084,50.0,0,none
L01,L01-P0122,Iddq,uA,14.1702,16.3242,17.1035,17.2946,50.0,0,none
L01,L01-P0123,Iddq,uA,13.4078,14.6347,24.7721,25.3211,50.0,1,step_jump
L01,L01-P0124,Iddq,uA,15.5525,17.3809,17.7929,18.4052,50.0,0,none
L01,L01-P0125,Iddq,uA,10.6106,12.5254,13.2966,13.8835,50.0,0,none
L01,L01-P0126,Iddq,uA,11.6576,12.5713,13.0753,12.9043,50.0,0,none
L01,L01-P0127,Iddq,uA,11.1446,12.0092,12.0497,12.1494,50.0,0,none
L01,L01-P0128,Iddq,uA,12.1109,14.4211,14.9379,15.3663,50.0,0,none
L01,L01-P0129,Iddq,uA,10.4722,12.9417,14.3097,14.523,50.0,0,none
L01,L01-P0130,Iddq,uA,39.3701,43.6729,44.7071,46.55,50.0,1,lot_outlier
L01,L01-P0131,Iddq,uA,12.3154,13.0774,13.6136,13.7686,50.0,0,none
L01,L01-P0132,Iddq,uA,10.2921,11.1502,11.9195,12.0996,50.0,0,none
L01,L01-P0133,Iddq,uA,11.0417,12.2903,12.5134,13.1215,50.0,0,none
L01,L01-P0134,Iddq,uA,13.2002,14.8876,15.1293,15.4919,50.0,0,none
L01,L01-P0135,Iddq,uA,14.592,15.5164,16.1913,16.2987,50.0,0,none
L01,L01-P0136,Iddq,uA,16.9619,19.5703,20.2368,20.3207,50.0,0,none
L01,L01-P0137,Iddq,uA,19.22,22.1066,23.1759,23.1687,50.0,0,none
L01,L01-P0138,Iddq,uA,13.4247,14.4322,14.8806,14.9001,50.0,0,none
L01,L01-P0139,Iddq,uA,10.9797,12.5258,13.3809,13.6587,50.0,0,none
L01,L01-P0140,Iddq,uA,9.3603,11.3268,12.2296,12.4549,50.0,0,none
L01,L01-P0141,Iddq,uA,13.0889,14.7055,15.4221,15.6144,50.0,0,none
L01,L01-P0142,Iddq,uA,11.3516,12.6038,12.8039,13.2154,50.0,0,none
L01,L01-P0143,Iddq,uA,11.9741,13.3697,13.8799,13.9064,50.0,0,none
L01,L01-P0144,Iddq,uA,11.5192,13.2843,14.105,13.9274,50.0,0,none
L01,L01-P0145,Iddq,uA,12.5273,13.4987,13.6782,13.923,50.0,0,none
L01,L01-P0146,Iddq,uA,14.7473,16.6274,17.1238,17.3029,50.0,0,none
L01,L01-P0147,Iddq,uA,13.1541,14.224,14.8588,14.9481,50.0,0,none
L01,L01-P0148,Iddq,uA,12.2777,14.9211,15.8817,16.4905,50.0,0,none
L01,L01-P0149,Iddq,uA,39.2039,43.4293,45.1937,46.55,50.0,1,lot_outlier
L01,L01-P0150,Iddq,uA,9.9053,11.9057,12.8576,13.2065,50.0,0,none
L01,L01-P0151,Iddq,uA,11.7109,12.8203,13.4555,13.5118,50.0,0,none
L01,L01-P0152,Iddq,uA,12.6661,14.3454,15.0498,15.4514,50.0,0,none
L01,L01-P0153,Iddq,uA,16.3884,18.5031,19.4029,19.6132,50.0,0,none
L01,L01-P0154,Iddq,uA,13.0499,14.5497,14.3593,14.8633,50.0,0,none
L01,L01-P0155,Iddq,uA,14.5634,16.5512,17.2143,17.6475,50.0,0,none
L01,L01-P0156,Iddq,uA,11.9966,13.8464,14.8136,14.6382,50.0,0,none
L01,L01-P0157,Iddq,uA,10.9148,11.9092,12.4709,12.3788,50.0,0,none
L01,L01-P0158,Iddq,uA,10.996,16.2683,11.8205,9.8844,50.0,1,erratic
L01,L01-P0159,Iddq,uA,11.6023,12.5675,13.4754,13.5726,50.0,0,none
L01,L01-P0160,Iddq,uA,17.2694,18.5491,19.5621,19.2555,50.0,0,none
L01,L01-P0161,Iddq,uA,11.3931,12.3101,12.9974,13.1775,50.0,0,none
L01,L01-P0162,Iddq,uA,14.5422,19.4242,30.4134,41.1174,50.0,1,latent_linear
L01,L01-P0163,Iddq,uA,11.3308,12.0237,12.2372,12.3883,50.0,0,none
L01,L01-P0164,Iddq,uA,14.3404,15.6603,15.7548,16.335,50.0,0,none
L01,L01-P0165,Iddq,uA,13.4824,15.6246,15.8353,16.3027,50.0,0,none
L01,L01-P0166,Iddq,uA,12.6817,13.8452,14.0989,14.4411,50.0,0,none
L01,L01-P0167,Iddq,uA,12.6653,13.3781,13.53,13.7291,50.0,0,none
L01,L01-P0168,Iddq,uA,11.4103,13.3008,14.0573,14.253,50.0,0,none
L01,L01-P0169,Iddq,uA,13.3664,15.4325,16.0538,16.1702,50.0,0,none
L01,L01-P0170,Iddq,uA,11.8988,12.8467,13.3701,13.6256,50.0,0,none
L01,L01-P0171,Iddq,uA,10.8119,11.4346,11.9329,11.9352,50.0,0,none
L01,L01-P0172,Iddq,uA,10.6261,12.1503,12.9403,13.0284,50.0,0,none
L01,L01-P0173,Iddq,uA,12.8561,14.527,15.3504,15.5251,50.0,0,none
L01,L01-P0174,Iddq,uA,16.0551,19.6589,21.8476,21.605,50.0,0,none
L01,L01-P0175,Iddq,uA,13.0628,14.573,15.3792,15.7711,50.0,0,none
L01,L01-P0176,Iddq,uA,12.2361,14.1768,15.1101,15.0363,50.0,0,none
L01,L01-P0177,Iddq,uA,13.309,14.8794,15.3147,15.5002,50.0,0,none
L01,L01-P0178,Iddq,uA,15.0274,17.7474,18.5653,18.7851,50.0,0,none
L01,L01-P0179,Iddq,uA,13.1648,14.8865,15.6596,16.1551,50.0,0,none
L01,L01-P0180,Iddq,uA,11.8485,14.1678,14.6613,15.1142,50.0,0,none
L01,L01-P0181,Iddq,uA,15.2278,16.5942,17.0442,17.1194,50.0,0,none
L01,L01-P0182,Iddq,uA,13.4787,14.9298,15.5012,15.7172,50.0,0,none
L01,L01-P0183,Iddq,uA,15.8851,17.4366,17.8816,18.3197,50.0,0,none
L01,L01-P0184,Iddq,uA,13.2001,14.7848,15.7625,15.99,50.0,0,none
L01,L01-P0185,Iddq,uA,10.6935,12.56,13.6204,13.8229,50.0,0,none
L01,L01-P0186,Iddq,uA,10.3267,11.59,11.8623,12.0657,50.0,0,none
L01,L01-P0187,Iddq,uA,16.2063,17.7052,18.6478,18.6196,50.0,0,none
L01,L01-P0188,Iddq,uA,16.2247,18.2699,19.1513,19.8328,50.0,0,none
L01,L01-P0189,Iddq,uA,12.493,13.9791,14.6292,14.3811,50.0,0,none
L01,L01-P0190,Iddq,uA,12.0647,13.74,14.5666,14.9046,50.0,0,none
L01,L01-P0191,Iddq,uA,15.5557,16.4677,17.0051,16.9806,50.0,0,none
L01,L01-P0192,Iddq,uA,10.9555,11.7312,12.5995,12.3628,50.0,0,none
L01,L01-P0193,Iddq,uA,11.2087,12.0629,12.8672,12.9698,50.0,0,none
L01,L01-P0194,Iddq,uA,14.0167,14.5793,15.1467,15.083,50.0,0,none
L01,L01-P0195,Iddq,uA,12.2137,13.1802,13.5239,13.3604,50.0,0,none
L01,L01-P0196,Iddq,uA,12.6056,13.9392,14.4873,14.6665,50.0,0,none
L01,L01-P0197,Iddq,uA,12.2469,13.8335,14.5064,14.3524,50.0,0,none
L01,L01-P0198,Iddq,uA,13.3726,15.5657,16.3792,16.491,50.0,0,none
L01,L01-P0199,Iddq,uA,15.5487,17.2112,17.9437,18.1554,50.0,0,none
L01,L01-P0200,Iddq,uA,12.8496,13.9915,14.5205,14.6,50.0,0,none
L01,L01-P0201,Iddq,uA,13.9192,15.5722,15.9152,16.5756,50.0,0,none
L01,L01-P0202,Iddq,uA,9.485,10.985,11.7227,11.639,50.0,0,none
L01,L01-P0203,Iddq,uA,12.4033,13.7747,14.1937,14.4066,50.0,0,none
L01,L01-P0204,Iddq,uA,11.2319,12.3541,12.8075,12.9214,50.0,0,none
L01,L01-P0205,Iddq,uA,10.6625,11.892,12.8566,13.1689,50.0,0,none
L01,L01-P0206,Iddq,uA,11.3,12.3277,13.0334,13.2681,50.0,0,none
L01,L01-P0207,Iddq,uA,12.3323,13.718,14.5206,14.9576,50.0,0,none
L01,L01-P0208,Iddq,uA,14.5425,16.0202,16.9722,17.2891,50.0,0,none
L01,L01-P0209,Iddq,uA,10.5354,12.048,12.6188,13.1016,50.0,0,none
L01,L01-P0210,Iddq,uA,12.6811,13.7942,14.3318,14.6446,50.0,0,none
L01,L01-P0211,Iddq,uA,11.7057,13.0725,13.5402,14.0586,50.0,0,none
L01,L01-P0212,Iddq,uA,12.0177,13.4143,14.1121,14.1545,50.0,0,none
L01,L01-P0213,Iddq,uA,14.751,15.8456,16.499,16.6704,50.0,0,none
L01,L01-P0214,Iddq,uA,13.6702,14.7315,15.333,15.4053,50.0,0,none
L01,L01-P0215,Iddq,uA,15.2286,17.7423,18.346,19.1919,50.0,0,none
L01,L01-P0216,Iddq,uA,12.5877,13.7902,14.3164,14.4863,50.0,0,none
L01,L01-P0217,Iddq,uA,11.6041,12.4556,12.9435,13.196,50.0,0,none
L01,L01-P0218,Iddq,uA,12.2666,13.631,14.1265,14.3803,50.0,0,none
L01,L01-P0219,Iddq,uA,12.9529,15.434,16.515,16.8244,50.0,0,none
L01,L01-P0220,Iddq,uA,12.8566,13.9267,14.3484,14.2116,50.0,0,none
L01,L01-P0221,Iddq,uA,10.9102,11.4672,12.0692,12.0464,50.0,0,none
L01,L01-P0222,Iddq,uA,12.9323,13.8154,14.5862,14.8528,50.0,0,none
L01,L01-P0223,Iddq,uA,13.0622,15.3384,16.1512,16.8633,50.0,0,none
L01,L01-P0224,Iddq,uA,18.1947,20.2767,21.6573,21.8563,50.0,0,none
L01,L01-P0225,Iddq,uA,16.5107,19.0018,20.3428,20.6673,50.0,0,none
L01,L01-P0226,Iddq,uA,11.2531,12.2646,12.4318,12.74,50.0,0,none
L01,L01-P0227,Iddq,uA,12.2415,13.1671,13.7122,13.7186,50.0,0,none
L01,L01-P0228,Iddq,uA,10.3733,11.7439,11.8994,12.6355,50.0,0,none
L01,L01-P0229,Iddq,uA,11.3503,12.9918,13.7901,13.8418,50.0,0,none
L01,L01-P0230,Iddq,uA,13.1374,14.9758,16.0666,15.9059,50.0,0,none
L01,L01-P0231,Iddq,uA,15.3254,16.7927,17.289,17.6774,50.0,0,none
L01,L01-P0232,Iddq,uA,11.3547,13.0183,13.6098,13.5236,50.0,0,none
L01,L01-P0233,Iddq,uA,64.9899,72.8337,76.1376,77.4905,50.0,1,gross_fail
L01,L01-P0234,Iddq,uA,9.5047,10.7094,11.1552,11.4423,50.0,0,none
L01,L01-P0235,Iddq,uA,12.3455,14.0889,15.0525,15.1656,50.0,0,none
L01,L01-P0236,Iddq,uA,10.6978,11.6634,11.8188,12.0761,50.0,0,none
L01,L01-P0237,Iddq,uA,11.6983,12.3891,13.0476,12.9159,50.0,0,none
L01,L01-P0238,Iddq,uA,11.2571,12.7467,13.621,14.0417,50.0,0,none
L01,L01-P0239,Iddq,uA,12.4398,14.7672,15.3185,15.8148,50.0,0,none
L01,L01-P0240,Iddq,uA,9.8349,10.7487,11.0134,11.1984,50.0,0,none
L01,L01-P0241,Iddq,uA,10.2909,10.9144,11.3359,11.4255,50.0,0,none
L01,L01-P0242,Iddq,uA,17.2912,19.2755,20.3847,20.5284,50.0,0,none
L01,L01-P0243,Iddq,uA,10.5529,12.209,13.095,12.9774,50.0,0,none
L01,L01-P0244,Iddq,uA,10.9638,12.7827,13.9618,14.5289,50.0,0,none
L01,L01-P0245,Iddq,uA,16.675,18.8557,19.6524,20.1537,50.0,0,none
L01,L01-P0246,Iddq,uA,19.3017,21.1756,22.1176,22.5702,50.0,0,none
L01,L01-P0247,Iddq,uA,10.681,11.6169,11.9465,12.3216,50.0,0,none
L01,L01-P0248,Iddq,uA,12.1482,13.5088,14.2017,14.3186,50.0,0,none
L01,L01-P0249,Iddq,uA,13.4339,14.8342,15.3682,15.5424,50.0,0,none
L01,L01-P0250,Iddq,uA,16.7031,17.6441,18.1867,18.6281,50.0,0,none
L01,L01-P0251,Iddq,uA,11.081,13.2184,14.5588,14.788,50.0,0,none
L01,L01-P0252,Iddq,uA,12.1619,14.892,15.8333,15.9487,50.0,0,none
L01,L01-P0253,Iddq,uA,14.5027,16.6624,17.5225,18.2092,50.0,0,none
L01,L01-P0254,Iddq,uA,13.5836,14.742,15.1446,15.5394,50.0,0,none
L01,L01-P0255,Iddq,uA,12.126,13.8657,14.5048,14.9489,50.0,0,none
L01,L01-P0256,Iddq,uA,12.4879,14.0506,14.7545,15.3604,50.0,0,none
L01,L01-P0257,Iddq,uA,10.1845,11.8512,12.3464,12.8091,50.0,0,none
L01,L01-P0258,Iddq,uA,12.2498,14.4669,15.1797,15.6134,50.0,0,none
L01,L01-P0259,Iddq,uA,12.3512,13.9036,14.8343,14.8336,50.0,0,none
L01,L01-P0260,Iddq,uA,13.2112,15.205,15.9678,16.5025,50.0,0,none
L01,L01-P0261,Iddq,uA,11.6718,13.2164,13.9508,14.4681,50.0,0,none
L01,L01-P0262,Iddq,uA,13.702,15.3878,15.9244,16.5304,50.0,0,none
L01,L01-P0263,Iddq,uA,14.5586,15.9148,16.618,16.3811,50.0,0,none
L01,L01-P0264,Iddq,uA,13.1039,14.4937,14.94,15.3851,50.0,0,none
L01,L01-P0265,Iddq,uA,13.2553,14.4951,15.5213,15.5237,50.0,0,none
L01,L01-P0266,Iddq,uA,12.8862,13.8011,14.2431,14.5814,50.0,0,none
L01,L01-P0267,Iddq,uA,12.7356,15.249,16.1596,16.5534,50.0,0,none
L01,L01-P0268,Iddq,uA,35.0679,41.6101,45.2192,46.55,50.0,1,lot_outlier
L01,L01-P0269,Iddq,uA,13.1627,15.635,16.6212,16.6474,50.0,0,none
L01,L01-P0270,Iddq,uA,12.448,14.1811,14.8383,14.8776,50.0,0,none
L01,L01-P0271,Iddq,uA,17.2442,20.3961,21.6076,21.932,50.0,0,none
L01,L01-P0272,Iddq,uA,15.9016,17.7099,18.6863,18.9543,50.0,0,none
L01,L01-P0273,Iddq,uA,13.5519,15.1341,15.9379,16.1073,50.0,0,none
L01,L01-P0274,Iddq,uA,11.5048,12.4694,12.6577,12.6916,50.0,0,none
L01,L01-P0275,Iddq,uA,11.0241,12.2942,12.6371,13.0052,50.0,0,none
L01,L01-P0276,Iddq,uA,15.2385,16.8464,17.55,18.1989,50.0,0,none
L01,L01-P0277,Iddq,uA,13.0926,14.1473,14.7257,14.9305,50.0,0,none
L01,L01-P0278,Iddq,uA,13.7187,15.3372,15.8813,16.1957,50.0,0,none
L01,L01-P0279,Iddq,uA,9.8858,11.0322,11.5068,11.7117,50.0,0,none
L01,L01-P0280,Iddq,uA,14.6712,17.5287,18.6502,18.9833,50.0,0,none
L01,L01-P0281,Iddq,uA,13.6096,15.6431,16.5416,17.239,50.0,0,none
L01,L01-P0282,Iddq,uA,10.8016,12.1637,12.7765,12.8696,50.0,0,none
L01,L01-P0283,Iddq,uA,12.1855,13.3297,14.0475,14.1433,50.0,0,none
L01,L01-P0284,Iddq,uA,13.1858,14.8125,15.5568,15.7421,50.0,0,none
L01,L01-P0285,Iddq,uA,12.9987,14.2128,14.7627,15.4642,50.0,0,none
L01,L01-P0286,Iddq,uA,12.2633,13.1364,13.5647,13.7047,50.0,0,none
L01,L01-P0287,Iddq,uA,12.6694,13.8812,14.532,14.7422,50.0,0,none
L01,L01-P0288,Iddq,uA,12.3761,13.3033,13.744,14.1193,50.0,0,none
L01,L01-P0289,Iddq,uA,13.1008,14.0992,14.3695,14.7636,50.0,0,none
L01,L01-P0290,Iddq,uA,15.627,17.7633,18.5699,19.3606,50.0,0,none
L01,L01-P0291,Iddq,uA,8.8617,10.0058,10.5564,10.9252,50.0,0,none
L01,L01-P0292,Iddq,uA,12.104,13.0452,13.4083,13.5186,50.0,0,none
L01,L01-P0293,Iddq,uA,12.9272,14.4735,14.9447,15.4292,50.0,0,none
L01,L01-P0294,Iddq,uA,13.3007,16.2885,23.2028,43.6193,50.0,1,accelerating
L01,L01-P0295,Iddq,uA,60.8418,70.4642,74.5173,76.1769,50.0,1,gross_fail
L01,L01-P0296,Iddq,uA,9.7954,11.2459,12.098,12.348,50.0,0,none
L01,L01-P0297,Iddq,uA,13.2928,15.2133,15.6512,15.9492,50.0,0,none
L01,L01-P0298,Iddq,uA,16.1828,17.6163,18.4145,18.6917,50.0,0,none
L01,L01-P0299,Iddq,uA,10.0286,11.0462,11.4255,11.5456,50.0,0,none
L01,L01-P0300,Iddq,uA,14.3088,16.1793,17.0123,17.3758,50.0,0,none
L01,L01-P0301,Iddq,uA,12.2251,13.8676,14.3364,14.5823,50.0,0,none
L01,L01-P0302,Iddq,uA,12.683,14.8567,15.5991,16.1631,50.0,0,none
L01,L01-P0303,Iddq,uA,11.0564,12.8666,13.681,13.6236,50.0,0,none
L01,L01-P0304,Iddq,uA,12.1427,13.4856,14.036,14.189,50.0,0,none
L01,L01-P0305,Iddq,uA,15.1336,16.5927,16.9592,17.3148,50.0,0,none
L01,L01-P0306,Iddq,uA,13.7441,15.1353,15.9503,16.1873,50.0,0,none
L01,L01-P0307,Iddq,uA,16.4408,18.7595,19.253,19.6411,50.0,0,none
L01,L01-P0308,Iddq,uA,14.9297,16.5124,17.6927,17.5342,50.0,0,none
L01,L01-P0309,Iddq,uA,13.4295,14.8779,15.423,15.5227,50.0,0,none
L01,L01-P0310,Iddq,uA,16.3233,18.6339,19.108,19.3418,50.0,0,none
L01,L01-P0311,Iddq,uA,13.6987,14.9866,15.3828,15.4636,50.0,0,none
L01,L01-P0312,Iddq,uA,14.245,15.711,16.487,16.3614,50.0,0,none
L01,L01-P0313,Iddq,uA,12.197,13.8432,14.061,14.8183,50.0,0,none
L01,L01-P0314,Iddq,uA,12.7109,14.2215,14.7635,15.1165,50.0,0,none
L01,L01-P0315,Iddq,uA,11.5868,12.646,31.7145,32.59,50.0,1,step_jump
L01,L01-P0316,Iddq,uA,14.6604,16.6033,17.4342,17.7212,50.0,0,none
L01,L01-P0317,Iddq,uA,10.7298,11.4193,11.948,12.2049,50.0,0,none
L01,L01-P0318,Iddq,uA,14.1029,15.7772,16.4248,16.5422,50.0,0,none
L01,L01-P0319,Iddq,uA,12.0208,14.4056,15.8113,15.808,50.0,0,none
L01,L01-P0320,Iddq,uA,14.7818,16.5053,16.8208,17.219,50.0,0,none
L01,L01-P0321,Iddq,uA,14.2324,15.128,15.4795,15.6817,50.0,0,none
L01,L01-P0322,Iddq,uA,16.9362,17.817,17.8201,18.3739,50.0,0,none
L01,L01-P0323,Iddq,uA,14.3146,15.9864,16.4172,16.9673,50.0,0,none
L01,L01-P0324,Iddq,uA,10.2553,11.9266,14.0813,21.0907,50.0,1,accelerating
L01,L01-P0325,Iddq,uA,12.5789,13.9508,14.4804,14.447,50.0,0,none
L01,L01-P0326,Iddq,uA,10.7159,12.5921,13.2314,13.8702,50.0,0,none
L01,L01-P0327,Iddq,uA,11.8257,12.596,12.7248,12.903,50.0,0,none
L01,L01-P0328,Iddq,uA,15.8783,18.1329,18.7613,19.1998,50.0,0,none
L01,L01-P0329,Iddq,uA,14.0147,16.4834,17.6839,18.4632,50.0,0,none
L01,L01-P0330,Iddq,uA,11.4896,12.5185,13.0271,13.1768,50.0,0,none
L01,L01-P0331,Iddq,uA,11.0118,11.8554,12.683,12.5315,50.0,0,none
L01,L01-P0332,Iddq,uA,12.9893,13.9989,14.6157,14.5413,50.0,0,none
L01,L01-P0333,Iddq,uA,10.5291,11.6654,12.0274,12.134,50.0,0,none
L01,L01-P0334,Iddq,uA,11.5766,13.1325,13.3939,13.6331,50.0,0,none
L01,L01-P0335,Iddq,uA,13.4375,15.9117,16.6377,16.728,50.0,0,none
L01,L01-P0336,Iddq,uA,15.0152,18.1954,19.1276,19.7973,50.0,0,none
L01,L01-P0337,Iddq,uA,13.8099,15.5853,16.0825,16.318,50.0,0,none
L01,L01-P0338,Iddq,uA,9.2188,11.025,11.8391,11.9948,50.0,0,none
L01,L01-P0339,Iddq,uA,13.022,14.8806,15.5608,15.9695,50.0,0,none
L01,L01-P0340,Iddq,uA,13.0762,15.623,16.2726,16.8089,50.0,0,none
L01,L01-P0341,Iddq,uA,13.5864,15.4202,15.9058,16.1125,50.0,0,none
L01,L01-P0342,Iddq,uA,16.0128,17.8412,18.959,18.9324,50.0,0,none
L01,L01-P0343,Iddq,uA,9.4447,10.6709,11.3751,11.3647,50.0,0,none
L01,L01-P0344,Iddq,uA,11.4189,15.2728,16.552,17.2783,50.0,0,none
L01,L01-P0345,Iddq,uA,13.8581,15.8875,16.9325,16.8937,50.0,0,none
L01,L01-P0346,Iddq,uA,10.0943,11.1673,11.4188,11.4661,50.0,0,none
L01,L01-P0347,Iddq,uA,15.8595,18.3841,19.1916,19.2376,50.0,0,none
L01,L01-P0348,Iddq,uA,13.5282,14.5761,15.452,15.5054,50.0,0,none
L01,L01-P0349,Iddq,uA,14.2239,15.7501,16.3921,16.5618,50.0,0,none
L01,L01-P0350,Iddq,uA,11.8041,13.4486,14.3964,14.6029,50.0,0,none
L01,L01-P0351,Iddq,uA,14.2225,15.8482,16.4142,17.0233,50.0,0,none
L01,L01-P0352,Iddq,uA,14.8041,16.3239,17.4054,17.6597,50.0,0,none
L01,L01-P0353,Iddq,uA,13.3829,14.4482,15.1182,15.7745,50.0,0,none
L01,L01-P0354,Iddq,uA,13.3566,14.7441,15.463,15.9484,50.0,0,none
L01,L01-P0355,Iddq,uA,12.9402,14.7005,15.6621,16.2548,50.0,0,none
L01,L01-P0356,Iddq,uA,11.2024,11.9877,12.4208,12.6698,50.0,0,none
L01,L01-P0357,Iddq,uA,12.4002,14.2229,15.239,15.0356,50.0,0,none
L01,L01-P0358,Iddq,uA,12.5917,13.3944,13.9959,14.1315,50.0,0,none
L01,L01-P0359,Iddq,uA,13.3337,14.3258,14.932,15.2149,50.0,0,none
L01,L01-P0360,Iddq,uA,14.6916,16.386,17.1731,17.1944,50.0,0,none
L01,L01-P0361,Iddq,uA,11.021,12.3317,13.1119,12.9489,50.0,0,none
L01,L01-P0362,Iddq,uA,12.4553,13.7877,14.2914,14.2998,50.0,0,none
L01,L01-P0363,Iddq,uA,15.7029,18.193,18.9184,19.3975,50.0,0,none
L01,L01-P0364,Iddq,uA,11.4572,12.4511,12.6222,12.6161,50.0,0,none
L01,L01-P0365,Iddq,uA,11.1032,12.315,12.7877,13.1353,50.0,0,none
L01,L01-P0366,Iddq,uA,12.9608,14.2818,14.8011,15.068,50.0,0,none
L01,L01-P0367,Iddq,uA,14.5768,16.1245,16.7085,16.9093,50.0,0,none
L01,L01-P0368,Iddq,uA,12.7054,14.4046,15.1181,15.1672,50.0,0,none
L01,L01-P0369,Iddq,uA,15.4298,16.3996,17.3255,17.6492,50.0,0,none
L01,L01-P0370,Iddq,uA,14.3707,16.7743,17.1884,17.7346,50.0,0,none
L01,L01-P0371,Iddq,uA,14.3749,16.0506,16.7581,17.0864,50.0,0,none
L01,L01-P0372,Iddq,uA,13.9144,14.901,15.076,15.3563,50.0,0,none
L01,L01-P0373,Iddq,uA,17.6832,19.0924,19.279,19.8381,50.0,0,none
L01,L01-P0374,Iddq,uA,12.6455,13.7706,14.0729,14.5496,50.0,0,none
L01,L01-P0375,Iddq,uA,9.6673,8.4208,8.8064,11.0895,50.0,1,erratic
L01,L01-P0376,Iddq,uA,16.1253,18.0565,18.764,19.1909,50.0,0,none
L01,L01-P0377,Iddq,uA,11.9705,22.5372,11.1873,17.3697,50.0,1,erratic
L01,L01-P0378,Iddq,uA,13.1616,14.5638,15.3265,15.4976,50.0,0,none
L01,L01-P0379,Iddq,uA,15.2912,17.7356,18.9954,19.2368,50.0,0,none
L01,L01-P0380,Iddq,uA,9.9448,10.9273,11.5055,11.4217,50.0,0,none
L01,L01-P0381,Iddq,uA,10.4501,11.7214,11.9457,12.0047,50.0,0,none
L01,L01-P0382,Iddq,uA,10.0804,11.0761,11.2491,11.5872,50.0,0,none
L01,L01-P0383,Iddq,uA,11.4257,12.8217,13.4107,13.6134,50.0,0,none
L01,L01-P0384,Iddq,uA,13.7141,15.7044,16.5265,17.2941,50.0,0,none
L01,L01-P0385,Iddq,uA,13.8246,15.1997,35.3474,35.6261,50.0,1,step_jump
L01,L01-P0386,Iddq,uA,13.361,13.9702,14.2106,14.3594,50.0,0,none
L01,L01-P0387,Iddq,uA,10.6083,10.9226,11.4733,11.3477,50.0,0,none
L01,L01-P0388,Iddq,uA,9.127,9.9129,10.0884,10.483,50.0,0,none
L01,L01-P0389,Iddq,uA,12.7909,13.797,14.7395,15.0463,50.0,0,none
L01,L01-P0390,Iddq,uA,12.0822,13.1627,13.6324,14.0202,50.0,0,none
L01,L01-P0391,Iddq,uA,13.841,15.3681,15.7137,16.1682,50.0,0,none
L01,L01-P0392,Iddq,uA,14.1556,15.2916,16.2693,16.8261,50.0,0,none
L01,L01-P0393,Iddq,uA,13.0789,15.268,15.937,16.2494,50.0,0,none
L01,L01-P0394,Iddq,uA,14.2663,15.4212,15.9555,16.5487,50.0,0,none
L01,L01-P0395,Iddq,uA,13.3487,14.1954,14.9739,15.0184,50.0,0,none
L01,L01-P0396,Iddq,uA,13.796,15.6481,16.5092,16.6747,50.0,0,none
L01,L01-P0397,Iddq,uA,11.6747,12.3853,12.7786,12.7367,50.0,0,none
L01,L01-P0398,Iddq,uA,12.6854,14.0867,14.8024,14.7353,50.0,0,none
L01,L01-P0399,Iddq,uA,12.998,14.8436,15.3602,15.2891,50.0,0,none
L01,L01-P0400,Iddq,uA,14.4857,15.8284,16.8153,16.8372,50.0,0,none
L01,L01-P0401,Iddq,uA,12.0625,14.4384,15.0732,15.4398,50.0,0,none
L01,L01-P0402,Iddq,uA,13.7047,15.168,15.3892,15.5599,50.0,0,none
L01,L01-P0403,Iddq,uA,12.3629,14.7905,15.9203,16.1322,50.0,0,none
L01,L01-P0404,Iddq,uA,12.4411,13.8723,14.5759,14.5606,50.0,0,none
L01,L01-P0405,Iddq,uA,14.5945,15.3754,35.18,36.4079,50.0,1,step_jump
L01,L01-P0406,Iddq,uA,9.5836,10.6286,11.1436,11.5094,50.0,0,none
L01,L01-P0407,Iddq,uA,10.7277,11.3594,11.8187,11.9864,50.0,0,none
L01,L01-P0408,Iddq,uA,10.1918,11.232,11.6372,11.9349,50.0,0,none
L01,L01-P0409,Iddq,uA,9.2166,10.2529,10.761,11.0609,50.0,0,none
L01,L01-P0410,Iddq,uA,11.4876,13.2037,13.7759,13.9234,50.0,0,none
L01,L01-P0411,Iddq,uA,14.055,15.7719,16.091,16.6203,50.0,0,none
L01,L01-P0412,Iddq,uA,12.1653,14.1618,15.279,15.0839,50.0,0,none
L01,L01-P0413,Iddq,uA,12.8609,15.4397,16.0087,16.5065,50.0,0,none
L01,L01-P0414,Iddq,uA,14.8141,17.5872,18.4752,19.0724,50.0,0,none
L01,L01-P0415,Iddq,uA,15.4908,17.3263,18.25,18.6721,50.0,0,none
L01,L01-P0416,Iddq,uA,12.4345,14.7365,15.7382,16.0323,50.0,0,none
L01,L01-P0417,Iddq,uA,15.4369,16.489,16.8085,17.2124,50.0,0,none
L01,L01-P0418,Iddq,uA,13.0963,14.1942,14.9014,15.0262,50.0,0,none
L01,L01-P0419,Iddq,uA,11.3348,12.4896,12.7826,12.664,50.0,0,none
L01,L01-P0420,Iddq,uA,11.7485,13.2528,13.6478,14.058,50.0,0,none
L01,L01-P0421,Iddq,uA,10.2244,11.127,11.7306,11.6793,50.0,0,none
L01,L01-P0422,Iddq,uA,11.1844,12.6001,12.711,13.0004,50.0,0,none
L01,L01-P0423,Iddq,uA,11.9757,14.5402,15.5243,16.2292,50.0,0,none
L01,L01-P0424,Iddq,uA,14.4383,15.9442,16.5485,16.8604,50.0,0,none
L01,L01-P0425,Iddq,uA,16.1786,18.604,19.1271,19.873,50.0,0,none
L01,L01-P0426,Iddq,uA,10.5666,11.5874,12.0139,12.2775,50.0,0,none
L01,L01-P0427,Iddq,uA,13.1001,15.1132,15.7184,16.0019,50.0,0,none
L01,L01-P0428,Iddq,uA,11.0459,12.2237,12.6208,12.9653,50.0,0,none
L01,L01-P0429,Iddq,uA,13.6493,15.4539,16.2189,16.6748,50.0,0,none
L01,L01-P0430,Iddq,uA,12.3665,14.5682,15.6023,15.4835,50.0,0,none
L01,L01-P0431,Iddq,uA,9.8067,11.5681,12.368,12.6179,50.0,0,none
L01,L01-P0432,Iddq,uA,14.5354,16.7038,16.9579,17.2875,50.0,0,none
L01,L01-P0433,Iddq,uA,55.2037,62.787,65.9811,67.2891,50.0,1,gross_fail
L01,L01-P0434,Iddq,uA,11.7501,12.639,13.133,13.6615,50.0,0,none
L01,L01-P0435,Iddq,uA,11.0752,12.0434,12.7445,12.7669,50.0,0,none
L01,L01-P0436,Iddq,uA,11.3908,13.5014,14.2744,14.5666,50.0,0,none
L01,L01-P0437,Iddq,uA,13.4851,15.5447,16.5459,16.8369,50.0,0,none
L01,L01-P0438,Iddq,uA,12.3486,13.6943,14.5748,14.9813,50.0,0,none
L01,L01-P0439,Iddq,uA,13.1975,15.4606,16.2608,16.6775,50.0,0,none
L01,L01-P0440,Iddq,uA,13.5381,15.105,15.7081,16.1863,50.0,0,none
L01,L01-P0441,Iddq,uA,15.5433,17.8505,18.8867,19.1054,50.0,0,none
L01,L01-P0442,Iddq,uA,12.3409,13.762,14.4005,14.6941,50.0,0,none
L01,L01-P0443,Iddq,uA,10.3603,11.3386,11.7958,11.9477,50.0,0,none
L01,L01-P0444,Iddq,uA,15.2506,16.8383,17.4603,17.951,50.0,0,none
L01,L01-P0445,Iddq,uA,12.024,12.9195,12.8855,13.1368,50.0,0,none
L01,L01-P0446,Iddq,uA,15.1159,16.9517,17.7166,18.0349,50.0,0,none
L01,L01-P0447,Iddq,uA,13.4545,13.9003,14.1354,14.5016,50.0,0,none
L01,L01-P0448,Iddq,uA,12.4879,13.2549,13.6502,14.0223,50.0,0,none
L01,L01-P0449,Iddq,uA,13.486,15.246,15.8636,16.3022,50.0,0,none
L01,L01-P0450,Iddq,uA,16.7601,19.0594,20.2482,20.6187,50.0,0,none
L01,L01-P0451,Iddq,uA,17.009,18.4137,19.1803,19.7378,50.0,0,none
L01,L01-P0452,Iddq,uA,12.6232,14.1027,14.3683,14.6803,50.0,0,none
L01,L01-P0453,Iddq,uA,12.9892,15.236,16.1672,16.6454,50.0,0,none
L01,L01-P0454,Iddq,uA,14.7939,16.1165,17.1104,17.3631,50.0,0,none
L01,L01-P0455,Iddq,uA,11.3755,13.6132,14.941,15.4393,50.0,0,none
L01,L01-P0456,Iddq,uA,13.2279,14.9038,15.5319,16.1092,50.0,0,none
L01,L01-P0457,Iddq,uA,12.9389,14.1066,15.4186,15.184,50.0,0,none
L01,L01-P0458,Iddq,uA,13.4595,15.9742,16.7024,17.3848,50.0,0,none
L01,L01-P0459,Iddq,uA,11.2878,12.7231,13.2531,13.6178,50.0,0,none
L01,L01-P0460,Iddq,uA,10.1426,10.9801,11.4875,11.5783,50.0,0,none
L01,L01-P0461,Iddq,uA,9.5234,10.4373,10.8365,11.069,50.0,0,none
L01,L01-P0462,Iddq,uA,10.7804,12.1781,12.7267,12.7963,50.0,0,none
L01,L01-P0463,Iddq,uA,12.0978,13.0143,13.2536,13.2691,50.0,0,none
L01,L01-P0464,Iddq,uA,40.5596,44.1547,46.0323,46.55,50.0,1,lot_outlier
L01,L01-P0465,Iddq,uA,16.6858,18.1178,19.16,19.156,50.0,0,none
L01,L01-P0466,Iddq,uA,15.4012,17.02,17.9345,18.6476,50.0,0,none
L01,L01-P0467,Iddq,uA,11.2636,12.3907,13.0003,12.9084,50.0,0,none
L01,L01-P0468,Iddq,uA,13.3027,14.6512,15.1166,15.6684,50.0,0,none
L01,L01-P0469,Iddq,uA,11.7483,13.1789,13.844,14.0325,50.0,0,none
L01,L01-P0470,Iddq,uA,12.2774,13.7758,14.4967,14.7378,50.0,0,none
L01,L01-P0471,Iddq,uA,13.234,14.8956,15.7068,16.0536,50.0,0,none
L01,L01-P0472,Iddq,uA,13.9464,15.0543,15.5627,15.6905,50.0,0,none
L01,L01-P0473,Iddq,uA,12.1839,13.142,13.4949,13.6701,50.0,0,none
L01,L01-P0474,Iddq,uA,14.6682,17.3966,18.2441,18.4802,50.0,0,none
L01,L01-P0475,Iddq,uA,10.897,11.8421,12.1989,12.6903,50.0,0,none
L01,L01-P0476,Iddq,uA,12.6829,13.6547,14.1206,14.4444,50.0,0,none
L01,L01-P0477,Iddq,uA,18.5169,20.6979,22.0928,22.2845,50.0,0,none
L01,L01-P0478,Iddq,uA,13.4058,14.8949,15.2826,15.9851,50.0,0,none
L01,L01-P0479,Iddq,uA,15.9647,17.0626,17.5946,17.2945,50.0,0,none
L01,L01-P0480,Iddq,uA,13.0267,14.3958,15.2046,15.2497,50.0,0,none
L01,L01-P0481,Iddq,uA,13.7609,15.7309,16.8254,17.1546,50.0,0,none
L01,L01-P0482,Iddq,uA,12.6709,14.0719,14.9021,15.1161,50.0,0,none
L01,L01-P0483,Iddq,uA,12.5396,14.3283,15.0471,15.073,50.0,0,none
L01,L01-P0484,Iddq,uA,11.0802,12.0335,12.7909,12.7076,50.0,0,none
L01,L01-P0485,Iddq,uA,13.4519,15.5291,16.2056,16.303,50.0,0,none
L01,L01-P0486,Iddq,uA,11.2375,12.4387,12.9836,13.3707,50.0,0,none
L01,L01-P0487,Iddq,uA,14.0793,15.5284,16.1924,16.056,50.0,0,none
L01,L01-P0488,Iddq,uA,15.0056,17.0681,17.6073,18.0516,50.0,0,none
L01,L01-P0489,Iddq,uA,13.2934,15.923,16.8726,17.3008,50.0,0,none
L01,L01-P0490,Iddq,uA,12.4664,14.4516,15.6472,16.1163,50.0,0,none
L01,L01-P0491,Iddq,uA,13.4997,15.9262,16.6316,17.546,50.0,0,none
L01,L01-P0492,Iddq,uA,12.1033,13.8213,14.1104,14.4974,50.0,0,none
L01,L01-P0493,Iddq,uA,14.5675,16.4351,17.1253,17.5682,50.0,0,none
L01,L01-P0494,Iddq,uA,9.8195,11.1189,11.789,11.975,50.0,0,none
L01,L01-P0495,Iddq,uA,12.4214,13.5757,14.4193,14.4199,50.0,0,none
L01,L01-P0496,Iddq,uA,9.5913,10.571,11.144,11.4154,50.0,0,none
L01,L01-P0497,Iddq,uA,10.438,11.814,12.5986,12.7682,50.0,0,none
L01,L01-P0498,Iddq,uA,15.7561,17.2444,18.4282,18.2066,50.0,0,none
L01,L01-P0499,Iddq,uA,14.3802,15.6406,16.7822,16.7635,50.0,0,none
L01,L01-P0500,Iddq,uA,11.4484,12.8133,13.2367,13.6124,50.0,0,none
L02,L02-P0001,Iddq,uA,6.0047,6.6358,7.0172,7.1114,50.0,0,none
L02,L02-P0002,Iddq,uA,7.6,8.0218,8.3293,8.3216,50.0,0,none
L02,L02-P0003,Iddq,uA,6.4729,7.1155,7.5057,7.7198,50.0,0,none
L02,L02-P0004,Iddq,uA,6.2606,7.1441,7.5116,7.654,50.0,0,none
L02,L02-P0005,Iddq,uA,7.0355,7.5077,7.9566,8.09,50.0,0,none
L02,L02-P0006,Iddq,uA,6.518,7.0474,7.3457,7.4159,50.0,0,none
L02,L02-P0007,Iddq,uA,6.4726,7.3011,7.4124,7.6083,50.0,0,none
L02,L02-P0008,Iddq,uA,7.1871,8.6924,9.2302,9.3087,50.0,0,none
L02,L02-P0009,Iddq,uA,6.1215,6.5266,6.6173,6.7664,50.0,0,none
L02,L02-P0010,Iddq,uA,6.1953,6.8014,7.1749,7.268,50.0,0,none
L02,L02-P0011,Iddq,uA,6.8953,7.3814,7.5937,7.7845,50.0,0,none
L02,L02-P0012,Iddq,uA,7.4596,8.139,8.415,8.4441,50.0,0,none
L02,L02-P0013,Iddq,uA,7.8186,8.4006,8.6966,8.7477,50.0,0,none
L02,L02-P0014,Iddq,uA,6.463,7.2046,7.65,7.7665,50.0,0,none
L02,L02-P0015,Iddq,uA,7.4318,8.6179,9.2868,9.3782,50.0,0,none
L02,L02-P0016,Iddq,uA,6.2583,6.9939,7.2361,7.6175,50.0,0,none
L02,L02-P0017,Iddq,uA,8.2326,8.8353,9.2777,9.0918,50.0,0,none
L02,L02-P0018,Iddq,uA,6.1102,7.4111,7.7445,7.817,50.0,0,none
L02,L02-P0019,Iddq,uA,7.7794,8.552,8.7216,8.7221,50.0,0,none
L02,L02-P0020,Iddq,uA,6.3594,6.8501,7.1187,7.2735,50.0,0,none
L02,L02-P0021,Iddq,uA,8.4528,8.8465,8.8734,8.949,50.0,0,none
L02,L02-P0022,Iddq,uA,7.2936,8.137,8.6457,8.8633,50.0,0,none
L02,L02-P0023,Iddq,uA,6.1069,6.8494,7.2262,7.3983,50.0,0,none
L02,L02-P0024,Iddq,uA,6.559,7.7427,8.21,8.3495,50.0,0,none
L02,L02-P0025,Iddq,uA,7.3152,7.7926,8.0502,8.1202,50.0,0,none
L02,L02-P0026,Iddq,uA,7.4397,8.5887,9.2128,9.2925,50.0,0,none
L02,L02-P0027,Iddq,uA,6.6942,7.5904,7.6743,7.8141,50.0,0,none
L02,L02-P0028,Iddq,uA,6.896,7.6276,7.9294,8.2972,50.0,0,none
L02,L02-P0029,Iddq,uA,7.4515,7.8463,7.9986,7.9423,50.0,0,none
L02,L02-P0030,Iddq,uA,7.0178,7.8309,8.3287,8.3345,50.0,0,none
L02,L02-P0031,Iddq,uA,5.8862,6.7134,6.9241,6.9586,50.0,0,none
L02,L02-P0032,Iddq,uA,6.3378,7.0113,7.1998,7.1786,50.0,0,none
L02,L02-P0033,Iddq,uA,7.0014,7.8345,8.1785,8.1909,50.0,0,none
L02,L02-P0034,Iddq,uA,7.7251,8.2997,8.5547,8.5913,50.0,0,none
L02,L02-P0035,Iddq,uA,8.0286,8.7663,9.0106,9.0502,50.0,0,none
L02,L02-P0036,Iddq,uA,7.5209,7.9409,8.3499,8.3606,50.0,0,none
L02,L02-P0037,Iddq,uA,7.2714,7.3129,7.5017,7.6482,50.0,0,none
L02,L02-P0038,Iddq,uA,7.3994,9.7027,13.7803,18.0002,50.0,1,latent_linear
L02,L02-P0039,Iddq,uA,6.4713,7.2705,7.4937,7.8173,50.0,0,none
L02,L02-P0040,Iddq,uA,6.8171,7.2683,7.4468,7.5333,50.0,0,none
L02,L02-P0041,Iddq,uA,6.2916,6.9701,7.1927,7.2373,50.0,0,none
L02,L02-P0042,Iddq,uA,5.9716,6.4871,6.7623,6.8319,50.0,0,none
L02,L02-P0043,Iddq,uA,7.0853,8.2783,11.772,22.9792,50.0,1,accelerating
L02,L02-P0044,Iddq,uA,6.9474,7.453,7.7413,7.6518,50.0,0,none
L02,L02-P0045,Iddq,uA,7.2674,7.908,7.9052,8.2224,50.0,0,none
L02,L02-P0046,Iddq,uA,7.332,8.0832,8.5133,8.7394,50.0,0,none
L02,L02-P0047,Iddq,uA,6.9734,7.6909,7.8323,7.9536,50.0,0,none
L02,L02-P0048,Iddq,uA,7.1721,8.6573,10.6807,15.5658,50.0,1,accelerating
L02,L02-P0049,Iddq,uA,6.7228,7.35,7.7221,7.944,50.0,0,none
L02,L02-P0050,Iddq,uA,7.1545,7.5827,7.8768,7.8816,50.0,0,none
L02,L02-P0051,Iddq,uA,6.3346,7.1169,7.6405,7.4838,50.0,0,none
L02,L02-P0052,Iddq,uA,7.1525,7.8308,8.1586,8.4674,50.0,0,none
L02,L02-P0053,Iddq,uA,7.259,8.0741,8.4628,8.6507,50.0,0,none
L02,L02-P0054,Iddq,uA,6.3664,7.1044,7.4983,7.8048,50.0,0,none
L02,L02-P0055,Iddq,uA,6.8786,7.4154,7.5764,7.6334,50.0,0,none
L02,L02-P0056,Iddq,uA,6.5329,6.9675,7.1831,7.3916,50.0,0,none
L02,L02-P0057,Iddq,uA,6.4402,6.9996,7.2757,7.3706,50.0,0,none
L02,L02-P0058,Iddq,uA,6.1257,6.6201,6.6627,6.5472,50.0,0,none
L02,L02-P0059,Iddq,uA,7.7868,8.4099,8.6823,8.8115,50.0,0,none
L02,L02-P0060,Iddq,uA,7.6054,8.6252,9.116,9.1867,50.0,0,none
L02,L02-P0061,Iddq,uA,7.1477,8.156,8.1482,8.3353,50.0,0,none
L02,L02-P0062,Iddq,uA,8.2064,8.8409,8.9574,9.0874,50.0,0,none
L02,L02-P0063,Iddq,uA,6.7801,7.1218,7.289,7.1846,50.0,0,none
L02,L02-P0064,Iddq,uA,9.4336,10.5092,11.3864,11.5682,50.0,0,none
L02,L02-P0065,Iddq,uA,6.7227,7.2075,7.5273,7.5811,50.0,0,none
L02,L02-P0066,Iddq,uA,7.0169,7.5158,7.5971,7.9317,50.0,0,none
L02,L02-P0067,Iddq,uA,6.5657,7.0813,7.3041,7.4658,50.0,0,none
L02,L02-P0068,Iddq,uA,7.0344,7.3401,7.7116,7.7913,50.0,0,none
L02,L02-P0069,Iddq,uA,7.4195,8.3631,8.8994,8.9365,50.0,0,none
L02,L02-P0070,Iddq,uA,6.6913,7.2465,7.5926,7.5945,50.0,0,none
L02,L02-P0071,Iddq,uA,8.1321,9.4596,9.7775,9.968,50.0,0,none
L02,L02-P0072,Iddq,uA,6.9777,7.5982,7.7421,8.1017,50.0,0,none
L02,L02-P0073,Iddq,uA,7.0571,7.982,8.3937,8.636,50.0,0,none
L02,L02-P0074,Iddq,uA,6.147,6.8098,7.0254,7.3392,50.0,0,none
L02,L02-P0075,Iddq,uA,7.1931,7.7858,8.1835,8.4401,50.0,0,none
L02,L02-P0076,Iddq,uA,6.715,7.4014,7.9709,7.9722,50.0,0,none
L02,L02-P0077,Iddq,uA,6.4647,7.0829,7.48,7.5179,50.0,0,none
L02,L02-P0078,Iddq,uA,6.3088,7.0013,7.1081,7.4519,50.0,0,none
L02,L02-P0079,Iddq,uA,8.9505,9.8087,9.8927,10.0359,50.0,0,none
L02,L02-P0080,Iddq,uA,6.583,7.744,8.1785,8.318,50.0,0,none
L02,L02-P0081,Iddq,uA,5.8505,6.2358,6.4828,6.5253,50.0,0,none
L02,L02-P0082,Iddq,uA,6.3328,7.0593,7.187,7.3852,50.0,0,none
L02,L02-P0083,Iddq,uA,6.7665,7.4358,7.6724,7.6517,50.0,0,none
L02,L02-P0084,Iddq,uA,7.3264,7.945,8.3266,8.3283,50.0,0,none
L02,L02-P0085,Iddq,uA,7.2164,7.7328,8.141,8.165,50.0,0,none
L02,L02-P0086,Iddq,uA,7.3439,8.1506,8.4425,8.5353,50.0,0,none
L02,L02-P0087,Iddq,uA,6.3201,6.9107,7.1181,7.3377,50.0,0,none
L02,L02-P0088,Iddq,uA,7.087,7.3678,7.6234,7.5919,50.0,0,none
L02,L02-P0089,Iddq,uA,6.2606,6.7171,7.1048,7.1919,50.0,0,none
L02,L02-P0090,Iddq,uA,6.5505,6.9007,6.9879,7.1475,50.0,0,none
L02,L02-P0091,Iddq,uA,6.1513,6.5085,6.7344,6.625,50.0,0,none
L02,L02-P0092,Iddq,uA,6.0689,6.573,6.8871,6.9035,50.0,0,none
L02,L02-P0093,Iddq,uA,7.6388,8.4004,8.8557,8.8698,50.0,0,none
L02,L02-P0094,Iddq,uA,7.2697,8.0779,8.3106,8.5911,50.0,0,none
L02,L02-P0095,Iddq,uA,7.5847,8.553,8.6294,8.7984,50.0,0,none
L02,L02-P0096,Iddq,uA,6.8255,7.2261,7.3847,7.4123,50.0,0,none
L02,L02-P0097,Iddq,uA,7.4715,7.7847,8.0986,8.1391,50.0,0,none
L02,L02-P0098,Iddq,uA,5.7321,6.6444,7.2316,7.1603,50.0,0,none
L02,L02-P0099,Iddq,uA,7.4771,7.8854,8.2981,8.3091,50.0,0,none
L02,L02-P0100,Iddq,uA,6.9132,7.7521,8.0501,8.1171,50.0,0,none
L02,L02-P0101,Iddq,uA,7.3363,7.8445,8.0559,8.1271,50.0,0,none
L02,L02-P0102,Iddq,uA,7.1337,7.7755,8.0381,8.0942,50.0,0,none
L02,L02-P0103,Iddq,uA,6.3005,6.5862,6.8792,6.9072,50.0,0,none
L02,L02-P0104,Iddq,uA,5.9904,6.4541,6.7271,6.8184,50.0,0,none
L02,L02-P0105,Iddq,uA,6.3882,6.8696,7.1816,7.1632,50.0,0,none
L02,L02-P0106,Iddq,uA,7.2531,7.7659,7.9258,8.2316,50.0,0,none
L02,L02-P0107,Iddq,uA,7.2317,7.8705,7.9547,8.2243,50.0,0,none
L02,L02-P0108,Iddq,uA,6.0079,6.4789,6.7274,6.9316,50.0,0,none
L02,L02-P0109,Iddq,uA,6.1822,6.5749,6.8358,6.7654,50.0,0,none
L02,L02-P0110,Iddq,uA,6.3663,7.0784,7.3444,7.3856,50.0,0,none
L02,L02-P0111,Iddq,uA,6.5787,7.3682,8.073,9.084,50.0,1,erratic
L02,L02-P0112,Iddq,uA,5.9583,6.7766,7.1849,7.1639,50.0,0,none
L02,L02-P0113,Iddq,uA,5.9168,6.6053,6.8235,7.0866,50.0,0,none
L02,L02-P0114,Iddq,uA,6.3555,6.8703,7.2113,7.0715,50.0,0,none
L02,L02-P0115,Iddq,uA,6.8967,7.2707,7.323,7.4726,50.0,0,none
L02,L02-P0116,Iddq,uA,6.009,6.4882,6.6686,6.6801,50.0,0,none
L02,L02-P0117,Iddq,uA,6.635,7.5792,8.0748,8.1852,50.0,0,none
L02,L02-P0118,Iddq,uA,7.4,8.2437,8.3807,8.3933,50.0,0,none
L02,L02-P0119,Iddq,uA,6.0627,6.3971,6.5796,6.7246,50.0,0,none
L02,L02-P0120,Iddq,uA,6.8185,7.3906,7.5403,7.6474,50.0,0,none
L02,L02-P0121,Iddq,uA,7.6366,7.9714,8.3345,8.3053,50.0,0,none
L02,L02-P0122,Iddq,uA,6.5785,6.9502,7.1739,7.217,50.0,0,none
L02,L02-P0123,Iddq,uA,6.261,7.0412,7.3165,7.4013,50.0,0,none
L02,L02-P0124,Iddq,uA,7.6745,8.3474,8.4606,8.563,50.0,0,none
L02,L02-P0125,Iddq,uA,6.7012,7.1352,7.2452,7.2149,50.0,0,none
L02,L02-P0126,Iddq,uA,7.6008,8.2433,8.3802,8.572,50.0,0,none
L02,L02-P0127,Iddq,uA,7.1485,7.9914,8.1814,8.3743,50.0,0,none
L02,L02-P0128,Iddq,uA,6.6408,7.2702,7.2703,7.4568,50.0,0,none
L02,L02-P0129,Iddq,uA,7.2353,7.9074,8.0632,8.1256,50.0,0,none
L02,L02-P0130,Iddq,uA,7.1144,7.889,8.1116,8.2993,50.0,0,none
L02,L02-P0131,Iddq,uA,7.6634,8.3836,8.565,8.6181,50.0,0,none
L02,L02-P0132,Iddq,uA,6.4693,7.0478,7.2259,7.3406,50.0,0,none
L02,L02-P0133,Iddq,uA,6.7939,7.6766,7.7881,7.9656,50.0,0,none
L02,L02-P0134,Iddq,uA,6.8026,7.6949,7.8249,7.9339,50.0,0,none
L02,L02-P0135,Iddq,uA,7.2969,8.1022,8.0067,8.2608,50.0,0,none
L02,L02-P0136,Iddq,uA,6.342,6.78,6.9029,7.0748,50.0,0,none
L02,L02-P0137,Iddq,uA,7.5757,8.1783,8.4911,8.4621,50.0,0,none
L02,L02-P0138,Iddq,uA,7.1261,7.7232,7.8176,7.8765,50.0,0,none
L02,L02-P0139,Iddq,uA,5.889,6.5692,6.8969,6.9933,50.0,0,none
L02,L02-P0140,Iddq,uA,7.7411,8.409,8.571,8.8883,50.0,0,none
L02,L02-P0141,Iddq,uA,8.511,9.3764,9.9551,9.8962,50.0,0,none
L02,L02-P0142,Iddq,uA,7.626,8.2975,8.6072,8.6657,50.0,0,none
L02,L02-P0143,Iddq,uA,7.883,8.5417,8.9257,9.0133,50.0,0,none
L02,L02-P0144,Iddq,uA,6.8318,7.7378,8.0177,8.0792,50.0,0,none
L02,L02-P0145,Iddq,uA,5.7988,6.4747,6.7122,6.8945,50.0,0,none
L02,L02-P0146,Iddq,uA,5.6503,6.2982,6.5343,6.733,50.0,0,none
L02,L02-P0147,Iddq,uA,7.0546,7.5744,8.0864,8.0619,50.0,0,none
L02,L02-P0148,Iddq,uA,6.5292,7.3822,7.838,7.7842,50.0,0,none
L02,L02-P0149,Iddq,uA,6.0821,6.8107,7.1342,7.2091,50.0,0,none
L02,L02-P0150,Iddq,uA,6.8139,7.6345,7.8757,8.0371,50.0,0,none
L02,L02-P0151,Iddq,uA,7.2044,7.8977,8.4195,8.416,50.0,0,none
L02,L02-P0152,Iddq,uA,5.8759,6.4454,6.6834,6.7775,50.0,0,none
L02,L02-P0153,Iddq,uA,6.4542,6.9049,7.194,7.2463,50.0,0,none
L02,L02-P0154,Iddq,uA,8.0419,8.8626,9.2332,9.2918,50.0,0,none
L02,L02-P0155,Iddq,uA,6.1328,7.4645,8.0415,8.2002,50.0,0,none
L02,L02-P0156,Iddq,uA,7.5408,8.0604,8.3786,8.3747,50.0,0,none
L02,L02-P0157,Iddq,uA,6.3971,7.132,7.4187,7.5115,50.0,0,none
L02,L02-P0158,Iddq,uA,7.2524,7.7632,7.9652,8.1727,50.0,0,none
L02,L02-P0159,Iddq,uA,7.6643,8.1789,8.5693,8.5017,50.0,0,none
L02,L02-P0160,Iddq,uA,7.3217,8.5567,8.9388,9.0108,50.0,0,none
L02,L02-P0161,Iddq,uA,7.5108,8.0525,8.048,8.2915,50.0,0,none
L02,L02-P0162,Iddq,uA,6.0904,6.5458,6.7863,6.9294,50.0,0,none
L02,L02-P0163,Iddq,uA,7.6196,7.9865,8.2782,8.2979,50.0,0,none
L02,L02-P0164,Iddq,uA,6.2688,6.7091,7.0752,6.8409,50.0,0,none
L02,L02-P0165,Iddq,uA,6.9907,7.3959,7.4967,7.6896,50.0,0,none
L02,L02-P0166,Iddq,uA,7.0743,7.7764,8.0797,8.2241,50.0,0,none
L02,L02-P0167,Iddq,uA,7.1706,8.6674,9.2869,9.5866,50.0,0,none
L02,L02-P0168,Iddq,uA,7.1259,7.5491,7.8003,7.8427,50.0,0,none
L02,L02-P0169,Iddq,uA,6.3388,6.6438,6.8059,6.7338,50.0,0,none
L02,L02-P0170,Iddq,uA,6.0814,6.6375,6.9864,7.157,50.0,0,none
L02,L02-P0171,Iddq,uA,7.3885,7.9581,8.2438,8.5634,50.0,0,none
L02,L02-P0172,Iddq,uA,6.9873,8.0198,8.3824,8.4727,50.0,0,none
L02,L02-P0173,Iddq,uA,7.596,8.3943,8.4456,8.8226,50.0,0,none
L02,L02-P0174,Iddq,uA,6.821,7.8948,10.5897,13.0685,50.0,1,latent_linear
L02,L02-P0175,Iddq,uA,5.9268,6.4939,6.6047,6.661,50.0,0,none
L02,L02-P0176,Iddq,uA,7.5267,8.3856,8.7109,8.9978,50.0,0,none
L02,L02-P0177,Iddq,uA,6.5333,7.1653,7.3812,7.3563,50.0,0,none
L02,L02-P0178,Iddq,uA,6.9833,7.6255,8.0129,7.9965,50.0,0,none
L02,L02-P0179,Iddq,uA,6.2992,6.7393,7.2339,7.2678,50.0,0,none
L02,L02-P0180,Iddq,uA,8.1536,8.4814,8.7958,8.9256,50.0,0,none
L02,L02-P0181,Iddq,uA,6.2356,6.8692,7.1678,7.3151,50.0,0,none
L02,L02-P0182,Iddq,uA,6.6099,7.027,7.0728,7.071,50.0,0,none
L02,L02-P0183,Iddq,uA,7.0499,7.4113,7.642,7.7743,50.0,0,none
L02,L02-P0184,Iddq,uA,6.134,6.7963,7.1132,7.231,50.0,0,none
L02,L02-P0185,Iddq,uA,7.0803,7.5835,8.2108,8.1659,50.0,0,none
L02,L02-P0186,Iddq,uA,8.0818,8.7763,9.2182,9.3475,50.0,0,none
L02,L02-P0187,Iddq,uA,6.6068,7.0435,7.3827,7.3778,50.0,0,none
L02,L02-P0188,Iddq,uA,7.0816,8.0033,8.5146,8.4025,50.0,0,none
L02,L02-P0189,Iddq,uA,5.1251,5.6977,6.0038,6.1259,50.0,0,none
L02,L02-P0190,Iddq,uA,6.7022,7.4571,7.6515,7.8477,50.0,0,none
L02,L02-P0191,Iddq,uA,6.707,7.4447,7.761,7.8037,50.0,0,none
L02,L02-P0192,Iddq,uA,6.2041,6.9308,7.3061,7.4965,50.0,0,none
L02,L02-P0193,Iddq,uA,7.6886,8.2725,8.4114,8.5794,50.0,0,none
L02,L02-P0194,Iddq,uA,6.597,7.0021,7.3317,7.1258,50.0,0,none
L02,L02-P0195,Iddq,uA,6.7018,7.4935,7.5802,7.7603,50.0,0,none
L02,L02-P0196,Iddq,uA,6.5499,7.2664,7.4566,7.743,50.0,0,none
L02,L02-P0197,Iddq,uA,5.682,6.3811,6.5879,6.7729,50.0,0,none
L02,L02-P0198,Iddq,uA,6.0508,6.4987,6.8409,6.7732,50.0,0,none
L02,L02-P0199,Iddq,uA,7.4395,8.059,8.151,8.2514,50.0,0,none
L02,L02-P0200,Iddq,uA,5.4789,6.081,6.4088,6.4851,50.0,0,none
L02,L02-P0201,Iddq,uA,6.3663,6.8156,7.0875,7.2418,50.0,0,none
L02,L02-P0202,Iddq,uA,6.5286,6.8863,7.0781,7.0801,50.0,0,none
L02,L02-P0203,Iddq,uA,8.16,9.1054,9.2909,9.5604,50.0,0,none
L02,L02-P0204,Iddq,uA,7.4261,7.6528,7.8396,7.9259,50.0,0,none
L02,L02-P0205,Iddq,uA,6.412,6.8991,7.1336,7.256,50.0,0,none
L02,L02-P0206,Iddq,uA,7.8156,8.804,9.095,9.4744,50.0,0,none
L02,L02-P0207,Iddq,uA,6.3511,7.3507,7.9184,8.0227,50.0,0,none
L02,L02-P0208,Iddq,uA,7.6242,7.9603,8.1942,8.31,50.0,0,none
L02,L02-P0209,Iddq,uA,5.9223,6.4874,6.6837,6.6708,50.0,0,none
L02,L02-P0210,Iddq,uA,7.705,9.011,11.2333,13.5819,50.0,1,latent_linear
L02,L02-P0211,Iddq,uA,6.584,7.6477,7.9714,8.2402,50.0,0,none
L02,L02-P0212,Iddq,uA,6.1806,6.5611,6.7533,7.0104,50.0,0,none
L02,L02-P0213,Iddq,uA,6.7714,7.2361,7.5446,7.6025,50.0,0,none
L02,L02-P0214,Iddq,uA,7.0786,7.9643,8.609,8.6813,50.0,0,none
L02,L02-P0215,Iddq,uA,6.4825,6.9841,7.27,7.2199,50.0,0,none
L02,L02-P0216,Iddq,uA,7.2785,9.234,13.5059,17.3941,50.0,1,latent_linear
L02,L02-P0217,Iddq,uA,6.4333,6.7716,6.9687,7.1786,50.0,0,none
L02,L02-P0218,Iddq,uA,7.3774,7.9259,8.1578,8.3372,50.0,0,none
L02,L02-P0219,Iddq,uA,7.2286,7.476,7.697,7.6301,50.0,0,none
L02,L02-P0220,Iddq,uA,6.8731,7.3931,7.4356,7.3487,50.0,0,none
L02,L02-P0221,Iddq,uA,6.5824,7.234,7.5683,7.798,50.0,0,none
L02,L02-P0222,Iddq,uA,6.9601,7.5211,7.7665,7.9332,50.0,0,none
L02,L02-P0223,Iddq,uA,7.1955,7.7296,8.0379,8.1944,50.0,0,none
L02,L02-P0224,Iddq,uA,8.3901,10.6013,16.2297,21.1442,50.0,1,latent_linear
L02,L02-P0225,Iddq,uA,7.4786,8.0943,8.4237,8.5683,50.0,0,none
L02,L02-P0226,Iddq,uA,7.625,8.2234,8.6455,8.7401,50.0,0,none
L02,L02-P0227,Iddq,uA,20.7786,24.1462,24.4138,25.3141,50.0,1,lot_outlier
L02,L02-P0228,Iddq,uA,7.2284,7.5158,7.5817,7.7338,50.0,0,none
L02,L02-P0229,Iddq,uA,7.0666,7.676,7.8486,7.926,50.0,0,none
L02,L02-P0230,Iddq,uA,7.3686,8.1166,8.2928,8.5069,50.0,0,none
L02,L02-P0231,Iddq,uA,6.1842,6.6614,6.9307,7.0206,50.0,0,none
L02,L02-P0232,Iddq,uA,6.4954,7.236,7.5025,7.4795,50.0,0,none
L02,L02-P0233,Iddq,uA,6.3937,7.1643,7.3408,7.533,50.0,0,none
L02,L02-P0234,Iddq,uA,7.353,7.7952,8.0331,8.39,50.0,0,none
L02,L02-P0235,Iddq,uA,6.7434,7.2058,7.3842,7.5042,50.0,0,none
L02,L02-P0236,Iddq,uA,6.8511,7.5794,7.6969,7.9433,50.0,0,none
L02,L02-P0237,Iddq,uA,7.5937,8.5033,8.9621,8.93,50.0,0,none
L02,L02-P0238,Iddq,uA,7.4459,7.9799,8.2884,8.1579,50.0,0,none
L02,L02-P0239,Iddq,uA,22.7835,24.711,25.6661,25.6762,50.0,1,lot_outlier
L02,L02-P0240,Iddq,uA,6.4596,6.9001,7.3104,7.3068,50.0,0,none
L02,L02-P0241,Iddq,uA,7.5352,8.6637,9.2258,9.3379,50.0,0,none
L02,L02-P0242,Iddq,uA,7.4164,7.8529,8.0784,8.4724,50.0,0,none
L02,L02-P0243,Iddq,uA,5.8753,6.453,6.8151,7.0068,50.0,0,none
L02,L02-P0244,Iddq,uA,6.6548,7.501,7.9399,7.944,50.0,0,none
L02,L02-P0245,Iddq,uA,6.9543,7.5645,7.8031,7.8994,50.0,0,none
L02,L02-P0246,Iddq,uA,7.3976,8.0195,8.1934,8.4549,50.0,0,none
L02,L02-P0247,Iddq,uA,7.4172,8.083,8.3332,8.4935,50.0,0,none
L02,L02-P0248,Iddq,uA,6.8875,7.6895,7.8152,8.0672,50.0,0,none
L02,L02-P0249,Iddq,uA,7.2158,8.0895,8.6118,8.5701,50.0,0,none
L02,L02-P0250,Iddq,uA,6.9677,7.5486,7.8578,7.9453,50.0,0,none
L02,L02-P0251,Iddq,uA,6.4464,6.9613,7.198,7.3287,50.0,0,none
L02,L02-P0252,Iddq,uA,6.6681,7.0735,7.3211,7.4395,50.0,0,none
L02,L02-P0253,Iddq,uA,6.7844,7.2586,7.3993,7.7415,50.0,0,none
L02,L02-P0254,Iddq,uA,6.835,8.019,8.3592,8.6731,50.0,0,none
L02,L02-P0255,Iddq,uA,5.6909,6.1295,6.4171,6.5822,50.0,0,none
L02,L02-P0256,Iddq,uA,6.5093,6.9683,7.1741,7.4367,50.0,0,none
L02,L02-P0257,Iddq,uA,6.9485,7.8165,8.2305,8.3232,50.0,0,none
L02,L02-P0258,Iddq,uA,6.7075,7.2714,7.5536,7.7325,50.0,0,none
L02,L02-P0259,Iddq,uA,6.6585,7.3677,7.6866,7.8713,50.0,0,none
L02,L02-P0260,Iddq,uA,7.2994,7.8459,8.1262,8.1518,50.0,0,none
L02,L02-P0261,Iddq,uA,6.0947,6.6835,6.8632,6.84,50.0,0,none
L02,L02-P0262,Iddq,uA,5.7908,6.3014,6.4828,6.7002,50.0,0,none
L02,L02-P0263,Iddq,uA,6.6355,7.093,7.1804,7.2351,50.0,0,none
L02,L02-P0264,Iddq,uA,7.3126,8.0292,8.3019,8.2981,50.0,0,none
L02,L02-P0265,Iddq,uA,8.0525,8.8636,9.2659,9.4083,50.0,0,none
L02,L02-P0266,Iddq,uA,7.3518,8.5942,9.0258,8.9808,50.0,0,none
L02,L02-P0267,Iddq,uA,5.8749,6.5185,6.5668,6.7798,50.0,0,none
L02,L02-P0268,Iddq,uA,6.7875,6.9263,7.1051,7.0637,50.0,0,none
L02,L02-P0269,Iddq,uA,7.1309,7.6232,7.8918,8.103,50.0,0,none
L02,L02-P0270,Iddq,uA,7.0067,8.3122,8.9275,9.277,50.0,0,none
L02,L02-P0271,Iddq,uA,7.1722,7.8905,8.4096,8.4336,50.0,0,none
L02,L02-P0272,Iddq,uA,6.3399,6.6902,6.802,6.8914,50.0,0,none
L02,L02-P0273,Iddq,uA,6.7537,7.5387,8.0145,8.243,50.0,0,none
L02,L02-P0274,Iddq,uA,7.1837,7.6384,7.8279,7.8747,50.0,0,none
L02,L02-P0275,Iddq,uA,7.5815,7.8574,8.2321,8.2507,50.0,0,none
L02,L02-P0276,Iddq,uA,6.1993,6.7742,6.988,7.1174,50.0,0,none
L02,L02-P0277,Iddq,uA,6.6018,7.4362,7.394,7.5968,50.0,0,none
L02,L02-P0278,Iddq,uA,5.249,5.4844,5.6034,5.5848,50.0,0,none
L02,L02-P0279,Iddq,uA,6.4324,6.8702,7.0307,7.1188,50.0,0,none
L02,L02-P0280,Iddq,uA,6.5806,7.1406,7.3259,7.3352,50.0,0,none
L02,L02-P0281,Iddq,uA,6.1376,6.6515,6.8906,6.9248,50.0,0,none
L02,L02-P0282,Iddq,uA,6.8875,7.566,7.8229,8.0556,50.0,0,none
L02,L02-P0283,Iddq,uA,6.7005,7.1528,7.3747,7.3779,50.0,0,none
L02,L02-P0284,Iddq,uA,5.4749,6.1072,6.2837,6.3952,50.0,0,none
L02,L02-P0285,Iddq,uA,7.0247,7.375,7.5541,7.7821,50.0,0,none
L02,L02-P0286,Iddq,uA,6.2866,7.1922,7.6058,7.5434,50.0,0,none
L02,L02-P0287,Iddq,uA,7.2764,7.5943,7.8057,7.824,50.0,0,none
L02,L02-P0288,Iddq,uA,6.0176,6.387,6.593,6.6155,50.0,0,none
L02,L02-P0289,Iddq,uA,6.9183,7.439,7.8102,8.138,50.0,0,none
L02,L02-P0290,Iddq,uA,6.6054,7.6141,7.9766,8.245,50.0,0,none
L02,L02-P0291,Iddq,uA,6.9968,7.7313,8.1079,8.1027,50.0,0,none
L02,L02-P0292,Iddq,uA,6.9786,7.7247,8.0567,8.1108,50.0,0,none
L02,L02-P0293,Iddq,uA,6.8851,7.3455,7.5469,7.5599,50.0,0,none
L02,L02-P0294,Iddq,uA,5.8577,6.341,6.5251,6.578,50.0,0,none
L02,L02-P0295,Iddq,uA,5.9447,6.277,6.5813,6.5466,50.0,0,none
L02,L02-P0296,Iddq,uA,6.3546,6.8697,7.0601,7.1572,50.0,0,none
L02,L02-P0297,Iddq,uA,6.8663,7.2898,7.3549,7.492,50.0,0,none
L02,L02-P0298,Iddq,uA,6.3378,6.9466,7.4171,7.4189,50.0,0,none
L02,L02-P0299,Iddq,uA,7.3432,7.8335,7.8951,8.0723,50.0,0,none
L02,L02-P0300,Iddq,uA,6.6057,7.1744,7.5948,7.6629,50.0,0,none
L02,L02-P0301,Iddq,uA,6.1811,6.7178,6.6435,6.837,50.0,0,none
L02,L02-P0302,Iddq,uA,6.5844,7.3709,7.6025,7.7219,50.0,0,none
L02,L02-P0303,Iddq,uA,6.9285,7.4803,7.8391,8.001,50.0,0,none
L02,L02-P0304,Iddq,uA,7.0979,7.9615,8.4702,8.8203,50.0,0,none
L02,L02-P0305,Iddq,uA,8.2606,9.2041,9.3457,9.5523,50.0,0,none
L02,L02-P0306,Iddq,uA,6.4349,7.2577,7.5222,7.6616,50.0,0,none
L02,L02-P0307,Iddq,uA,6.8552,7.3619,7.5938,7.7015,50.0,0,none
L02,L02-P0308,Iddq,uA,7.1455,7.7647,8.1736,8.2351,50.0,0,none
L02,L02-P0309,Iddq,uA,28.7303,30.6408,31.9352,32.0571,50.0,1,lot_outlier
L02,L02-P0310,Iddq,uA,6.502,7.0964,7.2936,7.4257,50.0,0,none
L02,L02-P0311,Iddq,uA,5.7438,6.359,6.5937,6.5316,50.0,0,none
L02,L02-P0312,Iddq,uA,6.4547,6.909,7.167,7.3655,50.0,0,none
L02,L02-P0313,Iddq,uA,6.2667,6.4721,6.7219,6.7907,50.0,0,none
L02,L02-P0314,Iddq,uA,5.7751,6.1159,6.2532,6.3997,50.0,0,none
L02,L02-P0315,Iddq,uA,6.3845,6.5266,6.7684,6.824,50.0,0,none
L02,L02-P0316,Iddq,uA,6.177,6.6359,6.7439,6.8145,50.0,0,none
L02,L02-P0317,Iddq,uA,7.2581,7.8762,8.3618,8.4477,50.0,0,none
L02,L02-P0318,Iddq,uA,7.1763,7.7772,7.8765,7.9043,50.0,0,none
L02,L02-P0319,Iddq,uA,6.2113,6.639,6.844,6.7844,50.0,0,none
L02,L02-P0320,Iddq,uA,6.6618,7.7551,7.9645,8.2924,50.0,0,none
L02,L02-P0321,Iddq,uA,5.6532,6.0914,6.2459,6.3589,50.0,0,none
L02,L02-P0322,Iddq,uA,6.6342,7.1295,7.446,7.6873,50.0,0,none
L02,L02-P0323,Iddq,uA,7.0775,8.0375,8.2205,8.5042,50.0,0,none
L02,L02-P0324,Iddq,uA,7.4824,8.267,8.5794,8.6714,50.0,0,none
L02,L02-P0325,Iddq,uA,6.3718,6.7905,6.8818,6.9233,50.0,0,none
L02,L02-P0326,Iddq,uA,7.578,8.317,8.6084,8.5563,50.0,0,none
L02,L02-P0327,Iddq,uA,5.8363,6.2244,6.4355,6.4677,50.0,0,none
L02,L02-P0328,Iddq,uA,5.9602,7.1477,7.5724,7.8173,50.0,0,none
L02,L02-P0329,Iddq,uA,7.46,7.6412,7.7959,7.9278,50.0,0,none
L02,L02-P0330,Iddq,uA,8.106,8.6675,8.8764,9.0348,50.0,0,none
L02,L02-P0331,Iddq,uA,7.0585,7.7487,7.832,7.9964,50.0,0,none
L02,L02-P0332,Iddq,uA,6.7208,7.2019,7.3837,7.5202,50.0,0,none
L02,L02-P0333,Iddq,uA,5.4029,6.2323,6.4719,6.7042,50.0,0,none
L02,L02-P0334,Iddq,uA,5.6285,6.7102,11.7111,12.1853,50.0,1,step_jump
L02,L02-P0335,Iddq,uA,7.022,7.3458,7.7424,7.8634,50.0,0,none
L02,L02-P0336,Iddq,uA,6.5802,6.9125,7.2329,7.1476,50.0,0,none
L02,L02-P0337,Iddq,uA,6.1106,6.4005,6.5685,6.5292,50.0,0,none
L02,L02-P0338,Iddq,uA,6.836,7.4659,7.7789,7.9808,50.0,0,none
L02,L02-P0339,Iddq,uA,6.8137,7.5069,7.6383,7.8994,50.0,0,none
L02,L02-P0340,Iddq,uA,7.4456,8.0178,8.2576,8.3959,50.0,0,none
L02,L02-P0341,Iddq,uA,6.9545,7.6355,7.879,7.8888,50.0,0,none
L02,L02-P0342,Iddq,uA,7.7889,8.5113,8.9492,8.9176,50.0,0,none
L02,L02-P0343,Iddq,uA,6.7346,7.5193,7.9095,7.9375,50.0,0,none
L02,L02-P0344,Iddq,uA,6.746,7.2493,7.6795,7.5628,50.0,0,none
L02,L02-P0345,Iddq,uA,7.5515,8.1446,8.1528,8.498,50.0,0,none
L02,L02-P0346,Iddq,uA,6.2389,6.9435,7.2084,7.2741,50.0,0,none
L02,L02-P0347,Iddq,uA,8.9668,9.8674,10.1268,10.4177,50.0,0,none
L02,L02-P0348,Iddq,uA,7.1571,8.0516,8.3157,8.507,50.0,0,none
L02,L02-P0349,Iddq,uA,7.0825,7.876,8.2942,8.3624,50.0,0,none
L02,L02-P0350,Iddq,uA,7.2263,7.5497,7.74,7.9318,50.0,0,none
L02,L02-P0351,Iddq,uA,8.3246,8.6484,8.9975,8.9728,50.0,0,none
L02,L02-P0352,Iddq,uA,7.4036,8.0466,8.2232,8.3146,50.0,0,none
L02,L02-P0353,Iddq,uA,5.9354,6.1614,6.3032,6.3852,50.0,0,none
L02,L02-P0354,Iddq,uA,7.8491,8.5535,9.1125,9.2342,50.0,0,none
L02,L02-P0355,Iddq,uA,6.6606,7.295,7.5025,7.707,50.0,0,none
L02,L02-P0356,Iddq,uA,6.9618,7.717,8.1008,8.1076,50.0,0,none
L02,L02-P0357,Iddq,uA,5.9509,6.5769,6.8879,6.9222,50.0,0,none
L02,L02-P0358,Iddq,uA,7.1708,7.802,8.203,8.3436,50.0,0,none
L02,L02-P0359,Iddq,uA,6.4322,7.2335,7.4647,7.6754,50.0,0,none
L02,L02-P0360,Iddq,uA,6.8787,7.5917,7.9297,8.1628,50.0,0,none
L02,L02-P0361,Iddq,uA,6.7004,7.1853,7.5649,7.668,50.0,0,none
L02,L02-P0362,Iddq,uA,8.2242,9.5346,9.928,10.0025,50.0,0,none
L02,L02-P0363,Iddq,uA,8.3765,9.1349,9.4208,9.5727,50.0,0,none
L02,L02-P0364,Iddq,uA,6.8206,7.4796,7.6684,7.782,50.0,0,none
L02,L02-P0365,Iddq,uA,6.9065,7.279,7.499,7.4822,50.0,0,none
L02,L02-P0366,Iddq,uA,6.6244,7.2308,7.6374,7.7823,50.0,0,none
L02,L02-P0367,Iddq,uA,7.6845,8.5312,9.0482,9.3813,50.0,0,none
L02,L02-P0368,Iddq,uA,6.7309,7.2744,7.4751,7.4756,50.0,0,none
L02,L02-P0369,Iddq,uA,6.6029,7.4172,7.8406,7.8973,50.0,0,none
L02,L02-P0370,Iddq,uA,7.5285,7.9303,8.0955,8.1807,50.0,0,none
L02,L02-P0371,Iddq,uA,6.4419,6.9586,7.4137,7.5795,50.0,0,none
L02,L02-P0372,Iddq,uA,6.8427,7.3202,7.6138,7.8171,50.0,0,none
L02,L02-P0373,Iddq,uA,5.9158,6.1839,6.4293,6.5229,50.0,0,none
L02,L02-P0374,Iddq,uA,7.4009,8.6573,9.1121,9.5477,50.0,0,none
L02,L02-P0375,Iddq,uA,8.3979,9.029,9.383,9.4266,50.0,0,none
L02,L02-P0376,Iddq,uA,7.2878,8.0168,8.2132,8.3231,50.0,0,none
L02,L02-P0377,Iddq,uA,8.035,8.5424,8.8862,9.0735,50.0,0,none
L02,L02-P0378,Iddq,uA,6.2474,6.6446,6.7107,6.7099,50.0,0,none
L02,L02-P0379,Iddq,uA,7.0062,7.516,7.7869,7.8317,50.0,0,none
L02,L02-P0380,Iddq,uA,6.2507,6.9964,7.277,7.3675,50.0,0,none
L02,L02-P0381,Iddq,uA,6.7031,7.158,7.5176,7.5786,50.0,0,none
L02,L02-P0382,Iddq,uA,7.4342,7.9357,8.117,8.1106,50.0,0,none
L02,L02-P0383,Iddq,uA,6.893,7.8367,8.2354,8.4148,50.0,0,none
L02,L02-P0384,Iddq,uA,5.9913,6.6885,7.0232,7.3145,50.0,0,none
L02,L02-P0385,Iddq,uA,6.0411,6.5988,6.8826,6.9914,50.0,0,none
L02,L02-P0386,Iddq,uA,5.957,6.4531,6.7895,6.7129,50.0,0,none
L02,L02-P0387,Iddq,uA,7.2304,7.654,7.9987,8.242,50.0,0,none
L02,L02-P0388,Iddq,uA,8.4407,8.6146,9.3141,9.5352,50.0,0,none
L02,L02-P0389,Iddq,uA,7.682,8.4881,8.346,8.7525,50.0,0,none
L02,L02-P0390,Iddq,uA,5.6556,5.8881,6.2125,6.3214,50.0,0,none
L02,L02-P0391,Iddq,uA,7.9117,8.522,8.6847,8.6595,50.0,0,none
L02,L02-P0392,Iddq,uA,7.5619,8.1465,8.3072,8.136,50.0,0,none
L02,L02-P0393,Iddq,uA,5.77,6.1357,6.2268,6.3865,50.0,0,none
L02,L02-P0394,Iddq,uA,6.6597,7.1678,7.5984,7.6957,50.0,0,none
L02,L02-P0395,Iddq,uA,7.5886,8.3526,8.5097,8.7751,50.0,0,none
L02,L02-P0396,Iddq,uA,7.2257,8.3222,8.7976,8.973,50.0,0,none
L02,L02-P0397,Iddq,uA,5.9824,6.4584,6.6927,6.6958,50.0,0,none
L02,L02-P0398,Iddq,uA,7.292,7.9689,8.2315,8.4523,50.0,0,none
L02,L02-P0399,Iddq,uA,5.4904,6.0901,6.2983,6.3712,50.0,0,none
L02,L02-P0400,Iddq,uA,6.6652,7.208,7.3575,7.6049,50.0,0,none
L02,L02-P0401,Iddq,uA,20.8967,23.3917,24.0536,25.0568,50.0,1,lot_outlier
L02,L02-P0402,Iddq,uA,6.8246,5.2361,9.4689,7.9105,50.0,1,erratic
L02,L02-P0403,Iddq,uA,6.6053,7.2493,7.4673,7.4668,50.0,0,none
L02,L02-P0404,Iddq,uA,7.6111,8.069,8.3373,8.5898,50.0,0,none
L02,L02-P0405,Iddq,uA,7.5885,8.3293,8.4256,8.4761,50.0,0,none
L02,L02-P0406,Iddq,uA,7.7483,8.1101,8.4338,8.6359,50.0,0,none
L02,L02-P0407,Iddq,uA,7.5081,7.9922,8.1314,8.3225,50.0,0,none
L02,L02-P0408,Iddq,uA,7.6971,8.2238,8.4421,8.4585,50.0,0,none
L02,L02-P0409,Iddq,uA,7.4224,7.5895,8.0608,8.3228,50.0,0,none
L02,L02-P0410,Iddq,uA,6.9169,7.7244,8.0462,8.1335,50.0,0,none
L02,L02-P0411,Iddq,uA,6.9713,7.8253,8.1753,8.3828,50.0,0,none
L02,L02-P0412,Iddq,uA,6.6786,5.1238,8.9229,8.3905,50.0,1,erratic
L02,L02-P0413,Iddq,uA,5.9539,6.6139,6.9795,6.9094,50.0,0,none
L02,L02-P0414,Iddq,uA,6.0818,6.6266,6.891,6.8708,50.0,0,none
L02,L02-P0415,Iddq,uA,6.6253,7.0611,7.4571,7.5675,50.0,0,none
L02,L02-P0416,Iddq,uA,6.8815,7.6034,7.7929,7.9109,50.0,0,none
L02,L02-P0417,Iddq,uA,7.9448,8.8074,9.1562,9.3362,50.0,0,none
L02,L02-P0418,Iddq,uA,6.6866,7.2003,7.4646,7.5961,50.0,0,none
L02,L02-P0419,Iddq,uA,7.5897,8.5095,8.9697,9.1333,50.0,0,none
L02,L02-P0420,Iddq,uA,7.5518,8.2744,8.451,8.6165,50.0,0,none
L02,L02-P0421,Iddq,uA,6.7029,6.9356,7.5647,7.5123,50.0,0,none
L02,L02-P0422,Iddq,uA,7.2142,7.8556,7.8671,7.9824,50.0,0,none
L02,L02-P0423,Iddq,uA,6.6408,7.4431,7.5861,7.7174,50.0,0,none
L02,L02-P0424,Iddq,uA,7.8999,8.7753,9.1061,9.3731,50.0,0,none
L02,L02-P0425,Iddq,uA,7.4746,8.0244,8.3085,8.436,50.0,0,none
L02,L02-P0426,Iddq,uA,6.1499,7.0964,7.5683,7.6552,50.0,0,none
L02,L02-P0427,Iddq,uA,6.8676,7.8688,8.3095,8.6311,50.0,0,none
L02,L02-P0428,Iddq,uA,8.1075,8.6467,8.9393,9.245,50.0,0,none
L02,L02-P0429,Iddq,uA,6.7911,7.2663,7.4626,7.6763,50.0,0,none
L02,L02-P0430,Iddq,uA,7.0806,7.9232,8.3928,8.3492,50.0,0,none
L02,L02-P0431,Iddq,uA,7.1661,7.7591,7.903,7.9162,50.0,0,none
L02,L02-P0432,Iddq,uA,6.2074,7.0292,7.26,7.3904,50.0,0,none
L02,L02-P0433,Iddq,uA,7.1276,7.9064,8.1762,8.2629,50.0,0,none
L02,L02-P0434,Iddq,uA,6.0612,6.5561,6.8079,6.9297,50.0,0,none
L02,L02-P0435,Iddq,uA,6.4726,7.1037,7.4526,7.5345,50.0,0,none
L02,L02-P0436,Iddq,uA,7.6487,8.7942,9.2128,9.3216,50.0,0,none
L02,L02-P0437,Iddq,uA,7.0969,7.7419,7.8899,8.1977,50.0,0,none
L02,L02-P0438,Iddq,uA,6.697,7.3943,7.4236,7.5116,50.0,0,none
L02,L02-P0439,Iddq,uA,7.0715,8.1792,8.6057,8.692,50.0,0,none
L02,L02-P0440,Iddq,uA,6.785,7.4654,8.033,8.0378,50.0,0,none
L02,L02-P0441,Iddq,uA,29.1128,31.0567,32.3167,32.8241,50.0,1,lot_outlier
L02,L02-P0442,Iddq,uA,7.3017,7.999,8.3573,8.4128,50.0,0,none
L02,L02-P0443,Iddq,uA,6.4193,7.0659,7.2613,7.322,50.0,0,none
L02,L02-P0444,Iddq,uA,6.9352,7.6357,7.8953,7.8481,50.0,0,none
L02,L02-P0445,Iddq,uA,6.572,7.0052,7.248,7.2587,50.0,0,none
L02,L02-P0446,Iddq,uA,5.9012,6.2467,6.3803,6.4384,50.0,0,none
L02,L02-P0447,Iddq,uA,6.1718,6.6984,6.8058,6.8082,50.0,0,none
L02,L02-P0448,Iddq,uA,7.977,8.6528,8.8064,9.0395,50.0,0,none
L02,L02-P0449,Iddq,uA,7.1189,7.8227,7.8695,7.9483,50.0,0,none
L02,L02-P0450,Iddq,uA,5.9134,6.7157,6.8816,6.9833,50.0,0,none
L02,L02-P0451,Iddq,uA,5.9366,6.4365,6.6484,6.6359,50.0,0,none
L02,L02-P0452,Iddq,uA,6.7581,7.4025,7.7391,7.9121,50.0,0,none
L02,L02-P0453,Iddq,uA,8.0238,8.662,8.7809,8.7678,50.0,0,none
L02,L02-P0454,Iddq,uA,6.7671,7.3616,7.6091,7.6394,50.0,0,none
L02,L02-P0455,Iddq,uA,7.7955,8.6112,9.0341,9.2806,50.0,0,none
L02,L02-P0456,Iddq,uA,7.1138,7.8807,8.1701,8.2702,50.0,0,none
L02,L02-P0457,Iddq,uA,7.1565,7.6976,8.0428,7.9762,50.0,0,none
L02,L02-P0458,Iddq,uA,5.9854,6.4909,6.8342,6.9775,50.0,0,none
L02,L02-P0459,Iddq,uA,7.6336,8.8357,9.4223,9.5791,50.0,0,none
L02,L02-P0460,Iddq,uA,6.6475,7.2271,7.4581,7.5662,50.0,0,none
L02,L02-P0461,Iddq,uA,7.4886,7.9762,8.2093,8.4665,50.0,0,none
L02,L02-P0462,Iddq,uA,6.476,6.7593,6.9795,7.0926,50.0,0,none
L02,L02-P0463,Iddq,uA,6.953,7.6725,7.922,8.0001,50.0,0,none
L02,L02-P0464,Iddq,uA,7.1207,7.6392,7.9294,8.0522,50.0,0,none
L02,L02-P0465,Iddq,uA,6.6275,7.2489,7.5018,7.7489,50.0,0,none
L02,L02-P0466,Iddq,uA,7.1379,7.5822,7.5705,7.6681,50.0,0,none
L02,L02-P0467,Iddq,uA,6.7023,9.5786,6.1675,6.7614,50.0,1,erratic
L02,L02-P0468,Iddq,uA,6.4621,6.8976,7.2673,7.5241,50.0,0,none
L02,L02-P0469,Iddq,uA,7.8494,8.7783,8.8457,9.1647,50.0,0,none
L02,L02-P0470,Iddq,uA,27.739,29.9458,30.5165,31.4042,50.0,1,lot_outlier
L02,L02-P0471,Iddq,uA,6.2454,6.9632,7.076,7.098,50.0,0,none
L02,L02-P0472,Iddq,uA,7.3546,7.8963,8.3386,8.3974,50.0,0,none
L02,L02-P0473,Iddq,uA,6.2976,7.088,7.4172,7.6528,50.0,0,none
L02,L02-P0474,Iddq,uA,6.1,6.6155,6.8137,6.9153,50.0,0,none
L02,L02-P0475,Iddq,uA,7.6829,8.3528,8.6423,8.7596,50.0,0,none
L02,L02-P0476,Iddq,uA,5.7339,6.1204,6.3447,6.5663,50.0,0,none
L02,L02-P0477,Iddq,uA,7.4871,8.3628,8.4302,8.83,50.0,0,none
L02,L02-P0478,Iddq,uA,6.6564,7.3034,7.6353,7.6991,50.0,0,none
L02,L02-P0479,Iddq,uA,6.554,7.545,7.8238,7.9146,50.0,0,none
L02,L02-P0480,Iddq,uA,7.0557,7.8027,8.2712,8.5262,50.0,0,none
L02,L02-P0481,Iddq,uA,7.2622,7.9154,8.3722,8.4831,50.0,0,none
L02,L02-P0482,Iddq,uA,6.3498,6.8868,6.8686,7.2109,50.0,0,none
L02,L02-P0483,Iddq,uA,7.2738,7.945,8.3427,8.5161,50.0,0,none
L02,L02-P0484,Iddq,uA,6.8034,7.8271,8.1952,8.2844,50.0,0,none
L02,L02-P0485,Iddq,uA,5.9781,6.4133,6.7331,6.6402,50.0,0,none
L02,L02-P0486,Iddq,uA,6.7946,7.2117,7.4276,7.3937,50.0,0,none
L02,L02-P0487,Iddq,uA,7.8402,8.6506,8.7937,9.0859,50.0,0,none
L02,L02-P0488,Iddq,uA,8.0944,8.8543,9.3382,9.1961,50.0,0,none
L02,L02-P0489,Iddq,uA,7.3724,7.9916,8.1979,8.2016,50.0,0,none
L02,L02-P0490,Iddq,uA,6.0517,6.5622,6.8084,6.9589,50.0,0,none
L02,L02-P0491,Iddq,uA,7.1243,7.8697,8.2491,8.1783,50.0,0,none
L02,L02-P0492,Iddq,uA,7.3463,7.6864,7.9975,7.9903,50.0,0,none
L02,L02-P0493,Iddq,uA,7.4178,7.9301,8.3021,8.3271,50.0,0,none
L02,L02-P0494,Iddq,uA,7.3428,7.9996,8.2004,8.5776,50.0,0,none
L02,L02-P0495,Iddq,uA,7.0843,7.749,7.9128,7.9759,50.0,0,none
L02,L02-P0496,Iddq,uA,6.7727,7.8082,8.0741,8.2056,50.0,0,none
L02,L02-P0497,Iddq,uA,6.444,7.3715,11.1503,22.8408,50.0,1,accelerating
L02,L02-P0498,Iddq,uA,5.6915,6.096,6.1484,6.2279,50.0,0,none
L02,L02-P0499,Iddq,uA,6.9981,7.2676,7.5474,7.5596,50.0,0,none
L02,L02-P0500,Iddq,uA,6.972,7.3169,7.8984,7.7616,50.0,0,none
L03,L03-P0001,Iddq,uA,11.2968,12.937,13.2861,13.7693,50.0,0,none
L03,L03-P0002,Iddq,uA,8.9063,9.7265,10.2893,10.329,50.0,0,none
L03,L03-P0003,Iddq,uA,12.2114,13.1878,13.5073,13.8307,50.0,0,none
L03,L03-P0004,Iddq,uA,8.3783,8.905,9.3186,9.3374,50.0,0,none
L03,L03-P0005,Iddq,uA,10.0145,10.8712,11.2175,11.2077,50.0,0,none
L03,L03-P0006,Iddq,uA,7.6557,8.4651,8.7401,8.9419,50.0,0,none
L03,L03-P0007,Iddq,uA,7.573,8.243,8.4917,8.5548,50.0,0,none
L03,L03-P0008,Iddq,uA,7.242,8.2566,8.4217,8.5593,50.0,0,none
L03,L03-P0009,Iddq,uA,5.633,6.0529,6.3613,6.4265,50.0,0,none
L03,L03-P0010,Iddq,uA,10.6918,11.2898,11.6509,11.701,50.0,0,none
L03,L03-P0011,Iddq,uA,7.3776,8.381,8.719,8.9459,50.0,0,none
L03,L03-P0012,Iddq,uA,7.1863,7.8514,8.0208,8.238,50.0,0,none
L03,L03-P0013,Iddq,uA,6.6161,7.1633,7.3877,7.4378,50.0,0,none
L03,L03-P0014,Iddq,uA,8.1107,8.4363,7.4618,11.2669,50.0,1,erratic
L03,L03-P0015,Iddq,uA,11.5814,12.9679,13.4222,13.906,50.0,0,none
L03,L03-P0016,Iddq,uA,12.5037,17.231,26.4753,35.2006,50.0,1,latent_linear
L03,L03-P0017,Iddq,uA,6.0641,6.5914,6.9659,7.0249,50.0,0,none
L03,L03-P0018,Iddq,uA,7.7502,10.2286,15.5436,20.6293,50.0,1,latent_linear
L03,L03-P0019,Iddq,uA,6.8749,7.7927,8.1525,8.2732,50.0,0,none
L03,L03-P0020,Iddq,uA,9.9037,10.6145,10.895,10.9109,50.0,0,none
L03,L03-P0021,Iddq,uA,8.8673,10.4191,11.1709,11.3646,50.0,0,none
L03,L03-P0022,Iddq,uA,7.3407,8.9752,9.5039,9.9484,50.0,0,none
L03,L03-P0023,Iddq,uA,8.3814,8.9239,8.9728,9.166,50.0,0,none
L03,L03-P0024,Iddq,uA,7.5396,8.3211,8.7281,8.9287,50.0,0,none
L03,L03-P0025,Iddq,uA,11.5139,12.2567,12.877,12.7656,50.0,0,none
L03,L03-P0026,Iddq,uA,9.3565,10.0285,10.5338,10.3932,50.0,0,none
L03,L03-P0027,Iddq,uA,9.3662,10.3696,10.5399,10.872,50.0,0,none
L03,L03-P0028,Iddq,uA,5.0859,5.6654,5.9117,6.0533,50.0,0,none
L03,L03-P0029,Iddq,uA,8.1611,9.0413,9.4013,9.5023,50.0,0,none
L03,L03-P0030,Iddq,uA,12.5824,13.2353,13.9266,13.7553,50.0,0,none
L03,L03-P0031,Iddq,uA,10.731,11.8987,12.3336,12.3216,50.0,0,none
L03,L03-P0032,Iddq,uA,5.9179,7.009,6.7357,9.4831,50.0,1,erratic
L03,L03-P0033,Iddq,uA,8.0127,8.4654,8.711,8.8175,50.0,0,none
L03,L03-P0034,Iddq,uA,6.5527,7.0943,7.1624,7.2638,50.0,0,none
L03,L03-P0035,Iddq,uA,27.6786,32.0133,33.9516,35.4741,50.0,1,lot_outlier
L03,L03-P0036,Iddq,uA,8.6571,9.4302,9.9041,9.9118,50.0,0,none
L03,L03-P0037,Iddq,uA,7.1056,7.9649,8.1858,8.4692,50.0,0,none
L03,L03-P0038,Iddq,uA,8.3484,9.2539,9.6462,9.5257,50.0,0,none
L03,L03-P0039,Iddq,uA,5.0873,5.7303,5.9145,6.0872,50.0,0,none
L03,L03-P0040,Iddq,uA,6.782,7.9542,8.4734,8.6784,50.0,0,none
L03,L03-P0041,Iddq,uA,8.4165,9.3633,9.7934,10.0114,50.0,0,none
L03,L03-P0042,Iddq,uA,9.7876,10.3778,10.7241,10.6041,50.0,0,none
L03,L03-P0043,Iddq,uA,5.7391,6.152,6.2788,6.5048,50.0,0,none
L03,L03-P0044,Iddq,uA,7.7663,8.4803,8.7181,8.8798,50.0,0,none
L03,L03-P0045,Iddq,uA,9.9784,11.0294,11.3405,11.5786,50.0,0,none
L03,L03-P0046,Iddq,uA,6.1819,6.6515,6.9906,7.0134,50.0,0,none
L03,L03-P0047,Iddq,uA,8.8303,9.9853,10.3947,10.4729,50.0,0,none
L03,L03-P0048,Iddq,uA,8.3626,9.1747,9.3374,9.6767,50.0,0,none
L03,L03-P0049,Iddq,uA,11.498,13.6432,14.1281,14.6617,50.0,0,none
L03,L03-P0050,Iddq,uA,8.1264,9.2969,9.9351,10.1203,50.0,0,none
L03,L03-P0051,Iddq,uA,7.9799,8.9003,9.1444,9.2987,50.0,0,none
L03,L03-P0052,Iddq,uA,9.8639,10.7456,11.5744,11.5821,50.0,0,none
L03,L03-P0053,Iddq,uA,6.5287,6.9936,7.2412,7.2137,50.0,0,none
L03,L03-P0054,Iddq,uA,7.8355,8.9902,9.4173,9.4692,50.0,0,none
L03,L03-P0055,Iddq,uA,7.6674,8.2965,8.4941,8.7834,50.0,0,none
L03,L03-P0056,Iddq,uA,8.083,8.6899,8.9351,9.1923,50.0,0,none
L03,L03-P0057,Iddq,uA,9.7931,10.719,11.0464,11.305,50.0,0,none
L03,L03-P0058,Iddq,uA,9.3928,10.1519,10.5034,10.6371,50.0,0,none
L03,L03-P0059,Iddq,uA,7.1442,7.8426,8.1763,8.2482,50.0,0,none
L03,L03-P0060,Iddq,uA,8.4729,9.5411,10.0726,10.3821,50.0,0,none
L03,L03-P0061,Iddq,uA,11.0539,11.8559,12.3344,12.4239,50.0,0,none
L03,L03-P0062,Iddq,uA,7.2094,8.338,8.9275,9.0945,50.0,0,none
L03,L03-P0063,Iddq,uA,8.4579,9.1551,9.2947,9.5011,50.0,0,none
L03,L03-P0064,Iddq,uA,7.986,9.41,9.8011,10.1642,50.0,0,none
L03,L03-P0065,Iddq,uA,8.2936,8.9452,9.0553,9.233,50.0,0,none
L03,L03-P0066,Iddq,uA,6.1422,6.8595,6.9135,7.0596,50.0,0,none
L03,L03-P0067,Iddq,uA,11.2061,11.8203,12.026,12.3484,50.0,0,none
L03,L03-P0068,Iddq,uA,7.0116,7.8886,8.2144,8.1872,50.0,0,none
L03,L03-P0069,Iddq,uA,10.0842,11.5482,11.7858,12.0595,50.0,0,none
L03,L03-P0070,Iddq,uA,7.4031,8.5388,9.075,9.1889,50.0,0,none
L03,L03-P0071,Iddq,uA,7.4301,8.4791,8.9949,9.1498,50.0,0,none
L03,L03-P0072,Iddq,uA,10.5182,11.2775,11.8984,11.9634,50.0,0,none
L03,L03-P0073,Iddq,uA,10.0535,11.27,11.5251,11.9555,50.0,0,none
L03,L03-P0074,Iddq,uA,8.8072,9.4499,9.5787,9.5817,50.0,0,none
L03,L03-P0075,Iddq,uA,9.7413,10.3761,10.5919,10.9241,50.0,0,none
L03,L03-P0076,Iddq,uA,7.8342,6.0934,8.7793,5.4678,50.0,1,erratic
L03,L03-P0077,Iddq,uA,8.3227,9.1743,9.4077,9.6354,50.0,0,none
L03,L03-P0078,Iddq,uA,7.4477,8.1714,8.3141,8.5548,50.0,0,none
L03,L03-P0079,Iddq,uA,9.9766,10.307,10.6721,10.8415,50.0,0,none
L03,L03-P0080,Iddq,uA,7.428,8.0075,8.3092,8.485,50.0,0,none
L03,L03-P0081,Iddq,uA,11.0894,12.8016,13.7103,13.7622,50.0,0,none
L03,L03-P0082,Iddq,uA,72.7627,83.1223,87.4859,89.2727,50.0,1,gross_fail
L03,L03-P0083,Iddq,uA,8.39,9.1642,9.4115,9.5524,50.0,0,none
L03,L03-P0084,Iddq,uA,9.5716,10.2119,10.6778,10.7269,50.0,0,none
L03,L03-P0085,Iddq,uA,8.2975,9.3782,9.5442,9.8853,50.0,0,none
L03,L03-P0086,Iddq,uA,7.9642,8.2778,8.4668,8.2725,50.0,0,none
L03,L03-P0087,Iddq,uA,8.2653,9.5072,10.0174,10.2724,50.0,0,none
L03,L03-P0088,Iddq,uA,9.8608,10.8061,11.0725,11.3603,50.0,0,none
L03,L03-P0089,Iddq,uA,7.2698,8.5003,9.1057,9.572,50.0,0,none
L03,L03-P0090,Iddq,uA,8.1262,8.6608,8.8043,8.7762,50.0,0,none
L03,L03-P0091,Iddq,uA,8.4399,9.2774,9.8978,10.1405,50.0,0,none
L03,L03-P0092,Iddq,uA,9.8498,10.7185,11.001,11.2816,50.0,0,none
L03,L03-P0093,Iddq,uA,8.1279,8.8741,9.3508,9.2773,50.0,0,none
L03,L03-P0094,Iddq,uA,11.7822,12.5586,12.9966,12.9916,50.0,0,none
L03,L03-P0095,Iddq,uA,8.166,9.0711,9.543,9.5273,50.0,0,none
L03,L03-P0096,Iddq,uA,7.7706,9.006,9.4312,9.6076,50.0,0,none
L03,L03-P0097,Iddq,uA,8.0372,9.6254,10.028,10.3599,50.0,0,none
L03,L03-P0098,Iddq,uA,6.5448,7.5295,7.7536,7.881,50.0,0,none
L03,L03-P0099,Iddq,uA,6.7576,7.5597,7.7216,7.8252,50.0,0,none
L03,L03-P0100,Iddq,uA,7.7873,8.1428,8.2475,8.437,50.0,0,none
L03,L03-P0101,Iddq,uA,10.2439,10.9983,11.2903,11.3891,50.0,0,none
L03,L03-P0102,Iddq,uA,8.1782,9.7591,10.1879,10.3604,50.0,0,none
L03,L03-P0103,Iddq,uA,7.6723,8.2663,8.5091,8.6504,50.0,0,none
L03,L03-P0104,Iddq,uA,10.5373,12.2734,12.9916,13.2034,50.0,0,none
L03,L03-P0105,Iddq,uA,11.1647,12.7144,13.0199,13.3642,50.0,0,none
L03,L03-P0106,Iddq,uA,10.6246,11.6971,12.1702,12.4297,50.0,0,none
L03,L03-P0107,Iddq,uA,7.0671,7.6483,7.9858,8.1734,50.0,0,none
L03,L03-P0108,Iddq,uA,7.6959,8.5887,8.7087,9.1591,50.0,0,none
L03,L03-P0109,Iddq,uA,11.6934,13.0078,13.4485,13.6294,50.0,0,none
L03,L03-P0110,Iddq,uA,8.7254,9.5273,9.9978,9.9994,50.0,0,none
L03,L03-P0111,Iddq,uA,8.0199,9.0116,9.4086,9.3489,50.0,0,none
L03,L03-P0112,Iddq,uA,9.6664,10.4421,10.9603,10.9359,50.0,0,none
L03,L03-P0113,Iddq,uA,9.9769,11.1215,11.1371,11.5147,50.0,0,none
L03,L03-P0114,Iddq,uA,7.4993,8.367,8.7824,8.828,50.0,0,none
L03,L03-P0115,Iddq,uA,8.6974,9.4633,9.8926,10.1752,50.0,0,none
L03,L03-P0116,Iddq,uA,9.9682,10.9502,11.7061,11.808,50.0,0,none
L03,L03-P0117,Iddq,uA,6.665,7.3505,7.5337,7.5603,50.0,0,none
L03,L03-P0118,Iddq,uA,8.5206,8.9548,9.1981,9.2701,50.0,0,none
L03,L03-P0119,Iddq,uA,6.8398,7.8749,8.2748,8.5449,50.0,0,none
L03,L03-P0120,Iddq,uA,7.0214,8.1167,8.4997,8.8352,50.0,0,none
L03,L03-P0121,Iddq,uA,7.5585,8.4741,8.9008,9.1171,50.0,0,none
L03,L03-P0122,Iddq,uA,9.0572,9.96,10.3396,10.2756,50.0,0,none
L03,L03-P0123,Iddq,uA,7.8373,8.5558,8.981,8.8502,50.0,0,none
L03,L03-P0124,Iddq,uA,7.3541,8.4777,9.0841,9.1893,50.0,0,none
L03,L03-P0125,Iddq,uA,8.5795,9.2585,9.483,9.6781,50.0,0,none
L03,L03-P0126,Iddq,uA,6.6943,7.346,7.4216,7.5561,50.0,0,none
L03,L03-P0127,Iddq,uA,9.0912,10.7951,11.0963,11.7825,50.0,0,none
L03,L03-P0128,Iddq,uA,10.3211,11.1594,11.4588,11.8048,50.0,0,none
L03,L03-P0129,Iddq,uA,8.2194,9.6357,10.3056,10.4282,50.0,0,none
L03,L03-P0130,Iddq,uA,7.9429,8.5329,8.7973,8.9075,50.0,0,none
L03,L03-P0131,Iddq,uA,8.8852,10.1102,10.4027,10.5588,50.0,0,none
L03,L03-P0132,Iddq,uA,5.6559,5.401,9.5983,3.2511,50.0,1,erratic
L03,L03-P0133,Iddq,uA,9.3225,10.4048,10.6056,10.8802,50.0,0,none
L03,L03-P0134,Iddq,uA,15.158,16.312,17.0092,17.028,50.0,0,none
L03,L03-P0135,Iddq,uA,8.137,8.6833,8.9477,9.0167,50.0,0,none
L03,L03-P0136,Iddq,uA,8.1358,9.3568,9.779,9.8042,50.0,0,none
L03,L03-P0137,Iddq,uA,9.5335,17.5662,8.2379,11.6173,50.0,1,erratic
L03,L03-P0138,Iddq,uA,11.4196,12.4179,13.0224,13.1226,50.0,0,none
L03,L03-P0139,Iddq,uA,9.9208,10.8189,11.1263,11.2636,50.0,0,none
L03,L03-P0140,Iddq,uA,5.518,6.5288,6.7979,7.0327,50.0,0,none
L03,L03-P0141,Iddq,uA,9.2358,10.5942,10.9127,11.376,50.0,0,none
L03,L03-P0142,Iddq,uA,13.5838,14.8773,15.7891,15.568,50.0,0,none
L03,L03-P0143,Iddq,uA,9.3346,9.9719,10.2887,10.5719,50.0,0,none
L03,L03-P0144,Iddq,uA,6.8083,7.7354,8.1859,8.3348,50.0,0,none
L03,L03-P0145,Iddq,uA,8.9175,9.712,9.931,9.9402,50.0,0,none
L03,L03-P0146,Iddq,uA,6.4653,7.0405,7.2697,7.1628,50.0,0,none
L03,L03-P0147,Iddq,uA,10.5019,11.3493,11.4082,11.7152,50.0,0,none
L03,L03-P0148,Iddq,uA,7.0106,7.4673,7.7717,7.885,50.0,0,none
L03,L03-P0149,Iddq,uA,8.3828,8.9322,9.3941,9.2586,50.0,0,none
L03,L03-P0150,Iddq,uA,7.1726,6.1328,9.1551,6.9274,50.0,1,erratic
L03,L03-P0151,Iddq,uA,7.481,8.531,8.7057,9.0906,50.0,0,none
L03,L03-P0152,Iddq,uA,10.7831,12.0295,12.5869,12.732,50.0,0,none
L03,L03-P0153,Iddq,uA,8.4001,9.3625,9.8104,10.063,50.0,0,none
L03,L03-P0154,Iddq,uA,7.3567,8.1212,8.4073,8.4631,50.0,0,none
L03,L03-P0155,Iddq,uA,6.7557,7.4338,7.669,7.6807,50.0,0,none
L03,L03-P0156,Iddq,uA,5.8656,6.8521,7.3217,7.5832,50.0,0,none
L03,L03-P0157,Iddq,uA,6.6809,7.1875,7.4857,7.4401,50.0,0,none
L03,L03-P0158,Iddq,uA,8.5446,9.4906,10.0285,10.0195,50.0,0,none
L03,L03-P0159,Iddq,uA,10.0201,10.7966,10.9418,10.9401,50.0,0,none
L03,L03-P0160,Iddq,uA,7.7001,8.617,9.2117,9.4581,50.0,0,none
L03,L03-P0161,Iddq,uA,11.2605,12.1969,12.6136,12.7776,50.0,0,none
L03,L03-P0162,Iddq,uA,7.2055,8.4822,8.7103,8.958,50.0,0,none
L03,L03-P0163,Iddq,uA,7.9512,8.7286,9.0476,9.0819,50.0,0,none
L03,L03-P0164,Iddq,uA,6.7933,7.6045,8.0797,8.0323,50.0,0,none
L03,L03-P0165,Iddq,uA,10.0064,11.2148,12.0153,11.9547,50.0,0,none
L03,L03-P0166,Iddq,uA,12.477,13.6402,13.9521,13.9688,50.0,0,none
L03,L03-P0167,Iddq,uA,5.8997,6.8836,7.0902,7.3544,50.0,0,none
L03,L03-P0168,Iddq,uA,7.8253,8.4812,8.7571,8.7431,50.0,0,none
L03,L03-P0169,Iddq,uA,10.4966,12.0465,12.4554,12.4224,50.0,0,none
L03,L03-P0170,Iddq,uA,6.389,6.8505,7.1972,7.3646,50.0,0,none
L03,L03-P0171,Iddq,uA,9.2904,10.4413,10.7963,11.136,50.0,0,none
L03,L03-P0172,Iddq,uA,10.402,11.4429,11.9157,11.9735,50.0,0,none
L03,L03-P0173,Iddq,uA,8.5676,9.3034,9.9149,10.0742,50.0,0,none
L03,L03-P0174,Iddq,uA,9.2862,9.9973,10.3521,10.225,50.0,0,none
L03,L03-P0175,Iddq,uA,11.4902,13.0804,13.4911,13.6432,50.0,0,none
L03,L03-P0176,Iddq,uA,12.0635,12.9914,13.8023,13.9377,50.0,0,none
L03,L03-P0177,Iddq,uA,8.3239,9.0507,9.3151,9.4217,50.0,0,none
L03,L03-P0178,Iddq,uA,7.4338,8.3499,8.673,8.8584,50.0,0,none
L03,L03-P0179,Iddq,uA,7.1628,7.6249,8.0364,8.1352,50.0,0,none
L03,L03-P0180,Iddq,uA,10.0555,10.888,11.2176,11.5079,50.0,0,none
L03,L03-P0181,Iddq,uA,6.368,6.9952,7.259,7.4156,50.0,0,none
L03,L03-P0182,Iddq,uA,7.8587,8.5501,8.7917,8.8396,50.0,0,none
L03,L03-P0183,Iddq,uA,8.5833,10.2514,11.1116,11.2737,50.0,0,none
L03,L03-P0184,Iddq,uA,7.5861,8.5996,9.0941,9.3439,50.0,0,none
L03,L03-P0185,Iddq,uA,8.7623,9.8203,10.0962,10.4249,50.0,0,none
L03,L03-P0186,Iddq,uA,13.474,15.6439,16.3462,16.9297,50.0,0,none
L03,L03-P0187,Iddq,uA,8.0618,8.4871,8.7521,8.7631,50.0,0,none
L03,L03-P0188,Iddq,uA,7.58,8.0986,8.2009,8.2243,50.0,0,none
L03,L03-P0189,Iddq,uA,10.0722,10.9577,11.5973,11.4801,50.0,0,none
L03,L03-P0190,Iddq,uA,8.6171,9.3934,9.5456,9.8667,50.0,0,none
L03,L03-P0191,Iddq,uA,10.8977,12.0948,12.5652,12.5434,50.0,0,none
L03,L03-P0192,Iddq,uA,8.5453,9.6111,9.9896,9.9516,50.0,0,none
L03,L03-P0193,Iddq,uA,7.8728,8.8031,9.5353,9.6375,50.0,0,none
L03,L03-P0194,Iddq,uA,5.9464,6.2794,6.4961,6.6104,50.0,0,none
L03,L03-P0195,Iddq,uA,6.1024,6.856,7.1864,7.4328,50.0,0,none
L03,L03-P0196,Iddq,uA,5.8966,6.573,6.698,6.7438,50.0,0,none
L03,L03-P0197,Iddq,uA,8.9341,9.8193,10.4052,10.4959,50.0,0,none
L03,L03-P0198,Iddq,uA,6.3253,7.1341,7.2088,7.2252,50.0,0,none
L03,L03-P0199,Iddq,uA,10.6766,12.1218,13.0381,13.0814,50.0,0,none
L03,L03-P0200,Iddq,uA,8.3476,9.2521,9.6257,9.7864,50.0,0,none
L03,L03-P0201,Iddq,uA,7.9614,9.3978,10.0037,10.1878,50.0,0,none
L03,L03-P0202,Iddq,uA,7.1042,7.5748,7.9731,8.0273,50.0,0,none
L03,L03-P0203,Iddq,uA,9.3482,10.7159,10.9251,11.4751,50.0,0,none
L03,L03-P0204,Iddq,uA,7.1659,7.9085,8.1527,8.1711,50.0,0,none
L03,L03-P0205,Iddq,uA,6.9168,7.5903,7.8869,7.9282,50.0,0,none
L03,L03-P0206,Iddq,uA,10.2209,11.5523,12.5271,12.3584,50.0,0,none
L03,L03-P0207,Iddq,uA,9.052,9.6626,10.0843,10.3101,50.0,0,none
L03,L03-P0208,Iddq,uA,7.9173,8.4817,8.508,8.6041,50.0,0,none
L03,L03-P0209,Iddq,uA,9.3959,9.8681,10.1229,10.0171,50.0,0,none
L03,L03-P0210,Iddq,uA,8.505,9.5457,10.2064,10.3942,50.0,0,none
L03,L03-P0211,Iddq,uA,8.8765,10.3134,10.848,10.9807,50.0,0,none
L03,L03-P0212,Iddq,uA,7.1764,8.444,8.9647,9.1858,50.0,0,none
L03,L03-P0213,Iddq,uA,12.3325,13.5423,14.1379,14.2415,50.0,0,none
L03,L03-P0214,Iddq,uA,7.6802,7.883,8.1643,8.2594,50.0,0,none
L03,L03-P0215,Iddq,uA,11.4305,12.0437,12.6806,12.8317,50.0,0,none
L03,L03-P0216,Iddq,uA,8.0792,8.9843,9.3328,9.3196,50.0,0,none
L03,L03-P0217,Iddq,uA,9.7397,10.2586,10.7701,10.7993,50.0,0,none
L03,L03-P0218,Iddq,uA,9.57,10.9996,11.9081,11.9316,50.0,0,none
L03,L03-P0219,Iddq,uA,10.3812,12.278,13.1863,13.8133,50.0,0,none
L03,L03-P0220,Iddq,uA,7.1607,9.4077,13.8829,17.9159,50.0,1,latent_linear
L03,L03-P0221,Iddq,uA,10.3816,11.0999,11.788,11.8207,50.0,0,none
L03,L03-P0222,Iddq,uA,11.7222,12.7256,13.1146,13.2527,50.0,0,none
L03,L03-P0223,Iddq,uA,7.9638,9.244,9.8247,10.0251,50.0,0,none
L03,L03-P0224,Iddq,uA,8.4456,9.2929,9.7237,9.6347,50.0,0,none
L03,L03-P0225,Iddq,uA,7.5488,8.1499,8.584,8.8256,50.0,0,none
L03,L03-P0226,Iddq,uA,7.779,8.7453,9.1902,9.0894,50.0,0,none
L03,L03-P0227,Iddq,uA,11.4735,12.5631,12.5625,12.9741,50.0,0,none
L03,L03-P0228,Iddq,uA,6.9783,7.7123,7.974,8.1423,50.0,0,none
L03,L03-P0229,Iddq,uA,6.9984,7.4855,7.614,7.7265,50.0,0,none
L03,L03-P0230,Iddq,uA,11.2451,13.075,13.7907,14.05,50.0,0,none
L03,L03-P0231,Iddq,uA,9.3528,10.2186,10.844,10.9253,50.0,0,none
L03,L03-P0232,Iddq,uA,12.5018,14.1646,15.0742,15.1542,50.0,0,none
L03,L03-P0233,Iddq,uA,7.7125,8.514,8.8496,8.8958,50.0,0,none
L03,L03-P0234,Iddq,uA,8.4294,9.3995,9.9429,9.7909,50.0,0,none
L03,L03-P0235,Iddq,uA,7.3607,7.9979,8.1551,8.4005,50.0,0,none
L03,L03-P0236,Iddq,uA,8.5117,9.5741,10.2554,10.1968,50.0,0,none
L03,L03-P0237,Iddq,uA,5.9552,6.4292,6.699,6.7518,50.0,0,none
L03,L03-P0238,Iddq,uA,9.5424,10.2922,10.8159,11.2741,50.0,0,none
L03,L03-P0239,Iddq,uA,8.9329,9.7835,10.0229,10.244,50.0,0,none
L03,L03-P0240,Iddq,uA,8.2371,9.0766,9.4904,9.815,50.0,0,none
L03,L03-P0241,Iddq,uA,7.8486,8.2107,8.3216,8.6187,50.0,0,none
L03,L03-P0242,Iddq,uA,7.0428,7.5827,8.0536,8.1953,50.0,0,none
L03,L03-P0243,Iddq,uA,9.3465,10.7234,11.3203,11.6311,50.0,0,none
L03,L03-P0244,Iddq,uA,6.6531,7.2341,7.6054,7.6192,50.0,0,none
L03,L03-P0245,Iddq,uA,9.2431,9.9557,10.2949,10.6661,50.0,0,none
L03,L03-P0246,Iddq,uA,12.3843,13.7986,14.1518,14.3404,50.0,0,none
L03,L03-P0247,Iddq,uA,11.2027,11.95,12.7477,12.9457,50.0,0,none
L03,L03-P0248,Iddq,uA,6.3324,6.7006,6.8878,7.0103,50.0,0,none
L03,L03-P0249,Iddq,uA,7.4427,8.2187,8.6733,8.8053,50.0,0,none
L03,L03-P0250,Iddq,uA,8.9429,10.3452,10.8463,11.1782,50.0,0,none
L03,L03-P0251,Iddq,uA,8.2819,8.9399,9.1466,9.2992,50.0,0,none
L03,L03-P0252,Iddq,uA,6.323,6.9785,7.2294,7.3148,50.0,0,none
L03,L03-P0253,Iddq,uA,9.0157,9.6397,9.8714,9.9192,50.0,0,none
L03,L03-P0254,Iddq,uA,8.2682,9.5569,9.9606,10.017,50.0,0,none
L03,L03-P0255,Iddq,uA,11.9615,15.5745,24.2025,32.2709,50.0,1,latent_linear
L03,L03-P0256,Iddq,uA,7.9093,8.7188,8.744,9.0173,50.0,0,none
L03,L03-P0257,Iddq,uA,10.6374,11.6199,11.9499,12.0044,50.0,0,none
L03,L03-P0258,Iddq,uA,6.4784,7.0037,7.1792,7.2565,50.0,0,none
L03,L03-P0259,Iddq,uA,6.8485,7.3758,7.6361,7.593,50.0,0,none
L03,L03-P0260,Iddq,uA,9.5001,10.1765,10.4367,10.7612,50.0,0,none
L03,L03-P0261,Iddq,uA,10.2667,10.8231,11.3651,11.5108,50.0,0,none
L03,L03-P0262,Iddq,uA,6.9546,7.9304,8.6257,8.5667,50.0,0,none
L03,L03-P0263,Iddq,uA,8.4387,9.0854,9.4118,9.6365,50.0,0,none
L03,L03-P0264,Iddq,uA,6.4628,7.1382,7.5781,7.5764,50.0,0,none
L03,L03-P0265,Iddq,uA,8.0772,8.5902,8.8785,9.0855,50.0,0,none
L03,L03-P0266,Iddq,uA,9.8119,10.8382,11.6077,11.6695,50.0,0,none
L03,L03-P0267,Iddq,uA,7.7852,8.2317,8.4077,8.6083,50.0,0,none
L03,L03-P0268,Iddq,uA,7.8886,8.8925,9.1254,9.2526,50.0,0,none
L03,L03-P0269,Iddq,uA,6.7799,7.3619,7.6305,7.8818,50.0,0,none
L03,L03-P0270,Iddq,uA,7.3015,8.7942,9.6072,9.8389,50.0,0,none
L03,L03-P0271,Iddq,uA,11.4909,12.9847,13.5446,14.1635,50.0,0,none
L03,L03-P0272,Iddq,uA,8.5379,9.1425,9.5392,9.4792,50.0,0,none
L03,L03-P0273,Iddq,uA,6.8581,7.7748,8.1667,8.2705,50.0,0,none
L03,L03-P0274,Iddq,uA,7.8824,9.3888,10.0047,10.2525,50.0,0,none
L03,L03-P0275,Iddq,uA,6.1433,6.5696,6.7441,6.7962,50.0,0,none
L03,L03-P0276,Iddq,uA,6.8082,7.3591,7.6928,7.871,50.0,0,none
L03,L03-P0277,Iddq,uA,10.8093,13.8252,20.5078,26.6923,50.0,1,latent_linear
L03,L03-P0278,Iddq,uA,8.2303,8.8686,9.098,9.2694,50.0,0,none
L03,L03-P0279,Iddq,uA,11.8686,13.2013,13.4645,13.7024,50.0,0,none
L03,L03-P0280,Iddq,uA,8.2431,8.6949,22.3399,22.5995,50.0,1,step_jump
L03,L03-P0281,Iddq,uA,8.1607,9.597,10.1091,10.3487,50.0,0,none
L03,L03-P0282,Iddq,uA,9.4235,10.0713,10.4474,10.2942,50.0,0,none
L03,L03-P0283,Iddq,uA,5.0174,5.5536,5.7474,5.8297,50.0,0,none
L03,L03-P0284,Iddq,uA,8.917,9.9428,10.5086,10.5662,50.0,0,none
L03,L03-P0285,Iddq,uA,8.1864,9.0727,9.5198,9.6351,50.0,0,none
L03,L03-P0286,Iddq,uA,11.097,11.8647,12.1973,12.3652,50.0,0,none
L03,L03-P0287,Iddq,uA,10.0877,10.7846,10.8706,11.1827,50.0,0,none
L03,L03-P0288,Iddq,uA,6.6913,7.4088,7.6287,7.876,50.0,0,none
L03,L03-P0289,Iddq,uA,10.5102,11.4298,11.8413,11.8135,50.0,0,none
L03,L03-P0290,Iddq,uA,7.9355,8.7766,9.1148,9.2691,50.0,0,none
L03,L03-P0291,Iddq,uA,7.112,7.4582,7.7446,7.8064,50.0,0,none
L03,L03-P0292,Iddq,uA,8.5418,9.837,10.1155,10.5193,50.0,0,none
L03,L03-P0293,Iddq,uA,7.9905,8.8774,9.114,9.3901,50.0,0,none
L03,L03-P0294,Iddq,uA,11.2664,12.2647,12.7923,13.1371,50.0,0,none
L03,L03-P0295,Iddq,uA,67.7034,78.3113,82.7794,84.6091,50.0,1,gross_fail
L03,L03-P0296,Iddq,uA,8.7366,9.436,9.5958,9.976,50.0,0,none
L03,L03-P0297,Iddq,uA,9.8386,10.762,11.0203,11.2107,50.0,0,none
L03,L03-P0298,Iddq,uA,10.1813,11.2426,11.3826,11.9364,50.0,0,none
L03,L03-P0299,Iddq,uA,9.8968,10.7812,11.1391,11.1487,50.0,0,none
L03,L03-P0300,Iddq,uA,11.0422,11.9825,12.2571,12.8266,50.0,0,none
L03,L03-P0301,Iddq,uA,9.4692,10.1018,10.2907,10.4839,50.0,0,none
L03,L03-P0302,Iddq,uA,8.4584,9.1775,9.1445,9.4016,50.0,0,none
L03,L03-P0303,Iddq,uA,10.4597,11.2926,11.8649,11.9531,50.0,0,none
L03,L03-P0304,Iddq,uA,8.2719,9.017,9.4516,9.4552,50.0,0,none
L03,L03-P0305,Iddq,uA,8.2162,9.4558,9.8654,9.8245,50.0,0,none
L03,L03-P0306,Iddq,uA,11.4609,13.2003,14.0715,14.1665,50.0,0,none
L03,L03-P0307,Iddq,uA,11.367,13.4116,14.2056,14.5673,50.0,0,none
L03,L03-P0308,Iddq,uA,8.3566,9.3049,9.8889,9.9807,50.0,0,none
L03,L03-P0309,Iddq,uA,7.669,8.9616,9.3194,9.6266,50.0,0,none
L03,L03-P0310,Iddq,uA,10.8093,12.3549,13.01,13.5066,50.0,0,none
L03,L03-P0311,Iddq,uA,9.5202,11.3466,12.2289,12.24,50.0,0,none
L03,L03-P0312,Iddq,uA,8.8393,10.7144,13.1354,19.4553,50.0,1,accelerating
L03,L03-P0313,Iddq,uA,7.8876,9.0336,9.3282,9.4747,50.0,0,none
L03,L03-P0314,Iddq,uA,72.8873,82.0484,85.9071,87.4872,50.0,1,gross_fail
L03,L03-P0315,Iddq,uA,8.2552,9.151,9.3329,9.6514,50.0,0,none
L03,L03-P0316,Iddq,uA,7.3249,8.1936,8.3776,8.5921,50.0,0,none
L03,L03-P0317,Iddq,uA,8.5665,9.4066,9.6785,9.6417,50.0,0,none
L03,L03-P0318,Iddq,uA,8.8635,9.841,10.3841,10.5605,50.0,0,none
L03,L03-P0319,Iddq,uA,7.7134,8.3335,8.7354,8.7615,50.0,0,none
L03,L03-P0320,Iddq,uA,9.9934,10.8316,11.3671,11.4637,50.0,0,none
L03,L03-P0321,Iddq,uA,10.6786,11.1403,11.4336,11.6371,50.0,0,none
L03,L03-P0322,Iddq,uA,10.0193,11.7966,12.4599,12.7648,50.0,0,none
L03,L03-P0323,Iddq,uA,8.058,8.7791,8.9989,9.1413,50.0,0,none
L03,L03-P0324,Iddq,uA,9.5597,10.7308,11.2569,11.5132,50.0,0,none
L03,L03-P0325,Iddq,uA,8.5327,9.6944,10.4661,10.5849,50.0,0,none
L03,L03-P0326,Iddq,uA,6.5414,7.4401,7.7638,7.7983,50.0,0,none
L03,L03-P0327,Iddq,uA,9.5444,11.0478,11.7523,11.9323,50.0,0,none
L03,L03-P0328,Iddq,uA,8.4657,9.3663,9.5341,9.4883,50.0,0,none
L03,L03-P0329,Iddq,uA,13.4874,16.5549,17.6206,18.2203,50.0,0,none
L03,L03-P0330,Iddq,uA,11.0745,12.4704,13.0472,13.5128,50.0,0,none
L03,L03-P0331,Iddq,uA,9.4953,10.5951,10.8681,11.1651,50.0,0,none
L03,L03-P0332,Iddq,uA,8.8104,10.1731,10.6023,10.7946,50.0,0,none
L03,L03-P0333,Iddq,uA,8.6088,9.2757,9.522,9.5408,50.0,0,none
L03,L03-P0334,Iddq,uA,6.9232,7.6605,7.8334,7.8,50.0,0,none
L03,L03-P0335,Iddq,uA,6.0189,7.0922,7.2515,7.5102,50.0,0,none
L03,L03-P0336,Iddq,uA,7.0599,7.494,7.6748,7.8194,50.0,0,none
L03,L03-P0337,Iddq,uA,8.2771,9.3841,9.6727,9.8213,50.0,0,none
L03,L03-P0338,Iddq,uA,5.5671,6.16,6.5727,6.8083,50.0,0,none
L03,L03-P0339,Iddq,uA,7.5635,8.9725,9.4541,9.7079,50.0,0,none
L03,L03-P0340,Iddq,uA,8.0422,8.6388,8.8092,8.8369,50.0,0,none
L03,L03-P0341,Iddq,uA,8.0148,9.352,9.8144,9.9709,50.0,0,none
L03,L03-P0342,Iddq,uA,7.2811,8.0007,8.2393,8.2504,50.0,0,none
L03,L03-P0343,Iddq,uA,7.8203,8.4918,8.7092,8.8989,50.0,0,none
L03,L03-P0344,Iddq,uA,11.5238,12.2995,12.8372,12.6169,50.0,0,none
L03,L03-P0345,Iddq,uA,9.2721,10.1523,10.4544,10.6068,50.0,0,none
L03,L03-P0346,Iddq,uA,7.4658,8.2912,8.7299,8.84,50.0,0,none
L03,L03-P0347,Iddq,uA,8.3667,8.8093,9.0858,9.4246,50.0,0,none
L03,L03-P0348,Iddq,uA,8.2844,9.4066,9.8619,10.0534,50.0,0,none
L03,L03-P0349,Iddq,uA,7.2381,7.8339,8.0802,8.1289,50.0,0,none
L03,L03-P0350,Iddq,uA,7.2391,7.8838,8.037,8.0527,50.0,0,none
L03,L03-P0351,Iddq,uA,10.1889,10.8838,11.3186,11.6089,50.0,0,none
L03,L03-P0352,Iddq,uA,7.8238,8.5096,8.8976,9.2907,50.0,0,none
L03,L03-P0353,Iddq,uA,6.7913,7.5562,7.703,7.8158,50.0,0,none
L03,L03-P0354,Iddq,uA,8.252,9.2141,9.6155,9.5333,50.0,0,none
L03,L03-P0355,Iddq,uA,8.5033,9.6909,10.04,10.1871,50.0,0,none
L03,L03-P0356,Iddq,uA,5.8053,6.6283,6.8652,7.0506,50.0,0,none
L03,L03-P0357,Iddq,uA,8.1815,8.9676,9.3831,9.5068,50.0,0,none
L03,L03-P0358,Iddq,uA,9.7388,10.489,10.7571,11.0486,50.0,0,none
L03,L03-P0359,Iddq,uA,8.9112,9.9328,10.2395,10.6396,50.0,0,none
L03,L03-P0360,Iddq,uA,12.494,14.2155,15.0838,15.3502,50.0,0,none
L03,L03-P0361,Iddq,uA,10.383,11.2995,11.4442,11.5391,50.0,0,none
L03,L03-P0362,Iddq,uA,10.9627,13.9347,20.0988,25.9621,50.0,1,latent_linear
L03,L03-P0363,Iddq,uA,14.2699,14.9908,15.7014,15.8889,50.0,0,none
L03,L03-P0364,Iddq,uA,9.6389,10.5301,10.9236,11.0784,50.0,0,none
L03,L03-P0365,Iddq,uA,8.6083,9.3533,9.6106,9.6888,50.0,0,none
L03,L03-P0366,Iddq,uA,10.0724,11.3869,11.7588,12.0348,50.0,0,none
L03,L03-P0367,Iddq,uA,7.5954,7.8919,8.327,8.1495,50.0,0,none
L03,L03-P0368,Iddq,uA,8.4874,8.9702,9.4883,9.3289,50.0,0,none
L03,L03-P0369,Iddq,uA,7.3463,8.0325,8.3564,8.4378,50.0,0,none
L03,L03-P0370,Iddq,uA,8.9853,9.5231,10.2366,10.3823,50.0,0,none
L03,L03-P0371,Iddq,uA,7.4543,7.9658,8.0513,8.2169,50.0,0,none
L03,L03-P0372,Iddq,uA,7.2483,8.0111,8.1646,8.2206,50.0,0,none
L03,L03-P0373,Iddq,uA,9.0069,9.9759,10.1983,10.4758,50.0,0,none
L03,L03-P0374,Iddq,uA,8.0699,8.9587,9.1152,9.3225,50.0,0,none
L03,L03-P0375,Iddq,uA,5.8089,6.4557,6.6898,6.7295,50.0,0,none
L03,L03-P0376,Iddq,uA,6.3934,7.9626,10.955,13.8878,50.0,1,latent_linear
L03,L03-P0377,Iddq,uA,6.7513,7.7562,8.2194,8.4607,50.0,0,none
L03,L03-P0378,Iddq,uA,7.0298,7.8721,8.2352,8.5111,50.0,0,none
L03,L03-P0379,Iddq,uA,9.028,9.626,9.9296,10.1875,50.0,0,none
L03,L03-P0380,Iddq,uA,35.8421,39.4205,41.904,42.583,50.0,1,lot_outlier
L03,L03-P0381,Iddq,uA,10.1697,11.3176,11.7603,11.9961,50.0,0,none
L03,L03-P0382,Iddq,uA,9.6799,10.7464,11.5955,11.928,50.0,0,none
L03,L03-P0383,Iddq,uA,10.1781,11.0919,11.5398,11.6126,50.0,0,none
L03,L03-P0384,Iddq,uA,9.5047,13.0445,20.5081,27.7973,50.0,1,latent_linear
L03,L03-P0385,Iddq,uA,8.4386,9.5454,9.8194,10.1298,50.0,0,none
L03,L03-P0386,Iddq,uA,10.2889,11.9905,12.7728,12.8741,50.0,0,none
L03,L03-P0387,Iddq,uA,10.1585,11.4433,11.8864,12.2307,50.0,0,none
L03,L03-P0388,Iddq,uA,8.9268,9.9856,10.2364,10.4693,50.0,0,none
L03,L03-P0389,Iddq,uA,10.5951,11.5577,12.1278,12.2803,50.0,0,none
L03,L03-P0390,Iddq,uA,5.4184,5.9697,6.3322,6.2797,50.0,0,none
L03,L03-P0391,Iddq,uA,7.7902,8.5555,8.9813,9.222,50.0,0,none
L03,L03-P0392,Iddq,uA,7.829,9.1584,9.7396,10.0467,50.0,0,none
L03,L03-P0393,Iddq,uA,10.3278,11.3967,11.7535,12.03,50.0,0,none
L03,L03-P0394,Iddq,uA,11.3652,12.2546,12.5761,13.0037,50.0,0,none
L03,L03-P0395,Iddq,uA,6.3067,7.0045,7.2434,7.2435,50.0,0,none
L03,L03-P0396,Iddq,uA,10.7349,11.9373,12.038,12.0851,50.0,0,none
L03,L03-P0397,Iddq,uA,6.7513,7.5434,7.9324,7.9151,50.0,0,none
L03,L03-P0398,Iddq,uA,6.7468,7.1745,7.5354,7.5759,50.0,0,none
L03,L03-P0399,Iddq,uA,8.0059,9.0987,9.5634,9.6975,50.0,0,none
L03,L03-P0400,Iddq,uA,7.9201,8.526,8.5804,8.7702,50.0,0,none
L03,L03-P0401,Iddq,uA,6.2422,6.8724,7.0401,7.1678,50.0,0,none
L03,L03-P0402,Iddq,uA,9.3627,10.5627,11.5229,11.6382,50.0,0,none
L03,L03-P0403,Iddq,uA,9.4861,9.7783,10.0235,10.295,50.0,0,none
L03,L03-P0404,Iddq,uA,10.3882,11.999,12.9941,13.1464,50.0,0,none
L03,L03-P0405,Iddq,uA,7.6926,8.4789,8.6365,8.7247,50.0,0,none
L03,L03-P0406,Iddq,uA,8.4011,9.1657,9.6362,9.617,50.0,0,none
L03,L03-P0407,Iddq,uA,8.4147,9.3242,9.7629,9.9063,50.0,0,none
L03,L03-P0408,Iddq,uA,11.4247,12.9342,13.4861,13.9293,50.0,0,none
L03,L03-P0409,Iddq,uA,4.8732,5.3416,5.5551,5.6439,50.0,0,none
L03,L03-P0410,Iddq,uA,7.007,7.8283,8.3463,8.4976,50.0,0,none
L03,L03-P0411,Iddq,uA,8.3484,9.3875,9.78,9.6701,50.0,0,none
L03,L03-P0412,Iddq,uA,6.7746,8.0026,8.6023,8.8119,50.0,0,none
L03,L03-P0413,Iddq,uA,7.8397,8.8614,9.1462,9.5984,50.0,0,none
L03,L03-P0414,Iddq,uA,8.2314,9.6762,10.2886,10.6756,50.0,0,none
L03,L03-P0415,Iddq,uA,7.4591,8.4485,8.8049,8.903,50.0,0,none
L03,L03-P0416,Iddq,uA,8.5125,9.0204,9.1402,9.2114,50.0,0,none
L03,L03-P0417,Iddq,uA,9.5046,11.6818,12.2776,12.6973,50.0,0,none
L03,L03-P0418,Iddq,uA,8.0085,8.7058,8.9046,9.2415,50.0,0,none
L03,L03-P0419,Iddq,uA,7.6922,8.927,9.5602,9.5609,50.0,0,none
L03,L03-P0420,Iddq,uA,8.0804,8.8055,9.2498,9.2697,50.0,0,none
L03,L03-P0421,Iddq,uA,8.3959,9.5383,9.9614,10.1798,50.0,0,none
L03,L03-P0422,Iddq,uA,6.051,6.4284,6.7247,6.8444,50.0,0,none
L03,L03-P0423,Iddq,uA,8.9452,10.2935,10.5163,10.8737,50.0,0,none
L03,L03-P0424,Iddq,uA,7.5743,8.506,8.5894,8.6697,50.0,0,none
L03,L03-P0425,Iddq,uA,10.6072,12.272,12.8566,13.4203,50.0,0,none
L03,L03-P0426,Iddq,uA,9.1478,10.3068,10.8077,11.1458,50.0,0,none
L03,L03-P0427,Iddq,uA,10.5472,11.9443,12.3848,12.3424,50.0,0,none
L03,L03-P0428,Iddq,uA,6.92,7.3668,7.5055,7.5113,50.0,0,none
L03,L03-P0429,Iddq,uA,7.6872,8.5053,9.0482,8.8812,50.0,0,none
L03,L03-P0430,Iddq,uA,6.5226,7.4264,7.6433,7.7155,50.0,0,none
L03,L03-P0431,Iddq,uA,7.4158,8.135,8.3999,8.4714,50.0,0,none
L03,L03-P0432,Iddq,uA,10.7929,12.0059,12.7906,12.976,50.0,0,none
L03,L03-P0433,Iddq,uA,10.998,12.001,12.6689,12.8473,50.0,0,none
L03,L03-P0434,Iddq,uA,6.5917,7.4505,7.6923,7.7407,50.0,0,none
L03,L03-P0435,Iddq,uA,7.6725,8.644,9.1857,9.345,50.0,0,none
L03,L03-P0436,Iddq,uA,8.1847,8.6417,8.7366,9.0397,50.0,0,none
L03,L03-P0437,Iddq,uA,9.3683,10.6427,10.9125,11.0642,50.0,0,none
L03,L03-P0438,Iddq,uA,6.0892,6.4958,6.7532,6.9098,50.0,0,none
L03,L03-P0439,Iddq,uA,6.0873,6.6871,6.8805,7.0111,50.0,0,none
L03,L03-P0440,Iddq,uA,9.2364,10.3176,10.6063,10.7029,50.0,0,none
L03,L03-P0441,Iddq,uA,5.8959,6.5208,6.8796,7.1651,50.0,0,none
L03,L03-P0442,Iddq,uA,7.7947,8.7507,9.275,9.1814,50.0,0,none
L03,L03-P0443,Iddq,uA,8.5619,9.2697,9.8757,9.7912,50.0,0,none
L03,L03-P0444,Iddq,uA,8.9128,10.2738,10.8385,10.9125,50.0,0,none
L03,L03-P0445,Iddq,uA,8.1709,9.2459,9.6271,9.7256,50.0,0,none
L03,L03-P0446,Iddq,uA,7.8316,8.6115,8.9635,9.045,50.0,0,none
L03,L03-P0447,Iddq,uA,9.6762,10.672,10.939,11.0253,50.0,0,none
L03,L03-P0448,Iddq,uA,8.7815,9.482,9.9474,9.8464,50.0,0,none
L03,L03-P0449,Iddq,uA,7.3111,8.3222,8.8987,9.0173,50.0,0,none
L03,L03-P0450,Iddq,uA,8.268,9.3745,9.7347,9.6359,50.0,0,none
L03,L03-P0451,Iddq,uA,8.7487,9.6317,10.0314,10.1954,50.0,0,none
L03,L03-P0452,Iddq,uA,11.4483,12.4734,12.2786,12.6308,50.0,0,none
L03,L03-P0453,Iddq,uA,9.6424,11.0733,11.6287,11.8088,50.0,0,none
L03,L03-P0454,Iddq,uA,10.3585,11.5043,11.8473,11.7455,50.0,0,none
L03,L03-P0455,Iddq,uA,7.283,8.3563,8.6061,8.6537,50.0,0,none
L03,L03-P0456,Iddq,uA,7.5419,8.704,9.1343,9.1904,50.0,0,none
L03,L03-P0457,Iddq,uA,8.1337,8.616,8.7314,8.8291,50.0,0,none
L03,L03-P0458,Iddq,uA,8.1508,8.8359,9.3095,9.2955,50.0,0,none
L03,L03-P0459,Iddq,uA,6.8921,7.4754,7.7567,8.0909,50.0,0,none
L03,L03-P0460,Iddq,uA,10.6081,11.8345,12.0736,12.4527,50.0,0,none
L03,L03-P0461,Iddq,uA,9.9076,11.3384,11.6748,12.2051,50.0,0,none
L03,L03-P0462,Iddq,uA,7.9053,8.5226,8.5839,8.5394,50.0,0,none
L03,L03-P0463,Iddq,uA,9.3281,10.443,11.1186,10.932,50.0,0,none
L03,L03-P0464,Iddq,uA,8.6653,10.0527,10.4192,10.7221,50.0,0,none
L03,L03-P0465,Iddq,uA,9.4061,10.3146,11.0258,11.0382,50.0,0,none
L03,L03-P0466,Iddq,uA,6.4787,7.0246,7.377,7.3933,50.0,0,none
L03,L03-P0467,Iddq,uA,8.2153,9.3047,9.4944,9.5491,50.0,0,none
L03,L03-P0468,Iddq,uA,8.0475,9.0314,9.7269,9.6377,50.0,0,none
L03,L03-P0469,Iddq,uA,9.3547,10.5957,11.1698,11.1792,50.0,0,none
L03,L03-P0470,Iddq,uA,7.3802,8.3078,8.6231,8.7807,50.0,0,none
L03,L03-P0471,Iddq,uA,5.2232,5.6061,5.8858,5.8552,50.0,0,none
L03,L03-P0472,Iddq,uA,6.8803,7.65,8.1672,8.2253,50.0,0,none
L03,L03-P0473,Iddq,uA,8.282,9.5049,9.9461,10.3937,50.0,0,none
L03,L03-P0474,Iddq,uA,68.0384,75.3542,78.4357,79.6975,50.0,1,gross_fail
L03,L03-P0475,Iddq,uA,11.3097,12.3872,12.4089,12.5898,50.0,0,none
L03,L03-P0476,Iddq,uA,9.3696,10.3595,10.4963,10.7208,50.0,0,none
L03,L03-P0477,Iddq,uA,8.483,9.3707,9.8568,10.2777,50.0,0,none
L03,L03-P0478,Iddq,uA,8.329,8.8272,9.0266,9.2175,50.0,0,none
L03,L03-P0479,Iddq,uA,10.1863,11.2736,11.669,11.7238,50.0,0,none
L03,L03-P0480,Iddq,uA,7.6136,7.903,8.161,8.3095,50.0,0,none
L03,L03-P0481,Iddq,uA,8.1994,9.2354,9.5767,9.8093,50.0,0,none
L03,L03-P0482,Iddq,uA,6.7468,7.587,7.8945,8.0698,50.0,0,none
L03,L03-P0483,Iddq,uA,10.7324,11.4856,11.9737,11.6786,50.0,0,none
L03,L03-P0484,Iddq,uA,9.0323,10.1101,10.3713,10.5609,50.0,0,none
L03,L03-P0485,Iddq,uA,7.2221,7.9882,8.2964,8.4057,50.0,0,none
L03,L03-P0486,Iddq,uA,8.1064,9.1112,9.5174,9.8953,50.0,0,none
L03,L03-P0487,Iddq,uA,9.1531,10.0546,10.3104,10.4516,50.0,0,none
L03,L03-P0488,Iddq,uA,7.8242,8.461,8.7567,8.9893,50.0,0,none
L03,L03-P0489,Iddq,uA,7.6246,8.0073,8.3619,8.3974,50.0,0,none
L03,L03-P0490,Iddq,uA,7.3545,8.0987,8.2439,8.3869,50.0,0,none
L03,L03-P0491,Iddq,uA,9.0278,9.8523,10.1134,10.3639,50.0,0,none
L03,L03-P0492,Iddq,uA,7.7345,8.6642,9.0234,8.9962,50.0,0,none
L03,L03-P0493,Iddq,uA,7.6724,8.3846,8.7518,8.9048,50.0,0,none
L03,L03-P0494,Iddq,uA,6.5132,7.0413,7.3757,7.3429,50.0,0,none
L03,L03-P0495,Iddq,uA,8.3574,8.9528,9.5632,9.6241,50.0,0,none
L03,L03-P0496,Iddq,uA,8.0961,9.6125,10.4688,10.888,50.0,0,none
L03,L03-P0497,Iddq,uA,7.7722,8.5211,8.7046,8.8596,50.0,0,none
L03,L03-P0498,Iddq,uA,8.7164,9.5,9.7329,9.7725,50.0,0,none
L03,L03-P0499,Iddq,uA,9.5689,12.3169,13.2091,13.7731,50.0,0,none
L03,L03-P0500,Iddq,uA,9.4921,10.6172,10.9799,11.0739,50.0,0,none
L04,L04-P0001,Iddq,uA,11.427,12.7022,13.0882,13.5044,50.0,0,none
L04,L04-P0002,Iddq,uA,10.1459,11.0739,11.6082,11.7538,50.0,0,none
L04,L04-P0003,Iddq,uA,41.0415,44.5595,45.522,45.9764,50.0,1,lot_outlier
L04,L04-P0004,Iddq,uA,9.5084,10.8928,11.2828,11.5849,50.0,0,none
L04,L04-P0005,Iddq,uA,10.0243,10.6399,10.8131,11.0418,50.0,0,none
L04,L04-P0006,Iddq,uA,10.3412,10.7644,10.996,10.9479,50.0,0,none
L04,L04-P0007,Iddq,uA,8.8988,9.9143,10.3458,10.6489,50.0,0,none
L04,L04-P0008,Iddq,uA,9.4615,10.4212,10.7177,10.7046,50.0,0,none
L04,L04-P0009,Iddq,uA,9.1402,9.4855,9.72,10.0203,50.0,0,none
L04,L04-P0010,Iddq,uA,8.6926,9.3873,9.6771,9.7498,50.0,0,none
L04,L04-P0011,Iddq,uA,9.2104,10.2693,10.5957,10.7242,50.0,0,none
L04,L04-P0012,Iddq,uA,8.7223,9.1949,9.2883,9.5537,50.0,0,none
L04,L04-P0013,Iddq,uA,9.4457,11.2247,11.9315,12.0973,50.0,0,none
L04,L04-P0014,Iddq,uA,10.5636,11.1658,11.477,11.5899,50.0,0,none
L04,L04-P0015,Iddq,uA,10.2246,10.9997,11.5763,11.7857,50.0,0,none
L04,L04-P0016,Iddq,uA,12.5494,13.0345,13.893,13.8355,50.0,0,none
L04,L04-P0017,Iddq,uA,7.5659,8.2687,8.5708,8.8387,50.0,0,none
L04,L04-P0018,Iddq,uA,10.5606,11.5906,11.88,11.9395,50.0,0,none
L04,L04-P0019,Iddq,uA,9.9323,10.5966,10.8645,10.9823,50.0,0,none
L04,L04-P0020,Iddq,uA,10.9648,13.2946,14.3141,14.5676,50.0,0,none
L04,L04-P0021,Iddq,uA,10.7402,11.5999,12.0148,12.2681,50.0,0,none
L04,L04-P0022,Iddq,uA,9.8909,10.3729,10.7648,10.9191,50.0,0,none
L04,L04-P0023,Iddq,uA,10.2543,11.3207,11.8383,11.928,50.0,0,none
L04,L04-P0024,Iddq,uA,9.1523,10.4845,11.016,11.2992,50.0,0,none
L04,L04-P0025,Iddq,uA,10.8505,11.9434,12.5206,13.0187,50.0,0,none
L04,L04-P0026,Iddq,uA,7.9491,8.4915,8.6767,8.7236,50.0,0,none
L04,L04-P0027,Iddq,uA,10.9041,12.0777,12.559,12.7298,50.0,0,none
L04,L04-P0028,Iddq,uA,9.8185,10.5742,10.6103,10.6541,50.0,0,none
L04,L04-P0029,Iddq,uA,9.3791,10.5754,11.0076,11.1083,50.0,0,none
L04,L04-P0030,Iddq,uA,9.7694,10.2287,10.3765,10.4527,50.0,0,none
L04,L04-P0031,Iddq,uA,9.8141,10.4471,10.5961,10.9529,50.0,0,none
L04,L04-P0032,Iddq,uA,11.5952,12.8877,12.9366,13.2735,50.0,0,none
L04,L04-P0033,Iddq,uA,14.6133,16.0513,16.7556,17.4002,50.0,0,none
L04,L04-P0034,Iddq,uA,11.5593,12.3916,12.6556,12.8298,50.0,0,none
L04,L04-P0035,Iddq,uA,9.2569,10.5426,11.1335,11.1274,50.0,0,none
L04,L04-P0036,Iddq,uA,10.7399,12.0584,12.6378,12.4016,50.0,0,none
L04,L04-P0037,Iddq,uA,10.7201,11.8684,12.4786,12.5076,50.0,0,none
L04,L04-P0038,Iddq,uA,9.0626,9.4625,9.6769,9.9402,50.0,0,none
L04,L04-P0039,Iddq,uA,8.5565,9.8619,10.2778,10.4294,50.0,0,none
L04,L04-P0040,Iddq,uA,9.8275,10.8113,10.9369,11.0171,50.0,0,none
L04,L04-P0041,Iddq,uA,10.8762,12.7403,13.1366,13.3879,50.0,0,none
L04,L04-P0042,Iddq,uA,8.1574,9.7269,10.2947,10.285,50.0,0,none
L04,L04-P0043,Iddq,uA,9.0723,9.9152,10.4856,10.6577,50.0,0,none
L04,L04-P0044,Iddq,uA,10.7606,12.0769,12.4867,12.8051,50.0,0,none
L04,L04-P0045,Iddq,uA,9.9438,10.422,10.4615,10.6241,50.0,0,none
L04,L04-P0046,Iddq,uA,11.8643,12.8177,13.3312,13.1876,50.0,0,none
L04,L04-P0047,Iddq,uA,8.3148,9.4166,9.7378,10.0176,50.0,0,none
L04,L04-P0048,Iddq,uA,13.1824,14.9766,15.4565,15.8643,50.0,0,none
L04,L04-P0049,Iddq,uA,8.3015,8.739,9.0126,9.155,50.0,0,none
L04,L04-P0050,Iddq,uA,7.894,8.4232,8.5592,8.6606,50.0,0,none
L04,L04-P0051,Iddq,uA,9.8607,10.0651,10.6657,10.6099,50.0,0,none
L04,L04-P0052,Iddq,uA,8.6342,9.4567,10.0326,9.9689,50.0,0,none
L04,L04-P0053,Iddq,uA,9.8165,10.3378,10.6401,10.781,50.0,0,none
L04,L04-P0054,Iddq,uA,9.9937,11.2223,11.624,11.9575,50.0,0,none
L04,L04-P0055,Iddq,uA,9.6659,10.7647,11.4044,11.5997,50.0,0,none
L04,L04-P0056,Iddq,uA,8.9441,9.6012,9.9397,10.168,50.0,0,none
L04,L04-P0057,Iddq,uA,10.6788,11.3884,11.8914,12.1369,50.0,0,none
L04,L04-P0058,Iddq,uA,9.663,10.3655,10.6453,10.9383,50.0,0,none
L04,L04-P0059,Iddq,uA,11.4915,12.466,12.8209,13.1488,50.0,0,none
L04,L04-P0060,Iddq,uA,9.7263,10.3374,10.5664,10.8261,50.0,0,none
L04,L04-P0061,Iddq,uA,8.8913,9.9201,10.355,10.429,50.0,0,none
L04,L04-P0062,Iddq,uA,8.0873,8.6589,8.7959,9.064,50.0,0,none
L04,L04-P0063,Iddq,uA,9.7891,10.3308,10.5001,10.5455,50.0,0,none
L04,L04-P0064,Iddq,uA,8.5271,9.3081,9.639,9.8279,50.0,0,none
L04,L04-P0065,Iddq,uA,8.4925,9.1293,9.4378,9.4643,50.0,0,none
L04,L04-P0066,Iddq,uA,10.7958,11.5777,12.1886,12.2816,50.0,0,none
L04,L04-P0067,Iddq,uA,8.0651,8.6178,8.8057,8.8901,50.0,0,none
L04,L04-P0068,Iddq,uA,12.0196,13.6754,14.6008,14.9616,50.0,0,none
L04,L04-P0069,Iddq,uA,10.1156,11.1504,11.5069,11.5307,50.0,0,none
L04,L04-P0070,Iddq,uA,9.8925,10.9182,11.1955,11.3772,50.0,0,none
L04,L04-P0071,Iddq,uA,8.7792,9.8279,9.7901,10.1651,50.0,0,none
L04,L04-P0072,Iddq,uA,69.7854,78.1537,81.6785,83.1219,50.0,1,gross_fail
L04,L04-P0073,Iddq,uA,10.0324,11.0312,11.5792,11.7831,50.0,0,none
L04,L04-P0074,Iddq,uA,9.2473,10.0466,10.5452,10.7068,50.0,0,none
L04,L04-P0075,Iddq,uA,10.1236,11.1597,11.5755,12.0153,50.0,0,none
L04,L04-P0076,Iddq,uA,8.1575,8.4503,8.8184,8.8121,50.0,0,none
L04,L04-P0077,Iddq,uA,8.291,8.6366,8.6904,8.8975,50.0,0,none
L04,L04-P0078,Iddq,uA,8.7628,10.8098,15.2456,19.7319,50.0,1,latent_linear
L04,L04-P0079,Iddq,uA,10.289,11.3887,11.5807,11.9827,50.0,0,none
L04,L04-P0080,Iddq,uA,9.7502,11.0263,11.6194,11.5328,50.0,0,none
L04,L04-P0081,Iddq,uA,11.2893,12.2674,12.6554,12.948,50.0,0,none
L04,L04-P0082,Iddq,uA,8.8022,9.8484,10.3094,10.3965,50.0,0,none
L04,L04-P0083,Iddq,uA,10.5723,11.4481,11.6906,11.5967,50.0,0,none
L04,L04-P0084,Iddq,uA,9.7012,10.5956,11.1237,11.2441,50.0,0,none
L04,L04-P0085,Iddq,uA,8.9628,9.3894,9.5536,9.8233,50.0,0,none
L04,L04-P0086,Iddq,uA,10.3798,11.4992,11.7328,12.0268,50.0,0,none
L04,L04-P0087,Iddq,uA,9.9847,10.3097,10.6808,10.4342,50.0,0,none
L04,L04-P0088,Iddq,uA,9.1839,10.128,10.7137,10.5614,50.0,0,none
L04,L04-P0089,Iddq,uA,10.0815,10.6986,10.7492,10.8849,50.0,0,none
L04,L04-P0090,Iddq,uA,9.8229,10.4293,10.8623,11.1875,50.0,0,none
L04,L04-P0091,Iddq,uA,9.8317,10.8988,11.407,11.6575,50.0,0,none
L04,L04-P0092,Iddq,uA,9.5533,10.3229,10.9264,11.06,50.0,0,none
L04,L04-P0093,Iddq,uA,8.5703,8.8982,9.0748,9.2172,50.0,0,none
L04,L04-P0094,Iddq,uA,10.0598,10.594,11.1452,11.3614,50.0,0,none
L04,L04-P0095,Iddq,uA,9.0963,9.4913,9.6938,9.889,50.0,0,none
L04,L04-P0096,Iddq,uA,8.7962,9.3212,9.5353,9.6641,50.0,0,none
L04,L04-P0097,Iddq,uA,9.5694,10.5917,10.9034,11.0856,50.0,0,none
L04,L04-P0098,Iddq,uA,10.9803,12.1465,12.6865,12.7616,50.0,0,none
L04,L04-P0099,Iddq,uA,10.1778,11.1928,11.4555,11.9936,50.0,0,none
L04,L04-P0100,Iddq,uA,9.3151,10.3914,10.8309,10.7937,50.0,0,none
L04,L04-P0101,Iddq,uA,75.9948,82.7158,85.5468,86.706,50.0,1,gross_fail
L04,L04-P0102,Iddq,uA,10.744,11.7643,12.1204,11.9825,50.0,0,none
L04,L04-P0103,Iddq,uA,7.5851,8.0192,8.1319,8.1297,50.0,0,none
L04,L04-P0104,Iddq,uA,11.0855,11.8789,12.0055,12.3004,50.0,0,none
L04,L04-P0105,Iddq,uA,8.2001,8.4237,8.5585,8.6167,50.0,0,none
L04,L04-P0106,Iddq,uA,8.5499,9.0548,9.3527,9.345,50.0,0,none
L04,L04-P0107,Iddq,uA,9.4824,10.1315,10.5946,10.7554,50.0,0,none
L04,L04-P0108,Iddq,uA,13.1247,14.0984,14.4301,14.7214,50.0,0,none
L04,L04-P0109,Iddq,uA,11.9949,14.5706,16.1904,16.4628,50.0,0,none
L04,L04-P0110,Iddq,uA,10.8214,11.5887,11.9292,11.9382,50.0,0,none
L04,L04-P0111,Iddq,uA,10.6037,11.3473,11.7003,11.8468,50.0,0,none
L04,L04-P0112,Iddq,uA,7.8573,8.5007,8.4059,8.6426,50.0,0,none
L04,L04-P0113,Iddq,uA,10.1559,10.8697,11.2429,11.6444,50.0,0,none
L04,L04-P0114,Iddq,uA,9.4283,10.0018,10.3361,10.38,50.0,0,none
L04,L04-P0115,Iddq,uA,9.0927,10.0363,10.2919,10.6851,50.0,0,none
L04,L04-P0116,Iddq,uA,10.1959,11.0444,11.2619,11.3635,50.0,0,none
L04,L04-P0117,Iddq,uA,9.6019,10.2026,10.6103,10.6129,50.0,0,none
L04,L04-P0118,Iddq,uA,11.1415,11.7556,12.2349,12.291,50.0,0,none
L04,L04-P0119,Iddq,uA,7.841,8.4535,8.4901,8.6837,50.0,0,none
L04,L04-P0120,Iddq,uA,10.2077,11.0859,13.6272,20.7364,50.0,1,accelerating
L04,L04-P0121,Iddq,uA,8.9715,9.7432,10.1542,10.0273,50.0,0,none
L04,L04-P0122,Iddq,uA,9.3926,10.2389,10.8131,10.9779,50.0,0,none
L04,L04-P0123,Iddq,uA,10.281,11.1799,11.7983,12.1316,50.0,0,none
L04,L04-P0124,Iddq,uA,8.7015,9.4446,9.6802,9.9557,50.0,0,none
L04,L04-P0125,Iddq,uA,10.1977,11.0638,11.3694,11.556,50.0,0,none
L04,L04-P0126,Iddq,uA,9.7561,10.1314,10.4816,10.615,50.0,0,none
L04,L04-P0127,Iddq,uA,9.3073,10.2029,22.9962,23.3926,50.0,1,step_jump
L04,L04-P0128,Iddq,uA,9.3728,10.1109,10.3647,10.3771,50.0,0,none
L04,L04-P0129,Iddq,uA,9.6696,10.6399,10.9752,11.4951,50.0,0,none
L04,L04-P0130,Iddq,uA,9.2953,10.465,10.6776,11.0055,50.0,0,none
L04,L04-P0131,Iddq,uA,9.827,10.6676,11.0281,11.2797,50.0,0,none
L04,L04-P0132,Iddq,uA,9.6171,10.2898,10.5988,10.6015,50.0,0,none
L04,L04-P0133,Iddq,uA,9.2586,9.9631,10.2778,10.4008,50.0,0,none
L04,L04-P0134,Iddq,uA,12.1481,13.2142,13.5048,13.9562,50.0,0,none
L04,L04-P0135,Iddq,uA,10.3452,11.5105,11.6098,11.9039,50.0,0,none
L04,L04-P0136,Iddq,uA,9.6181,10.1298,10.5353,10.7094,50.0,0,none
L04,L04-P0137,Iddq,uA,10.152,11.2466,11.5011,11.9046,50.0,0,none
L04,L04-P0138,Iddq,uA,8.7601,9.7439,10.1853,10.3172,50.0,0,none
L04,L04-P0139,Iddq,uA,9.4852,10.2741,10.5995,10.8178,50.0,0,none
L04,L04-P0140,Iddq,uA,9.5829,10.1207,10.419,10.3607,50.0,0,none
L04,L04-P0141,Iddq,uA,8.4586,9.4915,9.7921,9.8432,50.0,0,none
L04,L04-P0142,Iddq,uA,10.4924,11.3372,11.3004,11.7324,50.0,0,none
L04,L04-P0143,Iddq,uA,9.1391,10.2203,10.8325,10.7526,50.0,0,none
L04,L04-P0144,Iddq,uA,9.5539,10.5117,10.6213,10.966,50.0,0,none
L04,L04-P0145,Iddq,uA,9.3089,9.9551,9.8463,10.0113,50.0,0,none
L04,L04-P0146,Iddq,uA,14.1053,15.3718,16.2592,16.3046,50.0,0,none
L04,L04-P0147,Iddq,uA,9.1472,10.0984,10.4928,10.6657,50.0,0,none
L04,L04-P0148,Iddq,uA,7.6658,8.5753,8.9168,9.0241,50.0,0,none
L04,L04-P0149,Iddq,uA,8.2276,8.9917,9.2367,9.405,50.0,0,none
L04,L04-P0150,Iddq,uA,11.1573,11.7,11.5576,11.6653,50.0,0,none
L04,L04-P0151,Iddq,uA,11.5828,13.3709,13.8171,14.169,50.0,0,none
L04,L04-P0152,Iddq,uA,9.362,10.0972,10.5607,10.7009,50.0,0,none
L04,L04-P0153,Iddq,uA,11.5571,12.4759,12.5404,12.9437,50.0,0,none
L04,L04-P0154,Iddq,uA,10.8319,11.6036,11.8511,12.0011,50.0,0,none
L04,L04-P0155,Iddq,uA,9.6968,10.4086,11.0292,11.1579,50.0,0,none
L04,L04-P0156,Iddq,uA,9.7319,10.7515,11.0702,11.2782,50.0,0,none
L04,L04-P0157,Iddq,uA,10.1593,14.3394,11.481,10.7166,50.0,1,erratic
L04,L04-P0158,Iddq,uA,10.9514,12.1536,12.905,13.1093,50.0,0,none
L04,L04-P0159,Iddq,uA,10.5875,11.1094,11.4948,11.3076,50.0,0,none
L04,L04-P0160,Iddq,uA,9.1585,9.6522,10.0997,10.1445,50.0,0,none
L04,L04-P0161,Iddq,uA,9.82,10.1066,10.4555,10.5207,50.0,0,none
L04,L04-P0162,Iddq,uA,12.6706,13.419,14.0383,14.3108,50.0,0,none
L04,L04-P0163,Iddq,uA,10.1566,11.7876,11.9575,12.638,50.0,0,none
L04,L04-P0164,Iddq,uA,10.8599,12.8182,13.4745,13.9366,50.0,0,none
L04,L04-P0165,Iddq,uA,10.7234,11.4322,12.0297,12.185,50.0,0,none
L04,L04-P0166,Iddq,uA,10.4615,11.0999,11.2369,11.446,50.0,0,none
L04,L04-P0167,Iddq,uA,10.2532,11.0117,11.1833,11.4005,50.0,0,none
L04,L04-P0168,Iddq,uA,11.0763,12.1725,12.5009,12.8253,50.0,0,none
L04,L04-P0169,Iddq,uA,11.0176,11.4254,11.7111,11.8439,50.0,0,none
L04,L04-P0170,Iddq,uA,10.5164,11.0555,11.5035,11.4423,50.0,0,none
L04,L04-P0171,Iddq,uA,9.1399,10.4159,10.8571,11.1345,50.0,0,none
L04,L04-P0172,Iddq,uA,10.5308,11.0261,11.3998,11.5985,50.0,0,none
L04,L04-P0173,Iddq,uA,9.8021,10.7005,10.887,10.9817,50.0,0,none
L04,L04-P0174,Iddq,uA,9.4089,10.4162,10.8558,11.1561,50.0,0,none
L04,L04-P0175,Iddq,uA,13.8419,15.2644,15.4655,15.8629,50.0,0,none
L04,L04-P0176,Iddq,uA,8.3771,8.8058,9.2295,9.3139,50.0,0,none
L04,L04-P0177,Iddq,uA,11.2153,12.1604,12.5044,13.0329,50.0,0,none
L04,L04-P0178,Iddq,uA,9.0358,9.9691,10.2955,10.507,50.0,0,none
L04,L04-P0179,Iddq,uA,10.139,11.7876,12.5138,12.6023,50.0,0,none
L04,L04-P0180,Iddq,uA,13.3841,14.755,14.9676,15.3817,50.0,0,none
L04,L04-P0181,Iddq,uA,8.8265,9.6968,10.1766,9.9162,50.0,0,none
L04,L04-P0182,Iddq,uA,9.3404,10.3876,10.9898,11.0157,50.0,0,none
L04,L04-P0183,Iddq,uA,10.042,10.6953,10.9993,10.9215,50.0,0,none
L04,L04-P0184,Iddq,uA,9.0022,9.6132,9.7353,9.9672,50.0,0,none
L04,L04-P0185,Iddq,uA,11.2109,12.0675,12.7943,12.7805,50.0,0,none
L04,L04-P0186,Iddq,uA,9.346,10.4968,10.9763,10.8763,50.0,0,none
L04,L04-P0187,Iddq,uA,10.7612,11.6871,12.4984,12.6802,50.0,0,none
L04,L04-P0188,Iddq,uA,8.5602,9.1973,9.4319,9.5904,50.0,0,none
L04,L04-P0189,Iddq,uA,8.1696,8.4145,8.4651,8.8369,50.0,0,none
L04,L04-P0190,Iddq,uA,9.8386,10.7136,11.0071,11.1726,50.0,0,none
L04,L04-P0191,Iddq,uA,8.2504,9.1144,9.7546,9.9966,50.0,0,none
L04,L04-P0192,Iddq,uA,11.9496,12.6762,12.8833,13.0037,50.0,0,none
L04,L04-P0193,Iddq,uA,8.4383,9.1376,9.2555,9.4,50.0,0,none
L04,L04-P0194,Iddq,uA,8.7055,9.5471,9.9521,9.7481,50.0,0,none
L04,L04-P0195,Iddq,uA,10.5218,11.2878,11.6058,11.8682,50.0,0,none
L04,L04-P0196,Iddq,uA,9.4741,10.147,10.6158,10.7066,50.0,0,none
L04,L04-P0197,Iddq,uA,8.2438,9.1619,9.5554,9.6574,50.0,0,none
L04,L04-P0198,Iddq,uA,12.6311,13.9658,14.5069,14.6712,50.0,0,none
L04,L04-P0199,Iddq,uA,8.8573,9.4537,9.7556,9.678,50.0,0,none
L04,L04-P0200,Iddq,uA,9.6743,10.4181,10.4622,10.5736,50.0,0,none
L04,L04-P0201,Iddq,uA,9.6982,10.7694,11.1712,11.3274,50.0,0,none
L04,L04-P0202,Iddq,uA,10.8576,11.581,12.265,12.2786,50.0,0,none
L04,L04-P0203,Iddq,uA,10.4869,12.3323,12.773,13.308,50.0,0,none
L04,L04-P0204,Iddq,uA,9.1521,10.3309,11.0842,11.3513,50.0,0,none
L04,L04-P0205,Iddq,uA,9.8333,11.0421,11.945,12.0437,50.0,0,none
L04,L04-P0206,Iddq,uA,9.5748,10.331,10.6171,10.6157,50.0,0,none
L04,L04-P0207,Iddq,uA,10.9395,12.1696,12.5672,12.6665,50.0,0,none
L04,L04-P0208,Iddq,uA,8.641,9.6509,10.0933,10.3578,50.0,0,none
L04,L04-P0209,Iddq,uA,12.744,13.9288,14.6395,14.9912,50.0,0,none
L04,L04-P0210,Iddq,uA,9.1944,9.9454,10.304,10.2613,50.0,0,none
L04,L04-P0211,Iddq,uA,10.0292,11.0871,11.8465,11.8908,50.0,0,none
L04,L04-P0212,Iddq,uA,8.6571,9.7217,9.7851,9.803,50.0,0,none
L04,L04-P0213,Iddq,uA,8.5542,9.2572,9.544,9.9794,50.0,0,none
L04,L04-P0214,Iddq,uA,9.0623,9.5006,9.6413,9.7354,50.0,0,none
L04,L04-P0215,Iddq,uA,9.0006,9.8475,9.9091,10.6384,50.0,0,none
L04,L04-P0216,Iddq,uA,9.4952,10.2911,10.6992,10.7677,50.0,0,none
L04,L04-P0217,Iddq,uA,8.9202,9.7159,10.0138,10.3224,50.0,0,none
L04,L04-P0218,Iddq,uA,10.9916,11.7908,12.2128,12.6334,50.0,0,none
L04,L04-P0219,Iddq,uA,9.0242,9.8745,10.2346,10.4127,50.0,0,none
L04,L04-P0220,Iddq,uA,8.8055,9.676,10.0814,10.216,50.0,0,none
L04,L04-P0221,Iddq,uA,9.6129,10.7663,11.1878,11.307,50.0,0,none
L04,L04-P0222,Iddq,uA,11.2143,12.0945,12.5679,12.8023,50.0,0,none
L04,L04-P0223,Iddq,uA,10.3094,10.8791,11.0452,11.2479,50.0,0,none
L04,L04-P0224,Iddq,uA,9.9693,10.9769,11.3137,11.4006,50.0,0,none
L04,L04-P0225,Iddq,uA,8.3103,8.9047,9.2351,9.3606,50.0,0,none
L04,L04-P0226,Iddq,uA,8.5587,9.1523,9.4396,9.4208,50.0,0,none
L04,L04-P0227,Iddq,uA,8.5768,9.0696,9.2652,9.4336,50.0,0,none
L04,L04-P0228,Iddq,uA,11.7103,12.6836,13.2343,13.5239,50.0,0,none
L04,L04-P0229,Iddq,uA,10.5412,11.3481,11.7417,12.0311,50.0,0,none
L04,L04-P0230,Iddq,uA,8.8624,9.3677,9.7382,9.5178,50.0,0,none
L04,L04-P0231,Iddq,uA,9.2815,10.2606,10.3966,10.4428,50.0,0,none
L04,L04-P0232,Iddq,uA,9.0053,10.2,10.8171,10.7739,50.0,0,none
L04,L04-P0233,Iddq,uA,8.8862,9.5157,9.9505,9.9195,50.0,0,none
L04,L04-P0234,Iddq,uA,10.4835,11.3185,11.9239,11.8893,50.0,0,none
L04,L04-P0235,Iddq,uA,9.6621,10.6201,11.2986,11.3479,50.0,0,none
L04,L04-P0236,Iddq,uA,34.9653,39.9447,41.1193,41.367,50.0,1,lot_outlier
L04,L04-P0237,Iddq,uA,11.9619,12.8641,13.7299,13.6018,50.0,0,none
L04,L04-P0238,Iddq,uA,11.6398,11.9567,12.3406,12.3935,50.0,0,none
L04,L04-P0239,Iddq,uA,37.365,43.5489,45.176,46.55,50.0,1,lot_outlier
L04,L04-P0240,Iddq,uA,54.7823,60.6674,63.1463,64.1614,50.0,1,gross_fail
L04,L04-P0241,Iddq,uA,10.7761,12.8791,13.5059,13.8343,50.0,0,none
L04,L04-P0242,Iddq,uA,9.4699,10.2572,10.4747,10.5925,50.0,0,none
L04,L04-P0243,Iddq,uA,12.1171,12.8333,12.9567,13.0382,50.0,0,none
L04,L04-P0244,Iddq,uA,10.5066,11.0523,11.7129,11.8076,50.0,0,none
L04,L04-P0245,Iddq,uA,10.4083,11.0752,11.414,11.6174,50.0,0,none
L04,L04-P0246,Iddq,uA,10.0573,11.1648,11.6814,11.8085,50.0,0,none
L04,L04-P0247,Iddq,uA,12.2378,13.6578,14.2653,14.6995,50.0,0,none
L04,L04-P0248,Iddq,uA,8.4069,8.9767,9.4829,9.6092,50.0,0,none
L04,L04-P0249,Iddq,uA,12.5585,13.504,13.985,14.3842,50.0,0,none
L04,L04-P0250,Iddq,uA,9.7129,10.6419,11.0096,11.5553,50.0,0,none
L04,L04-P0251,Iddq,uA,8.5592,9.0165,9.3233,9.4798,50.0,0,none
L04,L04-P0252,Iddq,uA,9.2114,9.7029,9.9384,10.4864,50.0,0,none
L04,L04-P0253,Iddq,uA,8.1902,9.1955,23.3323,23.9081,50.0,1,step_jump
L04,L04-P0254,Iddq,uA,10.6188,12.0751,12.7787,12.7141,50.0,0,none
L04,L04-P0255,Iddq,uA,8.7641,9.8348,10.2945,10.4542,50.0,0,none
L04,L04-P0256,Iddq,uA,10.0675,11.3012,15.2142,26.3869,50.0,1,accelerating
L04,L04-P0257,Iddq,uA,11.2681,11.9652,12.1466,12.2181,50.0,0,none
L04,L04-P0258,Iddq,uA,8.9917,10.036,10.1701,10.4374,50.0,0,none
L04,L04-P0259,Iddq,uA,9.5687,10.2884,10.7388,10.7906,50.0,0,none
L04,L04-P0260,Iddq,uA,8.6108,9.2715,9.5849,9.5016,50.0,0,none
L04,L04-P0261,Iddq,uA,9.4774,10.1746,10.6172,10.5535,50.0,0,none
L04,L04-P0262,Iddq,uA,13.6268,14.823,15.4726,15.4805,50.0,0,none
L04,L04-P0263,Iddq,uA,11.0345,11.4577,11.7629,11.8043,50.0,0,none
L04,L04-P0264,Iddq,uA,9.7265,10.3028,10.5737,10.5085,50.0,0,none
L04,L04-P0265,Iddq,uA,9.2028,10.4276,11.0986,11.3344,50.0,0,none
L04,L04-P0266,Iddq,uA,9.9913,10.6051,10.9929,10.9325,50.0,0,none
L04,L04-P0267,Iddq,uA,10.0815,11.0052,11.2868,11.5325,50.0,0,none
L04,L04-P0268,Iddq,uA,9.3671,10.701,11.1237,11.4186,50.0,0,none
L04,L04-P0269,Iddq,uA,10.4496,12.0892,12.1907,12.4477,50.0,0,none
L04,L04-P0270,Iddq,uA,8.8261,10.0117,10.3263,10.4501,50.0,0,none
L04,L04-P0271,Iddq,uA,8.8057,9.6054,10.217,10.3329,50.0,0,none
L04,L04-P0272,Iddq,uA,10.5603,11.6134,11.7372,12.0981,50.0,0,none
L04,L04-P0273,Iddq,uA,8.6938,9.7769,10.2441,10.3863,50.0,0,none
L04,L04-P0274,Iddq,uA,10.9828,12.0309,12.5007,12.5476,50.0,0,none
L04,L04-P0275,Iddq,uA,9.9638,10.3161,10.6555,10.4886,50.0,0,none
L04,L04-P0276,Iddq,uA,7.8677,8.5697,9.0652,8.7969,50.0,0,none
L04,L04-P0277,Iddq,uA,9.9711,11.2245,11.8736,11.8798,50.0,0,none
L04,L04-P0278,Iddq,uA,8.1882,8.6994,8.9349,9.0912,50.0,0,none
L04,L04-P0279,Iddq,uA,10.7614,12.4858,12.8461,13.4429,50.0,0,none
L04,L04-P0280,Iddq,uA,9.6728,10.4885,10.6887,10.9036,50.0,0,none
L04,L04-P0281,Iddq,uA,12.6061,13.5617,14.107,14.1385,50.0,0,none
L04,L04-P0282,Iddq,uA,11.3345,12.5742,13.3553,13.6356,50.0,0,none
L04,L04-P0283,Iddq,uA,8.7951,9.418,9.7803,9.9944,50.0,0,none
L04,L04-P0284,Iddq,uA,7.7918,8.5145,9.0168,8.8879,50.0,0,none
L04,L04-P0285,Iddq,uA,9.1949,10.0368,10.6684,10.8578,50.0,0,none
L04,L04-P0286,Iddq,uA,8.555,8.9795,9.1148,9.3233,50.0,0,none
L04,L04-P0287,Iddq,uA,12.4834,13.2857,13.8692,13.8247,50.0,0,none
L04,L04-P0288,Iddq,uA,9.9278,10.9573,11.5518,11.6974,50.0,0,none
L04,L04-P0289,Iddq,uA,11.0188,12.0803,12.4683,12.5928,50.0,0,none
L04,L04-P0290,Iddq,uA,9.7315,10.9143,11.2619,11.6685,50.0,0,none
L04,L04-P0291,Iddq,uA,9.8394,10.2112,10.6751,10.5189,50.0,0,none
L04,L04-P0292,Iddq,uA,9.9744,10.5638,10.7265,10.6228,50.0,0,none
L04,L04-P0293,Iddq,uA,11.2792,12.8081,13.0896,13.5465,50.0,0,none
L04,L04-P0294,Iddq,uA,10.3006,11.5519,11.8714,12.1682,50.0,0,none
L04,L04-P0295,Iddq,uA,8.694,9.5265,9.8237,9.9873,50.0,0,none
L04,L04-P0296,Iddq,uA,12.0579,13.2065,13.8661,13.906,50.0,0,none
L04,L04-P0297,Iddq,uA,9.722,10.673,11.0986,11.3714,50.0,0,none
L04,L04-P0298,Iddq,uA,9.4236,9.9206,10.2533,10.5872,50.0,0,none
L04,L04-P0299,Iddq,uA,7.0885,7.4645,7.8328,7.849,50.0,0,none
L04,L04-P0300,Iddq,uA,10.6621,11.6324,12.3145,12.1256,50.0,0,none
L04,L04-P0301,Iddq,uA,10.0015,11.2732,11.9412,12.0231,50.0,0,none
L04,L04-P0302,Iddq,uA,9.9993,10.8802,10.833,11.1191,50.0,0,none
L04,L04-P0303,Iddq,uA,9.5373,10.1945,10.6934,10.7009,50.0,0,none
L04,L04-P0304,Iddq,uA,9.3605,9.879,10.4202,10.4743,50.0,0,none
L04,L04-P0305,Iddq,uA,9.6392,10.4832,11.0286,11.1133,50.0,0,none
L04,L04-P0306,Iddq,uA,10.5225,11.5593,11.956,12.0792,50.0,0,none
L04,L04-P0307,Iddq,uA,10.518,11.4596,12.0804,11.9038,50.0,0,none
L04,L04-P0308,Iddq,uA,9.7755,11.018,11.3844,11.4522,50.0,0,none
L04,L04-P0309,Iddq,uA,11.1083,12.2674,12.264,12.4168,50.0,0,none
L04,L04-P0310,Iddq,uA,9.771,10.8019,10.9827,11.0783,50.0,0,none
L04,L04-P0311,Iddq,uA,9.509,9.9493,10.0167,10.0742,50.0,0,none
L04,L04-P0312,Iddq,uA,10.3236,10.9378,11.0711,11.1691,50.0,0,none
L04,L04-P0313,Iddq,uA,8.3628,9.218,9.5056,9.7455,50.0,0,none
L04,L04-P0314,Iddq,uA,10.1533,11.1965,11.8694,11.8113,50.0,0,none
L04,L04-P0315,Iddq,uA,8.2584,9.1979,9.4988,9.7118,50.0,0,none
L04,L04-P0316,Iddq,uA,8.8266,9.7354,10.3954,10.3647,50.0,0,none
L04,L04-P0317,Iddq,uA,7.7262,9.1408,9.5772,9.9211,50.0,0,none
L04,L04-P0318,Iddq,uA,9.622,10.3319,10.7754,10.9666,50.0,0,none
L04,L04-P0319,Iddq,uA,12.1593,12.8684,13.086,13.1738,50.0,0,none
L04,L04-P0320,Iddq,uA,9.7744,10.5453,10.8384,10.8308,50.0,0,none
L04,L04-P0321,Iddq,uA,10.7551,11.7267,11.865,12.01,50.0,0,none
L04,L04-P0322,Iddq,uA,13.2964,14.0951,14.3599,14.6848,50.0,0,none
L04,L04-P0323,Iddq,uA,10.457,11.6283,11.9118,11.9118,50.0,0,none
L04,L04-P0324,Iddq,uA,9.1515,10.2908,10.8955,10.899,50.0,0,none
L04,L04-P0325,Iddq,uA,9.2545,10.5278,11.0928,11.2111,50.0,0,none
L04,L04-P0326,Iddq,uA,10.0218,11.0391,11.5743,11.6027,50.0,0,none
L04,L04-P0327,Iddq,uA,9.1932,10.8742,11.3543,11.8412,50.0,0,none
L04,L04-P0328,Iddq,uA,9.4163,10.185,10.4098,10.4479,50.0,0,none
L04,L04-P0329,Iddq,uA,11.2329,11.876,12.0205,12.3569,50.0,0,none
L04,L04-P0330,Iddq,uA,11.3418,12.5365,13.4785,13.477,50.0,0,none
L04,L04-P0331,Iddq,uA,8.0796,8.8659,11.7131,20.0137,50.0,1,accelerating
L04,L04-P0332,Iddq,uA,9.1188,9.7944,10.0567,10.1014,50.0,0,none
L04,L04-P0333,Iddq,uA,9.4522,10.4548,10.8901,10.8977,50.0,0,none
L04,L04-P0334,Iddq,uA,10.7887,11.8028,11.9954,12.1411,50.0,0,none
L04,L04-P0335,Iddq,uA,11.491,12.3146,12.6312,13.1136,50.0,0,none
L04,L04-P0336,Iddq,uA,13.74,14.6644,14.9324,15.367,50.0,0,none
L04,L04-P0337,Iddq,uA,9.5,10.2279,10.4792,10.7101,50.0,0,none
L04,L04-P0338,Iddq,uA,9.5303,10.6328,11.1036,11.3114,50.0,0,none
L04,L04-P0339,Iddq,uA,10.7779,11.6467,12.1082,12.0986,50.0,0,none
L04,L04-P0340,Iddq,uA,9.4138,9.7835,10.0993,10.2461,50.0,0,none
L04,L04-P0341,Iddq,uA,9.7553,10.3943,10.6449,10.6507,50.0,0,none
L04,L04-P0342,Iddq,uA,9.5186,9.9709,10.5988,10.6122,50.0,0,none
L04,L04-P0343,Iddq,uA,7.309,7.85,8.2275,8.5358,50.0,0,none
L04,L04-P0344,Iddq,uA,10.5413,11.2412,11.6469,11.76,50.0,0,none
L04,L04-P0345,Iddq,uA,9.6644,10.5314,10.5963,10.7007,50.0,0,none
L04,L04-P0346,Iddq,uA,11.4675,12.2647,12.3622,12.4734,50.0,0,none
L04,L04-P0347,Iddq,uA,9.9685,11.1489,13.7156,20.8561,50.0,1,accelerating
L04,L04-P0348,Iddq,uA,8.4446,9.0988,9.2884,9.5445,50.0,0,none
L04,L04-P0349,Iddq,uA,9.7221,10.5744,11.1231,11.5503,50.0,0,none
L04,L04-P0350,Iddq,uA,7.6668,8.3255,8.5298,8.7099,50.0,0,none
L04,L04-P0351,Iddq,uA,8.635,9.1382,9.4233,9.5227,50.0,0,none
L04,L04-P0352,Iddq,uA,10.7473,11.6028,12.3303,12.4828,50.0,0,none
L04,L04-P0353,Iddq,uA,9.5701,11.3775,12.1178,12.3024,50.0,0,none
L04,L04-P0354,Iddq,uA,10.9301,12.2908,12.8489,12.9206,50.0,0,none
L04,L04-P0355,Iddq,uA,7.8731,8.6863,8.9671,9.0059,50.0,0,none
L04,L04-P0356,Iddq,uA,9.4998,10.7091,11.0518,11.2482,50.0,0,none
L04,L04-P0357,Iddq,uA,9.592,9.8205,9.8234,10.0882,50.0,0,none
L04,L04-P0358,Iddq,uA,11.2354,11.8929,12.0409,12.1369,50.0,0,none
L04,L04-P0359,Iddq,uA,10.7674,11.1178,11.5071,11.478,50.0,0,none
L04,L04-P0360,Iddq,uA,10.6986,12.2781,13.0822,13.3305,50.0,0,none
L04,L04-P0361,Iddq,uA,12.0235,13.7079,14.3822,14.5322,50.0,0,none
L04,L04-P0362,Iddq,uA,9.4614,10.4412,11.1105,10.8995,50.0,0,none
L04,L04-P0363,Iddq,uA,11.6553,12.7987,13.2017,13.5733,50.0,0,none
L04,L04-P0364,Iddq,uA,8.7573,9.2522,9.5576,9.7393,50.0,0,none
L04,L04-P0365,Iddq,uA,8.8696,9.4595,9.7737,9.9086,50.0,0,none
L04,L04-P0366,Iddq,uA,10.9264,12.4623,13.3915,13.5807,50.0,0,none
L04,L04-P0367,Iddq,uA,8.306,8.9623,9.406,9.3537,50.0,0,none
L04,L04-P0368,Iddq,uA,10.6142,11.4116,11.8469,12.1777,50.0,0,none
L04,L04-P0369,Iddq,uA,10.1438,10.7691,10.9069,11.0515,50.0,0,none
L04,L04-P0370,Iddq,uA,11.551,12.7674,13.3953,13.8575,50.0,0,none
L04,L04-P0371,Iddq,uA,9.8919,10.7757,11.0865,11.1955,50.0,0,none
L04,L04-P0372,Iddq,uA,36.0087,36.8785,38.3305,38.5903,50.0,1,lot_outlier
L04,L04-P0373,Iddq,uA,10.4287,11.2137,11.5308,11.7968,50.0,0,none
L04,L04-P0374,Iddq,uA,9.1644,9.7462,9.8444,10.3223,50.0,0,none
L04,L04-P0375,Iddq,uA,9.1564,9.9802,10.2041,10.3264,50.0,0,none
L04,L04-P0376,Iddq,uA,10.7539,11.3275,11.9998,11.9922,50.0,0,none
L04,L04-P0377,Iddq,uA,9.8882,10.6181,10.8972,11.1398,50.0,0,none
L04,L04-P0378,Iddq,uA,9.2453,10.5155,10.9866,11.0289,50.0,0,none
L04,L04-P0379,Iddq,uA,10.0149,10.6972,11.1121,11.2265,50.0,0,none
L04,L04-P0380,Iddq,uA,12.0665,13.729,14.5263,14.5337,50.0,0,none
L04,L04-P0381,Iddq,uA,9.5483,10.3747,10.5416,10.8138,50.0,0,none
L04,L04-P0382,Iddq,uA,9.4869,11.5115,12.4156,12.5017,50.0,0,none
L04,L04-P0383,Iddq,uA,8.1328,8.5831,8.8279,9.0949,50.0,0,none
L04,L04-P0384,Iddq,uA,9.8029,10.5829,10.8813,11.0021,50.0,0,none
L04,L04-P0385,Iddq,uA,10.6879,11.5922,11.7744,11.9589,50.0,0,none
L04,L04-P0386,Iddq,uA,10.8897,11.9177,12.4617,12.6058,50.0,0,none
L04,L04-P0387,Iddq,uA,10.0142,10.5714,10.7477,10.8751,50.0,0,none
L04,L04-P0388,Iddq,uA,11.0256,12.2481,12.8024,12.8077,50.0,0,none
L04,L04-P0389,Iddq,uA,10.8723,11.4023,11.7808,11.6796,50.0,0,none
L04,L04-P0390,Iddq,uA,11.3295,12.3515,12.7577,13.1562,50.0,0,none
L04,L04-P0391,Iddq,uA,11.2043,11.8898,12.319,12.4421,50.0,0,none
L04,L04-P0392,Iddq,uA,11.844,13.0783,13.4256,13.4972,50.0,0,none
L04,L04-P0393,Iddq,uA,9.7936,10.6154,11.4034,11.4759,50.0,0,none
L04,L04-P0394,Iddq,uA,8.4166,9.9355,21.9114,22.7603,50.0,1,step_jump
L04,L04-P0395,Iddq,uA,10.7419,11.336,11.871,12.0517,50.0,0,none
L04,L04-P0396,Iddq,uA,10.944,11.8396,12.3205,12.4248,50.0,0,none
L04,L04-P0397,Iddq,uA,11.911,12.8168,13.2238,13.4447,50.0,0,none
L04,L04-P0398,Iddq,uA,11.6297,12.4498,12.5655,12.9817,50.0,0,none
L04,L04-P0399,Iddq,uA,12.5989,13.8499,13.8272,14.082,50.0,0,none
L04,L04-P0400,Iddq,uA,11.045,11.9804,12.4627,12.5571,50.0,0,none
L04,L04-P0401,Iddq,uA,10.4,10.9004,11.4069,11.4394,50.0,0,none
L04,L04-P0402,Iddq,uA,8.4147,9.76,10.6611,10.7424,50.0,0,none
L04,L04-P0403,Iddq,uA,10.2158,11.5239,11.759,12.038,50.0,0,none
L04,L04-P0404,Iddq,uA,9.3999,9.9794,9.9682,10.3668,50.0,0,none
L04,L04-P0405,Iddq,uA,10.2106,10.9973,11.3635,11.3321,50.0,0,none
L04,L04-P0406,Iddq,uA,10.0485,10.5836,10.9923,11.1619,50.0,0,none
L04,L04-P0407,Iddq,uA,10.6607,11.641,12.417,12.5617,50.0,0,none
L04,L04-P0408,Iddq,uA,9.805,10.2673,10.4548,10.7282,50.0,0,none
L04,L04-P0409,Iddq,uA,11.071,11.9575,12.0119,12.0985,50.0,0,none
L04,L04-P0410,Iddq,uA,7.1908,7.6545,7.9325,8.1033,50.0,0,none
L04,L04-P0411,Iddq,uA,10.2064,11.3187,11.7969,11.7634,50.0,0,none
L04,L04-P0412,Iddq,uA,11.5638,13.0194,13.7441,13.9615,50.0,0,none
L04,L04-P0413,Iddq,uA,12.4592,16.7315,24.5179,32.1586,50.0,1,latent_linear
L04,L04-P0414,Iddq,uA,10.8493,12.071,12.4454,12.8985,50.0,0,none
L04,L04-P0415,Iddq,uA,12.4575,13.3821,13.9238,13.681,50.0,0,none
L04,L04-P0416,Iddq,uA,10.025,11.2777,11.8014,11.9704,50.0,0,none
L04,L04-P0417,Iddq,uA,9.8045,10.7171,11.0952,11.1084,50.0,0,none
L04,L04-P0418,Iddq,uA,10.7363,11.1877,11.2951,11.4925,50.0,0,none
L04,L04-P0419,Iddq,uA,10.1715,10.9288,11.3401,11.6944,50.0,0,none
L04,L04-P0420,Iddq,uA,9.1733,9.5798,9.8861,9.9645,50.0,0,none
L04,L04-P0421,Iddq,uA,9.3696,10.291,10.437,10.7786,50.0,0,none
L04,L04-P0422,Iddq,uA,8.7215,9.7382,9.8833,9.9805,50.0,0,none
L04,L04-P0423,Iddq,uA,10.6803,11.5953,11.8475,12.2079,50.0,0,none
L04,L04-P0424,Iddq,uA,9.9516,10.9743,11.6361,11.6046,50.0,0,none
L04,L04-P0425,Iddq,uA,9.5066,10.6525,11.0951,11.2255,50.0,0,none
L04,L04-P0426,Iddq,uA,9.2972,10.1013,10.5508,10.7069,50.0,0,none
L04,L04-P0427,Iddq,uA,10.4944,11.443,11.7899,11.8813,50.0,0,none
L04,L04-P0428,Iddq,uA,11.2152,11.9336,12.3386,12.4934,50.0,0,none
L04,L04-P0429,Iddq,uA,8.6094,9.4029,9.5447,9.6666,50.0,0,none
L04,L04-P0430,Iddq,uA,8.4844,9.1533,9.3789,9.6231,50.0,0,none
L04,L04-P0431,Iddq,uA,11.2772,13.3818,14.4967,14.758,50.0,0,none
L04,L04-P0432,Iddq,uA,8.485,9.4074,9.5559,9.7078,50.0,0,none
L04,L04-P0433,Iddq,uA,10.6424,11.9073,12.1807,12.287,50.0,0,none
L04,L04-P0434,Iddq,uA,12.1803,12.8732,13.4165,13.5511,50.0,0,none
L04,L04-P0435,Iddq,uA,12.0894,13.6493,13.9777,14.4626,50.0,0,none
L04,L04-P0436,Iddq,uA,10.8405,12.4566,12.6363,12.7498,50.0,0,none
L04,L04-P0437,Iddq,uA,10.7042,12.2239,12.5321,12.6845,50.0,0,none
L04,L04-P0438,Iddq,uA,13.1169,14.4037,14.926,15.0481,50.0,0,none
L04,L04-P0439,Iddq,uA,7.5304,8.4481,8.8415,9.007,50.0,0,none
L04,L04-P0440,Iddq,uA,9.5244,10.6513,11.0703,11.3559,50.0,0,none
L04,L04-P0441,Iddq,uA,11.1206,11.8893,12.3312,12.8542,50.0,0,none
L04,L04-P0442,Iddq,uA,9.7128,10.256,10.743,10.8303,50.0,0,none
L04,L04-P0443,Iddq,uA,11.5404,12.9531,13.3062,13.56,50.0,0,none
L04,L04-P0444,Iddq,uA,9.8864,10.5719,10.7483,11.0728,50.0,0,none
L04,L04-P0445,Iddq,uA,10.0808,10.8018,11.1841,11.263,50.0,0,none
L04,L04-P0446,Iddq,uA,9.7198,10.3833,10.685,10.9466,50.0,0,none
L04,L04-P0447,Iddq,uA,9.3605,9.7259,9.9162,10.1582,50.0,0,none
L04,L04-P0448,Iddq,uA,9.2568,10.2385,10.9404,10.9489,50.0,0,none
L04,L04-P0449,Iddq,uA,10.4138,10.9823,11.3008,11.3615,50.0,0,none
L04,L04-P0450,Iddq,uA,8.837,9.6635,10.0559,10.2263,50.0,0,none
L04,L04-P0451,Iddq,uA,10.9791,12.1015,12.3605,12.6902,50.0,0,none
L04,L04-P0452,Iddq,uA,10.7781,9.5139,12.0691,10.7928,50.0,1,erratic
L04,L04-P0453,Iddq,uA,11.4746,12.2441,13.0335,12.6724,50.0,0,none
L04,L04-P0454,Iddq,uA,8.6493,9.537,9.8438,9.9488,50.0,0,none
L04,L04-P0455,Iddq,uA,8.1718,8.6425,9.2687,9.2258,50.0,0,none
L04,L04-P0456,Iddq,uA,10.0833,10.5153,11.0853,11.1274,50.0,0,none
L04,L04-P0457,Iddq,uA,14.2148,15.1765,15.6045,15.5535,50.0,0,none
L04,L04-P0458,Iddq,uA,11.6008,13.0091,13.7005,14.0166,50.0,0,none
L04,L04-P0459,Iddq,uA,9.333,11.3763,16.9196,22.4735,50.0,1,latent_linear
L04,L04-P0460,Iddq,uA,10.6609,11.029,11.738,11.9928,50.0,0,none
L04,L04-P0461,Iddq,uA,10.8575,11.6623,12.0372,12.2817,50.0,0,none
L04,L04-P0462,Iddq,uA,8.3511,9.4089,9.6504,9.7112,50.0,0,none
L04,L04-P0463,Iddq,uA,11.886,12.2369,12.6411,12.7547,50.0,0,none
L04,L04-P0464,Iddq,uA,9.9759,10.4385,10.5937,10.8896,50.0,0,none
L04,L04-P0465,Iddq,uA,9.9001,10.7876,11.3153,11.3657,50.0,0,none
L04,L04-P0466,Iddq,uA,10.0109,11.1151,11.9217,11.8966,50.0,0,none
L04,L04-P0467,Iddq,uA,11.3633,12.5077,12.8702,13.1645,50.0,0,none
L04,L04-P0468,Iddq,uA,9.0748,9.7329,9.8621,9.8722,50.0,0,none
L04,L04-P0469,Iddq,uA,7.9805,8.7497,8.9998,9.0502,50.0,0,none
L04,L04-P0470,Iddq,uA,10.3109,11.6036,12.2328,12.1754,50.0,0,none
L04,L04-P0471,Iddq,uA,7.7937,8.3485,8.4064,8.5537,50.0,0,none
L04,L04-P0472,Iddq,uA,9.6044,10.305,10.81,10.9389,50.0,0,none
L04,L04-P0473,Iddq,uA,11.5609,12.3669,12.9445,13.3012,50.0,0,none
L04,L04-P0474,Iddq,uA,10.9085,11.6774,11.7456,12.0848,50.0,0,none
L04,L04-P0475,Iddq,uA,11.2438,13.5881,14.3863,14.6333,50.0,0,none
L04,L04-P0476,Iddq,uA,10.7006,11.6636,11.9687,12.1283,50.0,0,none
L04,L04-P0477,Iddq,uA,13.3539,14.7381,15.3297,15.4397,50.0,0,none
L04,L04-P0478,Iddq,uA,9.2887,10.1103,10.2258,10.3286,50.0,0,none
L04,L04-P0479,Iddq,uA,10.4643,11.5154,11.9463,12.2114,50.0,0,none
L04,L04-P0480,Iddq,uA,9.4029,10.5245,10.912,11.1986,50.0,0,none
L04,L04-P0481,Iddq,uA,11.2478,11.9888,12.1189,12.5823,50.0,0,none
L04,L04-P0482,Iddq,uA,32.8736,35.3481,37.195,36.8836,50.0,1,lot_outlier
L04,L04-P0483,Iddq,uA,12.3876,13.083,13.1394,13.6086,50.0,0,none
L04,L04-P0484,Iddq,uA,9.3076,9.8788,10.107,10.2703,50.0,0,none
L04,L04-P0485,Iddq,uA,11.7493,12.9931,14.0162,14.0514,50.0,0,none
L04,L04-P0486,Iddq,uA,10.6243,11.3777,11.9373,11.8298,50.0,0,none
L04,L04-P0487,Iddq,uA,9.9378,10.2913,10.4762,10.4887,50.0,0,none
L04,L04-P0488,Iddq,uA,10.5713,12.2416,12.9463,13.0892,50.0,0,none
L04,L04-P0489,Iddq,uA,10.2731,11.098,11.1157,11.4251,50.0,0,none
L04,L04-P0490,Iddq,uA,10.3021,11.14,11.6494,11.7029,50.0,0,none
L04,L04-P0491,Iddq,uA,9.6004,11.2774,11.8318,11.7378,50.0,0,none
L04,L04-P0492,Iddq,uA,9.021,9.9929,10.2326,10.5533,50.0,0,none
L04,L04-P0493,Iddq,uA,9.628,10.4086,10.6091,10.9111,50.0,0,none
L04,L04-P0494,Iddq,uA,8.0297,8.7456,8.88,8.8553,50.0,0,none
L04,L04-P0495,Iddq,uA,11.1175,11.8914,11.8545,12.0498,50.0,0,none
L04,L04-P0496,Iddq,uA,8.5474,9.3171,9.4707,9.7395,50.0,0,none
L04,L04-P0497,Iddq,uA,9.7095,10.8594,10.8734,11.2045,50.0,0,none
L04,L04-P0498,Iddq,uA,10.9131,11.7929,12.2419,12.3404,50.0,0,none
L04,L04-P0499,Iddq,uA,10.9227,11.6572,12.1521,12.253,50.0,0,none
L04,L04-P0500,Iddq,uA,8.0531,8.6931,9.021,9.1468,50.0,0,none
L05,L05-P0001,Iddq,uA,13.2325,13.4792,14.2614,14.32,50.0,0,none
L05,L05-P0002,Iddq,uA,12.6448,13.1735,13.4805,13.8105,50.0,0,none
L05,L05-P0003,Iddq,uA,17.1818,18.3996,18.7421,19.0951,50.0,0,none
L05,L05-P0004,Iddq,uA,18.5724,19.9883,19.9577,20.3539,50.0,0,none
L05,L05-P0005,Iddq,uA,13.9266,15.073,15.595,15.4401,50.0,0,none
L05,L05-P0006,Iddq,uA,14.9769,15.5488,16.3276,16.2334,50.0,0,none
L05,L05-P0007,Iddq,uA,14.9483,15.9553,17.0873,17.1283,50.0,0,none
L05,L05-P0008,Iddq,uA,18.0063,19.0693,19.5258,19.4755,50.0,0,none
L05,L05-P0009,Iddq,uA,10.9173,11.259,11.379,11.3683,50.0,0,none
L05,L05-P0010,Iddq,uA,14.9767,15.6479,15.9011,15.6638,50.0,0,none
L05,L05-P0011,Iddq,uA,13.0766,14.0782,14.3417,14.6589,50.0,0,none
L05,L05-P0012,Iddq,uA,10.4443,11.2142,11.2448,11.428,50.0,0,none
L05,L05-P0013,Iddq,uA,13.7008,14.1834,14.8608,14.7902,50.0,0,none
L05,L05-P0014,Iddq,uA,18.4215,19.0836,19.6377,19.9734,50.0,0,none
L05,L05-P0015,Iddq,uA,13.3039,13.9881,14.2598,13.831,50.0,0,none
L05,L05-P0016,Iddq,uA,15.8341,16.3717,17.05,16.9363,50.0,0,none
L05,L05-P0017,Iddq,uA,16.8491,17.8888,18.4174,18.2458,50.0,0,none
L05,L05-P0018,Iddq,uA,14.1968,15.0899,15.5756,15.5091,50.0,0,none
L05,L05-P0019,Iddq,uA,14.5221,15.16,15.9996,15.8775,50.0,0,none
L05,L05-P0020,Iddq,uA,11.2919,11.8627,12.1637,12.3323,50.0,0,none
L05,L05-P0021,Iddq,uA,13.0426,13.4972,13.9347,13.9757,50.0,0,none
L05,L05-P0022,Iddq,uA,16.6435,16.5302,17.068,17.1628,50.0,0,none
L05,L05-P0023,Iddq,uA,14.371,15.0004,15.2999,15.2777,50.0,0,none
L05,L05-P0024,Iddq,uA,15.3447,16.6825,17.7071,18.4577,50.0,0,none
L05,L05-P0025,Iddq,uA,14.797,15.9151,16.5232,16.2083,50.0,0,none
L05,L05-P0026,Iddq,uA,19.5169,21.0633,21.322,22.2964,50.0,0,none
L05,L05-P0027,Iddq,uA,13.6147,13.8477,14.4484,14.3873,50.0,0,none
L05,L05-P0028,Iddq,uA,18.0973,18.9071,19.0752,19.6405,50.0,0,none
L05,L05-P0029,Iddq,uA,14.8017,15.1239,15.4731,15.6786,50.0,0,none
L05,L05-P0030,Iddq,uA,18.0376,18.6646,18.9968,18.8949,50.0,0,none
L05,L05-P0031,Iddq,uA,11.9362,12.7585,12.6931,12.9094,50.0,0,none
L05,L05-P0032,Iddq,uA,14.5057,15.6276,16.43,16.517,50.0,0,none
L05,L05-P0033,Iddq,uA,13.6205,14.3629,14.8335,15.1428,50.0,0,none
L05,L05-P0034,Iddq,uA,14.6675,15.3612,15.6213,15.5287,50.0,0,none
L05,L05-P0035,Iddq,uA,16.6742,17.6412,18.09,18.1027,50.0,0,none
L05,L05-P0036,Iddq,uA,14.9982,16.1375,16.9412,16.6202,50.0,0,none
L05,L05-P0037,Iddq,uA,16.9809,17.4812,18.2453,18.3053,50.0,0,none
L05,L05-P0038,Iddq,uA,13.2616,14.0327,14.0727,14.2086,50.0,0,none
L05,L05-P0039,Iddq,uA,13.1091,13.7158,13.636,14.1341,50.0,0,none
L05,L05-P0040,Iddq,uA,14.349,15.3991,15.6743,15.4816,50.0,0,none
L05,L05-P0041,Iddq,uA,14.3649,15.1478,15.5047,15.6746,50.0,0,none
L05,L05-P0042,Iddq,uA,14.2561,14.6946,14.8856,15.1568,50.0,0,none
L05,L05-P0043,Iddq,uA,12.9397,13.3217,13.4588,13.5842,50.0,0,none
L05,L05-P0044,Iddq,uA,16.975,17.5502,18.1959,17.7787,50.0,0,none
L05,L05-P0045,Iddq,uA,13.872,14.1333,14.1251,14.3842,50.0,0,none
L05,L05-P0046,Iddq,uA,17.3645,18.4272,18.701,18.6411,50.0,0,none
L05,L05-P0047,Iddq,uA,14.6399,15.5357,16.0156,15.9637,50.0,0,none
L05,L05-P0048,Iddq,uA,15.7136,16.3645,16.3784,16.5863,50.0,0,none
L05,L05-P0049,Iddq,uA,15.5006,16.1507,16.7723,16.825,50.0,0,none
L05,L05-P0050,Iddq,uA,12.8531,13.7669,14.2478,14.0911,50.0,0,none
L05,L05-P0051,Iddq,uA,15.0826,15.4601,15.6361,15.7494,50.0,0,none
L05,L05-P0052,Iddq,uA,18.6483,19.6797,19.9993,19.8759,50.0,0,none
L05,L05-P0053,Iddq,uA,15.0931,16.299,16.5214,17.0939,50.0,0,none
L05,L05-P0054,Iddq,uA,16.3185,17.2184,17.7216,17.8227,50.0,0,none
L05,L05-P0055,Iddq,uA,15.9011,16.306,16.4141,16.2171,50.0,0,none
L05,L05-P0056,Iddq,uA,15.0904,15.8855,16.4659,16.5791,50.0,0,none
L05,L05-P0057,Iddq,uA,14.7173,15.5293,15.6571,15.7548,50.0,0,none
L05,L05-P0058,Iddq,uA,15.4846,16.7602,16.7707,17.0038,50.0,0,none
L05,L05-P0059,Iddq,uA,15.7686,16.749,16.8088,16.9414,50.0,0,none
L05,L05-P0060,Iddq,uA,11.936,12.6088,12.6951,12.6714,50.0,0,none
L05,L05-P0061,Iddq,uA,14.9587,15.2126,15.9457,16.1718,50.0,0,none
L05,L05-P0062,Iddq,uA,14.0247,15.3384,18.1141,27.3516,50.0,1,accelerating
L05,L05-P0063,Iddq,uA,13.5975,13.9151,14.4843,14.8489,50.0,0,none
L05,L05-P0064,Iddq,uA,17.2476,17.8825,18.3803,18.6414,50.0,0,none
L05,L05-P0065,Iddq,uA,13.0327,13.8716,13.6384,13.9289,50.0,0,none
L05,L05-P0066,Iddq,uA,12.0203,12.5467,12.8773,13.1874,50.0,0,none
L05,L05-P0067,Iddq,uA,16.0582,16.9553,16.9815,17.525,50.0,0,none
L05,L05-P0068,Iddq,uA,11.922,12.2538,12.4639,12.4325,50.0,0,none
L05,L05-P0069,Iddq,uA,11.0348,11.8352,12.1291,12.5887,50.0,0,none
L05,L05-P0070,Iddq,uA,16.4297,16.9046,17.7592,17.4615,50.0,0,none
L05,L05-P0071,Iddq,uA,14.7177,15.6418,15.5254,15.9325,50.0,0,none
L05,L05-P0072,Iddq,uA,15.2629,16.3701,16.814,16.9089,50.0,0,none
L05,L05-P0073,Iddq,uA,13.5494,14.4841,14.6968,14.7906,50.0,0,none
L05,L05-P0074,Iddq,uA,11.9634,13.0484,13.1983,13.2564,50.0,0,none
L05,L05-P0075,Iddq,uA,12.0384,12.6614,13.025,13.1707,50.0,0,none
L05,L05-P0076,Iddq,uA,13.8047,14.9007,15.1692,15.282,50.0,0,none
L05,L05-P0077,Iddq,uA,12.2023,12.9464,12.8974,13.184,50.0,0,none
L05,L05-P0078,Iddq,uA,54.8631,58.1257,59.4999,60.0626,50.0,1,gross_fail
L05,L05-P0079,Iddq,uA,13.4245,14.193,14.6431,14.7778,50.0,0,none
L05,L05-P0080,Iddq,uA,14.6502,16.1779,16.2774,16.5281,50.0,0,none
L05,L05-P0081,Iddq,uA,14.6473,15.7076,16.2307,16.4639,50.0,0,none
L05,L05-P0082,Iddq,uA,15.0583,16.0274,16.2267,16.4139,50.0,0,none
L05,L05-P0083,Iddq,uA,15.392,16.0252,16.4821,16.5983,50.0,0,none
L05,L05-P0084,Iddq,uA,13.9648,14.4682,14.7151,14.4893,50.0,0,none
L05,L05-P0085,Iddq,uA,14.5276,15.3033,15.4456,15.8486,50.0,0,none
L05,L05-P0086,Iddq,uA,14.6742,15.3443,15.5825,15.941,50.0,0,none
L05,L05-P0087,Iddq,uA,10.3114,10.7024,10.793,10.9184,50.0,0,none
L05,L05-P0088,Iddq,uA,15.8493,16.2139,16.1554,16.4805,50.0,0,none
L05,L05-P0089,Iddq,uA,14.693,16.1034,16.5086,17.0592,50.0,0,none
L05,L05-P0090,Iddq,uA,15.5432,16.0445,16.3921,16.9027,50.0,0,none
L05,L05-P0091,Iddq,uA,12.1848,13.8435,17.5858,29.6475,50.0,1,accelerating
L05,L05-P0092,Iddq,uA,13.7064,14.6224,14.9045,14.9941,50.0,0,none
L05,L05-P0093,Iddq,uA,12.3825,12.9496,13.2923,13.5743,50.0,0,none
L05,L05-P0094,Iddq,uA,15.6855,16.5002,16.893,16.7202,50.0,0,none
L05,L05-P0095,Iddq,uA,11.8495,12.6378,12.653,12.8803,50.0,0,none
L05,L05-P0096,Iddq,uA,12.5726,13.5919,14.3088,14.3455,50.0,0,none
L05,L05-P0097,Iddq,uA,78.5365,84.9361,87.6316,88.7354,50.0,1,gross_fail
L05,L05-P0098,Iddq,uA,13.3635,14.0172,14.2157,14.1223,50.0,0,none
L05,L05-P0099,Iddq,uA,12.9128,13.0267,13.5437,13.5093,50.0,0,none
L05,L05-P0100,Iddq,uA,16.1191,16.9537,17.5336,17.5385,50.0,0,none
L05,L05-P0101,Iddq,uA,16.2838,16.894,17.3046,17.3702,50.0,0,none
L05,L05-P0102,Iddq,uA,16.0679,17.1926,17.2722,17.8539,50.0,0,none
L05,L05-P0103,Iddq,uA,16.1212,17.5022,18.1075,18.5152,50.0,0,none
L05,L05-P0104,Iddq,uA,14.0951,14.604,15.0235,15.0948,50.0,0,none
L05,L05-P0105,Iddq,uA,13.7753,14.6461,15.2154,14.7944,50.0,0,none
L05,L05-P0106,Iddq,uA,13.1914,14.2588,14.7609,14.7607,50.0,0,none
L05,L05-P0107,Iddq,uA,14.5228,15.0828,15.7364,15.4723,50.0,0,none
L05,L05-P0108,Iddq,uA,13.3436,14.406,14.2936,14.5687,50.0,0,none
L05,L05-P0109,Iddq,uA,13.7286,14.5271,14.5213,14.7479,50.0,0,none
L05,L05-P0110,Iddq,uA,15.6638,16.5483,16.3663,16.5159,50.0,0,none
L05,L05-P0111,Iddq,uA,16.9705,17.722,18.0351,17.8839,50.0,0,none
L05,L05-P0112,Iddq,uA,15.1164,15.8577,16.2918,16.1569,50.0,0,none
L05,L05-P0113,Iddq,uA,18.3457,19.5813,20.7703,20.666,50.0,0,none
L05,L05-P0114,Iddq,uA,13.2345,14.2843,14.7927,14.7618,50.0,0,none
L05,L05-P0115,Iddq,uA,10.9969,11.9789,12.0895,12.2077,50.0,0,none
L05,L05-P0116,Iddq,uA,15.6635,16.4584,17.1032,17.3507,50.0,0,none
L05,L05-P0117,Iddq,uA,12.8955,13.6206,13.7887,13.8413,50.0,0,none
L05,L05-P0118,Iddq,uA,43.6827,44.8682,46.5691,46.55,50.0,1,lot_outlier
L05,L05-P0119,Iddq,uA,11.338,11.9944,12.0727,12.1107,50.0,0,none
L05,L05-P0120,Iddq,uA,12.9318,13.5556,13.8188,13.2381,50.0,0,none
L05,L05-P0121,Iddq,uA,11.809,12.4632,12.7186,12.9188,50.0,0,none
L05,L05-P0122,Iddq,uA,13.6165,14.2917,23.2828,23.8713,50.0,1,step_jump
L05,L05-P0123,Iddq,uA,13.7609,14.3907,14.6625,14.8751,50.0,0,none
L05,L05-P0124,Iddq,uA,14.727,15.2642,15.7331,15.7269,50.0,0,none
L05,L05-P0125,Iddq,uA,17.3553,18.0129,18.036,18.7167,50.0,0,none
L05,L05-P0126,Iddq,uA,15.4515,16.591,16.6665,17.2259,50.0,0,none
L05,L05-P0127,Iddq,uA,11.5976,12.2135,12.59,12.6609,50.0,0,none
L05,L05-P0128,Iddq,uA,15.5859,16.0502,16.1787,16.4259,50.0,0,none
L05,L05-P0129,Iddq,uA,14.6776,15.6608,16.0535,16.5799,50.0,0,none
L05,L05-P0130,Iddq,uA,14.2881,15.0779,15.3711,15.6614,50.0,0,none
L05,L05-P0131,Iddq,uA,14.5011,15.6515,16.1,15.4857,50.0,0,none
L05,L05-P0132,Iddq,uA,14.4829,15.7432,16.2218,16.2899,50.0,0,none
L05,L05-P0133,Iddq,uA,13.2094,13.6215,13.7905,13.9043,50.0,0,none
L05,L05-P0134,Iddq,uA,14.0229,14.7201,14.7542,14.8772,50.0,0,none
L05,L05-P0135,Iddq,uA,16.9947,17.4963,17.9977,17.7431,50.0,0,none
L05,L05-P0136,Iddq,uA,12.9475,13.7583,14.0346,13.9638,50.0,0,none
L05,L05-P0137,Iddq,uA,12.701,13.5797,13.5678,13.996,50.0,0,none
L05,L05-P0138,Iddq,uA,13.9456,15.0551,15.0224,15.4071,50.0,0,none
L05,L05-P0139,Iddq,uA,12.244,13.1109,13.3306,13.5407,50.0,0,none
L05,L05-P0140,Iddq,uA,11.6229,11.686,12.0713,11.8229,50.0,0,none
L05,L05-P0141,Iddq,uA,13.9534,14.1403,14.5936,14.6645,50.0,0,none
L05,L05-P0142,Iddq,uA,17.7843,18.817,18.9177,19.2815,50.0,0,none
L05,L05-P0143,Iddq,uA,14.1821,15.1624,15.438,15.3878,50.0,0,none
L05,L05-P0144,Iddq,uA,14.6721,15.4506,15.4127,15.761,50.0,0,none
L05,L05-P0145,Iddq,uA,10.8417,11.2234,11.4907,11.5349,50.0,0,none
L05,L05-P0146,Iddq,uA,15.3553,15.387,15.8231,15.9432,50.0,0,none
L05,L05-P0147,Iddq,uA,14.6309,15.2251,15.3485,15.5986,50.0,0,none
L05,L05-P0148,Iddq,uA,13.1732,13.927,14.5959,14.3987,50.0,0,none
L05,L05-P0149,Iddq,uA,14.7976,15.3294,15.585,15.7912,50.0,0,none
L05,L05-P0150,Iddq,uA,14.6319,15.4697,15.6753,15.6822,50.0,0,none
L05,L05-P0151,Iddq,uA,12.6497,12.8244,13.0134,13.1715,50.0,0,none
L05,L05-P0152,Iddq,uA,15.2737,15.6232,15.684,15.5884,50.0,0,none
L05,L05-P0153,Iddq,uA,16.9632,18.3634,18.7502,18.2571,50.0,0,none
L05,L05-P0154,Iddq,uA,14.0868,14.9617,15.1388,15.4848,50.0,0,none
L05,L05-P0155,Iddq,uA,12.8899,13.1619,13.611,13.3453,50.0,0,none
L05,L05-P0156,Iddq,uA,14.052,14.6314,14.7821,15.0528,50.0,0,none
L05,L05-P0157,Iddq,uA,16.3762,17.1944,17.4517,17.1732,50.0,0,none
L05,L05-P0158,Iddq,uA,12.0415,12.6598,12.8177,12.8331,50.0,0,none
L05,L05-P0159,Iddq,uA,15.8711,16.0244,16.2791,16.4277,50.0,0,none
L05,L05-P0160,Iddq,uA,13.1486,14.1429,13.9191,14.0754,50.0,0,none
L05,L05-P0161,Iddq,uA,14.7402,16.0307,16.2923,16.2292,50.0,0,none
L05,L05-P0162,Iddq,uA,13.2299,14.356,14.5539,14.8497,50.0,0,none
L05,L05-P0163,Iddq,uA,13.3318,14.2985,14.6426,14.6597,50.0,0,none
L05,L05-P0164,Iddq,uA,17.6645,18.0418,18.5871,18.7354,50.0,0,none
L05,L05-P0165,Iddq,uA,12.0245,12.6084,12.7688,13.0936,50.0,0,none
L05,L05-P0166,Iddq,uA,15.5147,16.3265,16.6463,16.5107,50.0,0,none
L05,L05-P0167,Iddq,uA,18.2651,19.2481,19.2582,19.4168,50.0,0,none
L05,L05-P0168,Iddq,uA,15.5942,16.5373,16.818,16.7623,50.0,0,none
L05,L05-P0169,Iddq,uA,12.05,12.9063,15.9727,25.1017,50.0,1,accelerating
L05,L05-P0170,Iddq,uA,12.1682,12.2771,12.5492,12.5126,50.0,0,none
L05,L05-P0171,Iddq,uA,12.9802,13.8332,14.283,14.4861,50.0,0,none
L05,L05-P0172,Iddq,uA,14.8305,15.6208,16.1833,16.1421,50.0,0,none
L05,L05-P0173,Iddq,uA,14.9106,15.2864,15.3775,15.5328,50.0,0,none
L05,L05-P0174,Iddq,uA,12.0443,12.5181,13.0115,13.4808,50.0,0,none
L05,L05-P0175,Iddq,uA,12.8475,13.3216,13.6669,13.4459,50.0,0,none
L05,L05-P0176,Iddq,uA,12.9431,13.6613,13.7161,13.59,50.0,0,none
L05,L05-P0177,Iddq,uA,13.996,14.8123,14.9026,14.7517,50.0,0,none
L05,L05-P0178,Iddq,uA,19.2788,19.7085,20.3834,20.4149,50.0,0,none
L05,L05-P0179,Iddq,uA,12.5654,13.1467,13.5068,13.6845,50.0,0,none
L05,L05-P0180,Iddq,uA,12.5728,12.9537,13.3443,13.4286,50.0,0,none
L05,L05-P0181,Iddq,uA,12.3877,13.2808,13.6022,13.7839,50.0,0,none
L05,L05-P0182,Iddq,uA,15.6634,16.6283,17.1492,16.9326,50.0,0,none
L05,L05-P0183,Iddq,uA,14.3202,15.0593,15.2151,15.5548,50.0,0,none
L05,L05-P0184,Iddq,uA,12.8162,13.5049,14.0256,14.0406,50.0,0,none
L05,L05-P0185,Iddq,uA,13.5804,14.3363,14.5619,14.7674,50.0,0,none
L05,L05-P0186,Iddq,uA,13.0495,13.501,13.6929,13.8569,50.0,0,none
L05,L05-P0187,Iddq,uA,15.043,15.9041,16.2295,16.3106,50.0,0,none
L05,L05-P0188,Iddq,uA,20.9007,21.2153,22.1824,21.9206,50.0,0,none
L05,L05-P0189,Iddq,uA,15.3395,16.3903,16.8462,16.8038,50.0,0,none
L05,L05-P0190,Iddq,uA,14.0106,14.6476,15.1262,14.8809,50.0,0,none
L05,L05-P0191,Iddq,uA,12.9751,14.109,14.3675,14.4485,50.0,0,none
L05,L05-P0192,Iddq,uA,11.9528,12.5489,13.1025,13.0581,50.0,0,none
L05,L05-P0193,Iddq,uA,15.8163,16.8792,17.164,17.2448,50.0,0,none
L05,L05-P0194,Iddq,uA,15.4741,16.3427,16.5054,16.4927,50.0,0,none
L05,L05-P0195,Iddq,uA,13.3833,14.1941,14.544,14.604,50.0,0,none
L05,L05-P0196,Iddq,uA,17.2454,17.6981,17.811,18.068,50.0,0,none
L05,L05-P0197,Iddq,uA,14.4495,15.1787,15.6811,15.4654,50.0,0,none
L05,L05-P0198,Iddq,uA,15.9934,16.5936,16.6203,16.5781,50.0,0,none
L05,L05-P0199,Iddq,uA,14.7355,15.1239,16.0031,15.8061,50.0,0,none
L05,L05-P0200,Iddq,uA,13.9791,15.1396,15.3725,15.6439,50.0,0,none
L05,L05-P0201,Iddq,uA,12.5405,13.1934,13.4003,13.5911,50.0,0,none
L05,L05-P0202,Iddq,uA,14.266,14.6245,15.1234,15.3002,50.0,0,none
L05,L05-P0203,Iddq,uA,16.1383,16.713,17.0499,17.0642,50.0,0,none
L05,L05-P0204,Iddq,uA,13.6092,14.2064,14.3579,13.9337,50.0,0,none
L05,L05-P0205,Iddq,uA,15.2158,16.1118,16.5366,16.3188,50.0,0,none
L05,L05-P0206,Iddq,uA,12.2274,13.1868,13.1831,13.1586,50.0,0,none
L05,L05-P0207,Iddq,uA,15.8255,17.3683,17.7018,18.1159,50.0,0,none
L05,L05-P0208,Iddq,uA,14.8766,15.4765,16.2848,16.2442,50.0,0,none
L05,L05-P0209,Iddq,uA,42.5933,44.723,46.5696,46.55,50.0,1,lot_outlier
L05,L05-P0210,Iddq,uA,14.1334,14.3586,14.6482,14.7813,50.0,0,none
L05,L05-P0211,Iddq,uA,16.242,17.0637,17.2941,17.5945,50.0,0,none
L05,L05-P0212,Iddq,uA,11.9902,12.8774,13.1203,13.1656,50.0,0,none
L05,L05-P0213,Iddq,uA,12.5184,12.9838,13.1824,13.442,50.0,0,none
L05,L05-P0214,Iddq,uA,14.3508,14.8212,15.0722,15.2426,50.0,0,none
L05,L05-P0215,Iddq,uA,19.1037,20.6033,20.813,20.9369,50.0,0,none
L05,L05-P0216,Iddq,uA,13.0289,14.3143,14.5652,14.7405,50.0,0,none
L05,L05-P0217,Iddq,uA,15.5169,16.2816,16.1551,16.6799,50.0,0,none
L05,L05-P0218,Iddq,uA,14.9349,15.9357,16.4685,16.3291,50.0,0,none
L05,L05-P0219,Iddq,uA,12.9281,13.9807,14.5033,14.1401,50.0,0,none
L05,L05-P0220,Iddq,uA,14.5945,15.4586,16.1577,16.7002,50.0,0,none
L05,L05-P0221,Iddq,uA,13.5268,14.1176,14.4968,14.4782,50.0,0,none
L05,L05-P0222,Iddq,uA,13.6926,14.5145,14.7273,14.8143,50.0,0,none
L05,L05-P0223,Iddq,uA,11.4914,12.0186,12.4065,12.347,50.0,0,none
L05,L05-P0224,Iddq,uA,14.5317,15.0589,15.8062,15.8045,50.0,0,none
L05,L05-P0225,Iddq,uA,16.1037,17.4019,17.6421,17.9449,50.0,0,none
L05,L05-P0226,Iddq,uA,14.443,15.2626,15.7547,15.8216,50.0,0,none
L05,L05-P0227,Iddq,uA,16.4994,17.6056,18.311,18.5161,50.0,0,none
L05,L05-P0228,Iddq,uA,15.4706,16.5076,16.665,16.542,50.0,0,none
L05,L05-P0229,Iddq,uA,14.1832,15.2028,15.5865,16.0021,50.0,0,none
L05,L05-P0230,Iddq,uA,13.3614,14.1518,14.6317,14.8123,50.0,0,none
L05,L05-P0231,Iddq,uA,13.4939,14.3878,14.7729,14.9035,50.0,0,none
L05,L05-P0232,Iddq,uA,11.716,12.3514,12.6632,12.7179,50.0,0,none
L05,L05-P0233,Iddq,uA,13.6881,14.87,15.1925,15.088,50.0,0,none
L05,L05-P0234,Iddq,uA,14.6527,15.2336,15.5315,15.4343,50.0,0,none
L05,L05-P0235,Iddq,uA,17.9112,19.2391,19.2562,19.6777,50.0,0,none
L05,L05-P0236,Iddq,uA,15.416,16.3105,16.7369,17.1152,50.0,0,none
L05,L05-P0237,Iddq,uA,12.6106,13.3697,13.1047,13.7034,50.0,0,none
L05,L05-P0238,Iddq,uA,11.6176,12.8652,12.7996,13.1385,50.0,0,none
L05,L05-P0239,Iddq,uA,14.1579,14.4338,14.6512,14.6656,50.0,0,none
L05,L05-P0240,Iddq,uA,16.1968,16.7206,16.9561,17.3128,50.0,0,none
L05,L05-P0241,Iddq,uA,13.8538,14.6527,15.0214,15.033,50.0,0,none
L05,L05-P0242,Iddq,uA,15.4189,16.3799,16.3646,16.4484,50.0,0,none
L05,L05-P0243,Iddq,uA,14.0288,14.8564,14.9436,15.291,50.0,0,none
L05,L05-P0244,Iddq,uA,15.9061,16.3961,17.3486,17.4355,50.0,0,none
L05,L05-P0245,Iddq,uA,11.5147,11.936,12.2939,12.1711,50.0,0,none
L05,L05-P0246,Iddq,uA,18.1304,18.879,19.7414,19.4496,50.0,0,none
L05,L05-P0247,Iddq,uA,12.3786,13.0602,13.0654,13.2304,50.0,0,none
L05,L05-P0248,Iddq,uA,16.2068,17.559,18.1119,18.3527,50.0,0,none
L05,L05-P0249,Iddq,uA,13.9628,14.6243,15.0151,14.9339,50.0,0,none
L05,L05-P0250,Iddq,uA,13.9764,14.3458,15.3355,15.069,50.0,0,none
L05,L05-P0251,Iddq,uA,13.9591,14.5102,14.4842,14.6674,50.0,0,none
L05,L05-P0252,Iddq,uA,15.1692,16.0867,16.3086,16.4162,50.0,0,none
L05,L05-P0253,Iddq,uA,15.2404,15.9607,16.64,16.391,50.0,0,none
L05,L05-P0254,Iddq,uA,16.4174,17.1674,17.4609,17.2892,50.0,0,none
L05,L05-P0255,Iddq,uA,17.4872,18.7919,19.0765,19.0954,50.0,0,none
L05,L05-P0256,Iddq,uA,14.9819,15.4813,16.0048,16.1936,50.0,0,none
L05,L05-P0257,Iddq,uA,17.9891,19.6563,19.9108,19.5938,50.0,0,none
L05,L05-P0258,Iddq,uA,14.3271,15.4168,16.2381,16.2992,50.0,0,none
L05,L05-P0259,Iddq,uA,77.535,81.8342,83.6451,84.3866,50.0,1,gross_fail
L05,L05-P0260,Iddq,uA,15.3131,16.8256,17.4911,18.0984,50.0,0,none
L05,L05-P0261,Iddq,uA,13.355,13.9636,13.7306,14.4026,50.0,0,none
L05,L05-P0262,Iddq,uA,14.7031,15.4567,15.7318,15.62,50.0,0,none
L05,L05-P0263,Iddq,uA,15.5406,16.284,16.333,16.4598,50.0,0,none
L05,L05-P0264,Iddq,uA,14.3453,15.7636,16.6195,16.7558,50.0,0,none
L05,L05-P0265,Iddq,uA,15.2163,16.6612,16.7754,17.2458,50.0,0,none
L05,L05-P0266,Iddq,uA,16.2332,17.5984,17.9515,18.3918,50.0,0,none
L05,L05-P0267,Iddq,uA,14.4811,14.8609,15.1557,15.3391,50.0,0,none
L05,L05-P0268,Iddq,uA,9.634,10.2362,10.1375,10.3527,50.0,0,none
L05,L05-P0269,Iddq,uA,18.1979,18.7252,18.9845,19.1965,50.0,0,none
L05,L05-P0270,Iddq,uA,13.9469,14.3208,14.4723,14.8945,50.0,0,none
L05,L05-P0271,Iddq,uA,12.9376,14.0568,14.459,14.8473,50.0,0,none
L05,L05-P0272,Iddq,uA,12.5118,12.8669,13.27,13.2351,50.0,0,none
L05,L05-P0273,Iddq,uA,13.6993,14.2388,14.6855,14.9259,50.0,0,none
L05,L05-P0274,Iddq,uA,13.3387,14.052,14.3493,15.032,50.0,0,none
L05,L05-P0275,Iddq,uA,13.0795,13.3309,13.6745,13.984,50.0,0,none
L05,L05-P0276,Iddq,uA,13.2158,13.4357,14.4815,13.9594,50.0,0,none
L05,L05-P0277,Iddq,uA,15.4374,15.857,16.1572,16.4219,50.0,0,none
L05,L05-P0278,Iddq,uA,18.5559,19.8119,20.436,20.1847,50.0,0,none
L05,L05-P0279,Iddq,uA,15.8668,16.7546,17.0105,17.085,50.0,0,none
L05,L05-P0280,Iddq,uA,16.5607,17.5563,17.8691,17.6954,50.0,0,none
L05,L05-P0281,Iddq,uA,13.5594,14.4533,14.6069,14.9042,50.0,0,none
L05,L05-P0282,Iddq,uA,14.8223,15.3942,15.5493,15.939,50.0,0,none
L05,L05-P0283,Iddq,uA,15.228,15.9604,16.3692,16.5312,50.0,0,none
L05,L05-P0284,Iddq,uA,13.1788,13.9176,14.5397,14.546,50.0,0,none
L05,L05-P0285,Iddq,uA,13.7106,14.1504,14.2135,14.6133,50.0,0,none
L05,L05-P0286,Iddq,uA,16.1862,17.0767,17.5593,17.6058,50.0,0,none
L05,L05-P0287,Iddq,uA,16.863,17.6065,17.8564,17.9545,50.0,0,none
L05,L05-P0288,Iddq,uA,14.4344,14.8551,15.2286,15.4409,50.0,0,none
L05,L05-P0289,Iddq,uA,12.146,14.2292,18.8383,23.1339,50.0,1,latent_linear
L05,L05-P0290,Iddq,uA,14.0342,14.3821,14.7519,14.8777,50.0,0,none
L05,L05-P0291,Iddq,uA,11.9844,12.929,13.3801,13.3229,50.0,0,none
L05,L05-P0292,Iddq,uA,14.418,15.4456,15.2642,15.9225,50.0,0,none
L05,L05-P0293,Iddq,uA,14.9814,15.3317,15.5443,16.0691,50.0,0,none
L05,L05-P0294,Iddq,uA,14.0817,14.8007,15.2324,15.274,50.0,0,none
L05,L05-P0295,Iddq,uA,14.8992,15.4343,15.804,16.2212,50.0,0,none
L05,L05-P0296,Iddq,uA,15.2208,15.9148,16.2162,16.6065,50.0,0,none
L05,L05-P0297,Iddq,uA,14.7966,15.5829,15.5579,16.0317,50.0,0,none
L05,L05-P0298,Iddq,uA,12.1153,13.1687,13.5036,13.9453,50.0,0,none
L05,L05-P0299,Iddq,uA,13.941,14.7975,14.8462,15.0792,50.0,0,none
L05,L05-P0300,Iddq,uA,15.1891,16.4598,17.1082,17.2604,50.0,0,none
L05,L05-P0301,Iddq,uA,17.9182,18.4271,18.7377,19.0982,50.0,0,none
L05,L05-P0302,Iddq,uA,14.0702,14.4455,14.6952,14.7826,50.0,0,none
L05,L05-P0303,Iddq,uA,15.6427,16.5644,17.3684,17.5304,50.0,0,none
L05,L05-P0304,Iddq,uA,16.1263,17.3546,17.1988,17.8969,50.0,0,none
L05,L05-P0305,Iddq,uA,14.0688,15.1228,16.2932,16.4391,50.0,0,none
L05,L05-P0306,Iddq,uA,16.7453,17.4403,17.6637,18.5217,50.0,0,none
L05,L05-P0307,Iddq,uA,16.784,17.6497,18.3167,18.1294,50.0,0,none
L05,L05-P0308,Iddq,uA,17.1828,19.1108,19.6737,19.7767,50.0,0,none
L05,L05-P0309,Iddq,uA,15.3238,15.748,16.0171,15.9905,50.0,0,none
L05,L05-P0310,Iddq,uA,19.6923,20.3013,20.5367,21.0113,50.0,0,none
L05,L05-P0311,Iddq,uA,13.3556,13.6583,13.8444,14.0806,50.0,0,none
L05,L05-P0312,Iddq,uA,19.6034,20.227,20.9289,21.1971,50.0,0,none
L05,L05-P0313,Iddq,uA,15.9584,16.4037,16.885,16.8543,50.0,0,none
L05,L05-P0314,Iddq,uA,17.4054,18.4213,18.9255,19.2414,50.0,0,none
L05,L05-P0315,Iddq,uA,13.977,14.9609,15.1478,15.006,50.0,0,none
L05,L05-P0316,Iddq,uA,16.2782,17.7751,18.6392,18.3663,50.0,0,none
L05,L05-P0317,Iddq,uA,17.5595,18.5552,19.2946,19.3648,50.0,0,none
L05,L05-P0318,Iddq,uA,12.4944,12.9589,13.5483,13.5914,50.0,0,none
L05,L05-P0319,Iddq,uA,14.1086,15.4674,15.5646,15.865,50.0,0,none
L05,L05-P0320,Iddq,uA,10.796,14.3972,23.736,32.418,50.0,1,latent_linear
L05,L05-P0321,Iddq,uA,13.9791,14.9613,14.9015,14.8156,50.0,0,none
L05,L05-P0322,Iddq,uA,12.8035,13.2004,13.3209,13.594,50.0,0,none
L05,L05-P0323,Iddq,uA,13.9742,14.7592,14.9332,15.0309,50.0,0,none
L05,L05-P0324,Iddq,uA,21.1828,22.6508,23.2264,23.1828,50.0,0,none
L05,L05-P0325,Iddq,uA,18.2381,18.8981,19.7576,20.0732,50.0,0,none
L05,L05-P0326,Iddq,uA,11.8956,12.1042,12.2909,12.3139,50.0,0,none
L05,L05-P0327,Iddq,uA,15.4678,16.3716,16.6249,16.8751,50.0,0,none
L05,L05-P0328,Iddq,uA,16.1015,16.7231,17.1302,17.2613,50.0,0,none
L05,L05-P0329,Iddq,uA,13.7334,14.8512,15.2307,15.2053,50.0,0,none
L05,L05-P0330,Iddq,uA,14.7698,15.7635,16.5329,16.5767,50.0,0,none
L05,L05-P0331,Iddq,uA,15.1939,15.5042,16.1572,16.0931,50.0,0,none
L05,L05-P0332,Iddq,uA,12.0057,12.9815,12.5845,13.6387,50.0,1,erratic
L05,L05-P0333,Iddq,uA,12.6248,12.8147,13.0882,13.2522,50.0,0,none
L05,L05-P0334,Iddq,uA,14.7894,15.5826,16.0102,16.3801,50.0,0,none
L05,L05-P0335,Iddq,uA,14.4374,15.0277,15.5051,15.4432,50.0,0,none
L05,L05-P0336,Iddq,uA,12.8985,14.1438,14.1626,14.4398,50.0,0,none
L05,L05-P0337,Iddq,uA,12.8566,13.8997,14.2378,14.6418,50.0,0,none
L05,L05-P0338,Iddq,uA,14.2436,14.8301,14.7872,15.2789,50.0,0,none
L05,L05-P0339,Iddq,uA,15.9258,16.9401,17.9347,17.8764,50.0,0,none
L05,L05-P0340,Iddq,uA,14.3021,15.3923,15.8682,16.0108,50.0,0,none
L05,L05-P0341,Iddq,uA,17.7572,19.3301,19.8267,20.197,50.0,0,none
L05,L05-P0342,Iddq,uA,13.3431,13.5113,13.4509,13.9233,50.0,0,none
L05,L05-P0343,Iddq,uA,14.6321,15.4181,15.5722,15.6455,50.0,0,none
L05,L05-P0344,Iddq,uA,13.8339,14.2408,14.4813,14.3718,50.0,0,none
L05,L05-P0345,Iddq,uA,15.5643,16.3963,16.8817,17.0558,50.0,0,none
L05,L05-P0346,Iddq,uA,13.2,13.6724,13.7285,14.3515,50.0,0,none
L05,L05-P0347,Iddq,uA,18.7667,19.0823,19.202,19.177,50.0,0,none
L05,L05-P0348,Iddq,uA,11.6862,12.0029,12.0114,12.3546,50.0,0,none
L05,L05-P0349,Iddq,uA,18.3758,19.3647,19.653,19.8367,50.0,0,none
L05,L05-P0350,Iddq,uA,14.4443,15.5911,15.6722,15.5543,50.0,0,none
L05,L05-P0351,Iddq,uA,15.5765,16.3677,16.6186,16.6653,50.0,0,none
L05,L05-P0352,Iddq,uA,17.0627,18.2315,18.4125,18.5919,50.0,0,none
L05,L05-P0353,Iddq,uA,16.2093,16.8257,16.9443,17.0922,50.0,0,none
L05,L05-P0354,Iddq,uA,13.2023,13.9077,13.8217,14.0766,50.0,0,none
L05,L05-P0355,Iddq,uA,15.7485,16.7391,17.0697,16.7739,50.0,0,none
L05,L05-P0356,Iddq,uA,18.7698,19.6818,20.3612,20.507,50.0,0,none
L05,L05-P0357,Iddq,uA,12.6147,13.654,14.0585,14.0536,50.0,0,none
L05,L05-P0358,Iddq,uA,19.1236,19.8607,20.7397,20.8151,50.0,0,none
L05,L05-P0359,Iddq,uA,15.032,16.1944,16.7263,16.792,50.0,0,none
L05,L05-P0360,Iddq,uA,13.5834,13.9565,14.6604,14.5732,50.0,0,none
L05,L05-P0361,Iddq,uA,12.6253,12.8671,13.5038,13.5136,50.0,0,none
L05,L05-P0362,Iddq,uA,14.0031,14.9253,15.2747,15.3155,50.0,0,none
L05,L05-P0363,Iddq,uA,11.0314,11.5976,11.9433,12.163,50.0,0,none
L05,L05-P0364,Iddq,uA,13.602,14.6377,14.8183,14.9591,50.0,0,none
L05,L05-P0365,Iddq,uA,14.2373,14.6244,14.8362,14.5565,50.0,0,none
L05,L05-P0366,Iddq,uA,12.7325,13.5338,13.9716,13.8881,50.0,0,none
L05,L05-P0367,Iddq,uA,15.9837,16.756,17.4336,17.3338,50.0,0,none
L05,L05-P0368,Iddq,uA,14.2357,14.718,15.2568,14.8729,50.0,0,none
L05,L05-P0369,Iddq,uA,13.4228,13.481,13.97,13.9406,50.0,0,none
L05,L05-P0370,Iddq,uA,13.7207,14.6786,15.0261,15.14,50.0,0,none
L05,L05-P0371,Iddq,uA,15.042,15.6813,16.0827,16.0396,50.0,0,none
L05,L05-P0372,Iddq,uA,14.7151,15.7733,16.5529,16.9976,50.0,0,none
L05,L05-P0373,Iddq,uA,13.1457,13.5401,14.0221,13.9136,50.0,0,none
L05,L05-P0374,Iddq,uA,14.5344,15.9787,16.4301,16.5584,50.0,0,none
L05,L05-P0375,Iddq,uA,14.2237,14.8346,15.2249,15.5749,50.0,0,none
L05,L05-P0376,Iddq,uA,12.3777,13.4893,13.8587,13.8769,50.0,0,none
L05,L05-P0377,Iddq,uA,13.6245,14.2854,14.5594,14.6452,50.0,0,none
L05,L05-P0378,Iddq,uA,15.7268,16.5327,17.0836,16.7196,50.0,0,none
L05,L05-P0379,Iddq,uA,15.8086,21.1976,34.4054,47.7877,50.0,1,latent_linear
L05,L05-P0380,Iddq,uA,14.1353,14.8218,15.1761,15.2509,50.0,0,none
L05,L05-P0381,Iddq,uA,15.4114,16.9125,17.2499,17.3783,50.0,0,none
L05,L05-P0382,Iddq,uA,12.6697,12.9831,13.5159,13.5688,50.0,0,none
L05,L05-P0383,Iddq,uA,12.6186,13.3244,13.4513,13.8302,50.0,0,none
L05,L05-P0384,Iddq,uA,13.947,14.994,15.4676,15.4688,50.0,0,none
L05,L05-P0385,Iddq,uA,17.3633,18.5342,18.7935,18.6899,50.0,0,none
L05,L05-P0386,Iddq,uA,14.7827,15.8127,16.1742,16.0541,50.0,0,none
L05,L05-P0387,Iddq,uA,13.6706,14.3489,14.7725,15.153,50.0,0,none
L05,L05-P0388,Iddq,uA,17.6115,18.5927,18.9923,19.1738,50.0,0,none
L05,L05-P0389,Iddq,uA,13.8524,14.3942,15.0476,14.9887,50.0,0,none
L05,L05-P0390,Iddq,uA,19.9631,20.0229,20.9199,21.0158,50.0,0,none
L05,L05-P0391,Iddq,uA,13.3854,14.0198,14.2111,14.3212,50.0,0,none
L05,L05-P0392,Iddq,uA,12.5622,13.235,13.2997,13.9463,50.0,0,none
L05,L05-P0393,Iddq,uA,14.0449,14.7884,14.9783,15.1521,50.0,0,none
L05,L05-P0394,Iddq,uA,13.8752,15.0644,15.5427,15.8687,50.0,0,none
L05,L05-P0395,Iddq,uA,12.9425,13.9035,14.1806,14.3692,50.0,0,none
L05,L05-P0396,Iddq,uA,20.415,21.8222,22.156,22.246,50.0,0,none
L05,L05-P0397,Iddq,uA,15.0063,15.6281,15.9072,15.9987,50.0,0,none
L05,L05-P0398,Iddq,uA,15.2476,16.067,16.3369,16.6011,50.0,0,none
L05,L05-P0399,Iddq,uA,13.4491,14.8785,15.0164,15.6505,50.0,0,none
L05,L05-P0400,Iddq,uA,13.128,13.6877,14.0814,14.0339,50.0,0,none
L05,L05-P0401,Iddq,uA,16.4155,17.3303,17.9128,17.7668,50.0,0,none
L05,L05-P0402,Iddq,uA,11.4785,12.0924,12.5158,12.633,50.0,0,none
L05,L05-P0403,Iddq,uA,12.1173,13.0515,13.0775,13.288,50.0,0,none
L05,L05-P0404,Iddq,uA,13.7982,14.5086,15.056,14.7863,50.0,0,none
L05,L05-P0405,Iddq,uA,17.2044,17.9394,18.0084,18.6637,50.0,0,none
L05,L05-P0406,Iddq,uA,13.734,14.1355,14.3875,14.6391,50.0,0,none
L05,L05-P0407,Iddq,uA,15.3764,15.6811,16.308,16.221,50.0,0,none
L05,L05-P0408,Iddq,uA,14.3215,15.4822,16.3004,15.984,50.0,0,none
L05,L05-P0409,Iddq,uA,17.0312,18.2026,18.4379,18.4025,50.0,0,none
L05,L05-P0410,Iddq,uA,11.7396,12.2578,12.389,12.3596,50.0,0,none
L05,L05-P0411,Iddq,uA,15.8334,16.7926,16.8753,17.4733,50.0,0,none
L05,L05-P0412,Iddq,uA,14.2601,14.8594,15.3174,15.5977,50.0,0,none
L05,L05-P0413,Iddq,uA,16.6394,17.3364,17.0859,17.4595,50.0,0,none
L05,L05-P0414,Iddq,uA,12.9577,13.6882,14.3735,14.5028,50.0,0,none
L05,L05-P0415,Iddq,uA,14.3314,14.9285,15.0518,15.2222,50.0,0,none
L05,L05-P0416,Iddq,uA,14.1714,15.3801,15.5296,15.4367,50.0,0,none
L05,L05-P0417,Iddq,uA,12.3779,13.0834,13.4003,13.6244,50.0,0,none
L05,L05-P0418,Iddq,uA,11.9846,12.5713,12.8612,12.9413,50.0,0,none
L05,L05-P0419,Iddq,uA,13.2421,13.7854,14.1982,14.0562,50.0,0,none
L05,L05-P0420,Iddq,uA,14.6039,15.0916,15.5172,15.4576,50.0,0,none
L05,L05-P0421,Iddq,uA,13.1394,13.2512,13.5677,13.5655,50.0,0,none
L05,L05-P0422,Iddq,uA,13.6057,14.3234,14.8234,14.5406,50.0,0,none
L05,L05-P0423,Iddq,uA,11.1495,11.6893,11.9544,12.1514,50.0,0,none
L05,L05-P0424,Iddq,uA,13.6368,14.165,14.4108,14.2962,50.0,0,none
L05,L05-P0425,Iddq,uA,16.4329,17.1526,17.057,17.3202,50.0,0,none
L05,L05-P0426,Iddq,uA,15.8866,16.3277,33.4526,33.0439,50.0,1,step_jump
L05,L05-P0427,Iddq,uA,14.3603,14.9354,15.1621,15.438,50.0,0,none
L05,L05-P0428,Iddq,uA,14.8341,15.4723,16.076,16.2718,50.0,0,none
L05,L05-P0429,Iddq,uA,12.7884,13.4947,13.9213,13.8748,50.0,0,none
L05,L05-P0430,Iddq,uA,18.0406,19.3323,19.5974,20.0069,50.0,0,none
L05,L05-P0431,Iddq,uA,19.0389,20.2071,20.8429,21.1557,50.0,0,none
L05,L05-P0432,Iddq,uA,14.8628,16.2534,16.8015,16.9873,50.0,0,none
L05,L05-P0433,Iddq,uA,20.5177,21.1326,21.4312,21.5568,50.0,0,none
L05,L05-P0434,Iddq,uA,12.9543,13.549,13.733,14.12,50.0,0,none
L05,L05-P0435,Iddq,uA,12.3656,12.6512,13.4602,13.395,50.0,0,none
L05,L05-P0436,Iddq,uA,13.2186,13.7379,14.116,14.0441,50.0,0,none
L05,L05-P0437,Iddq,uA,13.7914,14.8893,15.3735,15.4205,50.0,0,none
L05,L05-P0438,Iddq,uA,19.8086,20.7344,21.0726,21.1519,50.0,0,none
L05,L05-P0439,Iddq,uA,13.8106,15.0326,15.1805,15.5552,50.0,0,none
L05,L05-P0440,Iddq,uA,12.5694,13.6339,14.2651,14.0818,50.0,0,none
L05,L05-P0441,Iddq,uA,12.8459,14.0459,14.2341,14.2021,50.0,0,none
L05,L05-P0442,Iddq,uA,16.9429,17.3174,17.5965,18.0115,50.0,0,none
L05,L05-P0443,Iddq,uA,16.5433,17.485,17.5388,17.8143,50.0,0,none
L05,L05-P0444,Iddq,uA,13.509,14.0974,14.3703,14.3658,50.0,0,none
L05,L05-P0445,Iddq,uA,11.2101,11.5647,11.6439,11.8364,50.0,0,none
L05,L05-P0446,Iddq,uA,12.4933,13.4383,13.6185,13.9445,50.0,0,none
L05,L05-P0447,Iddq,uA,18.0048,19.3487,19.6398,20.2763,50.0,0,none
L05,L05-P0448,Iddq,uA,60.2217,62.9946,64.1625,64.6408,50.0,1,gross_fail
L05,L05-P0449,Iddq,uA,14.4675,15.9011,16.0622,16.059,50.0,0,none
L05,L05-P0450,Iddq,uA,18.7231,19.3467,19.947,19.8321,50.0,0,none
L05,L05-P0451,Iddq,uA,18.757,19.6097,19.2468,19.5258,50.0,0,none
L05,L05-P0452,Iddq,uA,14.205,14.989,15.8768,15.8211,50.0,0,none
L05,L05-P0453,Iddq,uA,14.4979,14.9251,15.1696,15.0951,50.0,0,none
L05,L05-P0454,Iddq,uA,13.2114,13.9663,14.3552,14.3272,50.0,0,none
L05,L05-P0455,Iddq,uA,13.7614,14.4371,14.9588,14.9749,50.0,0,none
L05,L05-P0456,Iddq,uA,11.774,12.4282,12.6859,12.8967,50.0,0,none
L05,L05-P0457,Iddq,uA,11.8415,12.8008,12.9763,13.2212,50.0,0,none
L05,L05-P0458,Iddq,uA,11.3193,11.9138,12.3965,12.6258,50.0,0,none
L05,L05-P0459,Iddq,uA,16.7896,17.8918,17.646,18.5029,50.0,0,none
L05,L05-P0460,Iddq,uA,11.7028,11.9475,12.4209,12.4334,50.0,0,none
L05,L05-P0461,Iddq,uA,18.8112,19.9835,20.3124,20.1071,50.0,0,none
L05,L05-P0462,Iddq,uA,13.0301,13.2567,13.7405,13.918,50.0,0,none
L05,L05-P0463,Iddq,uA,17.9846,19.5632,20.1423,20.4839,50.0,0,none
L05,L05-P0464,Iddq,uA,13.7653,14.1056,14.4558,14.5958,50.0,0,none
L05,L05-P0465,Iddq,uA,11.7852,12.057,12.5918,12.6958,50.0,0,none
L05,L05-P0466,Iddq,uA,17.3954,17.6883,17.8297,17.8889,50.0,0,none
L05,L05-P0467,Iddq,uA,17.212,18.1187,18.5741,18.7842,50.0,0,none
L05,L05-P0468,Iddq,uA,12.6811,13.391,13.6572,13.6968,50.0,0,none
L05,L05-P0469,Iddq,uA,13.8723,14.4229,14.6442,14.7798,50.0,0,none
L05,L05-P0470,Iddq,uA,12.822,13.7435,13.9296,14.333,50.0,0,none
L05,L05-P0471,Iddq,uA,14.2051,14.8786,15.3054,15.4563,50.0,0,none
L05,L05-P0472,Iddq,uA,14.7715,15.1032,15.7428,15.6512,50.0,0,none
L05,L05-P0473,Iddq,uA,13.6646,14.3306,14.5452,14.5522,50.0,0,none
L05,L05-P0474,Iddq,uA,11.3416,12.3364,12.2441,12.4678,50.0,0,none
L05,L05-P0475,Iddq,uA,13.4153,14.2014,14.7063,14.7231,50.0,0,none
L05,L05-P0476,Iddq,uA,15.7449,19.6938,29.5397,39.7991,50.0,1,latent_linear
L05,L05-P0477,Iddq,uA,14.1342,14.7585,15.0392,14.9957,50.0,0,none
L05,L05-P0478,Iddq,uA,13.4711,14.4974,15.1306,15.318,50.0,0,none
L05,L05-P0479,Iddq,uA,12.8746,13.3898,13.547,13.8439,50.0,0,none
L05,L05-P0480,Iddq,uA,13.2645,13.9738,13.9967,14.0525,50.0,0,none
L05,L05-P0481,Iddq,uA,17.4322,18.6073,19.1216,19.0557,50.0,0,none
L05,L05-P0482,Iddq,uA,12.217,13.0066,12.8207,13.3327,50.0,0,none
L05,L05-P0483,Iddq,uA,15.5732,16.9727,17.7488,17.7839,50.0,0,none
L05,L05-P0484,Iddq,uA,14.3036,15.4263,15.7366,15.8414,50.0,0,none
L05,L05-P0485,Iddq,uA,14.7928,15.4213,15.5638,16.1361,50.0,0,none
L05,L05-P0486,Iddq,uA,13.014,13.5629,13.7783,14.2012,50.0,0,none
L05,L05-P0487,Iddq,uA,13.51,14.3801,14.5444,14.4744,50.0,0,none
L05,L05-P0488,Iddq,uA,14.2728,15.2093,15.3526,15.6595,50.0,0,none
L05,L05-P0489,Iddq,uA,13.6577,14.0924,25.8582,26.2173,50.0,1,step_jump
L05,L05-P0490,Iddq,uA,15.0176,15.5511,15.8598,15.9796,50.0,0,none
L05,L05-P0491,Iddq,uA,15.5864,15.8333,15.8669,16.3268,50.0,0,none
L05,L05-P0492,Iddq,uA,19.5573,20.5222,20.9128,21.2971,50.0,0,none
L05,L05-P0493,Iddq,uA,14.9211,15.4635,16.2263,16.4245,50.0,0,none
L05,L05-P0494,Iddq,uA,11.2854,11.625,11.9843,12.0882,50.0,0,none
L05,L05-P0495,Iddq,uA,16.8648,17.8041,18.1835,18.3766,50.0,0,none
L05,L05-P0496,Iddq,uA,14.1144,14.7838,14.7428,14.9315,50.0,0,none
L05,L05-P0497,Iddq,uA,18.8174,19.8045,20.0202,20.5272,50.0,0,none
L05,L05-P0498,Iddq,uA,17.6501,19.4566,20.2942,20.7138,50.0,0,none
L05,L05-P0499,Iddq,uA,13.6427,14.3682,14.6673,14.9951,50.0,0,none
L05,L05-P0500,Iddq,uA,16.1778,16.4276,17.0431,17.2596,50.0,0,none
L06,L06-P0001,Iddq,uA,10.2486,11.2061,11.8481,11.9033,50.0,0,none
L06,L06-P0002,Iddq,uA,10.0066,10.8767,11.0882,11.2065,50.0,0,none
L06,L06-P0003,Iddq,uA,10.0479,8.3132,12.1246,8.6893,50.0,1,erratic
L06,L06-P0004,Iddq,uA,6.5454,7.0628,7.398,7.6606,50.0,0,none
L06,L06-P0005,Iddq,uA,8.0336,8.9072,9.3801,9.3612,50.0,0,none
L06,L06-P0006,Iddq,uA,9.8949,10.7973,11.3964,11.5165,50.0,0,none
L06,L06-P0007,Iddq,uA,8.3819,9.1715,9.6055,9.8859,50.0,0,none
L06,L06-P0008,Iddq,uA,8.8126,9.3813,9.5638,9.7386,50.0,0,none
L06,L06-P0009,Iddq,uA,6.2522,6.8394,6.9072,6.9687,50.0,0,none
L06,L06-P0010,Iddq,uA,11.5023,12.8044,13.1918,13.8087,50.0,0,none
L06,L06-P0011,Iddq,uA,6.9472,7.7997,8.1769,8.3042,50.0,0,none
L06,L06-P0012,Iddq,uA,5.663,6.0751,6.3857,6.4385,50.0,0,none
L06,L06-P0013,Iddq,uA,7.6055,8.6047,9.0515,9.3398,50.0,0,none
L06,L06-P0014,Iddq,uA,5.1524,5.6439,6.005,6.065,50.0,0,none
L06,L06-P0015,Iddq,uA,6.5807,7.1236,7.4247,7.546,50.0,0,none
L06,L06-P0016,Iddq,uA,12.6152,13.6965,14.0852,13.8076,50.0,0,none
L06,L06-P0017,Iddq,uA,7.5061,8.6245,9.0694,9.2762,50.0,0,none
L06,L06-P0018,Iddq,uA,6.1656,8.0973,12.1185,16.226,50.0,1,latent_linear
L06,L06-P0019,Iddq,uA,8.1244,9.465,9.8259,10.2011,50.0,0,none
L06,L06-P0020,Iddq,uA,6.7134,7.9603,8.5523,8.8093,50.0,0,none
L06,L06-P0021,Iddq,uA,9.5641,9.9758,10.1619,10.2584,50.0,0,none
L06,L06-P0022,Iddq,uA,6.7785,7.4203,7.4958,7.5979,50.0,0,none
L06,L06-P0023,Iddq,uA,8.4175,8.7701,8.9728,8.9224,50.0,0,none
L06,L06-P0024,Iddq,uA,6.4926,7.2605,7.6116,7.7873,50.0,0,none
L06,L06-P0025,Iddq,uA,12.8075,14.4175,15.0353,15.2177,50.0,0,none
L06,L06-P0026,Iddq,uA,8.732,9.6583,9.9532,10.1538,50.0,0,none
L06,L06-P0027,Iddq,uA,7.9059,10.3115,17.0905,23.2592,50.0,1,latent_linear
L06,L06-P0028,Iddq,uA,7.643,8.239,8.6904,8.6997,50.0,0,none
L06,L06-P0029,Iddq,uA,7.229,7.9256,8.2498,8.4303,50.0,0,none
L06,L06-P0030,Iddq,uA,6.9998,7.8069,8.0985,8.2346,50.0,0,none
L06,L06-P0031,Iddq,uA,6.9207,7.6901,8.0034,8.1363,50.0,0,none
L06,L06-P0032,Iddq,uA,10.913,12.1991,12.6531,12.6656,50.0,0,none
L06,L06-P0033,Iddq,uA,7.2432,7.88,8.0991,8.249,50.0,0,none
L06,L06-P0034,Iddq,uA,5.4487,6.0936,6.4212,6.6943,50.0,0,none
L06,L06-P0035,Iddq,uA,6.3859,7.2056,7.439,7.5948,50.0,0,none
L06,L06-P0036,Iddq,uA,9.4954,10.0347,10.4553,10.6452,50.0,0,none
L06,L06-P0037,Iddq,uA,72.2782,82.4813,86.779,88.5388,50.0,1,gross_fail
L06,L06-P0038,Iddq,uA,7.8726,8.9668,9.4977,9.6165,50.0,0,none
L06,L06-P0039,Iddq,uA,10.0341,11.3024,11.4678,11.6067,50.0,0,none
L06,L06-P0040,Iddq,uA,6.9793,7.6023,7.9746,7.9524,50.0,0,none
L06,L06-P0041,Iddq,uA,8.9666,10.3819,11.0797,11.3382,50.0,0,none
L06,L06-P0042,Iddq,uA,7.0393,7.6703,7.6947,7.7719,50.0,0,none
L06,L06-P0043,Iddq,uA,8.7784,10.0637,10.746,10.86,50.0,0,none
L06,L06-P0044,Iddq,uA,7.4843,8.0977,8.2139,8.4292,50.0,0,none
L06,L06-P0045,Iddq,uA,7.7924,8.7713,9.0834,9.4121,50.0,0,none
L06,L06-P0046,Iddq,uA,9.2122,10.13,10.8075,10.8256,50.0,0,none
L06,L06-P0047,Iddq,uA,9.1802,9.7914,9.9646,10.1752,50.0,0,none
L06,L06-P0048,Iddq,uA,7.8065,8.4174,8.5788,8.8099,50.0,0,none
L06,L06-P0049,Iddq,uA,7.3282,8.2171,8.8016,9.0456,50.0,0,none
L06,L06-P0050,Iddq,uA,10.9674,11.7724,12.0598,12.2454,50.0,0,none
L06,L06-P0051,Iddq,uA,8.9799,9.5938,10.0569,9.8418,50.0,0,none
L06,L06-P0052,Iddq,uA,7.4542,8.1172,8.2253,8.3744,50.0,0,none
L06,L06-P0053,Iddq,uA,7.1692,8.0521,8.1632,8.2939,50.0,0,none
L06,L06-P0054,Iddq,uA,9.5935,11.0373,11.6776,11.9957,50.0,0,none
L06,L06-P0055,Iddq,uA,8.3032,8.5761,8.7748,8.7572,50.0,0,none
L06,L06-P0056,Iddq,uA,7.8433,9.6534,10.0918,10.6537,50.0,0,none
L06,L06-P0057,Iddq,uA,8.2308,9.0135,9.3912,9.5308,50.0,0,none
L06,L06-P0058,Iddq,uA,8.7018,9.5371,9.9397,10.007,50.0,0,none
L06,L06-P0059,Iddq,uA,8.0145,8.5145,8.8793,9.2442,50.0,0,none
L06,L06-P0060,Iddq,uA,9.7589,10.962,11.3591,11.4625,50.0,0,none
L06,L06-P0061,Iddq,uA,10.088,11.1153,11.4959,11.7228,50.0,0,none
L06,L06-P0062,Iddq,uA,8.8071,9.6444,9.6801,9.8642,50.0,0,none
L06,L06-P0063,Iddq,uA,10.2552,11.1823,11.4801,11.5748,50.0,0,none
L06,L06-P0064,Iddq,uA,7.9606,9.0422,9.7228,9.6703,50.0,0,none
L06,L06-P0065,Iddq,uA,9.1688,9.5516,9.9664,9.8901,50.0,0,none
L06,L06-P0066,Iddq,uA,9.556,10.5976,11.0437,11.3275,50.0,0,none
L06,L06-P0067,Iddq,uA,9.681,10.3656,10.8161,10.8334,50.0,0,none
L06,L06-P0068,Iddq,uA,9.5551,10.2403,10.4324,10.5778,50.0,0,none
L06,L06-P0069,Iddq,uA,9.1715,10.5109,11.0608,11.4934,50.0,0,none
L06,L06-P0070,Iddq,uA,11.3543,12.2603,12.5488,12.6734,50.0,0,none
L06,L06-P0071,Iddq,uA,7.2578,7.8285,8.05,8.1196,50.0,0,none
L06,L06-P0072,Iddq,uA,7.832,8.4705,8.577,8.9329,50.0,0,none
L06,L06-P0073,Iddq,uA,7.5475,8.1341,8.5186,8.6537,50.0,0,none
L06,L06-P0074,Iddq,uA,7.474,8.3348,8.542,8.6019,50.0,0,none
L06,L06-P0075,Iddq,uA,5.661,6.224,6.3893,6.4007,50.0,0,none
L06,L06-P0076,Iddq,uA,10.2677,11.192,11.7843,11.8421,50.0,0,none
L06,L06-P0077,Iddq,uA,27.4017,30.035,30.3863,31.0256,50.0,1,lot_outlier
L06,L06-P0078,Iddq,uA,8.2415,8.9031,9.1256,9.2534,50.0,0,none
L06,L06-P0079,Iddq,uA,6.149,6.7923,7.1475,7.2908,50.0,0,none
L06,L06-P0080,Iddq,uA,8.9671,9.8154,10.1879,10.3553,50.0,0,none
L06,L06-P0081,Iddq,uA,6.9125,7.3969,7.8485,7.8759,50.0,0,none
L06,L06-P0082,Iddq,uA,6.4627,7.492,7.9544,8.1732,50.0,0,none
L06,L06-P0083,Iddq,uA,8.3415,9.1638,9.2689,9.5071,50.0,0,none
L06,L06-P0084,Iddq,uA,7.0413,8.0046,8.4972,8.5401,50.0,0,none
L06,L06-P0085,Iddq,uA,7.1628,8.0994,8.7548,8.8248,50.0,0,none
L06,L06-P0086,Iddq,uA,8.3236,9.3887,9.9255,9.9956,50.0,0,none
L06,L06-P0087,Iddq,uA,9.3307,10.2378,10.7682,10.9201,50.0,0,none
L06,L06-P0088,Iddq,uA,6.693,7.5318,7.7588,7.9232,50.0,0,none
L06,L06-P0089,Iddq,uA,6.6998,7.4416,7.5919,7.7,50.0,0,none
L06,L06-P0090,Iddq,uA,8.1049,8.839,9.0973,9.2022,50.0,0,none
L06,L06-P0091,Iddq,uA,8.9253,9.0697,9.6738,9.7011,50.0,0,none
L06,L06-P0092,Iddq,uA,10.5143,11.5385,12.3616,12.3359,50.0,0,none
L06,L06-P0093,Iddq,uA,6.6376,7.1708,7.7116,7.5462,50.0,0,none
L06,L06-P0094,Iddq,uA,7.5821,8.302,8.8569,8.978,50.0,0,none
L06,L06-P0095,Iddq,uA,10.0693,10.8038,11.3552,11.2649,50.0,0,none
L06,L06-P0096,Iddq,uA,11.4848,12.7919,13.443,13.6524,50.0,0,none
L06,L06-P0097,Iddq,uA,6.7459,7.1286,7.3316,7.2886,50.0,0,none
L06,L06-P0098,Iddq,uA,7.0433,7.5968,7.5415,7.7866,50.0,0,none
L06,L06-P0099,Iddq,uA,8.668,9.123,9.2179,9.2262,50.0,0,none
L06,L06-P0100,Iddq,uA,7.2567,7.8137,8.1118,8.1452,50.0,0,none
L06,L06-P0101,Iddq,uA,7.0945,7.5396,7.6526,7.8332,50.0,0,none
L06,L06-P0102,Iddq,uA,8.4951,9.0828,9.1588,9.0585,50.0,0,none
L06,L06-P0103,Iddq,uA,10.7013,11.6518,12.2938,12.5251,50.0,0,none
L06,L06-P0104,Iddq,uA,6.3918,6.9591,7.1446,7.2722,50.0,0,none
L06,L06-P0105,Iddq,uA,10.7066,11.3647,11.4638,11.4304,50.0,0,none
L06,L06-P0106,Iddq,uA,7.4112,8.6784,9.3956,9.4775,50.0,0,none
L06,L06-P0107,Iddq,uA,8.637,9.1158,9.6333,9.7991,50.0,0,none
L06,L06-P0108,Iddq,uA,10.7899,11.5857,11.6383,11.9696,50.0,0,none
L06,L06-P0109,Iddq,uA,8.6274,9.3886,9.5111,9.5122,50.0,0,none
L06,L06-P0110,Iddq,uA,7.5092,8.43,8.6235,8.6742,50.0,0,none
L06,L06-P0111,Iddq,uA,9.0095,9.8727,10.3708,10.482,50.0,0,none
L06,L06-P0112,Iddq,uA,7.6301,8.9062,9.156,9.6146,50.0,0,none
L06,L06-P0113,Iddq,uA,8.8516,9.5911,10.073,10.148,50.0,0,none
L06,L06-P0114,Iddq,uA,7.8386,8.9985,9.5334,9.7091,50.0,0,none
L06,L06-P0115,Iddq,uA,9.4238,10.3414,10.4383,10.6924,50.0,0,none
L06,L06-P0116,Iddq,uA,6.1693,6.7413,7.1742,7.2998,50.0,0,none
L06,L06-P0117,Iddq,uA,6.665,7.4044,7.8954,8.0383,50.0,0,none
L06,L06-P0118,Iddq,uA,6.1523,6.9393,7.3635,7.574,50.0,0,none
L06,L06-P0119,Iddq,uA,7.9811,8.9648,9.5189,9.7813,50.0,0,none
L06,L06-P0120,Iddq,uA,6.0011,6.5967,6.9038,6.8143,50.0,0,none
L06,L06-P0121,Iddq,uA,7.1587,7.8601,7.993,8.0963,50.0,0,none
L06,L06-P0122,Iddq,uA,6.6269,6.8361,6.8089,7.0141,50.0,0,none
L06,L06-P0123,Iddq,uA,10.5737,11.5324,11.7325,11.9633,50.0,0,none
L06,L06-P0124,Iddq,uA,6.7661,7.5607,7.8093,8.1794,50.0,0,none
L06,L06-P0125,Iddq,uA,6.334,7.1987,7.343,7.5704,50.0,0,none
L06,L06-P0126,Iddq,uA,8.4461,9.1571,9.3744,9.3906,50.0,0,none
L06,L06-P0127,Iddq,uA,11.0979,12.6547,13.4931,13.7558,50.0,0,none
L06,L06-P0128,Iddq,uA,7.9088,8.4864,8.8314,9.0292,50.0,0,none
L06,L06-P0129,Iddq,uA,7.9803,8.7368,8.693,8.7852,50.0,0,none
L06,L06-P0130,Iddq,uA,10.2678,10.8993,11.5692,11.6315,50.0,0,none
L06,L06-P0131,Iddq,uA,9.5794,10.1443,10.2242,10.2553,50.0,0,none
L06,L06-P0132,Iddq,uA,8.8103,9.5094,10.2238,10.2997,50.0,0,none
L06,L06-P0133,Iddq,uA,7.214,7.9872,8.2991,8.3699,50.0,0,none
L06,L06-P0134,Iddq,uA,8.8535,9.8394,10.13,10.2209,50.0,0,none
L06,L06-P0135,Iddq,uA,6.3444,6.641,7.0245,7.1347,50.0,0,none
L06,L06-P0136,Iddq,uA,7.106,7.8969,8.0942,8.1647,50.0,0,none
L06,L06-P0137,Iddq,uA,10.5327,10.8186,11.2467,11.0159,50.0,0,none
L06,L06-P0138,Iddq,uA,10.2169,11.2539,11.6331,11.9254,50.0,0,none
L06,L06-P0139,Iddq,uA,8.6918,9.6336,9.9393,10.0731,50.0,0,none
L06,L06-P0140,Iddq,uA,5.6605,5.9931,6.1619,6.2611,50.0,0,none
L06,L06-P0141,Iddq,uA,6.428,7.0982,7.2711,7.3922,50.0,0,none
L06,L06-P0142,Iddq,uA,6.9937,7.7763,7.9145,7.9823,50.0,0,none
L06,L06-P0143,Iddq,uA,7.9114,9.0747,9.623,9.7859,50.0,0,none
L06,L06-P0144,Iddq,uA,6.3837,6.8031,7.0591,7.1595,50.0,0,none
L06,L06-P0145,Iddq,uA,7.6716,9.9196,13.8869,17.7463,50.0,1,latent_linear
L06,L06-P0146,Iddq,uA,10.9027,11.6381,12.0994,12.2495,50.0,0,none
L06,L06-P0147,Iddq,uA,8.6999,9.3181,9.6886,9.729,50.0,0,none
L06,L06-P0148,Iddq,uA,8.3591,9.15,9.6959,9.5573,50.0,0,none
L06,L06-P0149,Iddq,uA,6.6876,7.2366,7.5539,7.5939,50.0,0,none
L06,L06-P0150,Iddq,uA,5.9521,6.4871,6.8318,6.8328,50.0,0,none
L06,L06-P0151,Iddq,uA,6.5433,7.0946,7.3548,7.4561,50.0,0,none
L06,L06-P0152,Iddq,uA,5.9412,6.3444,6.5912,6.6639,50.0,0,none
L06,L06-P0153,Iddq,uA,8.1677,9.1608,9.5833,9.7244,50.0,0,none
L06,L06-P0154,Iddq,uA,8.7502,9.3849,9.9082,9.7844,50.0,0,none
L06,L06-P0155,Iddq,uA,6.7963,7.2867,7.7032,7.6469,50.0,0,none
L06,L06-P0156,Iddq,uA,8.288,9.0819,9.5092,9.5914,50.0,0,none
L06,L06-P0157,Iddq,uA,10.4209,11.5184,12.1767,12.2279,50.0,0,none
L06,L06-P0158,Iddq,uA,11.3378,12.9222,13.2092,13.6523,50.0,0,none
L06,L06-P0159,Iddq,uA,9.2958,10.2535,10.7871,10.6635,50.0,0,none
L06,L06-P0160,Iddq,uA,7.8254,8.72,8.9042,9.0378,50.0,0,none
L06,L06-P0161,Iddq,uA,9.1637,9.9981,10.1482,10.4838,50.0,0,none
L06,L06-P0162,Iddq,uA,10.1372,11.118,11.3256,11.6073,50.0,0,none
L06,L06-P0163,Iddq,uA,5.6016,5.8836,5.9956,6.1165,50.0,0,none
L06,L06-P0164,Iddq,uA,10.5255,11.2548,11.267,11.7087,50.0,0,none
L06,L06-P0165,Iddq,uA,7.3627,8.4002,9.0623,9.0279,50.0,0,none
L06,L06-P0166,Iddq,uA,7.2973,7.5344,7.9231,7.7102,50.0,0,none
L06,L06-P0167,Iddq,uA,7.4183,8.4738,9.0689,9.2101,50.0,0,none
L06,L06-P0168,Iddq,uA,8.5245,9.2269,9.3834,9.5413,50.0,0,none
L06,L06-P0169,Iddq,uA,6.6634,7.4066,7.7321,7.9792,50.0,0,none
L06,L06-P0170,Iddq,uA,7.6796,7.9981,8.2257,8.1903,50.0,0,none
L06,L06-P0171,Iddq,uA,8.8507,9.642,9.9574,10.2247,50.0,0,none
L06,L06-P0172,Iddq,uA,8.3885,9.5315,10.1205,10.3789,50.0,0,none
L06,L06-P0173,Iddq,uA,8.676,9.6706,9.8703,9.9395,50.0,0,none
L06,L06-P0174,Iddq,uA,7.6657,8.2412,8.4714,8.6428,50.0,0,none
L06,L06-P0175,Iddq,uA,9.2932,9.7259,9.8835,9.7834,50.0,0,none
L06,L06-P0176,Iddq,uA,9.6672,10.1061,10.6743,10.8314,50.0,0,none
L06,L06-P0177,Iddq,uA,9.7497,11.0689,11.5494,11.7354,50.0,0,none
L06,L06-P0178,Iddq,uA,8.6117,9.3955,9.6229,10.0174,50.0,0,none
L06,L06-P0179,Iddq,uA,9.4102,10.3813,10.561,10.9497,50.0,0,none
L06,L06-P0180,Iddq,uA,9.4159,10.3332,10.6719,10.9368,50.0,0,none
L06,L06-P0181,Iddq,uA,13.0262,13.9027,14.5511,14.4361,50.0,0,none
L06,L06-P0182,Iddq,uA,10.0863,11.0362,11.4418,11.7112,50.0,0,none
L06,L06-P0183,Iddq,uA,8.1014,8.5248,8.8543,8.8605,50.0,0,none
L06,L06-P0184,Iddq,uA,6.613,7.4296,7.967,7.9459,50.0,0,none
L06,L06-P0185,Iddq,uA,7.7827,8.2263,8.3091,8.5157,50.0,0,none
L06,L06-P0186,Iddq,uA,7.5879,8.0155,8.1804,8.2133,50.0,0,none
L06,L06-P0187,Iddq,uA,8.9003,9.4911,9.8732,9.9868,50.0,0,none
L06,L06-P0188,Iddq,uA,7.0396,7.7934,8.1631,8.4931,50.0,0,none
L06,L06-P0189,Iddq,uA,10.097,11.1442,11.3817,11.4856,50.0,0,none
L06,L06-P0190,Iddq,uA,6.2979,6.8762,7.0704,7.1351,50.0,0,none
L06,L06-P0191,Iddq,uA,5.872,6.7428,7.0737,7.0674,50.0,0,none
L06,L06-P0192,Iddq,uA,7.7749,8.6266,8.7527,9.0876,50.0,0,none
L06,L06-P0193,Iddq,uA,6.8767,7.5066,7.8136,7.8919,50.0,0,none
L06,L06-P0194,Iddq,uA,6.4528,6.956,7.189,7.2132,50.0,0,none
L06,L06-P0195,Iddq,uA,7.1151,8.0331,8.3714,8.6864,50.0,0,none
L06,L06-P0196,Iddq,uA,7.0573,7.6895,7.9217,8.2438,50.0,0,none
L06,L06-P0197,Iddq,uA,8.0562,8.6673,9.0851,9.0086,50.0,0,none
L06,L06-P0198,Iddq,uA,7.1465,7.5786,7.6742,7.8743,50.0,0,none
L06,L06-P0199,Iddq,uA,7.2215,8.1732,8.5568,8.7286,50.0,0,none
L06,L06-P0200,Iddq,uA,74.4967,80.042,82.3777,83.3341,50.0,1,gross_fail
L06,L06-P0201,Iddq,uA,9.896,10.5684,11.0386,11.2108,50.0,0,none
L06,L06-P0202,Iddq,uA,10.5003,12.5213,13.324,13.6904,50.0,0,none
L06,L06-P0203,Iddq,uA,8.2019,9.181,9.6394,9.6147,50.0,0,none
L06,L06-P0204,Iddq,uA,8.4944,9.8412,10.18,10.4498,50.0,0,none
L06,L06-P0205,Iddq,uA,7.8503,8.2705,8.7203,8.7086,50.0,0,none
L06,L06-P0206,Iddq,uA,8.9718,9.8751,10.4622,10.5428,50.0,0,none
L06,L06-P0207,Iddq,uA,8.8155,9.3846,9.8881,9.9754,50.0,0,none
L06,L06-P0208,Iddq,uA,10.2737,11.3208,11.6644,11.6213,50.0,0,none
L06,L06-P0209,Iddq,uA,5.7475,6.6237,7.148,7.2576,50.0,0,none
L06,L06-P0210,Iddq,uA,7.7863,8.4191,8.4191,8.7967,50.0,0,none
L06,L06-P0211,Iddq,uA,8.5146,9.453,9.7377,9.8776,50.0,0,none
L06,L06-P0212,Iddq,uA,7.9701,8.4812,8.7598,8.737,50.0,0,none
L06,L06-P0213,Iddq,uA,6.7239,7.475,7.8181,8.0825,50.0,0,none
L06,L06-P0214,Iddq,uA,6.3667,6.8286,7.0056,7.0593,50.0,0,none
L06,L06-P0215,Iddq,uA,9.2759,10.3964,10.971,11.012,50.0,0,none
L06,L06-P0216,Iddq,uA,7.042,7.3476,7.585,7.6929,50.0,0,none
L06,L06-P0217,Iddq,uA,5.846,6.5179,6.5975,6.8119,50.0,0,none
L06,L06-P0218,Iddq,uA,9.4954,10.1633,10.6094,10.7205,50.0,0,none
L06,L06-P0219,Iddq,uA,8.7592,9.7202,10.0739,10.2963,50.0,0,none
L06,L06-P0220,Iddq,uA,7.83,8.5398,8.8162,9.0595,50.0,0,none
L06,L06-P0221,Iddq,uA,6.9104,7.4013,7.535,7.7302,50.0,0,none
L06,L06-P0222,Iddq,uA,7.8928,8.5138,8.7827,8.8864,50.0,0,none
L06,L06-P0223,Iddq,uA,10.0936,10.7662,10.9755,11.0939,50.0,0,none
L06,L06-P0224,Iddq,uA,5.9964,6.7221,6.9727,7.0378,50.0,0,none
L06,L06-P0225,Iddq,uA,6.1097,6.5109,6.4861,6.7772,50.0,0,none
L06,L06-P0226,Iddq,uA,7.1449,7.7895,8.1257,8.2755,50.0,0,none
L06,L06-P0227,Iddq,uA,8.0718,8.8373,9.0382,9.119,50.0,0,none
L06,L06-P0228,Iddq,uA,7.3986,8.5553,8.8354,9.0742,50.0,0,none
L06,L06-P0229,Iddq,uA,8.9812,9.812,10.3329,10.3897,50.0,0,none
L06,L06-P0230,Iddq,uA,9.776,10.933,10.8467,11.2108,50.0,0,none
L06,L06-P0231,Iddq,uA,8.3619,9.289,9.6775,9.8936,50.0,0,none
L06,L06-P0232,Iddq,uA,8.8732,9.3066,9.5015,9.5015,50.0,0,none
L06,L06-P0233,Iddq,uA,8.4933,9.0132,9.259,9.3068,50.0,0,none
L06,L06-P0234,Iddq,uA,8.0287,8.8161,9.0872,9.2399,50.0,0,none
L06,L06-P0235,Iddq,uA,6.3631,6.9086,6.9873,7.0843,50.0,0,none
L06,L06-P0236,Iddq,uA,6.7348,7.0975,7.1783,7.1897,50.0,0,none
L06,L06-P0237,Iddq,uA,6.2606,6.9804,7.4743,7.5337,50.0,0,none
L06,L06-P0238,Iddq,uA,7.7556,8.512,8.8633,9.0176,50.0,0,none
L06,L06-P0239,Iddq,uA,8.3646,9.2947,9.4425,9.8985,50.0,0,none
L06,L06-P0240,Iddq,uA,6.1038,6.5345,6.9395,6.9954,50.0,0,none
L06,L06-P0241,Iddq,uA,8.1227,8.9471,9.2773,9.3862,50.0,0,none
L06,L06-P0242,Iddq,uA,6.7551,7.4003,7.8328,8.1745,50.0,0,none
L06,L06-P0243,Iddq,uA,6.7285,7.1537,7.3409,7.5304,50.0,0,none
L06,L06-P0244,Iddq,uA,7.1945,7.9723,8.0396,8.6455,50.0,0,none
L06,L06-P0245,Iddq,uA,6.6177,7.0089,7.173,7.3799,50.0,0,none
L06,L06-P0246,Iddq,uA,64.4167,70.5887,73.1884,74.2529,50.0,1,gross_fail
L06,L06-P0247,Iddq,uA,7.8188,8.8725,9.2701,9.4419,50.0,0,none
L06,L06-P0248,Iddq,uA,9.4512,10.4081,11.016,11.3238,50.0,0,none
L06,L06-P0249,Iddq,uA,7.3512,8.3979,8.9783,9.027,50.0,0,none
L06,L06-P0250,Iddq,uA,7.3212,8.1776,8.5356,8.6645,50.0,0,none
L06,L06-P0251,Iddq,uA,11.3723,12.4304,12.8013,12.8481,50.0,0,none
L06,L06-P0252,Iddq,uA,5.9427,6.4143,6.6399,6.7894,50.0,0,none
L06,L06-P0253,Iddq,uA,10.1963,10.7932,10.8941,11.1985,50.0,0,none
L06,L06-P0254,Iddq,uA,10.9391,11.5541,11.8972,11.8617,50.0,0,none
L06,L06-P0255,Iddq,uA,9.044,9.9932,10.4762,10.5476,50.0,0,none
L06,L06-P0256,Iddq,uA,7.5493,8.171,8.3622,8.7689,50.0,0,none
L06,L06-P0257,Iddq,uA,10.4014,11.8535,12.4447,12.9455,50.0,0,none
L06,L06-P0258,Iddq,uA,7.6387,8.534,9.1633,9.2241,50.0,0,none
L06,L06-P0259,Iddq,uA,7.0155,7.5707,7.7571,7.8065,50.0,0,none
L06,L06-P0260,Iddq,uA,7.5385,8.3514,8.7988,8.9237,50.0,0,none
L06,L06-P0261,Iddq,uA,7.2753,7.6607,7.9952,8.2121,50.0,0,none
L06,L06-P0262,Iddq,uA,6.6689,7.554,7.7423,7.9851,50.0,0,none
L06,L06-P0263,Iddq,uA,9.9961,9.1687,9.124,11.4883,50.0,1,erratic
L06,L06-P0264,Iddq,uA,7.0999,8.1378,8.3495,8.3576,50.0,0,none
L06,L06-P0265,Iddq,uA,8.0217,8.7668,8.8814,9.103,50.0,0,none
L06,L06-P0266,Iddq,uA,6.1162,6.9717,7.0947,7.3377,50.0,0,none
L06,L06-P0267,Iddq,uA,8.0751,8.4732,8.5723,8.7148,50.0,0,none
L06,L06-P0268,Iddq,uA,6.5224,7.387,7.7741,7.9815,50.0,0,none
L06,L06-P0269,Iddq,uA,6.4497,7.1663,7.2493,7.569,50.0,0,none
L06,L06-P0270,Iddq,uA,7.9596,8.5725,8.8855,9.0562,50.0,0,none
L06,L06-P0271,Iddq,uA,9.8001,10.3461,10.3017,10.5717,50.0,0,none
L06,L06-P0272,Iddq,uA,8.5211,9.4074,9.8702,9.7134,50.0,0,none
L06,L06-P0273,Iddq,uA,8.6736,10.0672,10.7114,10.8113,50.0,0,none
L06,L06-P0274,Iddq,uA,7.6939,8.3423,8.7629,8.7611,50.0,0,none
L06,L06-P0275,Iddq,uA,7.5628,8.4395,8.7467,9.1035,50.0,0,none
L06,L06-P0276,Iddq,uA,9.3345,10.2758,10.6169,10.6541,50.0,0,none
L06,L06-P0277,Iddq,uA,7.2308,8.1478,8.6212,8.6661,50.0,0,none
L06,L06-P0278,Iddq,uA,9.5161,10.1988,10.6863,10.7976,50.0,0,none
L06,L06-P0279,Iddq,uA,10.0202,11.0103,11.0235,11.1601,50.0,0,none
L06,L06-P0280,Iddq,uA,6.8401,7.5404,7.8039,7.836,50.0,0,none
L06,L06-P0281,Iddq,uA,7.0431,8.1869,8.6739,8.7709,50.0,0,none
L06,L06-P0282,Iddq,uA,7.2723,8.0242,8.3419,8.4414,50.0,0,none
L06,L06-P0283,Iddq,uA,6.0468,6.6467,6.9889,6.9915,50.0,0,none
L06,L06-P0284,Iddq,uA,7.3446,8.6875,9.404,9.4324,50.0,0,none
L06,L06-P0285,Iddq,uA,10.215,11.521,12.1024,12.3558,50.0,0,none
L06,L06-P0286,Iddq,uA,6.6372,7.4811,7.752,8.0291,50.0,0,none
L06,L06-P0287,Iddq,uA,10.2356,11.0877,11.7943,11.9466,50.0,0,none
L06,L06-P0288,Iddq,uA,7.4211,8.2566,8.4593,8.6188,50.0,0,none
L06,L06-P0289,Iddq,uA,12.0141,13.1231,13.9162,13.7979,50.0,0,none
L06,L06-P0290,Iddq,uA,7.0156,7.4828,7.5687,7.6768,50.0,0,none
L06,L06-P0291,Iddq,uA,7.8206,8.6232,8.9253,9.0192,50.0,0,none
L06,L06-P0292,Iddq,uA,6.8957,7.5195,7.5774,7.6753,50.0,0,none
L06,L06-P0293,Iddq,uA,7.0572,7.6751,7.8736,8.0258,50.0,0,none
L06,L06-P0294,Iddq,uA,10.2503,11.1425,11.8161,11.6283,50.0,0,none
L06,L06-P0295,Iddq,uA,8.9027,9.4039,9.532,9.3896,50.0,0,none
L06,L06-P0296,Iddq,uA,9.6946,10.1639,10.4395,10.4166,50.0,0,none
L06,L06-P0297,Iddq,uA,6.3619,7.2389,7.6162,7.6457,50.0,0,none
L06,L06-P0298,Iddq,uA,8.9559,10.054,10.611,10.6005,50.0,0,none
L06,L06-P0299,Iddq,uA,6.7544,7.0108,7.1191,7.255,50.0,0,none
L06,L06-P0300,Iddq,uA,6.2823,6.8087,7.0242,7.0981,50.0,0,none
L06,L06-P0301,Iddq,uA,8.4354,9.3252,9.7438,10.0043,50.0,0,none
L06,L06-P0302,Iddq,uA,8.3713,9.0418,9.4135,9.6012,50.0,0,none
L06,L06-P0303,Iddq,uA,8.2058,9.3361,9.5407,9.7421,50.0,0,none
L06,L06-P0304,Iddq,uA,9.1291,10.3312,10.7889,10.9552,50.0,0,none
L06,L06-P0305,Iddq,uA,9.3918,10.0524,10.1143,10.5958,50.0,0,none
L06,L06-P0306,Iddq,uA,10.5071,11.5621,11.7672,12.0663,50.0,0,none
L06,L06-P0307,Iddq,uA,6.4667,8.4777,12.9201,17.4346,50.0,1,latent_linear
L06,L06-P0308,Iddq,uA,10.4106,11.3222,11.5019,11.4825,50.0,0,none
L06,L06-P0309,Iddq,uA,11.551,12.2332,12.0437,12.4356,50.0,0,none
L06,L06-P0310,Iddq,uA,7.5635,8.0948,8.4168,8.4953,50.0,0,none
L06,L06-P0311,Iddq,uA,5.9353,6.5209,6.6273,6.6206,50.0,0,none
L06,L06-P0312,Iddq,uA,6.2018,6.9538,7.0776,7.2133,50.0,0,none
L06,L06-P0313,Iddq,uA,7.3626,8.3493,8.6985,8.7612,50.0,0,none
L06,L06-P0314,Iddq,uA,11.7396,12.8117,13.6675,13.6529,50.0,0,none
L06,L06-P0315,Iddq,uA,8.1581,9.0511,9.5139,9.6062,50.0,0,none
L06,L06-P0316,Iddq,uA,7.1906,7.8755,8.252,8.1337,50.0,0,none
L06,L06-P0317,Iddq,uA,7.1413,7.8743,8.2491,8.3473,50.0,0,none
L06,L06-P0318,Iddq,uA,6.1712,6.8533,7.1747,7.1453,50.0,0,none
L06,L06-P0319,Iddq,uA,9.5094,10.2089,10.4936,10.743,50.0,0,none
L06,L06-P0320,Iddq,uA,7.9502,9.2332,9.8407,9.9854,50.0,0,none
L06,L06-P0321,Iddq,uA,11.5948,12.2857,12.3372,12.7394,50.0,0,none
L06,L06-P0322,Iddq,uA,9.0884,9.5749,9.7339,9.8638,50.0,0,none
L06,L06-P0323,Iddq,uA,9.1994,10.31,10.5811,10.8612,50.0,0,none
L06,L06-P0324,Iddq,uA,7.8079,8.4347,8.6783,8.7191,50.0,0,none
L06,L06-P0325,Iddq,uA,6.5135,6.9894,7.2236,7.2421,50.0,0,none
L06,L06-P0326,Iddq,uA,6.7376,7.3171,7.3628,7.6463,50.0,0,none
L06,L06-P0327,Iddq,uA,6.2092,6.6119,6.9355,6.994,50.0,0,none
L06,L06-P0328,Iddq,uA,9.5061,10.8732,11.1942,11.2495,50.0,0,none
L06,L06-P0329,Iddq,uA,7.5237,8.4625,9.0224,9.1072,50.0,0,none
L06,L06-P0330,Iddq,uA,9.5937,10.854,11.6315,11.8685,50.0,0,none
L06,L06-P0331,Iddq,uA,8.1484,8.6886,8.9471,8.9898,50.0,0,none
L06,L06-P0332,Iddq,uA,7.5051,8.0598,8.2411,8.377,50.0,0,none
L06,L06-P0333,Iddq,uA,6.4903,6.8487,7.0105,7.1147,50.0,0,none
L06,L06-P0334,Iddq,uA,8.5675,9.6747,10.2826,10.4556,50.0,0,none
L06,L06-P0335,Iddq,uA,7.8321,8.647,9.0119,8.9092,50.0,0,none
L06,L06-P0336,Iddq,uA,9.5314,10.4996,10.9042,10.8246,50.0,0,none
L06,L06-P0337,Iddq,uA,7.0925,7.7543,8.1943,8.0529,50.0,0,none
L06,L06-P0338,Iddq,uA,8.9185,9.6336,10.1706,10.5335,50.0,0,none
L06,L06-P0339,Iddq,uA,10.8339,11.5708,11.9281,11.973,50.0,0,none
L06,L06-P0340,Iddq,uA,8.4714,9.3933,9.6604,9.8912,50.0,0,none
L06,L06-P0341,Iddq,uA,9.3387,10.1795,10.5653,10.6052,50.0,0,none
L06,L06-P0342,Iddq,uA,25.2543,26.9999,27.3232,27.5919,50.0,1,lot_outlier
L06,L06-P0343,Iddq,uA,11.3463,13.1234,18.5599,34.4485,50.0,1,accelerating
L06,L06-P0344,Iddq,uA,8.5338,9.339,9.5347,9.618,50.0,0,none
L06,L06-P0345,Iddq,uA,9.3158,9.9353,10.2859,10.5979,50.0,0,none
L06,L06-P0346,Iddq,uA,7.9987,8.7504,9.1751,9.0461,50.0,0,none
L06,L06-P0347,Iddq,uA,6.9303,7.9447,8.2521,8.3879,50.0,0,none
L06,L06-P0348,Iddq,uA,6.4013,7.1594,7.4081,7.4734,50.0,0,none
L06,L06-P0349,Iddq,uA,10.0636,10.8568,11.3349,11.1516,50.0,0,none
L06,L06-P0350,Iddq,uA,6.6255,7.3171,7.6201,7.7683,50.0,0,none
L06,L06-P0351,Iddq,uA,9.2918,10.2026,10.5633,10.7509,50.0,0,none
L06,L06-P0352,Iddq,uA,8.7189,9.4445,10.1083,10.079,50.0,0,none
L06,L06-P0353,Iddq,uA,9.4549,10.7392,11.2021,11.4743,50.0,0,none
L06,L06-P0354,Iddq,uA,7.3197,8.7416,10.8498,9.011,50.0,1,erratic
L06,L06-P0355,Iddq,uA,6.9707,7.7936,8.0159,8.3894,50.0,0,none
L06,L06-P0356,Iddq,uA,8.5122,9.0928,9.257,9.3356,50.0,0,none
L06,L06-P0357,Iddq,uA,7.578,8.232,8.6862,8.5973,50.0,0,none
L06,L06-P0358,Iddq,uA,6.4757,7.0071,7.1659,7.327,50.0,0,none
L06,L06-P0359,Iddq,uA,11.4266,12.9456,13.6321,14.1576,50.0,0,none
L06,L06-P0360,Iddq,uA,6.9909,7.5841,7.7951,7.917,50.0,0,none
L06,L06-P0361,Iddq,uA,6.6749,7.3156,7.7643,7.9298,50.0,0,none
L06,L06-P0362,Iddq,uA,7.6878,8.2487,8.1988,8.2992,50.0,0,none
L06,L06-P0363,Iddq,uA,10.1101,10.9688,11.0854,11.5132,50.0,0,none
L06,L06-P0364,Iddq,uA,5.4178,5.673,5.9518,5.9776,50.0,0,none
L06,L06-P0365,Iddq,uA,9.8997,11.7314,12.7615,13.2758,50.0,0,none
L06,L06-P0366,Iddq,uA,6.816,7.1596,7.5556,7.6085,50.0,0,none
L06,L06-P0367,Iddq,uA,8.3358,9.2624,9.652,9.641,50.0,0,none
L06,L06-P0368,Iddq,uA,6.9812,7.6279,8.0183,8.1774,50.0,0,none
L06,L06-P0369,Iddq,uA,11.4974,12.1412,12.5769,12.6793,50.0,0,none
L06,L06-P0370,Iddq,uA,8.2317,8.9408,9.0833,9.155,50.0,0,none
L06,L06-P0371,Iddq,uA,7.0187,7.7508,7.9443,8.192,50.0,0,none
L06,L06-P0372,Iddq,uA,7.6847,8.3929,8.6771,8.7683,50.0,0,none
L06,L06-P0373,Iddq,uA,8.2821,8.4538,8.6207,8.8692,50.0,0,none
L06,L06-P0374,Iddq,uA,8.2976,8.8867,9.2718,9.2923,50.0,0,none
L06,L06-P0375,Iddq,uA,8.6282,9.7161,10.2968,10.4749,50.0,0,none
L06,L06-P0376,Iddq,uA,8.1509,8.8936,9.2663,9.5856,50.0,0,none
L06,L06-P0377,Iddq,uA,6.3052,7.0908,7.3181,7.5163,50.0,0,none
L06,L06-P0378,Iddq,uA,7.467,8.0715,8.2465,8.5141,50.0,0,none
L06,L06-P0379,Iddq,uA,8.832,10.0802,10.7406,10.983,50.0,0,none
L06,L06-P0380,Iddq,uA,6.9234,7.6238,8.0109,8.2558,50.0,0,none
L06,L06-P0381,Iddq,uA,9.2541,10.4002,10.9985,11.1585,50.0,0,none
L06,L06-P0382,Iddq,uA,8.1283,8.9653,9.2618,9.2733,50.0,0,none
L06,L06-P0383,Iddq,uA,7.6525,8.1062,8.3841,8.3028,50.0,0,none
L06,L06-P0384,Iddq,uA,9.8092,11.1479,11.6606,11.6853,50.0,0,none
L06,L06-P0385,Iddq,uA,5.8583,6.3529,6.6438,6.5161,50.0,0,none
L06,L06-P0386,Iddq,uA,7.1499,7.7625,7.9777,7.9576,50.0,0,none
L06,L06-P0387,Iddq,uA,9.9525,10.6747,10.9291,10.9622,50.0,0,none
L06,L06-P0388,Iddq,uA,11.3659,12.8669,13.3782,13.8958,50.0,0,none
L06,L06-P0389,Iddq,uA,12.2538,13.2107,13.6199,13.9487,50.0,0,none
L06,L06-P0390,Iddq,uA,8.0147,9.2748,9.9767,9.8369,50.0,0,none
L06,L06-P0391,Iddq,uA,8.7266,9.5619,9.8649,9.9343,50.0,0,none
L06,L06-P0392,Iddq,uA,9.3884,9.8778,10.3996,10.2474,50.0,0,none
L06,L06-P0393,Iddq,uA,10.0228,11.5841,12.0699,12.3969,50.0,0,none
L06,L06-P0394,Iddq,uA,8.5399,9.4437,9.645,9.6767,50.0,0,none
L06,L06-P0395,Iddq,uA,9.576,10.2938,10.8441,10.9023,50.0,0,none
L06,L06-P0396,Iddq,uA,8.7693,9.1237,9.3087,9.4728,50.0,0,none
L06,L06-P0397,Iddq,uA,8.9901,9.4421,9.9254,9.9128,50.0,0,none
L06,L06-P0398,Iddq,uA,6.7732,7.5046,7.94,7.981,50.0,0,none
L06,L06-P0399,Iddq,uA,7.5905,8.1427,8.1865,8.4101,50.0,0,none
L06,L06-P0400,Iddq,uA,7.3646,7.9467,8.107,8.1834,50.0,0,none
L06,L06-P0401,Iddq,uA,6.4059,6.9357,7.1493,7.3335,50.0,0,none
L06,L06-P0402,Iddq,uA,5.9244,6.5297,6.7719,6.7641,50.0,0,none
L06,L06-P0403,Iddq,uA,7.3514,8.4905,8.8948,9.0697,50.0,0,none
L06,L06-P0404,Iddq,uA,7.783,8.1766,8.7523,8.7144,50.0,0,none
L06,L06-P0405,Iddq,uA,8.2671,8.8819,9.1221,9.3265,50.0,0,none
L06,L06-P0406,Iddq,uA,8.7931,10.7573,11.47,11.6934,50.0,0,none
L06,L06-P0407,Iddq,uA,8.2564,9.1603,9.2603,9.5817,50.0,0,none
L06,L06-P0408,Iddq,uA,7.8234,8.5887,8.7847,8.9434,50.0,0,none
L06,L06-P0409,Iddq,uA,6.8156,7.3781,7.6229,7.6984,50.0,0,none
L06,L06-P0410,Iddq,uA,9.4406,10.311,10.5246,10.5664,50.0,0,none
L06,L06-P0411,Iddq,uA,69.8936,76.5508,79.3549,80.5032,50.0,1,gross_fail
L06,L06-P0412,Iddq,uA,7.3906,8.4211,8.6968,8.9718,50.0,0,none
L06,L06-P0413,Iddq,uA,7.7772,8.5689,8.934,8.9442,50.0,0,none
L06,L06-P0414,Iddq,uA,7.0475,7.9942,8.3896,8.349,50.0,0,none
L06,L06-P0415,Iddq,uA,7.1781,8.1716,8.7263,8.7857,50.0,0,none
L06,L06-P0416,Iddq,uA,7.1899,7.8487,8.2095,8.3269,50.0,0,none
L06,L06-P0417,Iddq,uA,7.6911,8.4988,8.6562,8.9516,50.0,0,none
L06,L06-P0418,Iddq,uA,9.1119,10.1076,10.7134,10.9624,50.0,0,none
L06,L06-P0419,Iddq,uA,8.6647,9.0709,9.4827,9.6309,50.0,0,none
L06,L06-P0420,Iddq,uA,10.8234,12.6664,13.5608,13.9675,50.0,0,none
L06,L06-P0421,Iddq,uA,10.0503,10.8311,11.225,11.1689,50.0,0,none
L06,L06-P0422,Iddq,uA,11.5278,12.3518,12.8305,13.239,50.0,0,none
L06,L06-P0423,Iddq,uA,8.7709,9.4433,9.5891,9.8263,50.0,0,none
L06,L06-P0424,Iddq,uA,8.9618,9.4632,9.6796,9.9217,50.0,0,none
L06,L06-P0425,Iddq,uA,7.3702,8.3294,8.7091,8.5553,50.0,0,none
L06,L06-P0426,Iddq,uA,9.3318,10.9375,11.682,12.2549,50.0,0,none
L06,L06-P0427,Iddq,uA,7.0962,8.3484,11.9844,24.2499,50.0,1,accelerating
L06,L06-P0428,Iddq,uA,6.1848,6.7486,7.0603,7.1399,50.0,0,none
L06,L06-P0429,Iddq,uA,10.599,11.6338,12.1354,12.3748,50.0,0,none
L06,L06-P0430,Iddq,uA,6.4951,7.1794,7.5025,7.6306,50.0,0,none
L06,L06-P0431,Iddq,uA,8.8298,10.3474,10.734,10.9957,50.0,0,none
L06,L06-P0432,Iddq,uA,6.7803,7.8589,8.261,8.4805,50.0,0,none
L06,L06-P0433,Iddq,uA,9.8492,10.872,11.167,11.2372,50.0,0,none
L06,L06-P0434,Iddq,uA,10.2318,11.0349,11.6731,11.8896,50.0,0,none
L06,L06-P0435,Iddq,uA,8.8992,9.6722,10.2315,10.4714,50.0,0,none
L06,L06-P0436,Iddq,uA,10.1329,11.1489,11.4976,11.5642,50.0,0,none
L06,L06-P0437,Iddq,uA,8.0955,8.5624,8.8194,8.9704,50.0,0,none
L06,L06-P0438,Iddq,uA,12.0747,13.0117,13.4661,13.5863,50.0,0,none
L06,L06-P0439,Iddq,uA,9.3178,10.6575,10.9983,11.0785,50.0,0,none
L06,L06-P0440,Iddq,uA,6.8465,7.7705,8.1728,8.4066,50.0,0,none
L06,L06-P0441,Iddq,uA,7.9973,8.9791,9.3145,9.3192,50.0,0,none
L06,L06-P0442,Iddq,uA,7.8559,8.5747,8.927,9.1255,50.0,0,none
L06,L06-P0443,Iddq,uA,7.7198,8.7562,9.1813,9.3841,50.0,0,none
L06,L06-P0444,Iddq,uA,5.9787,6.1991,6.4559,6.5806,50.0,0,none
L06,L06-P0445,Iddq,uA,8.6163,9.4609,9.5278,9.7337,50.0,0,none
L06,L06-P0446,Iddq,uA,6.1937,7.3975,7.8718,7.9191,50.0,0,none
L06,L06-P0447,Iddq,uA,5.121,5.6695,5.7918,5.8902,50.0,0,none
L06,L06-P0448,Iddq,uA,7.5964,7.9735,8.2607,8.5185,50.0,0,none
L06,L06-P0449,Iddq,uA,6.9592,7.734,7.9939,8.0552,50.0,0,none
L06,L06-P0450,Iddq,uA,6.8756,7.8642,8.1378,8.3012,50.0,0,none
L06,L06-P0451,Iddq,uA,4.6278,4.7379,4.7845,4.9557,50.0,0,none
L06,L06-P0452,Iddq,uA,6.8831,7.6159,7.7727,7.9794,50.0,0,none
L06,L06-P0453,Iddq,uA,7.6946,8.4322,8.6433,8.7341,50.0,0,none
L06,L06-P0454,Iddq,uA,7.1298,7.3867,7.6402,7.8607,50.0,0,none
L06,L06-P0455,Iddq,uA,8.6494,9.3405,9.8414,9.8426,50.0,0,none
L06,L06-P0456,Iddq,uA,10.433,11.2701,11.635,11.8216,50.0,0,none
L06,L06-P0457,Iddq,uA,9.0539,9.5675,10.0064,10.2038,50.0,0,none
L06,L06-P0458,Iddq,uA,9.5945,10.3332,10.7763,11.0651,50.0,0,none
L06,L06-P0459,Iddq,uA,9.8013,10.4843,10.891,10.8209,50.0,0,none
L06,L06-P0460,Iddq,uA,6.66,6.9606,7.2589,7.3216,50.0,0,none
L06,L06-P0461,Iddq,uA,8.7708,9.2529,9.6182,9.6264,50.0,0,none
L06,L06-P0462,Iddq,uA,9.6085,10.9531,11.2444,11.3248,50.0,0,none
L06,L06-P0463,Iddq,uA,7.365,8.0249,8.3579,8.6524,50.0,0,none
L06,L06-P0464,Iddq,uA,6.85,7.607,7.8521,7.9171,50.0,0,none
L06,L06-P0465,Iddq,uA,8.8679,9.3622,9.7862,9.74,50.0,0,none
L06,L06-P0466,Iddq,uA,6.1016,6.6013,6.8967,6.9751,50.0,0,none
L06,L06-P0467,Iddq,uA,6.4118,7.3649,7.5355,7.7733,50.0,0,none
L06,L06-P0468,Iddq,uA,7.1013,7.8509,8.244,8.3958,50.0,0,none
L06,L06-P0469,Iddq,uA,8.6523,9.3466,9.7153,9.6893,50.0,0,none
L06,L06-P0470,Iddq,uA,8.3183,8.8317,8.7306,8.894,50.0,0,none
L06,L06-P0471,Iddq,uA,9.6406,10.6463,10.6877,10.8204,50.0,0,none
L06,L06-P0472,Iddq,uA,6.7155,7.332,7.5819,7.5881,50.0,0,none
L06,L06-P0473,Iddq,uA,6.7857,7.2147,7.4591,7.4535,50.0,0,none
L06,L06-P0474,Iddq,uA,8.8588,9.5433,10.0146,10.0066,50.0,0,none
L06,L06-P0475,Iddq,uA,6.9402,7.7291,8.0704,8.274,50.0,0,none
L06,L06-P0476,Iddq,uA,7.2508,7.7998,8.1424,8.2614,50.0,0,none
L06,L06-P0477,Iddq,uA,5.7399,6.3266,6.6752,6.7677,50.0,0,none
L06,L06-P0478,Iddq,uA,8.4715,8.8895,9.1356,9.1575,50.0,0,none
L06,L06-P0479,Iddq,uA,10.6004,11.4179,12.0184,12.1416,50.0,0,none
L06,L06-P0480,Iddq,uA,6.6632,6.9781,7.0009,7.1717,50.0,0,none
L06,L06-P0481,Iddq,uA,9.6056,10.4974,10.8724,10.9775,50.0,0,none
L06,L06-P0482,Iddq,uA,8.0445,8.4356,8.6583,8.8962,50.0,0,none
L06,L06-P0483,Iddq,uA,5.8253,6.5941,7.0747,7.1234,50.0,0,none
L06,L06-P0484,Iddq,uA,6.8059,7.4848,7.9432,7.9788,50.0,0,none
L06,L06-P0485,Iddq,uA,6.744,7.6445,8.0216,8.1427,50.0,0,none
L06,L06-P0486,Iddq,uA,7.6462,8.236,8.5071,8.5045,50.0,0,none
L06,L06-P0487,Iddq,uA,8.8286,10.3254,15.3823,11.3471,50.0,1,erratic
L06,L06-P0488,Iddq,uA,11.2477,11.9545,12.3617,12.5194,50.0,0,none
L06,L06-P0489,Iddq,uA,6.1232,6.803,7.1665,7.0813,50.0,0,none
L06,L06-P0490,Iddq,uA,7.2869,8.6002,9.0293,9.2393,50.0,0,none
L06,L06-P0491,Iddq,uA,6.8873,7.4756,7.797,7.9104,50.0,0,none
L06,L06-P0492,Iddq,uA,6.347,6.9918,7.0018,7.1276,50.0,0,none
L06,L06-P0493,Iddq,uA,8.0608,9.0156,9.1365,9.2863,50.0,0,none
L06,L06-P0494,Iddq,uA,7.9038,8.7499,9.1639,9.2358,50.0,0,none
L06,L06-P0495,Iddq,uA,5.7582,6.6449,7.1412,7.3454,50.0,0,none
L06,L06-P0496,Iddq,uA,7.9774,9.2025,9.685,9.7353,50.0,0,none
L06,L06-P0497,Iddq,uA,6.4894,7.0828,7.4485,7.6289,50.0,0,none
L06,L06-P0498,Iddq,uA,7.9601,8.8897,9.2677,9.1914,50.0,0,none
L06,L06-P0499,Iddq,uA,10.0693,11.0931,11.5772,11.7285,50.0,0,none
L06,L06-P0500,Iddq,uA,8.7222,9.7642,9.8907,10.1434,50.0,0,none
L07,L07-P0001,Iddq,uA,11.0138,12.0742,12.5903,12.6723,50.0,0,none
L07,L07-P0002,Iddq,uA,11.9414,13.2373,14.0154,14.0862,50.0,0,none
L07,L07-P0003,Iddq,uA,13.368,14.0976,14.7927,15.1527,50.0,0,none
L07,L07-P0004,Iddq,uA,13.2154,14.4428,14.8453,15.2755,50.0,0,none
L07,L07-P0005,Iddq,uA,11.2733,12.8395,13.9746,13.9267,50.0,0,none
L07,L07-P0006,Iddq,uA,10.6697,11.6242,12.0191,12.1168,50.0,0,none
L07,L07-P0007,Iddq,uA,11.4778,12.8725,13.5745,13.7398,50.0,0,none
L07,L07-P0008,Iddq,uA,12.974,14.5275,14.9828,15.0334,50.0,0,none
L07,L07-P0009,Iddq,uA,13.4897,14.1717,14.3611,14.5319,50.0,0,none
L07,L07-P0010,Iddq,uA,12.6057,15.5714,20.1946,25.4686,50.0,1,latent_linear
L07,L07-P0011,Iddq,uA,13.9733,14.8994,15.0682,15.5077,50.0,0,none
L07,L07-P0012,Iddq,uA,14.7142,15.8385,16.3935,16.8187,50.0,0,none
L07,L07-P0013,Iddq,uA,11.4437,12.6064,12.8328,13.0654,50.0,0,none
L07,L07-P0014,Iddq,uA,14.6022,15.7119,16.2214,16.1682,50.0,0,none
L07,L07-P0015,Iddq,uA,39.5136,44.8347,45.5148,46.55,50.0,1,lot_outlier
L07,L07-P0016,Iddq,uA,13.579,15.3217,16.1488,15.9724,50.0,0,none
L07,L07-P0017,Iddq,uA,13.0308,18.5105,29.0888,39.1798,50.0,1,latent_linear
L07,L07-P0018,Iddq,uA,67.0483,70.3805,71.7841,72.3588,50.0,1,gross_fail
L07,L07-P0019,Iddq,uA,11.1099,11.4005,11.9116,12.141,50.0,0,none
L07,L07-P0020,Iddq,uA,10.7389,13.0335,13.9353,13.9978,50.0,0,none
L07,L07-P0021,Iddq,uA,10.2043,11.1352,11.7268,11.9931,50.0,0,none
L07,L07-P0022,Iddq,uA,13.339,14.7487,15.0548,15.2462,50.0,0,none
L07,L07-P0023,Iddq,uA,15.3829,16.4041,16.9248,17.4751,50.0,0,none
L07,L07-P0024,Iddq,uA,11.9245,12.6879,13.3932,13.3905,50.0,0,none
L07,L07-P0025,Iddq,uA,13.2279,13.6844,14.4215,14.2749,50.0,0,none
L07,L07-P0026,Iddq,uA,14.1726,15.3833,15.806,15.7163,50.0,0,none
L07,L07-P0027,Iddq,uA,12.6347,13.7953,14.1227,14.2744,50.0,0,none
L07,L07-P0028,Iddq,uA,12.2496,12.9629,13.3541,13.5608,50.0,0,none
L07,L07-P0029,Iddq,uA,11.7778,12.6514,12.9098,13.2684,50.0,0,none
L07,L07-P0030,Iddq,uA,12.9792,15.1651,16.3652,16.4547,50.0,0,none
L07,L07-P0031,Iddq,uA,13.3518,14.582,15.0391,14.9573,50.0,0,none
L07,L07-P0032,Iddq,uA,12.8937,13.9041,14.4682,14.7161,50.0,0,none
L07,L07-P0033,Iddq,uA,12.8887,13.9936,14.4658,14.4649,50.0,0,none
L07,L07-P0034,Iddq,uA,12.2248,13.4454,13.9705,13.9796,50.0,0,none
L07,L07-P0035,Iddq,uA,10.4222,10.9178,11.3234,11.4675,50.0,0,none
L07,L07-P0036,Iddq,uA,13.3083,15.0434,15.8003,15.7527,50.0,0,none
L07,L07-P0037,Iddq,uA,10.6312,11.4727,12.3465,12.2959,50.0,0,none
L07,L07-P0038,Iddq,uA,13.0988,13.845,14.2063,14.3867,50.0,0,none
L07,L07-P0039,Iddq,uA,13.0684,14.5195,14.9606,14.9476,50.0,0,none
L07,L07-P0040,Iddq,uA,10.8261,11.3278,11.8922,12.2503,50.0,0,none
L07,L07-P0041,Iddq,uA,11.6126,12.4475,12.7194,13.1319,50.0,0,none
L07,L07-P0042,Iddq,uA,15.516,16.7653,17.8358,17.5115,50.0,0,none
L07,L07-P0043,Iddq,uA,11.9632,13.2914,13.7511,14.0127,50.0,0,none
L07,L07-P0044,Iddq,uA,10.8331,11.7741,12.2114,12.3975,50.0,0,none
L07,L07-P0045,Iddq,uA,13.0337,14.3331,15.0051,15.1441,50.0,0,none
L07,L07-P0046,Iddq,uA,11.2475,12.3969,12.615,12.6203,50.0,0,none
L07,L07-P0047,Iddq,uA,9.8931,10.581,10.746,10.7204,50.0,0,none
L07,L07-P0048,Iddq,uA,12.7431,14.3308,14.9097,15.0881,50.0,0,none
L07,L07-P0049,Iddq,uA,11.0383,12.1136,12.5221,12.639,50.0,0,none
L07,L07-P0050,Iddq,uA,12.8462,13.566,13.734,13.9559,50.0,0,none
L07,L07-P0051,Iddq,uA,11.2693,12.5187,12.7624,12.932,50.0,0,none
L07,L07-P0052,Iddq,uA,13.2107,14.4607,15.2887,15.4062,50.0,0,none
L07,L07-P0053,Iddq,uA,12.3836,14.0082,14.6813,14.5032,50.0,0,none
L07,L07-P0054,Iddq,uA,9.1987,10.21,10.3464,10.5135,50.0,0,none
L07,L07-P0055,Iddq,uA,12.7201,13.9773,14.4725,14.8267,50.0,0,none
L07,L07-P0056,Iddq,uA,11.8806,13.1177,13.5344,13.8825,50.0,0,none
L07,L07-P0057,Iddq,uA,14.3473,15.4296,15.8055,16.0353,50.0,0,none
L07,L07-P0058,Iddq,uA,12.9366,13.9706,14.6594,14.559,50.0,0,none
L07,L07-P0059,Iddq,uA,13.2653,14.1123,14.6776,14.5693,50.0,0,none
L07,L07-P0060,Iddq,uA,11.3122,12.4167,13.2765,13.5907,50.0,0,none
L07,L07-P0061,Iddq,uA,11.3556,10.3922,15.9903,25.9907,50.0,1,erratic
L07,L07-P0062,Iddq,uA,12.2859,13.5845,13.9409,14.2252,50.0,0,none
L07,L07-P0063,Iddq,uA,11.7895,12.7117,12.9598,13.1686,50.0,0,none
L07,L07-P0064,Iddq,uA,14.1594,15.8202,16.3323,17.0635,50.0,0,none
L07,L07-P0065,Iddq,uA,11.9349,12.8855,13.3292,13.4357,50.0,0,none
L07,L07-P0066,Iddq,uA,10.8123,11.7738,12.0371,12.3911,50.0,0,none
L07,L07-P0067,Iddq,uA,11.3523,12.0424,12.5808,12.5072,50.0,0,none
L07,L07-P0068,Iddq,uA,13.7829,14.8785,15.5892,15.5824,50.0,0,none
L07,L07-P0069,Iddq,uA,11.8061,13.0897,13.0701,13.0464,50.0,0,none
L07,L07-P0070,Iddq,uA,12.0965,13.4184,13.6213,13.8403,50.0,0,none
L07,L07-P0071,Iddq,uA,13.7462,14.2025,14.5332,15.0108,50.0,0,none
L07,L07-P0072,Iddq,uA,11.089,11.7515,12.11,12.4263,50.0,0,none
L07,L07-P0073,Iddq,uA,9.4534,10.1636,10.6045,10.6462,50.0,0,none
L07,L07-P0074,Iddq,uA,11.2416,12.5185,13.0198,13.0375,50.0,0,none
L07,L07-P0075,Iddq,uA,12.6819,13.9771,14.0411,14.5039,50.0,0,none
L07,L07-P0076,Iddq,uA,11.9651,13.0587,13.5203,13.7439,50.0,0,none
L07,L07-P0077,Iddq,uA,10.3959,11.8194,20.9286,21.1801,50.0,1,step_jump
L07,L07-P0078,Iddq,uA,13.5348,14.5999,15.1382,15.1672,50.0,0,none
L07,L07-P0079,Iddq,uA,12.5785,13.7484,14.3706,14.3274,50.0,0,none
L07,L07-P0080,Iddq,uA,12.6585,13.992,14.3031,14.4397,50.0,0,none
L07,L07-P0081,Iddq,uA,12.8957,13.9231,14.0852,14.6414,50.0,0,none
L07,L07-P0082,Iddq,uA,10.6137,12.1583,12.3337,12.7632,50.0,0,none
L07,L07-P0083,Iddq,uA,12.6237,14.3024,15.5069,15.44,50.0,0,none
L07,L07-P0084,Iddq,uA,13.4521,14.626,14.797,14.9083,50.0,0,none
L07,L07-P0085,Iddq,uA,13.9426,15.2528,15.8414,16.3647,50.0,0,none
L07,L07-P0086,Iddq,uA,13.0721,14.3553,15.0551,14.9462,50.0,0,none
L07,L07-P0087,Iddq,uA,13.1663,14.0778,14.7311,14.935,50.0,0,none
L07,L07-P0088,Iddq,uA,10.1535,11.0159,11.4429,11.6861,50.0,0,none
L07,L07-P0089,Iddq,uA,12.1047,12.9766,13.7186,13.5732,50.0,0,none
L07,L07-P0090,Iddq,uA,11.0933,12.1047,17.6147,35.6971,50.0,1,accelerating
L07,L07-P0091,Iddq,uA,14.0308,15.8149,16.5968,16.8719,50.0,0,none
L07,L07-P0092,Iddq,uA,13.7245,14.6651,15.3804,15.3948,50.0,0,none
L07,L07-P0093,Iddq,uA,11.0232,12.0241,12.0696,12.5804,50.0,0,none
L07,L07-P0094,Iddq,uA,40.9425,44.5085,45.2893,45.5685,50.0,1,lot_outlier
L07,L07-P0095,Iddq,uA,12.7372,13.307,13.6803,13.8665,50.0,0,none
L07,L07-P0096,Iddq,uA,13.6676,14.5473,15.0286,15.4156,50.0,0,none
L07,L07-P0097,Iddq,uA,10.31,10.9888,11.4927,11.7184,50.0,0,none
L07,L07-P0098,Iddq,uA,9.7852,10.3457,10.5695,10.8767,50.0,0,none
L07,L07-P0099,Iddq,uA,12.2961,13.4769,14.0686,14.0952,50.0,0,none
L07,L07-P0100,Iddq,uA,9.2488,9.9771,10.3906,10.6278,50.0,0,none
L07,L07-P0101,Iddq,uA,12.509,14.1133,14.4373,14.56,50.0,0,none
L07,L07-P0102,Iddq,uA,12.8974,13.9247,14.0625,13.9749,50.0,0,none
L07,L07-P0103,Iddq,uA,13.9769,14.7281,15.1905,15.4118,50.0,0,none
L07,L07-P0104,Iddq,uA,11.3527,12.5646,13.0217,13.2255,50.0,0,none
L07,L07-P0105,Iddq,uA,40.4582,43.4296,44.4082,45.5517,50.0,1,lot_outlier
L07,L07-P0106,Iddq,uA,13.1537,14.1176,14.5687,14.5364,50.0,0,none
L07,L07-P0107,Iddq,uA,10.8468,11.6272,11.91,11.9888,50.0,0,none
L07,L07-P0108,Iddq,uA,13.4988,14.431,15.1592,15.2135,50.0,0,none
L07,L07-P0109,Iddq,uA,12.7927,13.74,13.9511,14.3906,50.0,0,none
L07,L07-P0110,Iddq,uA,11.1867,12.6033,12.566,12.952,50.0,0,none
L07,L07-P0111,Iddq,uA,12.4839,13.3298,13.4526,13.3371,50.0,0,none
L07,L07-P0112,Iddq,uA,12.0238,13.284,21.9056,22.7178,50.0,1,step_jump
L07,L07-P0113,Iddq,uA,13.1665,15.0342,15.5842,16.2184,50.0,0,none
L07,L07-P0114,Iddq,uA,11.7513,12.3803,12.5303,12.4475,50.0,0,none
L07,L07-P0115,Iddq,uA,12.5194,13.2916,13.5456,13.5361,50.0,0,none
L07,L07-P0116,Iddq,uA,11.2922,12.8122,13.3214,13.5993,50.0,0,none
L07,L07-P0117,Iddq,uA,11.046,12.3245,13.2182,13.398,50.0,0,none
L07,L07-P0118,Iddq,uA,12.6456,13.0155,13.2336,13.3887,50.0,0,none
L07,L07-P0119,Iddq,uA,11.0588,12.2135,12.7718,12.8667,50.0,0,none
L07,L07-P0120,Iddq,uA,13.3076,15.4259,16.0507,16.2431,50.0,0,none
L07,L07-P0121,Iddq,uA,13.2484,13.7579,14.5791,14.2972,50.0,0,none
L07,L07-P0122,Iddq,uA,11.511,13.0297,13.1662,13.8577,50.0,0,none
L07,L07-P0123,Iddq,uA,12.4917,13.4266,13.9873,13.9412,50.0,0,none
L07,L07-P0124,Iddq,uA,11.3339,12.1804,12.747,13.0735,50.0,0,none
L07,L07-P0125,Iddq,uA,10.3546,10.9582,11.3467,11.244,50.0,0,none
L07,L07-P0126,Iddq,uA,11.391,12.7067,13.4034,13.5731,50.0,0,none
L07,L07-P0127,Iddq,uA,12.2439,13.4602,13.8954,14.4403,50.0,0,none
L07,L07-P0128,Iddq,uA,12.856,14.7925,15.465,15.8794,50.0,0,none
L07,L07-P0129,Iddq,uA,12.3663,14.1647,14.8835,15.1004,50.0,0,none
L07,L07-P0130,Iddq,uA,13.513,14.5339,15.4941,15.1032,50.0,0,none
L07,L07-P0131,Iddq,uA,11.1227,13.3714,14.2876,14.7208,50.0,0,none
L07,L07-P0132,Iddq,uA,11.7011,13.2668,13.8645,14.4525,50.0,0,none
L07,L07-P0133,Iddq,uA,14.7543,16.0905,16.6977,17.1579,50.0,0,none
L07,L07-P0134,Iddq,uA,9.8644,10.5481,10.6186,10.9889,50.0,0,none
L07,L07-P0135,Iddq,uA,11.7661,12.151,12.7088,12.5417,50.0,0,none
L07,L07-P0136,Iddq,uA,10.8818,11.5145,11.9345,11.7448,50.0,0,none
L07,L07-P0137,Iddq,uA,12.0261,12.8348,13.1238,13.2578,50.0,0,none
L07,L07-P0138,Iddq,uA,11.778,13.0678,13.9861,13.9868,50.0,0,none
L07,L07-P0139,Iddq,uA,13.0264,14.4941,14.7299,15.0855,50.0,0,none
L07,L07-P0140,Iddq,uA,12.4926,13.7864,14.1282,13.9387,50.0,0,none
L07,L07-P0141,Iddq,uA,10.7048,11.49,11.802,12.0025,50.0,0,none
L07,L07-P0142,Iddq,uA,11.4935,12.1859,12.7745,12.8863,50.0,0,none
L07,L07-P0143,Iddq,uA,12.2824,13.5126,14.0112,14.4079,50.0,0,none
L07,L07-P0144,Iddq,uA,13.322,14.2857,14.5117,14.5555,50.0,0,none
L07,L07-P0145,Iddq,uA,15.9792,16.9903,18.322,18.2406,50.0,0,none
L07,L07-P0146,Iddq,uA,13.491,14.2617,14.7207,15.1461,50.0,0,none
L07,L07-P0147,Iddq,uA,11.0281,11.7277,12.0052,12.0279,50.0,0,none
L07,L07-P0148,Iddq,uA,38.4019,44.2588,45.7158,46.55,50.0,1,lot_outlier
L07,L07-P0149,Iddq,uA,12.436,13.48,14.0949,14.117,50.0,0,none
L07,L07-P0150,Iddq,uA,11.7502,12.3702,12.6335,13.0316,50.0,0,none
L07,L07-P0151,Iddq,uA,12.7062,14.1831,14.7678,15.1882,50.0,0,none
L07,L07-P0152,Iddq,uA,9.5112,10.4868,10.8074,10.9722,50.0,0,none
L07,L07-P0153,Iddq,uA,13.0937,14.4166,14.6975,14.9921,50.0,0,none
L07,L07-P0154,Iddq,uA,11.5509,12.1883,12.8129,12.6016,50.0,0,none
L07,L07-P0155,Iddq,uA,12.1793,13.4415,14.0691,13.8913,50.0,0,none
L07,L07-P0156,Iddq,uA,14.4492,16.5694,17.4253,17.8747,50.0,0,none
L07,L07-P0157,Iddq,uA,10.8111,11.3845,11.5403,11.5268,50.0,0,none
L07,L07-P0158,Iddq,uA,12.4724,13.8624,14.0628,14.4253,50.0,0,none
L07,L07-P0159,Iddq,uA,13.6909,14.2594,14.6669,14.5525,50.0,0,none
L07,L07-P0160,Iddq,uA,12.3171,14.8832,15.6879,16.3187,50.0,0,none
L07,L07-P0161,Iddq,uA,10.3185,11.9493,11.9923,12.3087,50.0,0,none
L07,L07-P0162,Iddq,uA,14.0337,15.586,16.0298,16.023,50.0,0,none
L07,L07-P0163,Iddq,uA,11.9447,12.8388,13.114,12.8848,50.0,0,none
L07,L07-P0164,Iddq,uA,11.5306,12.5185,12.5698,12.7363,50.0,0,none
L07,L07-P0165,Iddq,uA,11.9788,12.902,13.4613,13.754,50.0,0,none
L07,L07-P0166,Iddq,uA,11.9085,12.5355,12.7705,12.7719,50.0,0,none
L07,L07-P0167,Iddq,uA,10.9149,11.3698,11.7051,11.8478,50.0,0,none
L07,L07-P0168,Iddq,uA,12.688,13.4946,13.8847,14.2963,50.0,0,none
L07,L07-P0169,Iddq,uA,11.6573,12.4142,12.7544,13.226,50.0,0,none
L07,L07-P0170,Iddq,uA,12.9533,14.139,14.8512,15.1006,50.0,0,none
L07,L07-P0171,Iddq,uA,12.8043,13.9035,14.3033,14.3569,50.0,0,none
L07,L07-P0172,Iddq,uA,14.8672,16.2151,17.0008,16.8352,50.0,0,none
L07,L07-P0173,Iddq,uA,11.7963,12.7885,13.2941,13.0483,50.0,0,none
L07,L07-P0174,Iddq,uA,11.2529,13.2752,10.5469,16.6769,50.0,1,erratic
L07,L07-P0175,Iddq,uA,10.4127,11.2333,11.6119,11.7025,50.0,0,none
L07,L07-P0176,Iddq,uA,15.5533,17.1043,17.7488,17.7445,50.0,0,none
L07,L07-P0177,Iddq,uA,13.2751,14.7858,15.3313,15.5712,50.0,0,none
L07,L07-P0178,Iddq,uA,11.2971,12.2092,12.7333,12.8146,50.0,0,none
L07,L07-P0179,Iddq,uA,14.6359,15.7468,15.9026,16.3683,50.0,0,none
L07,L07-P0180,Iddq,uA,14.0372,14.958,15.6069,15.1844,50.0,0,none
L07,L07-P0181,Iddq,uA,10.9118,11.1271,11.1886,11.2648,50.0,0,none
L07,L07-P0182,Iddq,uA,69.7858,75.2251,77.5163,78.4544,50.0,1,gross_fail
L07,L07-P0183,Iddq,uA,12.1244,13.0316,13.4839,13.8464,50.0,0,none
L07,L07-P0184,Iddq,uA,10.7983,11.6435,11.8329,11.8937,50.0,0,none
L07,L07-P0185,Iddq,uA,12.2491,12.6983,12.8993,13.3704,50.0,0,none
L07,L07-P0186,Iddq,uA,13.1942,14.7265,15.3839,16.2559,50.0,0,none
L07,L07-P0187,Iddq,uA,10.6216,11.7047,12.4486,12.5002,50.0,0,none
L07,L07-P0188,Iddq,uA,12.8593,13.1882,13.4792,13.8521,50.0,0,none
L07,L07-P0189,Iddq,uA,13.9308,15.0585,15.0446,15.5733,50.0,0,none
L07,L07-P0190,Iddq,uA,12.9064,14.0968,14.4064,14.7459,50.0,0,none
L07,L07-P0191,Iddq,uA,12.0518,12.9347,13.1828,13.3619,50.0,0,none
L07,L07-P0192,Iddq,uA,11.3729,12.0758,12.3507,12.4093,50.0,0,none
L07,L07-P0193,Iddq,uA,13.6464,14.303,14.8422,14.7037,50.0,0,none
L07,L07-P0194,Iddq,uA,10.9444,12.0475,12.4901,12.7026,50.0,0,none
L07,L07-P0195,Iddq,uA,12.6759,13.6294,14.5375,14.8939,50.0,0,none
L07,L07-P0196,Iddq,uA,12.2616,13.4188,13.3823,13.7021,50.0,0,none
L07,L07-P0197,Iddq,uA,14.0622,15.2143,15.5562,15.6833,50.0,0,none
L07,L07-P0198,Iddq,uA,11.5909,12.6548,12.916,13.1699,50.0,0,none
L07,L07-P0199,Iddq,uA,11.9147,12.4183,12.4737,12.7398,50.0,0,none
L07,L07-P0200,Iddq,uA,10.87,11.4994,12.0475,11.9984,50.0,0,none
L07,L07-P0201,Iddq,uA,12.8731,13.5042,13.8776,14.0097,50.0,0,none
L07,L07-P0202,Iddq,uA,11.5152,13.0073,13.4719,13.8177,50.0,0,none
L07,L07-P0203,Iddq,uA,11.0779,12.7566,13.3801,13.5718,50.0,0,none
L07,L07-P0204,Iddq,uA,11.1385,12.0883,12.2788,12.5681,50.0,0,none
L07,L07-P0205,Iddq,uA,13.052,13.9828,14.2816,14.5474,50.0,0,none
L07,L07-P0206,Iddq,uA,10.9108,12.0812,12.7371,12.9548,50.0,0,none
L07,L07-P0207,Iddq,uA,10.9288,12.3331,12.7964,12.7987,50.0,0,none
L07,L07-P0208,Iddq,uA,13.5349,14.0845,14.6499,14.514,50.0,0,none
L07,L07-P0209,Iddq,uA,11.9425,12.918,13.5341,13.4635,50.0,0,none
L07,L07-P0210,Iddq,uA,13.4158,14.709,15.0839,15.427,50.0,0,none
L07,L07-P0211,Iddq,uA,11.6642,12.5776,13.1966,12.9762,50.0,0,none
L07,L07-P0212,Iddq,uA,12.2656,13.1519,13.7303,14.1075,50.0,0,none
L07,L07-P0213,Iddq,uA,12.4095,13.3616,13.6871,13.5918,50.0,0,none
L07,L07-P0214,Iddq,uA,14.3464,15.0061,15.4928,15.8192,50.0,0,none
L07,L07-P0215,Iddq,uA,14.3007,15.0487,15.6964,15.8916,50.0,0,none
L07,L07-P0216,Iddq,uA,13.9419,14.7523,14.8253,15.1635,50.0,0,none
L07,L07-P0217,Iddq,uA,11.6016,12.1711,12.2309,12.2765,50.0,0,none
L07,L07-P0218,Iddq,uA,10.9663,12.0341,12.678,12.9335,50.0,0,none
L07,L07-P0219,Iddq,uA,13.267,14.2404,14.314,14.6477,50.0,0,none
L07,L07-P0220,Iddq,uA,14.4713,16.5611,17.4357,17.7794,50.0,0,none
L07,L07-P0221,Iddq,uA,13.8142,15.6463,16.8671,16.7305,50.0,0,none
L07,L07-P0222,Iddq,uA,12.2215,13.1263,13.4311,13.94,50.0,0,none
L07,L07-P0223,Iddq,uA,13.4785,16.5993,24.3249,48.7921,50.0,1,accelerating
L07,L07-P0224,Iddq,uA,13.342,14.5653,15.3161,15.71,50.0,0,none
L07,L07-P0225,Iddq,uA,12.3664,13.3017,13.6811,13.6322,50.0,0,none
L07,L07-P0226,Iddq,uA,12.4649,15.3304,23.2493,30.5685,50.0,1,latent_linear
L07,L07-P0227,Iddq,uA,12.4096,13.4352,13.9902,14.1965,50.0,0,none
L07,L07-P0228,Iddq,uA,11.2225,12.2105,12.6277,12.5189,50.0,0,none
L07,L07-P0229,Iddq,uA,11.3593,12.3495,12.9598,13.0394,50.0,0,none
L07,L07-P0230,Iddq,uA,11.3505,12.1404,12.8174,12.586,50.0,0,none
L07,L07-P0231,Iddq,uA,10.2791,10.9337,11.1473,11.1933,50.0,0,none
L07,L07-P0232,Iddq,uA,12.2094,13.2395,13.579,14.0997,50.0,0,none
L07,L07-P0233,Iddq,uA,12.4705,13.4227,13.7565,14.2696,50.0,0,none
L07,L07-P0234,Iddq,uA,13.1535,14.1865,14.586,14.7731,50.0,0,none
L07,L07-P0235,Iddq,uA,13.961,14.8476,15.3708,15.8178,50.0,0,none
L07,L07-P0236,Iddq,uA,14.1014,15.6244,20.9637,39.4419,50.0,1,accelerating
L07,L07-P0237,Iddq,uA,14.1515,15.6268,15.9836,16.0759,50.0,0,none
L07,L07-P0238,Iddq,uA,11.1045,12.22,12.3357,12.4588,50.0,0,none
L07,L07-P0239,Iddq,uA,10.6993,11.6698,12.2877,12.26,50.0,0,none
L07,L07-P0240,Iddq,uA,13.6252,14.3262,14.7179,14.9606,50.0,0,none
L07,L07-P0241,Iddq,uA,14.0149,15.3113,15.6615,15.5817,50.0,0,none
L07,L07-P0242,Iddq,uA,14.3938,16.6764,17.8434,18.1358,50.0,0,none
L07,L07-P0243,Iddq,uA,13.0837,13.9345,14.1905,14.4276,50.0,0,none
L07,L07-P0244,Iddq,uA,9.8566,10.6549,10.9095,10.9568,50.0,0,none
L07,L07-P0245,Iddq,uA,12.7333,14.044,14.3594,14.7665,50.0,0,none
L07,L07-P0246,Iddq,uA,12.7897,13.7695,13.9547,14.2189,50.0,0,none
L07,L07-P0247,Iddq,uA,13.8422,15.8502,16.5306,16.635,50.0,0,none
L07,L07-P0248,Iddq,uA,14.2122,15.6743,16.2899,16.6574,50.0,0,none
L07,L07-P0249,Iddq,uA,13.3262,15.0303,15.1103,15.586,50.0,0,none
L07,L07-P0250,Iddq,uA,11.5494,11.8847,12.0403,12.1605,50.0,0,none
L07,L07-P0251,Iddq,uA,57.6231,62.0034,63.8485,64.604,50.0,1,gross_fail
L07,L07-P0252,Iddq,uA,13.2385,13.528,13.7153,14.2028,50.0,0,none
L07,L07-P0253,Iddq,uA,11.3709,12.7928,13.1874,13.501,50.0,0,none
L07,L07-P0254,Iddq,uA,14.5754,16.1861,16.7783,16.6943,50.0,0,none
L07,L07-P0255,Iddq,uA,10.2039,11.1802,11.532,11.7016,50.0,0,none
L07,L07-P0256,Iddq,uA,13.2146,13.6505,14.1809,14.2415,50.0,0,none
L07,L07-P0257,Iddq,uA,12.5615,14.1464,14.7333,15.3415,50.0,0,none
L07,L07-P0258,Iddq,uA,11.969,12.7802,13.0227,13.4845,50.0,0,none
L07,L07-P0259,Iddq,uA,11.0721,12.5678,13.1898,13.5554,50.0,0,none
L07,L07-P0260,Iddq,uA,9.8687,10.6612,10.9338,11.2087,50.0,0,none
L07,L07-P0261,Iddq,uA,11.6896,12.6798,13.1498,13.2883,50.0,0,none
L07,L07-P0262,Iddq,uA,11.4871,12.3052,12.5582,13.0652,50.0,0,none
L07,L07-P0263,Iddq,uA,13.8532,15.5301,16.2933,16.5995,50.0,0,none
L07,L07-P0264,Iddq,uA,11.1789,12.3318,12.779,13.3627,50.0,0,none
L07,L07-P0265,Iddq,uA,12.9832,14.5037,15.3737,15.6386,50.0,0,none
L07,L07-P0266,Iddq,uA,10.5183,11.563,11.9761,12.2119,50.0,0,none
L07,L07-P0267,Iddq,uA,12.8603,13.9197,14.3071,14.7069,50.0,0,none
L07,L07-P0268,Iddq,uA,9.5013,10.5412,10.7845,11.0343,50.0,0,none
L07,L07-P0269,Iddq,uA,15.3666,17.3163,18.0189,18.6182,50.0,0,none
L07,L07-P0270,Iddq,uA,12.2254,13.3962,14.0068,14.1396,50.0,0,none
L07,L07-P0271,Iddq,uA,9.1396,9.7433,10.3726,10.4405,50.0,0,none
L07,L07-P0272,Iddq,uA,11.2048,11.7804,12.1496,12.1494,50.0,0,none
L07,L07-P0273,Iddq,uA,11.211,12.2743,13.0075,13.0132,50.0,0,none
L07,L07-P0274,Iddq,uA,11.695,12.0971,12.1164,12.6473,50.0,0,none
L07,L07-P0275,Iddq,uA,11.9062,12.8026,13.2513,13.1769,50.0,0,none
L07,L07-P0276,Iddq,uA,11.203,12.3071,12.8698,12.9007,50.0,0,none
L07,L07-P0277,Iddq,uA,11.4144,11.9808,12.0799,12.3264,50.0,0,none
L07,L07-P0278,Iddq,uA,10.9838,11.8024,12.2044,12.4194,50.0,0,none
L07,L07-P0279,Iddq,uA,13.0499,15.5083,16.4661,16.7336,50.0,0,none
L07,L07-P0280,Iddq,uA,13.9697,14.9567,15.0974,15.8428,50.0,0,none
L07,L07-P0281,Iddq,uA,11.8718,13.0665,13.8533,14.0154,50.0,0,none
L07,L07-P0282,Iddq,uA,12.2546,14.3671,14.9409,15.4531,50.0,0,none
L07,L07-P0283,Iddq,uA,10.9968,11.9297,12.3733,12.7067,50.0,0,none
L07,L07-P0284,Iddq,uA,12.3501,13.2586,13.3398,13.3249,50.0,0,none
L07,L07-P0285,Iddq,uA,12.6651,13.509,14.0365,14.0042,50.0,0,none
L07,L07-P0286,Iddq,uA,12.0834,13.1416,13.616,13.8115,50.0,0,none
L07,L07-P0287,Iddq,uA,12.5133,14.2464,14.9993,15.2311,50.0,0,none
L07,L07-P0288,Iddq,uA,12.6207,14.1866,14.9317,14.8194,50.0,0,none
L07,L07-P0289,Iddq,uA,10.9385,11.4119,11.3902,11.5412,50.0,0,none
L07,L07-P0290,Iddq,uA,13.9747,14.7953,15.2686,15.333,50.0,0,none
L07,L07-P0291,Iddq,uA,11.9382,12.7881,13.3779,13.5246,50.0,0,none
L07,L07-P0292,Iddq,uA,14.5012,15.624,16.1101,15.9545,50.0,0,none
L07,L07-P0293,Iddq,uA,12.7142,13.0537,13.0785,13.6302,50.0,0,none
L07,L07-P0294,Iddq,uA,15.048,15.977,16.3503,16.6432,50.0,0,none
L07,L07-P0295,Iddq,uA,13.787,15.2404,15.3104,15.4596,50.0,0,none
L07,L07-P0296,Iddq,uA,12.6146,13.4114,13.7659,14.0268,50.0,0,none
L07,L07-P0297,Iddq,uA,11.349,12.0184,12.143,12.2283,50.0,0,none
L07,L07-P0298,Iddq,uA,11.2803,12.172,12.737,12.6364,50.0,0,none
L07,L07-P0299,Iddq,uA,12.9043,14.1182,14.6341,14.9029,50.0,0,none
L07,L07-P0300,Iddq,uA,12.3925,13.232,13.866,13.8033,50.0,0,none
L07,L07-P0301,Iddq,uA,11.6614,12.8808,13.521,13.75,50.0,0,none
L07,L07-P0302,Iddq,uA,13.4155,14.4428,14.9893,15.4019,50.0,0,none
L07,L07-P0303,Iddq,uA,12.4247,13.2117,13.2219,13.3759,50.0,0,none
L07,L07-P0304,Iddq,uA,13.4223,14.2881,14.4341,14.5429,50.0,0,none
L07,L07-P0305,Iddq,uA,11.1867,11.964,12.3706,12.3325,50.0,0,none
L07,L07-P0306,Iddq,uA,13.5541,15.3331,15.8053,16.0184,50.0,0,none
L07,L07-P0307,Iddq,uA,12.8004,13.6767,14.2199,14.0257,50.0,0,none
L07,L07-P0308,Iddq,uA,14.0042,15.1758,15.8263,16.0719,50.0,0,none
L07,L07-P0309,Iddq,uA,13.5627,14.6995,15.1582,15.336,50.0,0,none
L07,L07-P0310,Iddq,uA,12.2947,13.95,14.6916,14.9263,50.0,0,none
L07,L07-P0311,Iddq,uA,11.9807,13.0569,13.7135,13.697,50.0,0,none
L07,L07-P0312,Iddq,uA,14.486,15.8116,16.173,16.2928,50.0,0,none
L07,L07-P0313,Iddq,uA,11.9785,12.7333,13.8146,13.9548,50.0,0,none
L07,L07-P0314,Iddq,uA,13.181,14.5713,15.2925,15.5347,50.0,0,none
L07,L07-P0315,Iddq,uA,11.6808,12.4103,13.2509,13.2477,50.0,0,none
L07,L07-P0316,Iddq,uA,10.0503,10.6347,10.9287,11.0428,50.0,0,none
L07,L07-P0317,Iddq,uA,10.517,11.7339,12.1562,12.3704,50.0,0,none
L07,L07-P0318,Iddq,uA,12.8861,13.6122,14.1174,14.3954,50.0,0,none
L07,L07-P0319,Iddq,uA,13.2175,14.4549,18.0548,28.5005,50.0,1,accelerating
L07,L07-P0320,Iddq,uA,12.8984,14.0254,14.4823,14.5962,50.0,0,none
L07,L07-P0321,Iddq,uA,13.7846,17.4617,26.3607,35.2643,50.0,1,latent_linear
L07,L07-P0322,Iddq,uA,12.7602,13.3773,13.8049,13.8005,50.0,0,none
L07,L07-P0323,Iddq,uA,11.168,12.0715,12.5573,12.4701,50.0,0,none
L07,L07-P0324,Iddq,uA,13.0746,14.6145,15.1703,15.5123,50.0,0,none
L07,L07-P0325,Iddq,uA,12.2738,13.9555,14.3629,14.9739,50.0,0,none
L07,L07-P0326,Iddq,uA,11.503,12.6976,13.4551,13.3778,50.0,0,none
L07,L07-P0327,Iddq,uA,12.7826,13.7715,14.7003,14.9849,50.0,0,none
L07,L07-P0328,Iddq,uA,12.1436,13.4516,14.0827,14.2086,50.0,0,none
L07,L07-P0329,Iddq,uA,11.4739,12.4342,12.9105,12.901,50.0,0,none
L07,L07-P0330,Iddq,uA,12.0368,12.581,12.9672,12.9166,50.0,0,none
L07,L07-P0331,Iddq,uA,14.1839,15.0468,15.6559,15.6534,50.0,0,none
L07,L07-P0332,Iddq,uA,14.2091,15.1603,15.245,15.4295,50.0,0,none
L07,L07-P0333,Iddq,uA,12.4532,14.0951,14.6798,14.855,50.0,0,none
L07,L07-P0334,Iddq,uA,12.2898,13.6728,14.4185,14.6533,50.0,0,none
L07,L07-P0335,Iddq,uA,10.4472,11.124,11.424,11.5492,50.0,0,none
L07,L07-P0336,Iddq,uA,14.9598,15.9387,16.6542,16.4803,50.0,0,none
L07,L07-P0337,Iddq,uA,13.5916,14.3646,15.1171,15.3652,50.0,0,none
L07,L07-P0338,Iddq,uA,12.9342,14.3367,14.8375,15.0095,50.0,0,none
L07,L07-P0339,Iddq,uA,9.4872,10.3528,10.557,10.7351,50.0,0,none
L07,L07-P0340,Iddq,uA,12.2824,13.8913,14.649,14.723,50.0,0,none
L07,L07-P0341,Iddq,uA,12.1133,13.2302,13.4636,13.499,50.0,0,none
L07,L07-P0342,Iddq,uA,13.2607,14.5331,15.0046,15.1194,50.0,0,none
L07,L07-P0343,Iddq,uA,11.3976,12.6129,13.0488,13.3081,50.0,0,none
L07,L07-P0344,Iddq,uA,12.148,12.5296,13.2636,13.0439,50.0,0,none
L07,L07-P0345,Iddq,uA,12.9824,14.3134,14.7968,14.9491,50.0,0,none
L07,L07-P0346,Iddq,uA,11.1861,12.6095,12.9484,13.1971,50.0,0,none
L07,L07-P0347,Iddq,uA,11.5046,12.8813,13.7513,13.7813,50.0,0,none
L07,L07-P0348,Iddq,uA,12.4724,13.1119,13.6755,13.5692,50.0,0,none
L07,L07-P0349,Iddq,uA,14.2898,15.0233,15.1062,15.3052,50.0,0,none
L07,L07-P0350,Iddq,uA,13.2863,14.5461,14.9087,15.0674,50.0,0,none
L07,L07-P0351,Iddq,uA,13.7422,15.0697,15.9611,16.3506,50.0,0,none
L07,L07-P0352,Iddq,uA,12.3444,13.5843,13.8785,14.0608,50.0,0,none
L07,L07-P0353,Iddq,uA,14.2064,15.7497,16.7496,16.7192,50.0,0,none
L07,L07-P0354,Iddq,uA,10.1055,10.6129,10.7804,10.9586,50.0,0,none
L07,L07-P0355,Iddq,uA,15.3146,16.1815,16.5346,16.7327,50.0,0,none
L07,L07-P0356,Iddq,uA,15.5111,16.0529,16.2397,16.4043,50.0,0,none
L07,L07-P0357,Iddq,uA,13.1434,14.0391,14.5067,14.2185,50.0,0,none
L07,L07-P0358,Iddq,uA,13.3632,13.8682,14.2774,14.4514,50.0,0,none
L07,L07-P0359,Iddq,uA,12.2345,13.5702,14.2243,14.6671,50.0,0,none
L07,L07-P0360,Iddq,uA,12.0595,13.5606,14.2206,14.48,50.0,0,none
L07,L07-P0361,Iddq,uA,11.5012,12.5428,12.9488,13.0401,50.0,0,none
L07,L07-P0362,Iddq,uA,12.1743,12.8048,12.9821,13.0892,50.0,0,none
L07,L07-P0363,Iddq,uA,13.0648,14.0882,14.8124,14.8908,50.0,0,none
L07,L07-P0364,Iddq,uA,12.9117,14.7379,15.549,15.6608,50.0,0,none
L07,L07-P0365,Iddq,uA,15.203,17.5323,23.6156,43.9028,50.0,1,accelerating
L07,L07-P0366,Iddq,uA,12.6598,13.9588,14.5553,14.7754,50.0,0,none
L07,L07-P0367,Iddq,uA,10.409,11.1723,11.6085,11.5125,50.0,0,none
L07,L07-P0368,Iddq,uA,14.443,15.459,16.0143,15.9303,50.0,0,none
L07,L07-P0369,Iddq,uA,10.7219,11.5982,11.8541,11.8315,50.0,0,none
L07,L07-P0370,Iddq,uA,11.4158,12.0967,12.349,12.4422,50.0,0,none
L07,L07-P0371,Iddq,uA,12.6822,14.5565,15.3786,15.9204,50.0,0,none
L07,L07-P0372,Iddq,uA,12.7755,14.0262,14.4165,14.7388,50.0,0,none
L07,L07-P0373,Iddq,uA,10.4426,11.734,12.3286,12.2798,50.0,0,none
L07,L07-P0374,Iddq,uA,11.3618,12.0018,12.5666,12.7372,50.0,0,none
L07,L07-P0375,Iddq,uA,10.4002,11.0569,11.2515,11.3576,50.0,0,none
L07,L07-P0376,Iddq,uA,13.1923,14.8114,15.408,15.8453,50.0,0,none
L07,L07-P0377,Iddq,uA,14.0506,14.6289,15.0532,14.9276,50.0,0,none
L07,L07-P0378,Iddq,uA,10.808,11.8697,12.1071,12.3239,50.0,0,none
L07,L07-P0379,Iddq,uA,13.5893,14.8403,15.4717,15.5339,50.0,0,none
L07,L07-P0380,Iddq,uA,13.4933,14.5293,15.2294,15.3727,50.0,0,none
L07,L07-P0381,Iddq,uA,11.3622,12.1568,12.4369,12.7371,50.0,0,none
L07,L07-P0382,Iddq,uA,9.8623,10.7522,10.9346,11.2373,50.0,0,none
L07,L07-P0383,Iddq,uA,11.0333,11.7206,12.0544,12.0299,50.0,0,none
L07,L07-P0384,Iddq,uA,11.6325,12.9007,13.0525,13.3267,50.0,0,none
L07,L07-P0385,Iddq,uA,14.2234,16.015,16.193,16.3877,50.0,0,none
L07,L07-P0386,Iddq,uA,11.9584,12.8521,13.53,13.5161,50.0,0,none
L07,L07-P0387,Iddq,uA,10.8106,11.7518,12.0797,11.9828,50.0,0,none
L07,L07-P0388,Iddq,uA,12.3508,14.3519,15.1187,15.4535,50.0,0,none
L07,L07-P0389,Iddq,uA,10.7875,13.6642,20.1326,26.6173,50.0,1,latent_linear
L07,L07-P0390,Iddq,uA,12.9059,13.6315,13.8793,14.0878,50.0,0,none
L07,L07-P0391,Iddq,uA,11.2759,11.7111,12.2238,12.6316,50.0,0,none
L07,L07-P0392,Iddq,uA,11.1434,12.1491,12.4909,12.7156,50.0,0,none
L07,L07-P0393,Iddq,uA,12.9919,14.2487,14.5581,14.9605,50.0,0,none
L07,L07-P0394,Iddq,uA,15.0895,16.0078,16.94,16.6852,50.0,0,none
L07,L07-P0395,Iddq,uA,15.2788,16.2646,18.133,15.4571,50.0,1,erratic
L07,L07-P0396,Iddq,uA,10.8673,11.7649,12.5294,12.5875,50.0,0,none
L07,L07-P0397,Iddq,uA,11.3142,12.5824,13.1141,13.1997,50.0,0,none
L07,L07-P0398,Iddq,uA,12.9529,14.9418,15.6666,16.1312,50.0,0,none
L07,L07-P0399,Iddq,uA,13.976,15.2607,15.7457,15.7273,50.0,0,none
L07,L07-P0400,Iddq,uA,9.7776,10.4147,10.5652,10.7029,50.0,0,none
L07,L07-P0401,Iddq,uA,12.4434,13.6232,13.6415,14.3096,50.0,0,none
L07,L07-P0402,Iddq,uA,11.7591,12.0823,12.2123,12.365,50.0,0,none
L07,L07-P0403,Iddq,uA,9.9045,10.7601,10.958,11.0663,50.0,0,none
L07,L07-P0404,Iddq,uA,10.8639,11.8314,12.359,12.5388,50.0,0,none
L07,L07-P0405,Iddq,uA,11.4282,12.6187,13.1473,13.3048,50.0,0,none
L07,L07-P0406,Iddq,uA,12.2291,13.4933,13.9214,14.1416,50.0,0,none
L07,L07-P0407,Iddq,uA,13.7338,14.9733,15.5461,16.0433,50.0,0,none
L07,L07-P0408,Iddq,uA,12.5974,13.9087,14.867,14.9412,50.0,0,none
L07,L07-P0409,Iddq,uA,13.4042,15.3923,15.9527,16.066,50.0,0,none
L07,L07-P0410,Iddq,uA,12.5192,13.2185,13.9072,13.854,50.0,0,none
L07,L07-P0411,Iddq,uA,11.3863,12.1261,12.6649,12.7058,50.0,0,none
L07,L07-P0412,Iddq,uA,12.1693,12.4453,12.5042,12.8219,50.0,0,none
L07,L07-P0413,Iddq,uA,13.1559,14.3786,15.0946,15.3915,50.0,0,none
L07,L07-P0414,Iddq,uA,13.8874,15.0907,15.4827,15.8372,50.0,0,none
L07,L07-P0415,Iddq,uA,11.8089,13.0152,13.58,13.7271,50.0,0,none
L07,L07-P0416,Iddq,uA,11.027,11.8232,12.181,12.2665,50.0,0,none
L07,L07-P0417,Iddq,uA,12.8013,14.1295,14.7465,15.1693,50.0,0,none
L07,L07-P0418,Iddq,uA,12.9931,14.1098,14.1835,14.2199,50.0,0,none
L07,L07-P0419,Iddq,uA,13.9492,15.0707,15.8123,15.6019,50.0,0,none
L07,L07-P0420,Iddq,uA,11.3783,12.3574,12.7077,12.8316,50.0,0,none
L07,L07-P0421,Iddq,uA,11.4416,12.6081,13.1244,13.1136,50.0,0,none
L07,L07-P0422,Iddq,uA,13.1671,14.2651,14.2193,14.7687,50.0,0,none
L07,L07-P0423,Iddq,uA,11.881,13.0557,13.4348,13.2567,50.0,0,none
L07,L07-P0424,Iddq,uA,11.549,12.4802,12.6814,12.8599,50.0,0,none
L07,L07-P0425,Iddq,uA,14.0868,14.9119,15.146,15.6311,50.0,0,none
L07,L07-P0426,Iddq,uA,10.6297,11.6793,12.2727,12.393,50.0,0,none
L07,L07-P0427,Iddq,uA,15.4585,16.2085,16.7966,16.4254,50.0,0,none
L07,L07-P0428,Iddq,uA,11.5209,12.646,13.1007,13.582,50.0,0,none
L07,L07-P0429,Iddq,uA,13.5528,14.2812,15.158,15.337,50.0,0,none
L07,L07-P0430,Iddq,uA,12.0154,12.6034,12.76,13.0252,50.0,0,none
L07,L07-P0431,Iddq,uA,12.5822,14.2775,14.8611,14.931,50.0,0,none
L07,L07-P0432,Iddq,uA,11.9335,12.9458,13.306,13.4014,50.0,0,none
L07,L07-P0433,Iddq,uA,13.5023,14.7248,15.2667,15.2842,50.0,0,none
L07,L07-P0434,Iddq,uA,11.8182,12.9303,13.5277,13.8927,50.0,0,none
L07,L07-P0435,Iddq,uA,11.5471,12.7906,13.4823,13.8309,50.0,0,none
L07,L07-P0436,Iddq,uA,15.0063,16.0295,16.7303,16.9721,50.0,0,none
L07,L07-P0437,Iddq,uA,12.2521,13.5335,13.8218,14.1255,50.0,0,none
L07,L07-P0438,Iddq,uA,11.5556,12.6259,12.987,13.2029,50.0,0,none
L07,L07-P0439,Iddq,uA,10.2522,11.1093,11.5054,11.9602,50.0,0,none
L07,L07-P0440,Iddq,uA,14.8997,15.8276,16.0926,16.2212,50.0,0,none
L07,L07-P0441,Iddq,uA,11.54,12.4046,12.6346,13.3247,50.0,0,none
L07,L07-P0442,Iddq,uA,15.1694,16.8426,18.0378,18.3629,50.0,0,none
L07,L07-P0443,Iddq,uA,12.876,14.1856,14.4219,14.6421,50.0,0,none
L07,L07-P0444,Iddq,uA,12.3931,13.283,26.0535,26.894,50.0,1,step_jump
L07,L07-P0445,Iddq,uA,12.5853,14.0169,14.5954,14.8955,50.0,0,none
L07,L07-P0446,Iddq,uA,39.9236,44.8259,45.5531,46.55,50.0,1,lot_outlier
L07,L07-P0447,Iddq,uA,9.5733,9.9355,10.4758,10.268,50.0,0,none
L07,L07-P0448,Iddq,uA,12.4891,13.9987,14.6261,14.9144,50.0,0,none
L07,L07-P0449,Iddq,uA,11.9286,12.5059,13.0405,13.1705,50.0,0,none
L07,L07-P0450,Iddq,uA,11.7532,13.8413,14.0005,14.7947,50.0,0,none
L07,L07-P0451,Iddq,uA,12.3626,13.982,14.5654,14.7346,50.0,0,none
L07,L07-P0452,Iddq,uA,11.9545,12.8029,13.2932,13.6512,50.0,0,none
L07,L07-P0453,Iddq,uA,12.3265,13.2422,14.1087,14.3013,50.0,0,none
L07,L07-P0454,Iddq,uA,12.1674,14.1582,15.2976,15.3099,50.0,0,none
L07,L07-P0455,Iddq,uA,10.6883,11.8962,12.3566,12.5823,50.0,0,none
L07,L07-P0456,Iddq,uA,12.8753,13.8867,14.3037,14.6184,50.0,0,none
L07,L07-P0457,Iddq,uA,13.2978,15.9435,16.6039,17.3046,50.0,0,none
L07,L07-P0458,Iddq,uA,11.4325,12.609,13.0472,13.0864,50.0,0,none
L07,L07-P0459,Iddq,uA,14.8415,16.5111,17.0062,17.5295,50.0,0,none
L07,L07-P0460,Iddq,uA,14.3758,15.1503,15.4044,15.8057,50.0,0,none
L07,L07-P0461,Iddq,uA,13.4324,13.9991,14.2504,14.3605,50.0,0,none
L07,L07-P0462,Iddq,uA,13.3819,14.4583,14.6081,14.9232,50.0,0,none
L07,L07-P0463,Iddq,uA,12.3098,13.3906,13.7312,13.9449,50.0,0,none
L07,L07-P0464,Iddq,uA,13.6627,14.9507,15.6066,15.9136,50.0,0,none
L07,L07-P0465,Iddq,uA,14.5162,15.131,15.5506,15.9609,50.0,0,none
L07,L07-P0466,Iddq,uA,13.4216,14.6622,15.0937,15.37,50.0,0,none
L07,L07-P0467,Iddq,uA,11.5209,12.2919,12.6401,12.7454,50.0,0,none
L07,L07-P0468,Iddq,uA,12.1473,13.3267,14.189,14.0306,50.0,0,none
L07,L07-P0469,Iddq,uA,12.8515,14.2,14.9781,15.4196,50.0,0,none
L07,L07-P0470,Iddq,uA,13.3144,14.5824,14.779,15.1155,50.0,0,none
L07,L07-P0471,Iddq,uA,12.0516,12.7952,13.2173,13.3986,50.0,0,none
L07,L07-P0472,Iddq,uA,11.5038,13.0672,13.7435,13.726,50.0,0,none
L07,L07-P0473,Iddq,uA,14.4542,15.969,16.626,17.0406,50.0,0,none
L07,L07-P0474,Iddq,uA,10.8632,11.6218,12.2238,12.2832,50.0,0,none
L07,L07-P0475,Iddq,uA,11.1272,12.5865,12.7995,13.2219,50.0,0,none
L07,L07-P0476,Iddq,uA,10.6624,11.3588,11.9905,12.1785,50.0,0,none
L07,L07-P0477,Iddq,uA,11.0516,11.7334,11.8653,12.3732,50.0,0,none
L07,L07-P0478,Iddq,uA,14.2736,15.1107,15.1707,15.1804,50.0,0,none
L07,L07-P0479,Iddq,uA,14.1589,15.1385,15.7032,15.8689,50.0,0,none
L07,L07-P0480,Iddq,uA,12.159,13.5445,14.0852,14.0791,50.0,0,none
L07,L07-P0481,Iddq,uA,12.7927,14.1627,15.1466,15.3084,50.0,0,none
L07,L07-P0482,Iddq,uA,12.2819,13.1982,13.6378,13.9563,50.0,0,none
L07,L07-P0483,Iddq,uA,10.8223,12.0399,12.805,12.9056,50.0,0,none
L07,L07-P0484,Iddq,uA,15.4559,16.6543,17.3563,17.4616,50.0,0,none
L07,L07-P0485,Iddq,uA,14.0243,15.2399,15.6885,15.8374,50.0,0,none
L07,L07-P0486,Iddq,uA,12.9147,13.7038,13.96,13.8896,50.0,0,none
L07,L07-P0487,Iddq,uA,11.1505,11.7456,12.2961,12.4955,50.0,0,none
L07,L07-P0488,Iddq,uA,11.9585,12.3885,12.8704,13.1075,50.0,0,none
L07,L07-P0489,Iddq,uA,11.2546,13.0997,13.8568,14.25,50.0,0,none
L07,L07-P0490,Iddq,uA,12.5863,13.4814,14.0468,14.2517,50.0,0,none
L07,L07-P0491,Iddq,uA,12.7391,13.7409,14.2952,13.9384,50.0,0,none
L07,L07-P0492,Iddq,uA,11.8552,13.4976,14.0837,14.0751,50.0,0,none
L07,L07-P0493,Iddq,uA,10.4749,10.9856,11.5008,11.4528,50.0,0,none
L07,L07-P0494,Iddq,uA,15.2564,16.2539,17.203,17.4318,50.0,0,none
L07,L07-P0495,Iddq,uA,12.532,14.5267,15.1783,15.7224,50.0,0,none
L07,L07-P0496,Iddq,uA,12.9849,13.6429,14.0965,14.7659,50.0,0,none
L07,L07-P0497,Iddq,uA,11.8133,13.5354,14.3245,14.9278,50.0,0,none
L07,L07-P0498,Iddq,uA,10.2437,11.4029,11.8874,12.0679,50.0,0,none
L07,L07-P0499,Iddq,uA,12.2732,13.8631,14.1646,14.3242,50.0,0,none
L07,L07-P0500,Iddq,uA,11.8745,13.4975,13.8342,14.261,50.0,0,none
L08,L08-P0001,Iddq,uA,9.0231,10.5488,13.9884,17.3332,50.0,1,latent_linear
L08,L08-P0002,Iddq,uA,8.4682,9.0464,9.6988,9.6386,50.0,0,none
L08,L08-P0003,Iddq,uA,8.6255,9.8066,10.1309,10.4069,50.0,0,none
L08,L08-P0004,Iddq,uA,8.7925,9.6858,9.7703,9.9506,50.0,0,none
L08,L08-P0005,Iddq,uA,8.2624,9.0054,9.3049,9.295,50.0,0,none
L08,L08-P0006,Iddq,uA,8.4028,9.1824,9.5191,9.4535,50.0,0,none
L08,L08-P0007,Iddq,uA,9.8989,11.0084,11.5405,11.6478,50.0,0,none
L08,L08-P0008,Iddq,uA,9.1601,9.7791,9.9842,9.884,50.0,0,none
L08,L08-P0009,Iddq,uA,7.4948,8.1041,8.3396,8.5221,50.0,0,none
L08,L08-P0010,Iddq,uA,10.4957,10.7736,11.2486,11.2434,50.0,0,none
L08,L08-P0011,Iddq,uA,9.7833,10.438,10.5372,10.8598,50.0,0,none
L08,L08-P0012,Iddq,uA,7.8726,8.6617,8.7261,9.0454,50.0,0,none
L08,L08-P0013,Iddq,uA,8.8094,9.9999,10.0142,10.3671,50.0,0,none
L08,L08-P0014,Iddq,uA,8.4224,9.3431,9.6195,9.6595,50.0,0,none
L08,L08-P0015,Iddq,uA,9.775,10.7798,10.7147,10.4735,50.0,0,none
L08,L08-P0016,Iddq,uA,8.9097,9.3668,9.4116,9.4841,50.0,0,none
L08,L08-P0017,Iddq,uA,9.1997,10.7374,9.8369,14.9972,50.0,1,erratic
L08,L08-P0018,Iddq,uA,9.1793,9.588,9.6816,9.9044,50.0,0,none
L08,L08-P0019,Iddq,uA,7.8353,8.5494,8.9167,9.0677,50.0,0,none
L08,L08-P0020,Iddq,uA,11.0125,11.4171,11.7175,12.0075,50.0,0,none
L08,L08-P0021,Iddq,uA,9.8866,10.8045,11.2584,11.0472,50.0,0,none
L08,L08-P0022,Iddq,uA,8.5832,9.2208,9.24,9.552,50.0,0,none
L08,L08-P0023,Iddq,uA,9.4675,10.2941,10.6057,10.9218,50.0,0,none
L08,L08-P0024,Iddq,uA,10.3992,10.9225,11.1602,11.2686,50.0,0,none
L08,L08-P0025,Iddq,uA,9.2418,9.6774,9.8954,9.9898,50.0,0,none
L08,L08-P0026,Iddq,uA,11.2866,12.0445,12.3208,12.4024,50.0,0,none
L08,L08-P0027,Iddq,uA,13.1321,14.2053,14.685,14.9312,50.0,0,none
L08,L08-P0028,Iddq,uA,9.1914,10.0814,10.4199,10.5102,50.0,0,none
L08,L08-P0029,Iddq,uA,8.6116,9.3159,9.4384,9.4492,50.0,0,none
L08,L08-P0030,Iddq,uA,8.3549,8.941,9.352,9.5277,50.0,0,none
L08,L08-P0031,Iddq,uA,7.1484,7.5669,8.0445,8.2265,50.0,0,none
L08,L08-P0032,Iddq,uA,10.8378,11.6789,12.6924,12.4619,50.0,0,none
L08,L08-P0033,Iddq,uA,8.8064,9.6211,9.8622,9.9367,50.0,0,none
L08,L08-P0034,Iddq,uA,10.2319,10.8849,10.9266,10.8376,50.0,0,none
L08,L08-P0035,Iddq,uA,10.668,11.322,11.7476,11.8159,50.0,0,none
L08,L08-P0036,Iddq,uA,8.3676,8.7601,9.0488,9.22,50.0,0,none
L08,L08-P0037,Iddq,uA,8.2906,9.1036,9.0609,9.4484,50.0,0,none
L08,L08-P0038,Iddq,uA,11.3897,11.9147,12.0483,12.3573,50.0,0,none
L08,L08-P0039,Iddq,uA,9.1581,9.841,10.0774,10.2387,50.0,0,none
L08,L08-P0040,Iddq,uA,8.7092,9.4237,9.833,9.9064,50.0,0,none
L08,L08-P0041,Iddq,uA,8.163,8.7772,9.0106,9.1892,50.0,0,none
L08,L08-P0042,Iddq,uA,9.137,9.6631,9.9761,9.951,50.0,0,none
L08,L08-P0043,Iddq,uA,11.067,12.5332,13.3818,13.5731,50.0,0,none
L08,L08-P0044,Iddq,uA,9.9588,10.621,10.8496,10.8934,50.0,0,none
L08,L08-P0045,Iddq,uA,9.4662,10.4551,11.1241,11.0459,50.0,0,none
L08,L08-P0046,Iddq,uA,11.2316,12.005,12.8896,13.1315,50.0,0,none
L08,L08-P0047,Iddq,uA,10.8272,11.6347,12.0658,12.1437,50.0,0,none
L08,L08-P0048,Iddq,uA,9.699,10.3277,10.8541,10.7032,50.0,0,none
L08,L08-P0049,Iddq,uA,13.2277,13.9864,14.3274,14.2216,50.0,0,none
L08,L08-P0050,Iddq,uA,9.0963,9.7734,9.7997,9.9892,50.0,0,none
L08,L08-P0051,Iddq,uA,10.602,11.1997,11.4294,11.7267,50.0,0,none
L08,L08-P0052,Iddq,uA,8.7825,9.3911,9.6131,9.8244,50.0,0,none
L08,L08-P0053,Iddq,uA,10.1477,10.9521,11.1015,11.3766,50.0,0,none
L08,L08-P0054,Iddq,uA,9.0783,9.6864,9.7969,10.0256,50.0,0,none
L08,L08-P0055,Iddq,uA,9.7818,10.6002,10.7198,10.5293,50.0,0,none
L08,L08-P0056,Iddq,uA,12.4139,12.7072,12.9249,13.084,50.0,0,none
L08,L08-P0057,Iddq,uA,10.2367,11.1788,11.5636,11.6801,50.0,0,none
L08,L08-P0058,Iddq,uA,9.7592,10.5386,10.5883,10.7335,50.0,0,none
L08,L08-P0059,Iddq,uA,8.4589,8.8526,8.9474,9.1496,50.0,0,none
L08,L08-P0060,Iddq,uA,9.5173,10.1256,10.4098,10.5684,50.0,0,none
L08,L08-P0061,Iddq,uA,8.2603,8.624,9.108,9.1135,50.0,0,none
L08,L08-P0062,Iddq,uA,10.3752,11.37,11.6694,11.8042,50.0,0,none
L08,L08-P0063,Iddq,uA,10.1774,10.9738,11.3342,11.3332,50.0,0,none
L08,L08-P0064,Iddq,uA,8.9912,9.826,10.3879,10.2531,50.0,0,none
L08,L08-P0065,Iddq,uA,11.5327,12.789,13.3636,13.3491,50.0,0,none
L08,L08-P0066,Iddq,uA,11.0692,11.8262,12.1795,12.107,50.0,0,none
L08,L08-P0067,Iddq,uA,9.3427,10.1028,10.34,10.67,50.0,0,none
L08,L08-P0068,Iddq,uA,9.86,11.1581,11.7793,12.0286,50.0,0,none
L08,L08-P0069,Iddq,uA,8.6766,9.377,9.5311,9.8465,50.0,0,none
L08,L08-P0070,Iddq,uA,9.1019,9.5473,10.2178,10.0959,50.0,0,none
L08,L08-P0071,Iddq,uA,8.2214,8.7118,8.9238,9.0024,50.0,0,none
L08,L08-P0072,Iddq,uA,8.6851,9.6153,9.8709,9.9055,50.0,0,none
L08,L08-P0073,Iddq,uA,9.0729,9.7077,10.0619,10.2795,50.0,0,none
L08,L08-P0074,Iddq,uA,7.5761,8.23,9.6704,14.3325,50.0,1,accelerating
L08,L08-P0075,Iddq,uA,9.9359,10.7403,10.7203,11.1651,50.0,0,none
L08,L08-P0076,Iddq,uA,10.571,11.0079,11.3717,11.2946,50.0,0,none
L08,L08-P0077,Iddq,uA,9.2987,9.9241,10.375,10.3237,50.0,0,none
L08,L08-P0078,Iddq,uA,6.7483,7.1778,7.365,7.2932,50.0,0,none
L08,L08-P0079,Iddq,uA,9.0761,9.6777,9.8808,10.1513,50.0,0,none
L08,L08-P0080,Iddq,uA,7.9403,8.4606,8.6626,8.8152,50.0,0,none
L08,L08-P0081,Iddq,uA,8.6389,9.1307,9.1102,9.324,50.0,0,none
L08,L08-P0082,Iddq,uA,11.0282,11.5549,11.8438,12.0848,50.0,0,none
L08,L08-P0083,Iddq,uA,6.9649,7.5827,7.7983,7.901,50.0,0,none
L08,L08-P0084,Iddq,uA,8.3956,9.3321,9.7941,9.6082,50.0,0,none
L08,L08-P0085,Iddq,uA,10.2988,10.7975,11.1098,11.2836,50.0,0,none
L08,L08-P0086,Iddq,uA,8.4791,9.0811,9.0719,9.2762,50.0,0,none
L08,L08-P0087,Iddq,uA,8.4461,9.5899,9.9578,10.2946,50.0,0,none
L08,L08-P0088,Iddq,uA,11.9836,12.5381,13.0499,13.2877,50.0,0,none
L08,L08-P0089,Iddq,uA,9.6757,10.5815,10.7017,10.8617,50.0,0,none
L08,L08-P0090,Iddq,uA,10.2597,10.9869,11.2307,11.408,50.0,0,none
L08,L08-P0091,Iddq,uA,9.7761,10.5387,10.9869,11.2251,50.0,0,none
L08,L08-P0092,Iddq,uA,9.5192,10.8223,11.1766,11.3745,50.0,0,none
L08,L08-P0093,Iddq,uA,10.8465,11.8031,12.1385,12.0059,50.0,0,none
L08,L08-P0094,Iddq,uA,11.713,12.8307,13.2667,13.2583,50.0,0,none
L08,L08-P0095,Iddq,uA,7.4931,8.1445,8.2899,8.4805,50.0,0,none
L08,L08-P0096,Iddq,uA,9.3085,12.2256,20.1204,27.7108,50.0,1,latent_linear
L08,L08-P0097,Iddq,uA,9.2613,9.8372,9.8789,10.0402,50.0,0,none
L08,L08-P0098,Iddq,uA,8.7115,9.3344,9.4981,9.5579,50.0,0,none
L08,L08-P0099,Iddq,uA,10.406,11.2744,11.6226,11.6661,50.0,0,none
L08,L08-P0100,Iddq,uA,9.5057,10.5765,10.99,11.4191,50.0,0,none
L08,L08-P0101,Iddq,uA,11.6026,12.5832,12.9861,13.2654,50.0,0,none
L08,L08-P0102,Iddq,uA,10.4816,11.4281,11.5577,11.9933,50.0,0,none
L08,L08-P0103,Iddq,uA,10.9413,11.3939,11.7783,12.0709,50.0,0,none
L08,L08-P0104,Iddq,uA,8.0633,8.7112,9.0592,9.0767,50.0,0,none
L08,L08-P0105,Iddq,uA,8.4213,8.7841,9.2057,9.011,50.0,0,none
L08,L08-P0106,Iddq,uA,8.536,9.0109,9.1545,9.1177,50.0,0,none
L08,L08-P0107,Iddq,uA,10.7406,11.9566,12.2391,12.2586,50.0,0,none
L08,L08-P0108,Iddq,uA,8.3124,8.7641,9.1346,9.1553,50.0,0,none
L08,L08-P0109,Iddq,uA,8.2881,8.8728,9.0007,9.1246,50.0,0,none
L08,L08-P0110,Iddq,uA,8.1099,8.6009,9.0035,9.0098,50.0,0,none
L08,L08-P0111,Iddq,uA,12.6566,13.9383,14.5261,14.6486,50.0,0,none
L08,L08-P0112,Iddq,uA,9.163,9.8889,10.3759,10.37,50.0,0,none
L08,L08-P0113,Iddq,uA,9.7191,10.4236,10.6778,10.869,50.0,0,none
L08,L08-P0114,Iddq,uA,8.0372,8.55,8.6901,8.8289,50.0,0,none
L08,L08-P0115,Iddq,uA,10.3341,11.0793,11.2832,11.6562,50.0,0,none
L08,L08-P0116,Iddq,uA,7.5645,8.0185,8.3933,8.3638,50.0,0,none
L08,L08-P0117,Iddq,uA,8.3804,9.0152,9.1193,9.1499,50.0,0,none
L08,L08-P0118,Iddq,uA,8.4574,9.0761,9.3616,9.6065,50.0,0,none
L08,L08-P0119,Iddq,uA,9.615,10.3341,10.5516,10.534,50.0,0,none
L08,L08-P0120,Iddq,uA,8.3872,9.0729,9.2152,9.4614,50.0,0,none
L08,L08-P0121,Iddq,uA,11.1983,11.8197,12.0888,11.915,50.0,0,none
L08,L08-P0122,Iddq,uA,9.9806,10.6899,11.2671,11.5296,50.0,0,none
L08,L08-P0123,Iddq,uA,8.5866,8.9851,9.2283,9.4513,50.0,0,none
L08,L08-P0124,Iddq,uA,10.4932,11.1147,11.6204,11.5365,50.0,0,none
L08,L08-P0125,Iddq,uA,8.9156,9.1305,9.3672,9.412,50.0,0,none
L08,L08-P0126,Iddq,uA,8.7575,9.2762,9.4486,9.643,50.0,0,none
L08,L08-P0127,Iddq,uA,10.5385,10.9417,11.0844,11.0922,50.0,0,none
L08,L08-P0128,Iddq,uA,6.9066,7.3806,7.4251,7.5571,50.0,0,none
L08,L08-P0129,Iddq,uA,10.2677,11.6792,12.1784,12.8532,50.0,0,none
L08,L08-P0130,Iddq,uA,8.6839,9.2552,9.6159,9.5851,50.0,0,none
L08,L08-P0131,Iddq,uA,8.5927,9.3977,9.6874,10.238,50.0,0,none
L08,L08-P0132,Iddq,uA,11.5288,12.8425,13.3109,13.5344,50.0,0,none
L08,L08-P0133,Iddq,uA,8.7094,9.5713,9.9556,10.139,50.0,0,none
L08,L08-P0134,Iddq,uA,10.3884,11.1012,11.2624,11.7711,50.0,0,none
L08,L08-P0135,Iddq,uA,9.6431,10.7571,11.1463,11.2993,50.0,0,none
L08,L08-P0136,Iddq,uA,9.7936,10.614,11.0877,11.0278,50.0,0,none
L08,L08-P0137,Iddq,uA,9.1511,9.7697,9.9568,10.1279,50.0,0,none
L08,L08-P0138,Iddq,uA,9.0219,9.5402,10.1377,10.1409,50.0,0,none
L08,L08-P0139,Iddq,uA,11.0357,11.769,12.3508,12.391,50.0,0,none
L08,L08-P0140,Iddq,uA,27.9283,29.8797,30.4402,31.264,50.0,1,lot_outlier
L08,L08-P0141,Iddq,uA,8.7324,9.3832,9.8852,9.8478,50.0,0,none
L08,L08-P0142,Iddq,uA,8.2801,9.1256,9.2012,9.2938,50.0,0,none
L08,L08-P0143,Iddq,uA,8.6039,9.6931,9.9832,10.4573,50.0,0,none
L08,L08-P0144,Iddq,uA,10.2888,11.0535,11.1743,11.2857,50.0,0,none
L08,L08-P0145,Iddq,uA,10.6606,11.9352,12.3856,12.4238,50.0,0,none
L08,L08-P0146,Iddq,uA,9.82,10.6597,10.7316,10.7804,50.0,0,none
L08,L08-P0147,Iddq,uA,7.7078,8.5998,8.8079,9.0225,50.0,0,none
L08,L08-P0148,Iddq,uA,10.1017,10.8977,11.2261,11.1909,50.0,0,none
L08,L08-P0149,Iddq,uA,10.7128,11.5554,12.2173,12.1217,50.0,0,none
L08,L08-P0150,Iddq,uA,9.5081,10.2166,10.3654,10.5147,50.0,0,none
L08,L08-P0151,Iddq,uA,11.8398,12.1369,12.3388,12.5108,50.0,0,none
L08,L08-P0152,Iddq,uA,8.044,9.0716,9.3322,9.4438,50.0,0,none
L08,L08-P0153,Iddq,uA,10.1692,10.4439,10.8817,10.9462,50.0,0,none
L08,L08-P0154,Iddq,uA,8.3358,8.974,9.0258,9.2338,50.0,0,none
L08,L08-P0155,Iddq,uA,10.4552,11.047,11.3872,11.3763,50.0,0,none
L08,L08-P0156,Iddq,uA,9.9959,10.5689,10.8383,10.7912,50.0,0,none
L08,L08-P0157,Iddq,uA,11.4914,12.1372,12.8084,12.8072,50.0,0,none
L08,L08-P0158,Iddq,uA,9.8577,10.4595,10.7447,10.8944,50.0,0,none
L08,L08-P0159,Iddq,uA,8.9286,9.4587,9.5239,9.7494,50.0,0,none
L08,L08-P0160,Iddq,uA,8.8517,9.3907,9.5052,9.7834,50.0,0,none
L08,L08-P0161,Iddq,uA,9.1525,9.3633,9.6232,9.7046,50.0,0,none
L08,L08-P0162,Iddq,uA,8.821,9.3696,9.6035,9.8585,50.0,0,none
L08,L08-P0163,Iddq,uA,10.7986,11.4379,12.1968,12.2201,50.0,0,none
L08,L08-P0164,Iddq,uA,10.9929,11.2631,11.4013,11.4312,50.0,0,none
L08,L08-P0165,Iddq,uA,7.7646,8.3108,8.4278,8.4679,50.0,0,none
L08,L08-P0166,Iddq,uA,9.292,10.244,10.3173,10.4535,50.0,0,none
L08,L08-P0167,Iddq,uA,9.405,9.8088,10.1093,10.2475,50.0,0,none
L08,L08-P0168,Iddq,uA,8.5029,9.1322,9.6186,9.6929,50.0,0,none
L08,L08-P0169,Iddq,uA,9.7758,10.5899,10.9781,11.0439,50.0,0,none
L08,L08-P0170,Iddq,uA,10.8477,11.7116,11.9582,11.7066,50.0,0,none
L08,L08-P0171,Iddq,uA,10.3631,11.2624,11.2571,11.5067,50.0,0,none
L08,L08-P0172,Iddq,uA,10.8593,12.1039,12.4756,12.404,50.0,0,none
L08,L08-P0173,Iddq,uA,8.556,9.2191,9.1551,9.2946,50.0,0,none
L08,L08-P0174,Iddq,uA,9.3689,9.9052,10.4196,10.2999,50.0,0,none
L08,L08-P0175,Iddq,uA,8.3625,9.3117,9.7956,9.8053,50.0,0,none
L08,L08-P0176,Iddq,uA,9.5756,10.1468,10.1947,10.3539,50.0,0,none
L08,L08-P0177,Iddq,uA,9.6823,10.5373,10.7488,10.9641,50.0,0,none
L08,L08-P0178,Iddq,uA,10.3639,11.0267,11.238,11.2332,50.0,0,none
L08,L08-P0179,Iddq,uA,10.888,11.5482,11.9707,12.1041,50.0,0,none
L08,L08-P0180,Iddq,uA,10.3081,10.877,11.2546,11.343,50.0,0,none
L08,L08-P0181,Iddq,uA,8.2993,8.6459,8.8706,8.9291,50.0,0,none
L08,L08-P0182,Iddq,uA,7.9361,8.3839,8.5753,8.6238,50.0,0,none
L08,L08-P0183,Iddq,uA,9.8131,10.5564,11.1929,11.3918,50.0,0,none
L08,L08-P0184,Iddq,uA,10.8654,11.9848,12.3514,12.4943,50.0,0,none
L08,L08-P0185,Iddq,uA,9.1991,9.9371,10.1227,10.2875,50.0,0,none
L08,L08-P0186,Iddq,uA,7.6938,8.0482,8.3691,8.3229,50.0,0,none
L08,L08-P0187,Iddq,uA,11.9939,12.6509,13.3045,13.4657,50.0,0,none
L08,L08-P0188,Iddq,uA,9.7997,10.5167,10.8087,10.9491,50.0,0,none
L08,L08-P0189,Iddq,uA,9.5419,10.2733,10.8634,10.9288,50.0,0,none
L08,L08-P0190,Iddq,uA,8.0613,8.7415,9.0044,9.1828,50.0,0,none
L08,L08-P0191,Iddq,uA,9.2087,9.8192,9.9315,10.2115,50.0,0,none
L08,L08-P0192,Iddq,uA,10.1718,11.069,11.5052,11.7251,50.0,0,none
L08,L08-P0193,Iddq,uA,9.7499,10.4572,10.8058,10.8478,50.0,0,none
L08,L08-P0194,Iddq,uA,8.6498,9.5871,9.9116,9.9305,50.0,0,none
L08,L08-P0195,Iddq,uA,9.1869,10.4265,10.6854,10.8454,50.0,0,none
L08,L08-P0196,Iddq,uA,8.5565,9.4921,9.9384,10.019,50.0,0,none
L08,L08-P0197,Iddq,uA,11.2352,12.0464,12.5615,12.6326,50.0,0,none
L08,L08-P0198,Iddq,uA,10.3692,11.9966,12.4818,12.9467,50.0,0,none
L08,L08-P0199,Iddq,uA,8.8179,9.3718,9.7744,9.8488,50.0,0,none
L08,L08-P0200,Iddq,uA,8.1532,8.7301,9.0753,8.9731,50.0,0,none
L08,L08-P0201,Iddq,uA,9.5932,10.3648,10.6179,10.8254,50.0,0,none
L08,L08-P0202,Iddq,uA,8.743,9.1656,9.2564,9.4627,50.0,0,none
L08,L08-P0203,Iddq,uA,8.8798,9.8677,10.0551,10.4847,50.0,0,none
L08,L08-P0204,Iddq,uA,8.039,8.6105,8.7828,8.9569,50.0,0,none
L08,L08-P0205,Iddq,uA,8.2449,9.0975,9.5469,9.5482,50.0,0,none
L08,L08-P0206,Iddq,uA,9.4062,10.4949,11.0752,11.1046,50.0,0,none
L08,L08-P0207,Iddq,uA,9.0787,9.6317,10.1598,10.2299,50.0,0,none
L08,L08-P0208,Iddq,uA,12.3743,13.2008,13.5323,13.5611,50.0,0,none
L08,L08-P0209,Iddq,uA,9.9735,10.5977,10.9715,11.0338,50.0,0,none
L08,L08-P0210,Iddq,uA,8.1325,8.4514,8.5288,8.5271,50.0,0,none
L08,L08-P0211,Iddq,uA,7.5833,8.3363,8.448,8.6129,50.0,0,none
L08,L08-P0212,Iddq,uA,9.7633,10.7807,11.2265,11.0762,50.0,0,none
L08,L08-P0213,Iddq,uA,8.7406,9.4943,9.7427,9.7064,50.0,0,none
L08,L08-P0214,Iddq,uA,10.8573,11.5977,11.6662,11.8081,50.0,0,none
L08,L08-P0215,Iddq,uA,9.533,10.2187,10.5856,10.5892,50.0,0,none
L08,L08-P0216,Iddq,uA,7.3497,8.3087,8.3716,8.5304,50.0,0,none
L08,L08-P0217,Iddq,uA,8.2854,8.9129,9.1139,9.3466,50.0,0,none
L08,L08-P0218,Iddq,uA,8.5975,9.4824,10.1454,10.2667,50.0,0,none
L08,L08-P0219,Iddq,uA,9.9138,10.4846,10.4716,10.89,50.0,0,none
L08,L08-P0220,Iddq,uA,8.2745,8.8124,15.5222,15.9441,50.0,1,step_jump
L08,L08-P0221,Iddq,uA,9.2652,10.1052,10.431,10.4136,50.0,0,none
L08,L08-P0222,Iddq,uA,7.9791,9.0241,9.3987,9.5823,50.0,0,none
L08,L08-P0223,Iddq,uA,9.354,9.9456,10.1569,10.4501,50.0,0,none
L08,L08-P0224,Iddq,uA,9.6453,10.9143,11.6233,11.9393,50.0,0,none
L08,L08-P0225,Iddq,uA,11.0291,11.6178,12.1019,12.2937,50.0,0,none
L08,L08-P0226,Iddq,uA,9.7674,10.8204,11.0224,11.4232,50.0,0,none
L08,L08-P0227,Iddq,uA,8.4501,8.9672,9.3684,9.6358,50.0,0,none
L08,L08-P0228,Iddq,uA,11.2011,11.9928,12.5577,12.7993,50.0,0,none
L08,L08-P0229,Iddq,uA,8.9267,9.3856,9.7564,9.8378,50.0,0,none
L08,L08-P0230,Iddq,uA,9.9822,11.041,11.4722,11.4664,50.0,0,none
L08,L08-P0231,Iddq,uA,8.6388,9.1468,9.3297,9.2134,50.0,0,none
L08,L08-P0232,Iddq,uA,9.2962,10.0865,10.3511,10.7254,50.0,0,none
L08,L08-P0233,Iddq,uA,8.4976,8.7404,8.9847,9.175,50.0,0,none
L08,L08-P0234,Iddq,uA,9.5783,10.4185,10.7686,10.8711,50.0,0,none
L08,L08-P0235,Iddq,uA,10.2223,11.3886,11.6256,12.1651,50.0,0,none
L08,L08-P0236,Iddq,uA,8.7758,9.6238,9.7984,10.0148,50.0,0,none
L08,L08-P0237,Iddq,uA,8.7442,9.0544,9.2361,9.3821,50.0,0,none
L08,L08-P0238,Iddq,uA,9.7874,9.8999,10.2155,10.4583,50.0,0,none
L08,L08-P0239,Iddq,uA,8.3171,9.2549,9.3367,9.4794,50.0,0,none
L08,L08-P0240,Iddq,uA,7.748,8.8412,9.0059,9.0635,50.0,0,none
L08,L08-P0241,Iddq,uA,9.541,10.3045,10.2932,10.6513,50.0,0,none
L08,L08-P0242,Iddq,uA,9.1701,10.4257,10.9946,11.091,50.0,0,none
L08,L08-P0243,Iddq,uA,9.1535,9.6959,10.2322,10.1065,50.0,0,none
L08,L08-P0244,Iddq,uA,9.9126,10.167,10.3872,10.4731,50.0,0,none
L08,L08-P0245,Iddq,uA,10.3367,10.4939,10.6027,10.7221,50.0,0,none
L08,L08-P0246,Iddq,uA,8.9703,9.9344,10.4988,10.4871,50.0,0,none
L08,L08-P0247,Iddq,uA,8.2035,8.6725,8.9955,9.1397,50.0,0,none
L08,L08-P0248,Iddq,uA,8.5453,9.6342,10.0737,10.2378,50.0,0,none
L08,L08-P0249,Iddq,uA,9.9288,10.5694,10.6424,10.7205,50.0,0,none
L08,L08-P0250,Iddq,uA,9.5683,10.0389,10.2771,10.4862,50.0,0,none
L08,L08-P0251,Iddq,uA,8.7319,9.4602,9.5465,9.8984,50.0,0,none
L08,L08-P0252,Iddq,uA,8.463,9.0468,9.2297,9.5969,50.0,0,none
L08,L08-P0253,Iddq,uA,9.9674,10.4967,11.1849,11.0698,50.0,0,none
L08,L08-P0254,Iddq,uA,9.1139,9.8016,9.9505,10.0904,50.0,0,none
L08,L08-P0255,Iddq,uA,10.148,11.0096,11.2566,11.3938,50.0,0,none
L08,L08-P0256,Iddq,uA,10.3075,11.0808,11.5323,11.6759,50.0,0,none
L08,L08-P0257,Iddq,uA,9.0182,9.7167,10.1549,10.183,50.0,0,none
L08,L08-P0258,Iddq,uA,10.3594,11.53,12.1099,12.0145,50.0,0,none
L08,L08-P0259,Iddq,uA,9.6255,9.8413,10.2133,10.2059,50.0,0,none
L08,L08-P0260,Iddq,uA,9.5738,9.8587,10.2531,10.1001,50.0,0,none
L08,L08-P0261,Iddq,uA,7.0665,7.977,8.3344,8.2547,50.0,0,none
L08,L08-P0262,Iddq,uA,8.36,8.8054,8.9207,9.1292,50.0,0,none
L08,L08-P0263,Iddq,uA,8.3161,8.9228,8.9937,9.0908,50.0,0,none
L08,L08-P0264,Iddq,uA,9.0436,9.5384,9.7028,10.0,50.0,0,none
L08,L08-P0265,Iddq,uA,9.5871,10.0233,10.0728,10.3077,50.0,0,none
L08,L08-P0266,Iddq,uA,9.374,9.9104,9.9967,10.0473,50.0,0,none
L08,L08-P0267,Iddq,uA,9.3842,10.2115,10.2079,10.5143,50.0,0,none
L08,L08-P0268,Iddq,uA,8.6202,9.259,9.5444,9.7739,50.0,0,none
L08,L08-P0269,Iddq,uA,9.9863,10.8297,11.0071,11.2373,50.0,0,none
L08,L08-P0270,Iddq,uA,11.4489,12.4709,13.0992,13.0825,50.0,0,none
L08,L08-P0271,Iddq,uA,8.947,8.8837,19.0501,7.7576,50.0,1,erratic
L08,L08-P0272,Iddq,uA,8.5846,9.4714,9.7103,9.8624,50.0,0,none
L08,L08-P0273,Iddq,uA,8.5186,9.0551,9.345,9.3879,50.0,0,none
L08,L08-P0274,Iddq,uA,9.5164,10.0059,9.8398,9.9883,50.0,0,none
L08,L08-P0275,Iddq,uA,8.8138,9.4037,9.6298,10.0205,50.0,0,none
L08,L08-P0276,Iddq,uA,7.6196,8.295,8.689,8.752,50.0,0,none
L08,L08-P0277,Iddq,uA,7.8119,8.2213,8.465,8.6949,50.0,0,none
L08,L08-P0278,Iddq,uA,10.5392,11.55,12.2511,12.2078,50.0,0,none
L08,L08-P0279,Iddq,uA,10.9028,11.4363,11.8983,11.8657,50.0,0,none
L08,L08-P0280,Iddq,uA,11.2136,12.1953,12.6401,12.7234,50.0,0,none
L08,L08-P0281,Iddq,uA,9.4025,10.7491,11.155,11.3578,50.0,0,none
L08,L08-P0282,Iddq,uA,8.2498,8.8762,9.131,9.3983,50.0,0,none
L08,L08-P0283,Iddq,uA,8.8721,9.6202,9.6325,9.8563,50.0,0,none
L08,L08-P0284,Iddq,uA,7.754,8.2921,8.7584,8.6019,50.0,0,none
L08,L08-P0285,Iddq,uA,7.5775,8.6167,8.8891,9.1424,50.0,0,none
L08,L08-P0286,Iddq,uA,9.4828,10.3625,10.4765,10.9608,50.0,0,none
L08,L08-P0287,Iddq,uA,9.7063,11.2606,11.82,12.1975,50.0,0,none
L08,L08-P0288,Iddq,uA,11.7337,12.779,12.9754,13.1226,50.0,0,none
L08,L08-P0289,Iddq,uA,9.2283,9.8471,10.0631,10.1088,50.0,0,none
L08,L08-P0290,Iddq,uA,7.9258,8.3928,8.637,8.8645,50.0,0,none
L08,L08-P0291,Iddq,uA,9.1262,9.7984,10.0785,10.2813,50.0,0,none
L08,L08-P0292,Iddq,uA,8.7883,9.3222,9.5696,9.4973,50.0,0,none
L08,L08-P0293,Iddq,uA,8.7747,9.516,9.5845,9.4356,50.0,0,none
L08,L08-P0294,Iddq,uA,9.5296,10.2601,10.463,10.6655,50.0,0,none
L08,L08-P0295,Iddq,uA,8.0186,8.78,8.849,9.0371,50.0,0,none
L08,L08-P0296,Iddq,uA,9.4456,10.7036,11.2067,11.1328,50.0,0,none
L08,L08-P0297,Iddq,uA,10.0306,12.6193,18.638,24.3429,50.0,1,latent_linear
L08,L08-P0298,Iddq,uA,10.9992,11.4622,11.7756,11.8309,50.0,0,none
L08,L08-P0299,Iddq,uA,9.6534,10.386,10.3273,10.3617,50.0,0,none
L08,L08-P0300,Iddq,uA,10.4948,11.2894,22.4036,23.0949,50.0,1,step_jump
L08,L08-P0301,Iddq,uA,8.8377,9.4685,9.6793,9.8739,50.0,0,none
L08,L08-P0302,Iddq,uA,8.9647,10.0984,10.4113,10.7569,50.0,0,none
L08,L08-P0303,Iddq,uA,10.7621,11.8881,12.6104,12.454,50.0,0,none
L08,L08-P0304,Iddq,uA,7.8427,8.5547,8.912,9.1312,50.0,0,none
L08,L08-P0305,Iddq,uA,8.9126,9.4583,9.6857,9.7011,50.0,0,none
L08,L08-P0306,Iddq,uA,10.5253,11.5079,12.234,12.4312,50.0,0,none
L08,L08-P0307,Iddq,uA,9.0489,9.6041,9.8623,9.8741,50.0,0,none
L08,L08-P0308,Iddq,uA,9.0993,9.756,10.1928,10.3322,50.0,0,none
L08,L08-P0309,Iddq,uA,9.0533,9.4664,10.0031,10.0203,50.0,0,none
L08,L08-P0310,Iddq,uA,9.5761,9.8545,9.9923,10.1916,50.0,0,none
L08,L08-P0311,Iddq,uA,10.6586,11.3952,11.6329,11.81,50.0,0,none
L08,L08-P0312,Iddq,uA,10.3769,11.6869,11.8412,12.1628,50.0,0,none
L08,L08-P0313,Iddq,uA,9.2611,10.0908,10.3858,10.3019,50.0,0,none
L08,L08-P0314,Iddq,uA,10.6524,11.902,12.1651,12.6239,50.0,0,none
L08,L08-P0315,Iddq,uA,9.5646,10.0781,10.3954,10.3607,50.0,0,none
L08,L08-P0316,Iddq,uA,10.3845,10.9397,10.8289,10.8725,50.0,0,none
L08,L08-P0317,Iddq,uA,8.3168,8.9061,9.0668,9.1793,50.0,0,none
L08,L08-P0318,Iddq,uA,11.4954,12.2501,12.4216,12.7098,50.0,0,none
L08,L08-P0319,Iddq,uA,9.4921,10.1236,10.3614,10.3503,50.0,0,none
L08,L08-P0320,Iddq,uA,6.6616,7.3886,7.3759,7.5585,50.0,0,none
L08,L08-P0321,Iddq,uA,11.3531,11.9899,12.3779,12.4582,50.0,0,none
L08,L08-P0322,Iddq,uA,9.2059,9.9533,10.1034,10.4446,50.0,0,none
L08,L08-P0323,Iddq,uA,8.8959,9.4998,9.8989,9.8954,50.0,0,none
L08,L08-P0324,Iddq,uA,8.6632,9.1408,9.3035,9.3913,50.0,0,none
L08,L08-P0325,Iddq,uA,10.0156,10.4811,10.7187,10.8196,50.0,0,none
L08,L08-P0326,Iddq,uA,8.397,8.8079,8.979,9.1623,50.0,0,none
L08,L08-P0327,Iddq,uA,8.6669,9.0768,9.2194,9.342,50.0,0,none
L08,L08-P0328,Iddq,uA,8.6542,9.442,9.8658,10.202,50.0,0,none
L08,L08-P0329,Iddq,uA,9.0866,10.2653,10.4722,10.9029,50.0,0,none
L08,L08-P0330,Iddq,uA,8.7535,9.7136,10.0367,10.1087,50.0,0,none
L08,L08-P0331,Iddq,uA,10.3371,11.1513,11.2481,11.5783,50.0,0,none
L08,L08-P0332,Iddq,uA,9.6663,10.1924,10.4582,10.4309,50.0,0,none
L08,L08-P0333,Iddq,uA,9.7462,10.3677,10.6325,10.6945,50.0,0,none
L08,L08-P0334,Iddq,uA,10.0656,11.0199,11.4344,11.8203,50.0,0,none
L08,L08-P0335,Iddq,uA,9.2231,9.6352,9.6902,9.6883,50.0,0,none
L08,L08-P0336,Iddq,uA,8.1418,8.7928,8.7638,9.1188,50.0,0,none
L08,L08-P0337,Iddq,uA,11.5194,12.5092,12.9681,12.9981,50.0,0,none
L08,L08-P0338,Iddq,uA,10.4983,10.8587,11.0159,11.2782,50.0,0,none
L08,L08-P0339,Iddq,uA,11.2379,12.12,12.5005,12.7198,50.0,0,none
L08,L08-P0340,Iddq,uA,10.6274,12.8912,17.663,22.3828,50.0,1,latent_linear
L08,L08-P0341,Iddq,uA,8.7927,11.0677,16.6872,22.2674,50.0,1,latent_linear
L08,L08-P0342,Iddq,uA,7.0046,7.4815,7.8621,8.0023,50.0,0,none
L08,L08-P0343,Iddq,uA,7.9412,8.5346,8.687,8.889,50.0,0,none
L08,L08-P0344,Iddq,uA,10.0292,11.2054,11.1564,11.5095,50.0,0,none
L08,L08-P0345,Iddq,uA,9.3213,10.0487,10.3466,10.495,50.0,0,none
L08,L08-P0346,Iddq,uA,8.8333,9.6741,9.788,9.984,50.0,0,none
L08,L08-P0347,Iddq,uA,6.8949,7.3072,7.7195,7.8259,50.0,0,none
L08,L08-P0348,Iddq,uA,9.2079,10.1139,10.1613,10.4543,50.0,0,none
L08,L08-P0349,Iddq,uA,8.1588,8.5991,8.7767,8.8356,50.0,0,none
L08,L08-P0350,Iddq,uA,8.4878,9.1322,9.5329,9.4562,50.0,0,none
L08,L08-P0351,Iddq,uA,10.4937,10.7856,11.1314,11.2715,50.0,0,none
L08,L08-P0352,Iddq,uA,8.196,9.1702,9.4429,9.5142,50.0,0,none
L08,L08-P0353,Iddq,uA,8.4278,8.9724,9.3275,9.5635,50.0,0,none
L08,L08-P0354,Iddq,uA,9.5626,10.3759,10.6896,10.8236,50.0,0,none
L08,L08-P0355,Iddq,uA,10.4037,11.5803,11.9808,12.1902,50.0,0,none
L08,L08-P0356,Iddq,uA,8.9853,9.3727,9.7152,9.9237,50.0,0,none
L08,L08-P0357,Iddq,uA,11.0943,11.6346,11.8918,12.361,50.0,0,none
L08,L08-P0358,Iddq,uA,7.8989,8.4629,8.765,8.8042,50.0,0,none
L08,L08-P0359,Iddq,uA,7.8631,8.0548,8.3063,8.4422,50.0,0,none
L08,L08-P0360,Iddq,uA,7.7928,8.0543,8.1686,8.3325,50.0,0,none
L08,L08-P0361,Iddq,uA,7.538,8.4222,8.6136,8.6563,50.0,0,none
L08,L08-P0362,Iddq,uA,9.5554,10.0604,10.1613,10.4536,50.0,0,none
L08,L08-P0363,Iddq,uA,8.2038,8.7456,8.9444,9.0596,50.0,0,none
L08,L08-P0364,Iddq,uA,7.8785,8.5149,8.7768,8.7754,50.0,0,none
L08,L08-P0365,Iddq,uA,9.737,10.2798,10.499,10.8503,50.0,0,none
L08,L08-P0366,Iddq,uA,10.2902,11.2872,11.5551,11.9859,50.0,0,none
L08,L08-P0367,Iddq,uA,10.4816,11.2027,11.558,11.9465,50.0,0,none
L08,L08-P0368,Iddq,uA,10.1765,10.8048,11.4648,11.3464,50.0,0,none
L08,L08-P0369,Iddq,uA,8.2675,9.0503,9.3368,9.6451,50.0,0,none
L08,L08-P0370,Iddq,uA,9.6581,10.6263,10.6327,10.8428,50.0,0,none
L08,L08-P0371,Iddq,uA,9.8293,10.6069,10.6087,10.6365,50.0,0,none
L08,L08-P0372,Iddq,uA,8.6685,9.2732,9.7691,9.8757,50.0,0,none
L08,L08-P0373,Iddq,uA,9.4377,9.9869,10.1852,10.2578,50.0,0,none
L08,L08-P0374,Iddq,uA,8.1191,8.404,8.6536,8.7555,50.0,0,none
L08,L08-P0375,Iddq,uA,8.6797,9.6475,10.2984,10.3298,50.0,0,none
L08,L08-P0376,Iddq,uA,9.6812,10.6106,10.646,10.9562,50.0,0,none
L08,L08-P0377,Iddq,uA,11.1989,11.8882,12.1591,12.5696,50.0,0,none
L08,L08-P0378,Iddq,uA,10.6294,11.4569,11.732,11.928,50.0,0,none
L08,L08-P0379,Iddq,uA,10.1304,10.9629,11.1596,11.6225,50.0,0,none
L08,L08-P0380,Iddq,uA,9.268,10.001,10.1623,10.356,50.0,0,none
L08,L08-P0381,Iddq,uA,59.7944,63.5472,65.1279,65.7752,50.0,1,gross_fail
L08,L08-P0382,Iddq,uA,7.9115,8.3878,8.918,8.9796,50.0,0,none
L08,L08-P0383,Iddq,uA,8.3931,8.833,8.9965,8.9996,50.0,0,none
L08,L08-P0384,Iddq,uA,8.4675,9.3468,9.5404,9.8091,50.0,0,none
L08,L08-P0385,Iddq,uA,9.6744,10.185,10.6335,10.6071,50.0,0,none
L08,L08-P0386,Iddq,uA,10.2869,11.0786,11.3382,11.3924,50.0,0,none
L08,L08-P0387,Iddq,uA,9.9587,10.3781,10.8586,10.8124,50.0,0,none
L08,L08-P0388,Iddq,uA,10.7741,11.1936,11.524,11.5673,50.0,0,none
L08,L08-P0389,Iddq,uA,9.3644,10.3867,10.7573,10.8465,50.0,0,none
L08,L08-P0390,Iddq,uA,8.3284,9.2431,9.6055,9.5381,50.0,0,none
L08,L08-P0391,Iddq,uA,9.1589,10.1292,10.5709,10.7493,50.0,0,none
L08,L08-P0392,Iddq,uA,8.4357,8.7952,9.1019,8.8494,50.0,0,none
L08,L08-P0393,Iddq,uA,10.0196,10.4688,10.8796,11.0026,50.0,0,none
L08,L08-P0394,Iddq,uA,8.9918,9.5877,9.8143,9.9698,50.0,0,none
L08,L08-P0395,Iddq,uA,9.2,9.847,10.5082,10.4725,50.0,0,none
L08,L08-P0396,Iddq,uA,10.1226,10.4671,10.8004,10.7938,50.0,0,none
L08,L08-P0397,Iddq,uA,8.5913,9.0157,9.3047,9.3484,50.0,0,none
L08,L08-P0398,Iddq,uA,10.4473,10.9066,11.1503,11.2567,50.0,0,none
L08,L08-P0399,Iddq,uA,7.9491,8.9136,9.5433,9.6042,50.0,0,none
L08,L08-P0400,Iddq,uA,9.4529,10.2221,10.4529,10.7379,50.0,0,none
L08,L08-P0401,Iddq,uA,9.1529,10.5313,16.4005,11.1415,50.0,1,erratic
L08,L08-P0402,Iddq,uA,10.4485,11.0099,11.2171,11.4907,50.0,0,none
L08,L08-P0403,Iddq,uA,7.8093,8.6766,8.9117,9.1096,50.0,0,none
L08,L08-P0404,Iddq,uA,7.7155,8.2683,8.3955,8.4846,50.0,0,none
L08,L08-P0405,Iddq,uA,10.1367,11.2913,11.5438,11.7414,50.0,0,none
L08,L08-P0406,Iddq,uA,8.8988,9.2811,9.493,9.5552,50.0,0,none
L08,L08-P0407,Iddq,uA,9.2978,10.2739,10.4787,10.523,50.0,0,none
L08,L08-P0408,Iddq,uA,8.5251,8.8837,9.199,9.2729,50.0,0,none
L08,L08-P0409,Iddq,uA,10.2298,10.9898,11.2165,11.5262,50.0,0,none
L08,L08-P0410,Iddq,uA,9.6099,10.8518,11.3079,11.5207,50.0,0,none
L08,L08-P0411,Iddq,uA,9.402,10.3493,10.8819,10.8698,50.0,0,none
L08,L08-P0412,Iddq,uA,57.8479,62.6788,64.7137,65.5469,50.0,1,gross_fail
L08,L08-P0413,Iddq,uA,9.8446,10.3468,10.7438,10.5513,50.0,0,none
L08,L08-P0414,Iddq,uA,8.3751,8.6875,8.9631,9.0481,50.0,0,none
L08,L08-P0415,Iddq,uA,8.5506,9.4608,9.895,9.9929,50.0,0,none
L08,L08-P0416,Iddq,uA,8.0569,8.5292,8.9557,9.0607,50.0,0,none
L08,L08-P0417,Iddq,uA,9.1442,9.9733,10.3759,10.5671,50.0,0,none
L08,L08-P0418,Iddq,uA,10.533,11.1383,11.4378,11.9634,50.0,0,none
L08,L08-P0419,Iddq,uA,9.2845,10.197,10.4241,10.5768,50.0,0,none
L08,L08-P0420,Iddq,uA,8.7097,9.6594,9.9899,10.3931,50.0,0,none
L08,L08-P0421,Iddq,uA,9.4133,10.2867,10.3083,10.7016,50.0,0,none
L08,L08-P0422,Iddq,uA,9.4162,10.0792,10.3581,10.6218,50.0,0,none
L08,L08-P0423,Iddq,uA,9.3773,9.7273,9.9322,10.1539,50.0,0,none
L08,L08-P0424,Iddq,uA,9.5195,10.2475,10.8524,10.8389,50.0,0,none
L08,L08-P0425,Iddq,uA,8.2455,8.8275,9.1635,9.2576,50.0,0,none
L08,L08-P0426,Iddq,uA,41.351,43.4007,44.8412,46.0236,50.0,1,lot_outlier
L08,L08-P0427,Iddq,uA,7.5488,8.4624,8.609,8.9171,50.0,0,none
L08,L08-P0428,Iddq,uA,9.853,10.7174,11.1101,11.2642,50.0,0,none
L08,L08-P0429,Iddq,uA,8.0458,8.722,9.127,9.1496,50.0,0,none
L08,L08-P0430,Iddq,uA,10.5158,14.5996,23.7874,32.763,50.0,1,latent_linear
L08,L08-P0431,Iddq,uA,6.9924,7.6165,7.7846,7.92,50.0,0,none
L08,L08-P0432,Iddq,uA,11.4128,12.15,12.5493,12.5653,50.0,0,none
L08,L08-P0433,Iddq,uA,7.647,8.2095,8.2409,8.4066,50.0,0,none
L08,L08-P0434,Iddq,uA,7.9423,9.2033,9.4024,9.7616,50.0,0,none
L08,L08-P0435,Iddq,uA,9.6833,10.201,10.3752,10.5554,50.0,0,none
L08,L08-P0436,Iddq,uA,10.0875,10.8908,11.0397,11.5803,50.0,0,none
L08,L08-P0437,Iddq,uA,9.0118,10.0242,12.9718,22.7663,50.0,1,accelerating
L08,L08-P0438,Iddq,uA,10.2214,11.0459,11.5317,11.6349,50.0,0,none
L08,L08-P0439,Iddq,uA,8.409,9.4182,9.7529,9.8344,50.0,0,none
L08,L08-P0440,Iddq,uA,8.7985,9.404,9.6729,9.8566,50.0,0,none
L08,L08-P0441,Iddq,uA,8.8631,9.8887,10.1372,9.9384,50.0,0,none
L08,L08-P0442,Iddq,uA,8.7172,9.5023,9.7341,9.7757,50.0,0,none
L08,L08-P0443,Iddq,uA,7.3832,7.8502,8.0872,7.9887,50.0,0,none
L08,L08-P0444,Iddq,uA,9.1981,10.4165,10.6692,11.0038,50.0,0,none
L08,L08-P0445,Iddq,uA,9.4333,9.9409,10.2182,10.4573,50.0,0,none
L08,L08-P0446,Iddq,uA,10.6559,11.3602,11.7715,11.6203,50.0,0,none
L08,L08-P0447,Iddq,uA,8.0137,8.7296,8.91,9.2735,50.0,0,none
L08,L08-P0448,Iddq,uA,8.5079,9.159,9.1347,9.3241,50.0,0,none
L08,L08-P0449,Iddq,uA,10.7251,11.5196,11.7999,12.1652,50.0,0,none
L08,L08-P0450,Iddq,uA,9.7595,10.1594,10.6612,10.7867,50.0,0,none
L08,L08-P0451,Iddq,uA,9.8899,10.8201,11.1941,11.2842,50.0,0,none
L08,L08-P0452,Iddq,uA,9.7374,10.553,10.7244,10.7256,50.0,0,none
L08,L08-P0453,Iddq,uA,9.7056,10.6202,11.0641,11.3415,50.0,0,none
L08,L08-P0454,Iddq,uA,11.4061,12.63,12.9684,13.1362,50.0,0,none
L08,L08-P0455,Iddq,uA,9.4783,10.0832,10.1153,10.2531,50.0,0,none
L08,L08-P0456,Iddq,uA,8.2183,9.32,9.8626,9.9165,50.0,0,none
L08,L08-P0457,Iddq,uA,10.1791,10.5215,10.786,10.9123,50.0,0,none
L08,L08-P0458,Iddq,uA,8.6103,9.2057,9.0225,9.3012,50.0,0,none
L08,L08-P0459,Iddq,uA,9.2671,10.0017,10.5123,10.7849,50.0,0,none
L08,L08-P0460,Iddq,uA,9.7029,10.1879,10.4776,10.3332,50.0,0,none
L08,L08-P0461,Iddq,uA,8.4198,9.479,9.9192,9.9658,50.0,0,none
L08,L08-P0462,Iddq,uA,8.6965,9.5647,9.6549,9.9131,50.0,0,none
L08,L08-P0463,Iddq,uA,9.8425,10.4772,10.3972,10.4775,50.0,0,none
L08,L08-P0464,Iddq,uA,8.7739,9.0778,9.3948,9.6147,50.0,0,none
L08,L08-P0465,Iddq,uA,10.2258,10.9231,11.2119,11.1549,50.0,0,none
L08,L08-P0466,Iddq,uA,8.1855,8.9203,9.154,9.3552,50.0,0,none
L08,L08-P0467,Iddq,uA,8.2356,8.6223,8.8799,9.0508,50.0,0,none
L08,L08-P0468,Iddq,uA,11.6587,12.7855,13.241,13.1279,50.0,0,none
L08,L08-P0469,Iddq,uA,7.7695,8.2335,8.3629,8.6081,50.0,0,none
L08,L08-P0470,Iddq,uA,9.1548,9.8898,9.9349,10.21,50.0,0,none
L08,L08-P0471,Iddq,uA,11.366,12.6208,12.9022,13.0597,50.0,0,none
L08,L08-P0472,Iddq,uA,9.3544,10.038,10.4276,10.5367,50.0,0,none
L08,L08-P0473,Iddq,uA,10.934,12.1337,12.5881,12.6191,50.0,0,none
L08,L08-P0474,Iddq,uA,10.1452,10.5363,10.8096,10.9813,50.0,0,none
L08,L08-P0475,Iddq,uA,9.3705,9.8336,10.3259,10.3453,50.0,0,none
L08,L08-P0476,Iddq,uA,9.0994,9.8018,9.8496,10.2566,50.0,0,none
L08,L08-P0477,Iddq,uA,7.2153,7.7984,8.1468,8.1327,50.0,0,none
L08,L08-P0478,Iddq,uA,9.0449,9.2759,9.6355,9.8069,50.0,0,none
L08,L08-P0479,Iddq,uA,9.6423,10.2352,10.4877,10.636,50.0,0,none
L08,L08-P0480,Iddq,uA,9.5834,9.9416,10.5691,10.4367,50.0,0,none
L08,L08-P0481,Iddq,uA,12.4527,13.4357,13.8382,13.8497,50.0,0,none
L08,L08-P0482,Iddq,uA,9.4094,10.1975,10.6858,10.5658,50.0,0,none
L08,L08-P0483,Iddq,uA,9.9093,10.8988,11.0995,11.3003,50.0,0,none
L08,L08-P0484,Iddq,uA,10.6566,11.4391,11.6043,11.8741,50.0,0,none
L08,L08-P0485,Iddq,uA,9.9313,10.3707,10.7844,10.7892,50.0,0,none
L08,L08-P0486,Iddq,uA,74.8318,80.6645,83.1213,84.1273,50.0,1,gross_fail
L08,L08-P0487,Iddq,uA,9.2654,9.7947,9.9627,10.122,50.0,0,none
L08,L08-P0488,Iddq,uA,8.9392,9.5221,9.9307,10.1223,50.0,0,none
L08,L08-P0489,Iddq,uA,9.7716,10.4782,10.6329,11.0529,50.0,0,none
L08,L08-P0490,Iddq,uA,9.0869,9.8073,10.0403,10.1285,50.0,0,none
L08,L08-P0491,Iddq,uA,9.9782,10.7792,11.0975,11.4302,50.0,0,none
L08,L08-P0492,Iddq,uA,8.229,9.2119,9.7117,9.7852,50.0,0,none
L08,L08-P0493,Iddq,uA,9.4941,10.0924,10.4172,10.698,50.0,0,none
L08,L08-P0494,Iddq,uA,11.1196,11.8873,12.352,12.5077,50.0,0,none
L08,L08-P0495,Iddq,uA,8.9742,9.529,9.8275,9.7989,50.0,0,none
L08,L08-P0496,Iddq,uA,11.465,12.6819,13.0662,13.1924,50.0,0,none
L08,L08-P0497,Iddq,uA,9.3767,10.002,10.3607,10.6997,50.0,0,none
L08,L08-P0498,Iddq,uA,9.2715,9.5208,9.8991,9.8286,50.0,0,none
L08,L08-P0499,Iddq,uA,9.4089,10.0034,10.5489,10.3324,50.0,0,none
L08,L08-P0500,Iddq,uA,8.9742,9.5776,10.0109,10.087,50.0,0,none
L09,L09-P0001,Iddq,uA,13.5126,14.4547,14.8462,14.8283,50.0,0,none
L09,L09-P0002,Iddq,uA,16.2429,16.8655,17.4184,18.048,50.0,0,none
L09,L09-P0003,Iddq,uA,13.73,14.1315,14.6681,14.8362,50.0,0,none
L09,L09-P0004,Iddq,uA,14.6632,15.8384,16.3725,16.2589,50.0,0,none
L09,L09-P0005,Iddq,uA,14.4442,15.1962,15.4381,15.3196,50.0,0,none
L09,L09-P0006,Iddq,uA,14.5918,15.2301,15.4909,15.3986,50.0,0,none
L09,L09-P0007,Iddq,uA,18.0513,19.2204,19.5938,19.816,50.0,0,none
L09,L09-P0008,Iddq,uA,10.8139,11.3057,11.3775,11.5674,50.0,0,none
L09,L09-P0009,Iddq,uA,13.676,14.2807,14.4436,14.8035,50.0,0,none
L09,L09-P0010,Iddq,uA,14.2614,14.8641,14.9236,14.9581,50.0,0,none
L09,L09-P0011,Iddq,uA,13.837,15.0165,15.4805,15.5924,50.0,0,none
L09,L09-P0012,Iddq,uA,12.8677,13.6598,14.1234,14.2703,50.0,0,none
L09,L09-P0013,Iddq,uA,12.8025,13.6401,14.0895,14.6231,50.0,0,none
L09,L09-P0014,Iddq,uA,17.5628,17.9973,18.795,18.4618,50.0,0,none
L09,L09-P0015,Iddq,uA,13.5214,14.1249,14.4075,14.6107,50.0,0,none
L09,L09-P0016,Iddq,uA,19.8539,21.0602,21.3079,21.6641,50.0,0,none
L09,L09-P0017,Iddq,uA,14.8772,15.5386,16.209,16.3002,50.0,0,none
L09,L09-P0018,Iddq,uA,13.0452,13.9643,14.3391,14.5137,50.0,0,none
L09,L09-P0019,Iddq,uA,15.1851,15.8174,15.3072,15.906,50.0,0,none
L09,L09-P0020,Iddq,uA,14.0875,14.9404,15.5456,15.8376,50.0,0,none
L09,L09-P0021,Iddq,uA,16.5795,17.6453,18.3192,17.8818,50.0,0,none
L09,L09-P0022,Iddq,uA,11.4943,12.0529,12.4903,12.6124,50.0,0,none
L09,L09-P0023,Iddq,uA,10.4751,11.4027,11.5943,12.129,50.0,0,none
L09,L09-P0024,Iddq,uA,14.4436,14.9498,15.3199,15.2841,50.0,0,none
L09,L09-P0025,Iddq,uA,15.7287,16.7577,17.149,17.355,50.0,0,none
L09,L09-P0026,Iddq,uA,14.1714,15.3063,15.921,15.779,50.0,0,none
L09,L09-P0027,Iddq,uA,15.0843,15.8049,16.2862,16.6224,50.0,0,none
L09,L09-P0028,Iddq,uA,14.9406,15.3435,16.1318,16.098,50.0,0,none
L09,L09-P0029,Iddq,uA,11.033,11.9608,12.2944,12.5645,50.0,0,none
L09,L09-P0030,Iddq,uA,14.2582,16.0032,16.495,16.7341,50.0,0,none
L09,L09-P0031,Iddq,uA,16.8677,18.4057,18.9264,18.9451,50.0,0,none
L09,L09-P0032,Iddq,uA,13.9827,15.5493,16.4628,16.4512,50.0,0,none
L09,L09-P0033,Iddq,uA,11.3631,11.9179,12.2367,12.3163,50.0,0,none
L09,L09-P0034,Iddq,uA,13.1223,13.3676,13.8662,13.8865,50.0,0,none
L09,L09-P0035,Iddq,uA,14.8739,16.0768,16.2264,16.3246,50.0,0,none
L09,L09-P0036,Iddq,uA,18.2034,19.3711,19.9446,20.0829,50.0,0,none
L09,L09-P0037,Iddq,uA,10.1325,10.509,10.8095,10.6969,50.0,0,none
L09,L09-P0038,Iddq,uA,14.2285,15.236,15.3846,15.5997,50.0,0,none
L09,L09-P0039,Iddq,uA,12.078,12.5237,12.9577,12.8567,50.0,0,none
L09,L09-P0040,Iddq,uA,14.9694,15.7763,16.32,16.3293,50.0,0,none
L09,L09-P0041,Iddq,uA,14.8781,15.9799,16.2268,16.6456,50.0,0,none
L09,L09-P0042,Iddq,uA,13.2112,13.9484,14.0104,14.4109,50.0,0,none
L09,L09-P0043,Iddq,uA,15.3577,16.3486,16.8499,16.7131,50.0,0,none
L09,L09-P0044,Iddq,uA,16.2461,17.1183,17.302,17.168,50.0,0,none
L09,L09-P0045,Iddq,uA,13.4993,14.1015,14.2381,14.5032,50.0,0,none
L09,L09-P0046,Iddq,uA,11.1932,11.7039,11.9099,12.1561,50.0,0,none
L09,L09-P0047,Iddq,uA,16.804,18.024,18.3233,18.8985,50.0,0,none
L09,L09-P0048,Iddq,uA,15.4681,16.2732,16.831,17.0127,50.0,0,none
L09,L09-P0049,Iddq,uA,15.167,15.846,16.6788,16.8445,50.0,0,none
L09,L09-P0050,Iddq,uA,12.36,13.1514,13.6439,13.7455,50.0,0,none
L09,L09-P0051,Iddq,uA,16.0711,16.904,17.6622,17.3584,50.0,0,none
L09,L09-P0052,Iddq,uA,18.3837,20.6375,21.551,22.1722,50.0,0,none
L09,L09-P0053,Iddq,uA,13.4082,14.5045,14.6188,15.1645,50.0,0,none
L09,L09-P0054,Iddq,uA,13.9327,14.6708,15.3684,15.3436,50.0,0,none
L09,L09-P0055,Iddq,uA,11.5662,12.2943,12.9178,12.9295,50.0,0,none
L09,L09-P0056,Iddq,uA,12.4273,12.6244,13.2655,13.1007,50.0,0,none
L09,L09-P0057,Iddq,uA,11.826,12.3052,12.7616,12.7424,50.0,0,none
L09,L09-P0058,Iddq,uA,13.949,15.0646,15.1788,15.9211,50.0,0,none
L09,L09-P0059,Iddq,uA,12.9044,13.3567,13.7837,13.9571,50.0,0,none
L09,L09-P0060,Iddq,uA,14.4737,14.9696,15.2465,15.3343,50.0,0,none
L09,L09-P0061,Iddq,uA,12.0339,12.6381,12.976,13.0806,50.0,0,none
L09,L09-P0062,Iddq,uA,13.4939,13.935,14.1439,14.3762,50.0,0,none
L09,L09-P0063,Iddq,uA,11.8792,12.6796,12.8765,13.1842,50.0,0,none
L09,L09-P0064,Iddq,uA,13.9548,14.9976,15.6367,15.4482,50.0,0,none
L09,L09-P0065,Iddq,uA,10.8414,12.9614,18.4277,23.7641,50.0,1,latent_linear
L09,L09-P0066,Iddq,uA,14.0601,15.2022,15.7352,15.9056,50.0,0,none
L09,L09-P0067,Iddq,uA,13.2744,13.7442,14.0348,14.3867,50.0,0,none
L09,L09-P0068,Iddq,uA,14.308,14.8327,15.5572,15.214,50.0,0,none
L09,L09-P0069,Iddq,uA,10.7376,11.185,11.3843,11.4976,50.0,0,none
L09,L09-P0070,Iddq,uA,15.0231,16.2685,16.6459,16.9739,50.0,0,none
L09,L09-P0071,Iddq,uA,13.331,13.9877,14.2108,14.3104,50.0,0,none
L09,L09-P0072,Iddq,uA,14.4262,15.0441,15.2078,15.1906,50.0,0,none
L09,L09-P0073,Iddq,uA,10.4346,11.119,11.169,11.3494,50.0,0,none
L09,L09-P0074,Iddq,uA,11.2528,12.0741,12.5823,12.648,50.0,0,none
L09,L09-P0075,Iddq,uA,12.9583,13.4641,14.114,14.3752,50.0,0,none
L09,L09-P0076,Iddq,uA,16.8573,18.0755,18.61,18.6678,50.0,0,none
L09,L09-P0077,Iddq,uA,14.8621,15.5973,15.828,16.3698,50.0,0,none
L09,L09-P0078,Iddq,uA,13.9312,14.7745,15.8608,15.6396,50.0,0,none
L09,L09-P0079,Iddq,uA,12.0462,12.7349,13.2695,13.3401,50.0,0,none
L09,L09-P0080,Iddq,uA,11.7316,12.1801,12.3738,12.5895,50.0,0,none
L09,L09-P0081,Iddq,uA,14.2567,14.6683,15.1335,15.7819,50.0,0,none
L09,L09-P0082,Iddq,uA,14.9821,16.091,16.3472,16.8303,50.0,0,none
L09,L09-P0083,Iddq,uA,14.0094,14.7572,15.0882,15.0574,50.0,0,none
L09,L09-P0084,Iddq,uA,17.6317,18.9598,19.4079,19.6131,50.0,0,none
L09,L09-P0085,Iddq,uA,12.498,13.5541,14.0475,14.2098,50.0,0,none
L09,L09-P0086,Iddq,uA,14.2388,15.6726,15.9993,16.4149,50.0,0,none
L09,L09-P0087,Iddq,uA,10.4931,10.8674,11.528,11.3651,50.0,0,none
L09,L09-P0088,Iddq,uA,14.2062,15.1192,15.5843,15.866,50.0,0,none
L09,L09-P0089,Iddq,uA,17.2454,18.1528,18.6524,18.7667,50.0,0,none
L09,L09-P0090,Iddq,uA,11.8665,12.196,12.1838,12.3898,50.0,0,none
L09,L09-P0091,Iddq,uA,15.5486,16.4238,16.8469,17.119,50.0,0,none
L09,L09-P0092,Iddq,uA,16.9102,18.0973,18.8702,18.6017,50.0,0,none
L09,L09-P0093,Iddq,uA,12.3731,13.4826,14.0349,13.9358,50.0,0,none
L09,L09-P0094,Iddq,uA,14.9811,15.5983,15.6471,15.8771,50.0,0,none
L09,L09-P0095,Iddq,uA,17.3256,18.7837,19.2892,19.5471,50.0,0,none
L09,L09-P0096,Iddq,uA,14.0666,15.0102,15.6275,15.5166,50.0,0,none
L09,L09-P0097,Iddq,uA,15.0537,16.0665,16.7569,16.6073,50.0,0,none
L09,L09-P0098,Iddq,uA,10.44,11.0585,11.3783,11.1999,50.0,0,none
L09,L09-P0099,Iddq,uA,14.8928,16.5914,17.435,17.3424,50.0,0,none
L09,L09-P0100,Iddq,uA,15.0751,15.6139,15.5713,16.3827,50.0,0,none
L09,L09-P0101,Iddq,uA,11.2964,12.2582,12.6491,12.7466,50.0,0,none
L09,L09-P0102,Iddq,uA,11.8357,12.8072,13.1829,13.3573,50.0,0,none
L09,L09-P0103,Iddq,uA,14.7665,15.6765,16.1918,15.9992,50.0,0,none
L09,L09-P0104,Iddq,uA,12.8522,13.6317,13.8973,13.9686,50.0,0,none
L09,L09-P0105,Iddq,uA,15.8529,17.2272,17.0218,17.2517,50.0,0,none
L09,L09-P0106,Iddq,uA,14.2048,15.9985,16.4538,16.5487,50.0,0,none
L09,L09-P0107,Iddq,uA,13.7684,14.7866,14.9586,15.3627,50.0,0,none
L09,L09-P0108,Iddq,uA,13.3041,13.9527,14.1609,14.0952,50.0,0,none
L09,L09-P0109,Iddq,uA,14.0546,15.4735,15.7724,16.2165,50.0,0,none
L09,L09-P0110,Iddq,uA,15.4551,15.9741,16.1,16.6048,50.0,0,none
L09,L09-P0111,Iddq,uA,14.8106,15.9844,15.9277,16.1054,50.0,0,none
L09,L09-P0112,Iddq,uA,12.8819,13.7586,14.2178,14.365,50.0,0,none
L09,L09-P0113,Iddq,uA,16.2604,18.942,19.8184,20.112,50.0,0,none
L09,L09-P0114,Iddq,uA,15.4206,16.6736,17.0534,17.0184,50.0,0,none
L09,L09-P0115,Iddq,uA,14.3755,15.4605,15.8944,15.4995,50.0,0,none
L09,L09-P0116,Iddq,uA,14.0693,14.7677,27.0283,27.9302,50.0,1,step_jump
L09,L09-P0117,Iddq,uA,14.9375,15.9801,16.382,17.0586,50.0,0,none
L09,L09-P0118,Iddq,uA,10.3407,11.5522,11.6662,12.0682,50.0,0,none
L09,L09-P0119,Iddq,uA,14.2905,15.2036,15.6556,15.4416,50.0,0,none
L09,L09-P0120,Iddq,uA,17.6742,18.3715,18.8022,19.1318,50.0,0,none
L09,L09-P0121,Iddq,uA,14.2477,15.1411,15.469,15.2506,50.0,0,none
L09,L09-P0122,Iddq,uA,13.9426,15.1156,15.5445,15.5847,50.0,0,none
L09,L09-P0123,Iddq,uA,12.5547,13.6099,14.0504,14.2173,50.0,0,none
L09,L09-P0124,Iddq,uA,14.7682,15.2468,15.3538,15.7546,50.0,0,none
L09,L09-P0125,Iddq,uA,13.3966,14.3429,14.4448,14.4602,50.0,0,none
L09,L09-P0126,Iddq,uA,58.8544,61.4418,62.5317,62.9779,50.0,1,gross_fail
L09,L09-P0127,Iddq,uA,11.8723,12.7512,13.1841,13.4182,50.0,0,none
L09,L09-P0128,Iddq,uA,12.6309,13.415,13.6453,13.6499,50.0,0,none
L09,L09-P0129,Iddq,uA,12.4623,12.9735,13.313,13.538,50.0,0,none
L09,L09-P0130,Iddq,uA,18.3243,19.4905,20.3486,20.2152,50.0,0,none
L09,L09-P0131,Iddq,uA,13.3529,14.2261,14.7088,14.3592,50.0,0,none
L09,L09-P0132,Iddq,uA,12.4993,13.4406,13.5312,13.9113,50.0,0,none
L09,L09-P0133,Iddq,uA,10.0735,10.5953,11.0503,11.0255,50.0,0,none
L09,L09-P0134,Iddq,uA,12.1273,13.0011,13.3153,13.4085,50.0,0,none
L09,L09-P0135,Iddq,uA,14.9226,18.1551,24.906,31.8407,50.0,1,latent_linear
L09,L09-P0136,Iddq,uA,14.7443,15.9361,15.7384,16.395,50.0,0,none
L09,L09-P0137,Iddq,uA,12.394,13.1312,13.3896,13.5885,50.0,0,none
L09,L09-P0138,Iddq,uA,12.4543,13.7887,14.2619,14.1555,50.0,0,none
L09,L09-P0139,Iddq,uA,18.2971,19.2333,19.7868,20.2778,50.0,0,none
L09,L09-P0140,Iddq,uA,20.4833,22.0205,22.4233,22.4836,50.0,0,none
L09,L09-P0141,Iddq,uA,16.3878,17.5328,17.7715,18.069,50.0,0,none
L09,L09-P0142,Iddq,uA,17.1884,19.2193,20.3461,20.5215,50.0,0,none
L09,L09-P0143,Iddq,uA,17.6792,19.0424,19.629,19.9311,50.0,0,none
L09,L09-P0144,Iddq,uA,19.0507,20.0445,20.7537,21.078,50.0,0,none
L09,L09-P0145,Iddq,uA,13.1452,14.472,15.4962,15.4677,50.0,0,none
L09,L09-P0146,Iddq,uA,12.0449,13.0682,13.7841,13.9073,50.0,0,none
L09,L09-P0147,Iddq,uA,18.1602,19.5113,20.6504,20.8649,50.0,0,none
L09,L09-P0148,Iddq,uA,11.9875,12.5171,12.7751,12.8726,50.0,0,none
L09,L09-P0149,Iddq,uA,12.0227,12.306,12.4855,12.6941,50.0,0,none
L09,L09-P0150,Iddq,uA,11.7299,12.3779,12.2372,12.4086,50.0,0,none
L09,L09-P0151,Iddq,uA,13.482,14.7798,15.1805,15.5179,50.0,0,none
L09,L09-P0152,Iddq,uA,10.208,10.8094,11.2044,11.0701,50.0,0,none
L09,L09-P0153,Iddq,uA,10.8682,11.5756,11.6593,11.8185,50.0,0,none
L09,L09-P0154,Iddq,uA,12.3891,13.8051,14.2013,14.2975,50.0,0,none
L09,L09-P0155,Iddq,uA,11.4825,14.0726,19.9506,25.8711,50.0,1,latent_linear
L09,L09-P0156,Iddq,uA,16.1673,16.9975,17.2177,17.6896,50.0,0,none
L09,L09-P0157,Iddq,uA,13.8551,14.4454,14.602,14.7398,50.0,0,none
L09,L09-P0158,Iddq,uA,41.6071,44.2548,44.5383,46.55,50.0,1,lot_outlier
L09,L09-P0159,Iddq,uA,14.5988,15.6353,16.0909,16.8703,50.0,0,none
L09,L09-P0160,Iddq,uA,13.3629,13.9874,14.3847,14.6263,50.0,0,none
L09,L09-P0161,Iddq,uA,16.0208,16.8704,17.039,17.4064,50.0,0,none
L09,L09-P0162,Iddq,uA,66.9136,76.2225,80.1436,81.7492,50.0,1,gross_fail
L09,L09-P0163,Iddq,uA,13.1722,13.7111,13.8358,14.1037,50.0,0,none
L09,L09-P0164,Iddq,uA,10.7121,10.7508,11.9597,10.0033,50.0,1,erratic
L09,L09-P0165,Iddq,uA,14.5995,16.0401,16.5561,16.7086,50.0,0,none
L09,L09-P0166,Iddq,uA,11.0096,11.9565,11.9888,12.2739,50.0,0,none
L09,L09-P0167,Iddq,uA,14.7864,15.1622,15.5481,15.5997,50.0,0,none
L09,L09-P0168,Iddq,uA,13.9636,15.1401,15.5636,15.7142,50.0,0,none
L09,L09-P0169,Iddq,uA,11.3569,12.0786,12.4862,12.5792,50.0,0,none
L09,L09-P0170,Iddq,uA,14.4119,15.1795,15.769,16.0168,50.0,0,none
L09,L09-P0171,Iddq,uA,14.312,15.4805,15.533,15.5296,50.0,0,none
L09,L09-P0172,Iddq,uA,13.9679,14.7287,15.0517,14.8567,50.0,0,none
L09,L09-P0173,Iddq,uA,13.9395,14.9639,15.2152,15.3061,50.0,0,none
L09,L09-P0174,Iddq,uA,12.2384,13.3466,13.6002,13.6616,50.0,0,none
L09,L09-P0175,Iddq,uA,14.6813,16.1528,16.8206,16.9541,50.0,0,none
L09,L09-P0176,Iddq,uA,12.3963,13.3532,13.6578,13.8799,50.0,0,none
L09,L09-P0177,Iddq,uA,11.5725,12.0808,21.0887,21.2955,50.0,1,step_jump
L09,L09-P0178,Iddq,uA,15.2767,16.4377,16.8746,17.1757,50.0,0,none
L09,L09-P0179,Iddq,uA,15.8703,16.4871,17.1098,16.62,50.0,0,none
L09,L09-P0180,Iddq,uA,15.5345,15.7071,16.3328,16.224,50.0,0,none
L09,L09-P0181,Iddq,uA,13.3441,14.038,14.1571,14.3949,50.0,0,none
L09,L09-P0182,Iddq,uA,10.1987,10.5251,11.023,11.044,50.0,0,none
L09,L09-P0183,Iddq,uA,17.0846,19.0244,19.9992,20.0877,50.0,0,none
L09,L09-P0184,Iddq,uA,10.2563,10.7609,11.0339,11.0345,50.0,0,none
L09,L09-P0185,Iddq,uA,15.02,15.7784,15.9862,16.1031,50.0,0,none
L09,L09-P0186,Iddq,uA,19.0408,20.2051,20.93,20.8915,50.0,0,none
L09,L09-P0187,Iddq,uA,14.2329,14.763,15.3011,15.1615,50.0,0,none
L09,L09-P0188,Iddq,uA,14.2348,15.4982,15.5963,15.6115,50.0,0,none
L09,L09-P0189,Iddq,uA,14.3846,16.0842,16.6681,16.6578,50.0,0,none
L09,L09-P0190,Iddq,uA,14.0537,15.3346,15.8983,15.8674,50.0,0,none
L09,L09-P0191,Iddq,uA,19.6818,20.8301,21.5614,21.0431,50.0,0,none
L09,L09-P0192,Iddq,uA,12.0049,12.7552,13.2385,13.2228,50.0,0,none
L09,L09-P0193,Iddq,uA,11.8956,12.7538,13.109,13.2748,50.0,0,none
L09,L09-P0194,Iddq,uA,13.1991,13.928,14.4635,14.4805,50.0,0,none
L09,L09-P0195,Iddq,uA,17.8921,18.951,19.6761,19.6619,50.0,0,none
L09,L09-P0196,Iddq,uA,12.5255,13.4349,14.0823,13.7767,50.0,0,none
L09,L09-P0197,Iddq,uA,62.726,67.1493,69.0125,69.7754,50.0,1,gross_fail
L09,L09-P0198,Iddq,uA,16.1256,17.1716,17.5666,17.699,50.0,0,none
L09,L09-P0199,Iddq,uA,15.2409,16.2821,16.3065,16.625,50.0,0,none
L09,L09-P0200,Iddq,uA,16.0848,17.4784,18.228,17.946,50.0,0,none
L09,L09-P0201,Iddq,uA,16.856,18.2717,19.0236,19.1652,50.0,0,none
L09,L09-P0202,Iddq,uA,14.2317,14.8462,15.2011,15.2964,50.0,0,none
L09,L09-P0203,Iddq,uA,12.8869,13.3833,13.7901,13.9481,50.0,0,none
L09,L09-P0204,Iddq,uA,13.9043,15.0014,15.2777,15.1467,50.0,0,none
L09,L09-P0205,Iddq,uA,13.1623,13.9307,14.266,14.5058,50.0,0,none
L09,L09-P0206,Iddq,uA,20.0826,21.9809,22.0858,23.2488,50.0,0,none
L09,L09-P0207,Iddq,uA,12.7952,14.9612,15.496,16.1578,50.0,0,none
L09,L09-P0208,Iddq,uA,14.9157,15.1126,15.5629,15.5483,50.0,0,none
L09,L09-P0209,Iddq,uA,10.7589,11.7703,11.9293,11.9501,50.0,0,none
L09,L09-P0210,Iddq,uA,14.0554,14.8989,15.5059,15.4739,50.0,0,none
L09,L09-P0211,Iddq,uA,13.2465,14.0026,14.4097,14.2721,50.0,0,none
L09,L09-P0212,Iddq,uA,15.2302,16.3088,16.9188,17.0473,50.0,0,none
L09,L09-P0213,Iddq,uA,15.1665,16.2149,16.9726,16.5859,50.0,0,none
L09,L09-P0214,Iddq,uA,17.1209,18.1894,18.4781,18.9069,50.0,0,none
L09,L09-P0215,Iddq,uA,16.9557,17.9381,18.2357,18.5805,50.0,0,none
L09,L09-P0216,Iddq,uA,13.6822,14.6058,14.922,15.0264,50.0,0,none
L09,L09-P0217,Iddq,uA,11.9243,12.5794,13.0695,12.9614,50.0,0,none
L09,L09-P0218,Iddq,uA,12.2161,13.0759,13.278,13.6552,50.0,0,none
L09,L09-P0219,Iddq,uA,14.5627,15.2037,15.4348,15.5296,50.0,0,none
L09,L09-P0220,Iddq,uA,14.1361,16.106,17.095,17.4673,50.0,0,none
L09,L09-P0221,Iddq,uA,14.2383,15.445,15.6645,15.8772,50.0,0,none
L09,L09-P0222,Iddq,uA,12.5376,13.6307,14.3992,14.1376,50.0,0,none
L09,L09-P0223,Iddq,uA,17.1267,17.8968,17.9663,18.6322,50.0,0,none
L09,L09-P0224,Iddq,uA,10.9288,11.7633,12.1555,12.1913,50.0,0,none
L09,L09-P0225,Iddq,uA,12.5967,13.2785,13.8451,13.8659,50.0,0,none
L09,L09-P0226,Iddq,uA,11.4352,12.1823,12.3968,12.5129,50.0,0,none
L09,L09-P0227,Iddq,uA,13.5916,14.0869,14.3377,14.5391,50.0,0,none
L09,L09-P0228,Iddq,uA,16.4218,17.1202,17.6785,18.1382,50.0,0,none
L09,L09-P0229,Iddq,uA,13.0559,13.9015,14.2107,14.284,50.0,0,none
L09,L09-P0230,Iddq,uA,13.7609,14.6276,14.7846,15.2143,50.0,0,none
L09,L09-P0231,Iddq,uA,15.3472,16.0842,16.8512,16.7816,50.0,0,none
L09,L09-P0232,Iddq,uA,12.8321,14.2927,15.0773,14.9264,50.0,0,none
L09,L09-P0233,Iddq,uA,14.5323,15.2896,15.7121,15.9335,50.0,0,none
L09,L09-P0234,Iddq,uA,14.0816,14.7966,15.4206,15.2585,50.0,0,none
L09,L09-P0235,Iddq,uA,11.6631,12.2421,12.1996,12.3254,50.0,0,none
L09,L09-P0236,Iddq,uA,12.8952,13.4344,13.9214,14.185,50.0,0,none
L09,L09-P0237,Iddq,uA,14.2715,15.0262,15.3019,15.3546,50.0,0,none
L09,L09-P0238,Iddq,uA,16.5565,17.7247,18.2957,18.5282,50.0,0,none
L09,L09-P0239,Iddq,uA,16.8146,18.2319,19.1151,19.0621,50.0,0,none
L09,L09-P0240,Iddq,uA,18.6086,19.7756,20.3521,20.6077,50.0,0,none
L09,L09-P0241,Iddq,uA,14.9869,15.7714,16.2503,16.5179,50.0,0,none
L09,L09-P0242,Iddq,uA,12.7956,13.5845,14.3062,14.1597,50.0,0,none
L09,L09-P0243,Iddq,uA,13.6637,14.4346,14.4123,14.6339,50.0,0,none
L09,L09-P0244,Iddq,uA,13.3564,14.4562,14.722,14.9465,50.0,0,none
L09,L09-P0245,Iddq,uA,12.8662,13.3565,13.9806,13.7287,50.0,0,none
L09,L09-P0246,Iddq,uA,14.4375,15.0654,15.4326,15.7252,50.0,0,none
L09,L09-P0247,Iddq,uA,14.8274,14.9798,15.3697,15.2842,50.0,0,none
L09,L09-P0248,Iddq,uA,11.4277,12.2475,12.6478,12.4132,50.0,0,none
L09,L09-P0249,Iddq,uA,16.2659,17.416,17.9602,18.4355,50.0,0,none
L09,L09-P0250,Iddq,uA,10.4674,11.2044,11.4328,11.6869,50.0,0,none
L09,L09-P0251,Iddq,uA,13.1767,14.6748,15.3035,15.5226,50.0,0,none
L09,L09-P0252,Iddq,uA,16.3234,17.3642,17.3477,17.9891,50.0,0,none
L09,L09-P0253,Iddq,uA,14.8904,15.9456,17.021,16.8818,50.0,0,none
L09,L09-P0254,Iddq,uA,13.021,13.4575,14.1771,14.2043,50.0,0,none
L09,L09-P0255,Iddq,uA,18.7647,19.9406,20.7344,20.7705,50.0,0,none
L09,L09-P0256,Iddq,uA,12.9887,14.1164,14.9704,14.8957,50.0,0,none
L09,L09-P0257,Iddq,uA,10.1107,10.8406,11.2269,11.2899,50.0,0,none
L09,L09-P0258,Iddq,uA,14.7687,16.1499,17.0065,17.3988,50.0,0,none
L09,L09-P0259,Iddq,uA,10.5021,11.2965,11.4103,11.624,50.0,0,none
L09,L09-P0260,Iddq,uA,12.0994,12.631,13.0599,13.1994,50.0,0,none
L09,L09-P0261,Iddq,uA,14.936,15.4606,16.2751,15.9351,50.0,0,none
L09,L09-P0262,Iddq,uA,12.923,13.923,13.8585,14.1628,50.0,0,none
L09,L09-P0263,Iddq,uA,14.9238,16.1442,16.2489,16.5996,50.0,0,none
L09,L09-P0264,Iddq,uA,11.6542,12.2531,12.3656,12.854,50.0,0,none
L09,L09-P0265,Iddq,uA,15.4241,16.4958,16.9424,17.0123,50.0,0,none
L09,L09-P0266,Iddq,uA,10.9068,11.2968,11.4357,11.6289,50.0,0,none
L09,L09-P0267,Iddq,uA,16.7845,17.9326,18.4647,18.5418,50.0,0,none
L09,L09-P0268,Iddq,uA,12.8027,13.4777,13.6101,14.1641,50.0,0,none
L09,L09-P0269,Iddq,uA,17.1979,18.0955,18.2569,18.395,50.0,0,none
L09,L09-P0270,Iddq,uA,11.9653,12.6425,12.8576,12.7836,50.0,0,none
L09,L09-P0271,Iddq,uA,18.256,19.0011,19.8923,19.768,50.0,0,none
L09,L09-P0272,Iddq,uA,11.7464,12.3784,12.5419,12.4786,50.0,0,none
L09,L09-P0273,Iddq,uA,10.3259,11.0221,11.129,11.3488,50.0,0,none
L09,L09-P0274,Iddq,uA,13.8358,14.739,14.7861,15.0775,50.0,0,none
L09,L09-P0275,Iddq,uA,16.6425,17.4286,18.1634,17.8329,50.0,0,none
L09,L09-P0276,Iddq,uA,15.3381,15.9929,16.4835,16.7176,50.0,0,none
L09,L09-P0277,Iddq,uA,16.4969,18.3292,19.0851,19.2431,50.0,0,none
L09,L09-P0278,Iddq,uA,15.3254,16.2352,16.6139,16.5146,50.0,0,none
L09,L09-P0279,Iddq,uA,12.275,13.105,13.6412,13.8424,50.0,0,none
L09,L09-P0280,Iddq,uA,15.6471,16.36,16.4311,17.0509,50.0,0,none
L09,L09-P0281,Iddq,uA,14.179,14.6062,14.8138,15.2028,50.0,0,none
L09,L09-P0282,Iddq,uA,12.576,13.375,13.4341,13.9191,50.0,0,none
L09,L09-P0283,Iddq,uA,14.1598,14.7402,15.407,15.4114,50.0,0,none
L09,L09-P0284,Iddq,uA,13.7899,14.1348,14.6286,14.5561,50.0,0,none
L09,L09-P0285,Iddq,uA,17.0395,19.1174,19.3342,19.6584,50.0,0,none
L09,L09-P0286,Iddq,uA,12.8214,13.1136,13.4473,13.255,50.0,0,none
L09,L09-P0287,Iddq,uA,12.6166,13.4437,13.6925,13.5471,50.0,0,none
L09,L09-P0288,Iddq,uA,12.7056,13.2074,13.3477,13.7136,50.0,0,none
L09,L09-P0289,Iddq,uA,18.3557,20.2415,20.978,21.0436,50.0,0,none
L09,L09-P0290,Iddq,uA,12.2441,13.217,13.2316,13.7373,50.0,0,none
L09,L09-P0291,Iddq,uA,16.5724,19.1623,19.8985,20.3339,50.0,0,none
L09,L09-P0292,Iddq,uA,11.6532,12.7713,12.9923,13.3363,50.0,0,none
L09,L09-P0293,Iddq,uA,14.729,15.2425,15.4774,15.5753,50.0,0,none
L09,L09-P0294,Iddq,uA,14.1495,14.97,15.0701,15.2948,50.0,0,none
L09,L09-P0295,Iddq,uA,16.5324,17.7622,18.057,18.181,50.0,0,none
L09,L09-P0296,Iddq,uA,16.2463,16.8201,17.4621,17.3462,50.0,0,none
L09,L09-P0297,Iddq,uA,13.7071,14.8458,15.2167,15.7159,50.0,0,none
L09,L09-P0298,Iddq,uA,12.7553,13.3477,13.6899,13.7587,50.0,0,none
L09,L09-P0299,Iddq,uA,17.6937,18.4128,18.7748,18.7416,50.0,0,none
L09,L09-P0300,Iddq,uA,12.3891,13.1453,13.515,13.558,50.0,0,none
L09,L09-P0301,Iddq,uA,9.9022,10.5602,10.7735,10.9192,50.0,0,none
L09,L09-P0302,Iddq,uA,10.5119,10.5275,11.0409,10.8518,50.0,0,none
L09,L09-P0303,Iddq,uA,10.965,11.679,12.1671,12.5355,50.0,0,none
L09,L09-P0304,Iddq,uA,14.968,16.2726,16.7647,16.9372,50.0,0,none
L09,L09-P0305,Iddq,uA,19.1117,20.161,20.4782,20.8812,50.0,0,none
L09,L09-P0306,Iddq,uA,10.1333,10.4129,10.6657,10.9076,50.0,0,none
L09,L09-P0307,Iddq,uA,40.9263,45.4845,45.6129,46.55,50.0,1,lot_outlier
L09,L09-P0308,Iddq,uA,14.0908,14.9067,15.0634,15.0193,50.0,0,none
L09,L09-P0309,Iddq,uA,17.1978,17.9257,18.6716,18.3717,50.0,0,none
L09,L09-P0310,Iddq,uA,12.2261,13.413,13.9672,14.3692,50.0,0,none
L09,L09-P0311,Iddq,uA,14.9578,15.6951,15.8058,16.1551,50.0,0,none
L09,L09-P0312,Iddq,uA,13.4238,13.6383,14.1076,13.5951,50.0,0,none
L09,L09-P0313,Iddq,uA,20.1833,21.3366,22.6166,22.7799,50.0,0,none
L09,L09-P0314,Iddq,uA,13.8844,14.9416,15.4493,15.6254,50.0,0,none
L09,L09-P0315,Iddq,uA,14.4245,15.5666,16.3694,16.8929,50.0,0,none
L09,L09-P0316,Iddq,uA,14.1965,14.6784,14.926,15.5201,50.0,0,none
L09,L09-P0317,Iddq,uA,12.9454,13.4568,13.914,14.1977,50.0,0,none
L09,L09-P0318,Iddq,uA,15.8312,17.0859,17.1403,17.358,50.0,0,none
L09,L09-P0319,Iddq,uA,11.4383,12.262,12.6649,12.8377,50.0,0,none
L09,L09-P0320,Iddq,uA,10.3992,10.7539,11.0884,11.1623,50.0,0,none
L09,L09-P0321,Iddq,uA,13.5639,14.5029,14.6616,15.1969,50.0,0,none
L09,L09-P0322,Iddq,uA,15.4147,16.7277,17.2399,16.9368,50.0,0,none
L09,L09-P0323,Iddq,uA,12.6466,12.919,13.6839,13.5427,50.0,0,none
L09,L09-P0324,Iddq,uA,14.1982,15.3803,15.925,16.088,50.0,0,none
L09,L09-P0325,Iddq,uA,11.4223,12.0184,12.3282,12.311,50.0,0,none
L09,L09-P0326,Iddq,uA,16.0804,17.3617,17.8179,17.8688,50.0,0,none
L09,L09-P0327,Iddq,uA,14.9534,16.0839,17.1577,17.5243,50.0,0,none
L09,L09-P0328,Iddq,uA,13.4025,14.512,29.1636,29.0972,50.0,1,step_jump
L09,L09-P0329,Iddq,uA,14.0195,16.0808,16.5229,17.0141,50.0,0,none
L09,L09-P0330,Iddq,uA,11.1604,11.5943,12.0503,12.0761,50.0,0,none
L09,L09-P0331,Iddq,uA,11.1689,12.0519,12.1341,11.9083,50.0,0,none
L09,L09-P0332,Iddq,uA,13.4232,14.8396,14.7547,15.0832,50.0,0,none
L09,L09-P0333,Iddq,uA,15.0166,16.0083,16.4863,16.6628,50.0,0,none
L09,L09-P0334,Iddq,uA,14.9505,15.7874,16.3911,16.4204,50.0,0,none
L09,L09-P0335,Iddq,uA,12.9318,14.2548,14.4326,14.9213,50.0,0,none
L09,L09-P0336,Iddq,uA,15.4003,16.383,16.5472,17.3964,50.0,0,none
L09,L09-P0337,Iddq,uA,17.0086,18.5828,20.0491,20.1869,50.0,0,none
L09,L09-P0338,Iddq,uA,13.4179,14.5214,14.371,14.7815,50.0,0,none
L09,L09-P0339,Iddq,uA,14.3399,15.2162,15.7322,15.4673,50.0,0,none
L09,L09-P0340,Iddq,uA,13.3633,14.4057,14.3163,14.5064,50.0,0,none
L09,L09-P0341,Iddq,uA,13.3011,14.734,14.756,15.0712,50.0,0,none
L09,L09-P0342,Iddq,uA,14.1157,15.1255,15.4794,15.7626,50.0,0,none
L09,L09-P0343,Iddq,uA,18.0654,19.3826,19.4147,19.5667,50.0,0,none
L09,L09-P0344,Iddq,uA,15.6329,16.9827,16.8799,17.1819,50.0,0,none
L09,L09-P0345,Iddq,uA,15.6556,17.2965,17.4532,17.5379,50.0,0,none
L09,L09-P0346,Iddq,uA,13.0578,14.3966,14.9459,15.362,50.0,0,none
L09,L09-P0347,Iddq,uA,12.0472,12.9522,13.105,13.3243,50.0,0,none
L09,L09-P0348,Iddq,uA,14.6342,16.0904,16.7762,17.0172,50.0,0,none
L09,L09-P0349,Iddq,uA,16.6051,17.8383,18.5729,18.8019,50.0,0,none
L09,L09-P0350,Iddq,uA,17.8413,20.041,20.8016,21.2378,50.0,0,none
L09,L09-P0351,Iddq,uA,9.3215,10.1574,10.358,10.5904,50.0,0,none
L09,L09-P0352,Iddq,uA,19.7167,20.7374,22.2131,21.8934,50.0,0,none
L09,L09-P0353,Iddq,uA,14.8309,15.7255,16.5895,16.3264,50.0,0,none
L09,L09-P0354,Iddq,uA,15.7725,16.4389,17.4354,17.096,50.0,0,none
L09,L09-P0355,Iddq,uA,10.643,11.3608,11.6246,11.8188,50.0,0,none
L09,L09-P0356,Iddq,uA,13.425,14.59,15.0433,15.3137,50.0,0,none
L09,L09-P0357,Iddq,uA,15.842,16.7289,17.0101,17.3539,50.0,0,none
L09,L09-P0358,Iddq,uA,11.3785,12.1088,12.4139,12.6408,50.0,0,none
L09,L09-P0359,Iddq,uA,8.8971,9.4939,9.6519,9.9236,50.0,0,none
L09,L09-P0360,Iddq,uA,14.5165,15.8342,16.2054,16.2098,50.0,0,none
L09,L09-P0361,Iddq,uA,13.8022,14.7346,15.2669,15.4411,50.0,0,none
L09,L09-P0362,Iddq,uA,17.0413,18.4334,18.9589,19.0538,50.0,0,none
L09,L09-P0363,Iddq,uA,13.1143,14.238,14.7619,15.0569,50.0,0,none
L09,L09-P0364,Iddq,uA,13.6557,14.177,14.4004,14.5878,50.0,0,none
L09,L09-P0365,Iddq,uA,15.1026,15.7051,16.1227,16.7386,50.0,0,none
L09,L09-P0366,Iddq,uA,16.3445,17.3396,17.6901,17.6538,50.0,0,none
L09,L09-P0367,Iddq,uA,12.3133,13.4164,13.871,14.0253,50.0,0,none
L09,L09-P0368,Iddq,uA,16.0221,17.4006,17.5154,18.3061,50.0,0,none
L09,L09-P0369,Iddq,uA,12.4327,13.2384,13.6452,13.8066,50.0,0,none
L09,L09-P0370,Iddq,uA,13.7353,14.5201,15.2755,15.0044,50.0,0,none
L09,L09-P0371,Iddq,uA,15.0347,16.1349,16.2867,16.4445,50.0,0,none
L09,L09-P0372,Iddq,uA,15.6244,16.0218,16.5315,16.3798,50.0,0,none
L09,L09-P0373,Iddq,uA,14.4366,15.4359,15.8988,15.8751,50.0,0,none
L09,L09-P0374,Iddq,uA,11.7475,12.6539,13.3643,13.5179,50.0,0,none
L09,L09-P0375,Iddq,uA,10.2671,11.0829,11.4324,11.4338,50.0,0,none
L09,L09-P0376,Iddq,uA,13.2327,14.8647,15.5542,15.5966,50.0,0,none
L09,L09-P0377,Iddq,uA,15.7343,16.939,17.3968,17.7978,50.0,0,none
L09,L09-P0378,Iddq,uA,14.7883,15.4405,16.3537,16.357,50.0,0,none
L09,L09-P0379,Iddq,uA,42.0924,44.5024,45.5887,46.55,50.0,1,lot_outlier
L09,L09-P0380,Iddq,uA,13.389,14.4758,14.9386,14.5392,50.0,0,none
L09,L09-P0381,Iddq,uA,14.4895,15.1492,15.1577,15.2199,50.0,0,none
L09,L09-P0382,Iddq,uA,11.7118,11.9594,12.4407,12.59,50.0,0,none
L09,L09-P0383,Iddq,uA,15.2546,16.2864,16.4352,16.5799,50.0,0,none
L09,L09-P0384,Iddq,uA,15.534,16.7328,17.2566,17.14,50.0,0,none
L09,L09-P0385,Iddq,uA,13.1086,13.775,14.0054,14.2986,50.0,0,none
L09,L09-P0386,Iddq,uA,14.5559,15.3955,15.6746,16.0505,50.0,0,none
L09,L09-P0387,Iddq,uA,10.5637,11.2717,11.8653,12.0158,50.0,0,none
L09,L09-P0388,Iddq,uA,14.0579,14.4657,15.1814,15.0686,50.0,0,none
L09,L09-P0389,Iddq,uA,13.5096,14.34,14.5752,14.7815,50.0,0,none
L09,L09-P0390,Iddq,uA,16.7127,17.8741,18.6052,18.761,50.0,0,none
L09,L09-P0391,Iddq,uA,13.1804,14.6719,14.9946,15.1482,50.0,0,none
L09,L09-P0392,Iddq,uA,15.7364,16.5068,17.2073,17.2266,50.0,0,none
L09,L09-P0393,Iddq,uA,12.955,13.7897,14.1042,14.3919,50.0,0,none
L09,L09-P0394,Iddq,uA,9.5754,10.1484,10.488,10.5605,50.0,0,none
L09,L09-P0395,Iddq,uA,13.0931,14.2549,14.6547,14.6337,50.0,0,none
L09,L09-P0396,Iddq,uA,13.928,17.5217,17.4774,14.1425,50.0,1,erratic
L09,L09-P0397,Iddq,uA,14.2326,14.989,15.7404,15.7013,50.0,0,none
L09,L09-P0398,Iddq,uA,14.1131,15.0747,15.5358,15.588,50.0,0,none
L09,L09-P0399,Iddq,uA,42.5796,45.5034,46.6233,46.55,50.0,1,lot_outlier
L09,L09-P0400,Iddq,uA,13.0941,13.8569,14.2167,14.5581,50.0,0,none
L09,L09-P0401,Iddq,uA,11.5667,12.6002,12.6213,12.7051,50.0,0,none
L09,L09-P0402,Iddq,uA,10.0271,10.8286,11.1294,11.039,50.0,0,none
L09,L09-P0403,Iddq,uA,13.3642,14.4816,14.3696,14.859,50.0,0,none
L09,L09-P0404,Iddq,uA,40.5522,44.4395,46.2239,46.55,50.0,1,lot_outlier
L09,L09-P0405,Iddq,uA,16.1086,16.9608,17.0146,17.7038,50.0,0,none
L09,L09-P0406,Iddq,uA,9.7069,10.4143,11.0076,11.0196,50.0,0,none
L09,L09-P0407,Iddq,uA,14.4566,14.9637,15.4686,15.6674,50.0,0,none
L09,L09-P0408,Iddq,uA,18.805,19.6284,19.5988,20.0631,50.0,0,none
L09,L09-P0409,Iddq,uA,13.5467,13.8109,14.0648,14.5291,50.0,0,none
L09,L09-P0410,Iddq,uA,13.541,14.7021,14.949,15.0259,50.0,0,none
L09,L09-P0411,Iddq,uA,14.8547,15.7387,16.0402,15.816,50.0,0,none
L09,L09-P0412,Iddq,uA,14.9181,15.8121,16.4388,16.6783,50.0,0,none
L09,L09-P0413,Iddq,uA,13.1522,13.9102,14.1806,14.7788,50.0,0,none
L09,L09-P0414,Iddq,uA,11.8737,12.3507,12.6411,12.7531,50.0,0,none
L09,L09-P0415,Iddq,uA,15.0129,15.9966,16.8138,16.8137,50.0,0,none
L09,L09-P0416,Iddq,uA,10.273,10.977,11.5091,11.6284,50.0,0,none
L09,L09-P0417,Iddq,uA,15.5393,16.3859,17.2654,17.2834,50.0,0,none
L09,L09-P0418,Iddq,uA,13.0831,13.6003,14.2984,14.3511,50.0,0,none
L09,L09-P0419,Iddq,uA,13.7373,14.3537,14.4774,14.5104,50.0,0,none
L09,L09-P0420,Iddq,uA,12.6805,13.0695,13.4039,13.7825,50.0,0,none
L09,L09-P0421,Iddq,uA,16.9497,18.8734,19.5038,19.7967,50.0,0,none
L09,L09-P0422,Iddq,uA,14.2993,15.0153,15.4068,15.6732,50.0,0,none
L09,L09-P0423,Iddq,uA,12.8002,14.8707,15.2891,15.6303,50.0,0,none
L09,L09-P0424,Iddq,uA,13.0096,13.5757,13.6372,13.9355,50.0,0,none
L09,L09-P0425,Iddq,uA,13.5024,14.4808,15.1534,15.7262,50.0,0,none
L09,L09-P0426,Iddq,uA,19.8508,20.8107,21.042,21.5185,50.0,0,none
L09,L09-P0427,Iddq,uA,11.1165,12.1563,12.3983,12.6998,50.0,0,none
L09,L09-P0428,Iddq,uA,15.998,17.2294,17.5698,17.5548,50.0,0,none
L09,L09-P0429,Iddq,uA,15.1191,15.7831,16.3416,16.4151,50.0,0,none
L09,L09-P0430,Iddq,uA,17.4471,18.7483,19.4312,19.4219,50.0,0,none
L09,L09-P0431,Iddq,uA,14.6532,15.8195,16.4784,16.3064,50.0,0,none
L09,L09-P0432,Iddq,uA,13.4721,14.9047,15.3837,15.3816,50.0,0,none
L09,L09-P0433,Iddq,uA,15.9716,16.8034,17.4312,17.5116,50.0,0,none
L09,L09-P0434,Iddq,uA,14.0457,11.7024,25.9113,10.589,50.0,1,erratic
L09,L09-P0435,Iddq,uA,15.5211,15.8038,16.0215,16.2483,50.0,0,none
L09,L09-P0436,Iddq,uA,16.9992,18.1395,18.6866,18.4895,50.0,0,none
L09,L09-P0437,Iddq,uA,14.1501,15.413,15.7867,15.8986,50.0,0,none
L09,L09-P0438,Iddq,uA,12.9046,13.8435,14.1871,14.5503,50.0,0,none
L09,L09-P0439,Iddq,uA,12.3279,13.4372,13.8706,13.902,50.0,0,none
L09,L09-P0440,Iddq,uA,14.7891,15.6009,16.244,16.1578,50.0,0,none
L09,L09-P0441,Iddq,uA,11.973,13.1598,13.8145,14.0323,50.0,0,none
L09,L09-P0442,Iddq,uA,13.1169,13.9275,14.599,14.5175,50.0,0,none
L09,L09-P0443,Iddq,uA,11.7441,12.3432,12.8038,12.7115,50.0,0,none
L09,L09-P0444,Iddq,uA,14.9092,16.177,16.6961,16.6073,50.0,0,none
L09,L09-P0445,Iddq,uA,12.3661,13.3179,13.6226,13.8599,50.0,0,none
L09,L09-P0446,Iddq,uA,11.3561,12.0848,12.5681,12.8639,50.0,0,none
L09,L09-P0447,Iddq,uA,77.7924,82.1538,83.9909,84.7432,50.0,1,gross_fail
L09,L09-P0448,Iddq,uA,12.5281,13.2537,13.859,14.0694,50.0,0,none
L09,L09-P0449,Iddq,uA,12.7569,13.8705,14.5191,14.92,50.0,0,none
L09,L09-P0450,Iddq,uA,14.3856,15.2935,16.062,16.3514,50.0,0,none
L09,L09-P0451,Iddq,uA,13.331,13.9049,14.2668,14.1325,50.0,0,none
L09,L09-P0452,Iddq,uA,14.6389,15.2912,15.654,15.6369,50.0,0,none
L09,L09-P0453,Iddq,uA,14.5769,15.1475,16.0069,16.0524,50.0,0,none
L09,L09-P0454,Iddq,uA,15.4532,16.1802,16.0754,16.4596,50.0,0,none
L09,L09-P0455,Iddq,uA,10.2647,10.5223,10.6012,10.7364,50.0,0,none
L09,L09-P0456,Iddq,uA,11.5838,12.8762,13.5361,13.9209,50.0,0,none
L09,L09-P0457,Iddq,uA,15.028,15.6239,16.247,15.8299,50.0,0,none
L09,L09-P0458,Iddq,uA,13.8796,14.7442,15.296,15.3196,50.0,0,none
L09,L09-P0459,Iddq,uA,15.7287,16.35,16.4999,16.5957,50.0,0,none
L09,L09-P0460,Iddq,uA,11.042,11.7473,12.3566,12.1848,50.0,0,none
L09,L09-P0461,Iddq,uA,12.8388,13.5933,14.0165,14.0652,50.0,0,none
L09,L09-P0462,Iddq,uA,13.2553,13.9499,14.0337,14.4219,50.0,0,none
L09,L09-P0463,Iddq,uA,14.061,14.7747,15.339,15.5157,50.0,0,none
L09,L09-P0464,Iddq,uA,13.7339,14.7901,15.0702,15.1839,50.0,0,none
L09,L09-P0465,Iddq,uA,14.6976,15.6639,15.7895,16.2499,50.0,0,none
L09,L09-P0466,Iddq,uA,13.4628,13.9324,14.1175,14.3799,50.0,0,none
L09,L09-P0467,Iddq,uA,16.7245,17.5881,17.8185,17.9403,50.0,0,none
L09,L09-P0468,Iddq,uA,17.7246,18.4466,18.9817,18.9103,50.0,0,none
L09,L09-P0469,Iddq,uA,11.659,12.4126,12.9067,12.8253,50.0,0,none
L09,L09-P0470,Iddq,uA,13.7784,15.0875,15.4135,15.7399,50.0,0,none
L09,L09-P0471,Iddq,uA,15.8495,16.8383,17.9168,17.8188,50.0,0,none
L09,L09-P0472,Iddq,uA,15.196,15.6822,15.9149,15.8958,50.0,0,none
L09,L09-P0473,Iddq,uA,12.8741,13.79,14.3051,14.4473,50.0,0,none
L09,L09-P0474,Iddq,uA,14.2917,14.8045,15.3344,15.6568,50.0,0,none
L09,L09-P0475,Iddq,uA,10.91,12.454,13.4846,13.3497,50.0,0,none
L09,L09-P0476,Iddq,uA,13.6745,14.7818,15.4875,16.0609,50.0,0,none
L09,L09-P0477,Iddq,uA,10.9702,11.9865,12.7708,12.9103,50.0,0,none
L09,L09-P0478,Iddq,uA,14.9436,15.9653,16.3498,16.6903,50.0,0,none
L09,L09-P0479,Iddq,uA,11.6624,12.4117,12.8169,12.8401,50.0,0,none
L09,L09-P0480,Iddq,uA,14.1279,14.8563,15.0822,15.3466,50.0,0,none
L09,L09-P0481,Iddq,uA,14.348,15.2588,15.6214,15.6954,50.0,0,none
L09,L09-P0482,Iddq,uA,13.6589,14.4351,14.7718,14.8664,50.0,0,none
L09,L09-P0483,Iddq,uA,12.4095,13.5519,13.9242,13.932,50.0,0,none
L09,L09-P0484,Iddq,uA,13.3758,14.6886,15.2013,15.6163,50.0,0,none
L09,L09-P0485,Iddq,uA,16.2969,17.3468,17.5451,17.7128,50.0,0,none
L09,L09-P0486,Iddq,uA,12.6997,13.3968,13.8173,13.8769,50.0,0,none
L09,L09-P0487,Iddq,uA,13.7333,14.2859,14.8244,14.4944,50.0,0,none
L09,L09-P0488,Iddq,uA,12.4634,13.3651,13.8306,14.0609,50.0,0,none
L09,L09-P0489,Iddq,uA,16.1114,17.6427,18.0743,18.274,50.0,0,none
L09,L09-P0490,Iddq,uA,14.1169,14.7612,15.7311,16.0124,50.0,0,none
L09,L09-P0491,Iddq,uA,12.4621,13.1802,13.8356,13.9056,50.0,0,none
L09,L09-P0492,Iddq,uA,13.4959,14.6954,15.2669,15.4959,50.0,0,none
L09,L09-P0493,Iddq,uA,13.1653,14.1901,14.4297,14.6882,50.0,0,none
L09,L09-P0494,Iddq,uA,17.134,18.4758,19.3824,19.2119,50.0,0,none
L09,L09-P0495,Iddq,uA,13.7235,14.4,14.648,14.4468,50.0,0,none
L09,L09-P0496,Iddq,uA,11.1171,11.7931,12.071,12.1382,50.0,0,none
L09,L09-P0497,Iddq,uA,15.0121,16.1528,16.9815,17.0028,50.0,0,none
L09,L09-P0498,Iddq,uA,18.086,18.9024,19.7968,19.4859,50.0,0,none
L09,L09-P0499,Iddq,uA,16.499,17.5187,17.8512,18.1091,50.0,0,none
L09,L09-P0500,Iddq,uA,11.6528,12.2658,12.9089,13.0499,50.0,0,none
L10,L10-P0001,Iddq,uA,7.9534,8.3803,8.5399,8.5465,50.0,0,none
L10,L10-P0002,Iddq,uA,5.5707,6.154,6.3582,6.4284,50.0,0,none
L10,L10-P0003,Iddq,uA,7.3747,8.0743,8.5805,8.4454,50.0,0,none
L10,L10-P0004,Iddq,uA,7.7103,8.2697,8.4996,8.6835,50.0,0,none
L10,L10-P0005,Iddq,uA,6.9286,7.693,7.6451,7.7651,50.0,0,none
L10,L10-P0006,Iddq,uA,7.3933,8.2971,8.7096,8.8075,50.0,0,none
L10,L10-P0007,Iddq,uA,7.2347,7.7072,8.0949,8.1278,50.0,0,none
L10,L10-P0008,Iddq,uA,6.3257,7.0335,7.1063,7.4863,50.0,0,none
L10,L10-P0009,Iddq,uA,5.7046,6.1702,6.4599,6.6076,50.0,0,none
L10,L10-P0010,Iddq,uA,6.8943,7.5996,8.1077,8.1811,50.0,0,none
L10,L10-P0011,Iddq,uA,8.9715,9.629,10.308,10.2714,50.0,0,none
L10,L10-P0012,Iddq,uA,8.4936,9.3321,9.4364,9.6991,50.0,0,none
L10,L10-P0013,Iddq,uA,6.7515,7.0203,7.2113,7.2527,50.0,0,none
L10,L10-P0014,Iddq,uA,6.705,7.2984,7.5201,7.9392,50.0,0,none
L10,L10-P0015,Iddq,uA,6.4319,7.2432,7.494,7.6294,50.0,0,none
L10,L10-P0016,Iddq,uA,6.4524,7.1556,7.5519,7.451,50.0,0,none
L10,L10-P0017,Iddq,uA,7.5231,8.9613,9.5173,9.7288,50.0,0,none
L10,L10-P0018,Iddq,uA,8.551,9.6386,9.7415,10.1549,50.0,0,none
L10,L10-P0019,Iddq,uA,10.5042,11.7793,12.0713,12.4228,50.0,0,none
L10,L10-P0020,Iddq,uA,5.9873,6.7349,7.1657,7.4121,50.0,0,none
L10,L10-P0021,Iddq,uA,7.9713,9.6067,10.3299,10.4804,50.0,0,none
L10,L10-P0022,Iddq,uA,7.8232,8.6387,9.0452,9.2137,50.0,0,none
L10,L10-P0023,Iddq,uA,6.6146,7.0178,7.1607,7.192,50.0,0,none
L10,L10-P0024,Iddq,uA,5.8625,6.6087,6.8295,7.0599,50.0,0,none
L10,L10-P0025,Iddq,uA,7.3759,8.0483,8.2385,8.4892,50.0,0,none
L10,L10-P0026,Iddq,uA,10.4144,10.832,11.2711,11.4858,50.0,0,none
L10,L10-P0027,Iddq,uA,7.3341,8.6699,9.3794,9.4182,50.0,0,none
L10,L10-P0028,Iddq,uA,6.0799,7.0956,7.6633,7.732,50.0,0,none
L10,L10-P0029,Iddq,uA,6.84,7.3734,7.7572,7.7003,50.0,0,none
L10,L10-P0030,Iddq,uA,5.6715,6.1407,6.4764,6.5642,50.0,0,none
L10,L10-P0031,Iddq,uA,7.1679,7.7889,8.2094,8.5735,50.0,0,none
L10,L10-P0032,Iddq,uA,7.9505,8.5919,8.919,9.0837,50.0,0,none
L10,L10-P0033,Iddq,uA,6.2642,6.8416,7.1165,7.2492,50.0,0,none
L10,L10-P0034,Iddq,uA,3.9087,4.2309,4.5101,4.4707,50.0,0,none
L10,L10-P0035,Iddq,uA,7.3884,8.1044,8.4251,8.5927,50.0,0,none
L10,L10-P0036,Iddq,uA,6.4192,6.9891,7.1466,7.1698,50.0,0,none
L10,L10-P0037,Iddq,uA,6.1267,7.105,7.3789,7.4462,50.0,0,none
L10,L10-P0038,Iddq,uA,6.2213,7.0688,7.5913,7.5006,50.0,0,none
L10,L10-P0039,Iddq,uA,7.5522,8.4788,8.7189,8.9097,50.0,0,none
L10,L10-P0040,Iddq,uA,6.4994,7.29,7.5625,7.7028,50.0,0,none
L10,L10-P0041,Iddq,uA,8.5072,9.5555,9.9721,10.1639,50.0,0,none
L10,L10-P0042,Iddq,uA,8.2927,9.2365,9.5172,9.6976,50.0,0,none
L10,L10-P0043,Iddq,uA,6.6622,7.949,8.3661,8.678,50.0,0,none
L10,L10-P0044,Iddq,uA,6.417,6.8206,7.2061,7.0838,50.0,0,none
L10,L10-P0045,Iddq,uA,7.2999,8.053,8.6529,8.7355,50.0,0,none
L10,L10-P0046,Iddq,uA,6.8293,7.7362,7.8747,7.9387,50.0,0,none
L10,L10-P0047,Iddq,uA,5.1794,5.5354,5.7326,5.7404,50.0,0,none
L10,L10-P0048,Iddq,uA,9.8563,11.9717,13.0651,13.2974,50.0,0,none
L10,L10-P0049,Iddq,uA,7.9353,9.8207,10.5655,10.9277,50.0,0,none
L10,L10-P0050,Iddq,uA,6.4621,7.152,7.4688,7.4761,50.0,0,none
L10,L10-P0051,Iddq,uA,5.0496,5.6288,5.8257,5.9315,50.0,0,none
L10,L10-P0052,Iddq,uA,6.8243,7.4358,7.8076,7.8378,50.0,0,none
L10,L10-P0053,Iddq,uA,6.3693,6.9211,7.2437,7.4515,50.0,0,none
L10,L10-P0054,Iddq,uA,6.969,7.479,7.6817,7.8402,50.0,0,none
L10,L10-P0055,Iddq,uA,4.8559,5.0734,5.29,5.2629,50.0,0,none
L10,L10-P0056,Iddq,uA,6.4565,7.7309,8.0987,8.402,50.0,0,none
L10,L10-P0057,Iddq,uA,6.5733,7.2692,7.5825,7.604,50.0,0,none
L10,L10-P0058,Iddq,uA,6.8364,7.5249,7.9442,7.8345,50.0,0,none
L10,L10-P0059,Iddq,uA,6.7436,7.3479,7.6869,7.6902,50.0,0,none
L10,L10-P0060,Iddq,uA,7.1353,7.9728,8.3932,8.3982,50.0,0,none
L10,L10-P0061,Iddq,uA,9.137,9.752,10.2473,10.3132,50.0,0,none
L10,L10-P0062,Iddq,uA,6.4171,6.9482,7.2361,7.3342,50.0,0,none
L10,L10-P0063,Iddq,uA,6.0216,6.377,6.5238,6.6573,50.0,0,none
L10,L10-P0064,Iddq,uA,5.108,5.9247,6.459,6.356,50.0,0,none
L10,L10-P0065,Iddq,uA,6.4684,6.9277,7.115,7.1385,50.0,0,none
L10,L10-P0066,Iddq,uA,5.5619,6.0149,6.067,6.1853,50.0,0,none
L10,L10-P0067,Iddq,uA,8.4875,8.7974,9.0593,9.1095,50.0,0,none
L10,L10-P0068,Iddq,uA,6.9671,7.372,7.8691,7.8986,50.0,0,none
L10,L10-P0069,Iddq,uA,8.3983,8.9275,9.3766,9.7556,50.0,0,none
L10,L10-P0070,Iddq,uA,9.1582,10.3343,11.1028,11.3864,50.0,0,none
L10,L10-P0071,Iddq,uA,6.0747,6.6481,6.9964,6.9744,50.0,0,none
L10,L10-P0072,Iddq,uA,6.6657,7.2779,7.5269,7.6181,50.0,0,none
L10,L10-P0073,Iddq,uA,8.9261,10.0271,10.4428,10.7359,50.0,0,none
L10,L10-P0074,Iddq,uA,7.2598,8.1211,8.2398,8.4856,50.0,0,none
L10,L10-P0075,Iddq,uA,7.8215,9.5005,10.2247,10.4403,50.0,0,none
L10,L10-P0076,Iddq,uA,8.4462,9.2847,9.5861,9.8397,50.0,0,none
L10,L10-P0077,Iddq,uA,8.2474,9.2697,9.5758,9.9767,50.0,0,none
L10,L10-P0078,Iddq,uA,7.6359,8.7384,9.1942,9.356,50.0,0,none
L10,L10-P0079,Iddq,uA,9.1368,9.9409,10.304,10.1777,50.0,0,none
L10,L10-P0080,Iddq,uA,6.8935,7.6698,8.2068,8.1765,50.0,0,none
L10,L10-P0081,Iddq,uA,7.6956,8.4698,8.6664,8.9339,50.0,0,none
L10,L10-P0082,Iddq,uA,6.6915,7.5542,8.0,8.0232,50.0,0,none
L10,L10-P0083,Iddq,uA,8.5819,9.4263,9.9342,10.0222,50.0,0,none
L10,L10-P0084,Iddq,uA,6.2223,6.8046,7.2131,7.2905,50.0,0,none
L10,L10-P0085,Iddq,uA,5.3289,5.6675,5.767,5.8763,50.0,0,none
L10,L10-P0086,Iddq,uA,7.9675,9.5556,10.2158,10.3255,50.0,0,none
L10,L10-P0087,Iddq,uA,5.8059,6.518,6.8825,7.0511,50.0,0,none
L10,L10-P0088,Iddq,uA,28.9793,30.9433,31.5915,32.014,50.0,1,lot_outlier
L10,L10-P0089,Iddq,uA,8.7879,9.5539,9.9569,9.9986,50.0,0,none
L10,L10-P0090,Iddq,uA,8.2962,8.9144,9.2153,9.3109,50.0,0,none
L10,L10-P0091,Iddq,uA,6.59,7.5868,7.8733,8.0837,50.0,0,none
L10,L10-P0092,Iddq,uA,4.0433,4.5803,4.718,4.8259,50.0,0,none
L10,L10-P0093,Iddq,uA,7.669,8.6242,9.0172,8.9273,50.0,0,none
L10,L10-P0094,Iddq,uA,8.0381,8.5097,8.9185,9.1782,50.0,0,none
L10,L10-P0095,Iddq,uA,7.8143,8.3809,8.814,9.0732,50.0,0,none
L10,L10-P0096,Iddq,uA,7.6141,8.7038,9.1455,9.4172,50.0,0,none
L10,L10-P0097,Iddq,uA,6.7257,7.9001,8.2294,8.4559,50.0,0,none
L10,L10-P0098,Iddq,uA,6.5405,7.5204,7.8613,8.1381,50.0,0,none
L10,L10-P0099,Iddq,uA,5.8446,6.1336,6.4365,6.438,50.0,0,none
L10,L10-P0100,Iddq,uA,6.2373,6.9265,7.0641,7.1494,50.0,0,none
L10,L10-P0101,Iddq,uA,7.4757,8.3015,8.9046,8.8057,50.0,0,none
L10,L10-P0102,Iddq,uA,7.4989,8.1663,8.5309,8.4549,50.0,0,none
L10,L10-P0103,Iddq,uA,7.9981,8.7878,8.8999,9.0586,50.0,0,none
L10,L10-P0104,Iddq,uA,5.5311,5.9508,6.038,6.0912,50.0,0,none
L10,L10-P0105,Iddq,uA,5.1375,6.0753,6.5171,6.6208,50.0,0,none
L10,L10-P0106,Iddq,uA,6.5167,7.0971,7.4038,7.3874,50.0,0,none
L10,L10-P0107,Iddq,uA,5.8109,6.6098,6.7473,7.0147,50.0,0,none
L10,L10-P0108,Iddq,uA,7.2754,8.0608,8.5035,8.3884,50.0,0,none
L10,L10-P0109,Iddq,uA,5.5213,6.1397,6.3952,6.6784,50.0,0,none
L10,L10-P0110,Iddq,uA,8.6399,9.4552,9.85,10.1148,50.0,0,none
L10,L10-P0111,Iddq,uA,6.1193,6.8806,7.2848,7.5741,50.0,0,none
L10,L10-P0112,Iddq,uA,9.3889,10.452,11.0606,10.9551,50.0,0,none
L10,L10-P0113,Iddq,uA,7.6915,8.4104,8.6986,8.7053,50.0,0,none
L10,L10-P0114,Iddq,uA,5.8481,6.5,6.7453,6.8863,50.0,0,none
L10,L10-P0115,Iddq,uA,10.2955,10.887,11.3851,11.548,50.0,0,none
L10,L10-P0116,Iddq,uA,7.282,8.4513,8.6129,8.7798,50.0,0,none
L10,L10-P0117,Iddq,uA,7.2834,7.9564,8.2496,8.3437,50.0,0,none
L10,L10-P0118,Iddq,uA,6.9374,7.6117,7.8438,7.9912,50.0,0,none
L10,L10-P0119,Iddq,uA,7.6759,8.6014,9.0239,9.0541,50.0,0,none
L10,L10-P0120,Iddq,uA,7.8166,8.5244,8.6127,9.0137,50.0,0,none
L10,L10-P0121,Iddq,uA,6.0394,6.5729,6.814,6.9385,50.0,0,none
L10,L10-P0122,Iddq,uA,6.7277,7.778,8.4245,8.4949,50.0,0,none
L10,L10-P0123,Iddq,uA,7.3515,7.8067,8.0825,8.0655,50.0,0,none
L10,L10-P0124,Iddq,uA,7.8189,8.8152,9.297,9.4057,50.0,0,none
L10,L10-P0125,Iddq,uA,7.8835,9.0216,9.4436,9.6293,50.0,0,none
L10,L10-P0126,Iddq,uA,7.2182,8.4809,8.8358,9.0861,50.0,0,none
L10,L10-P0127,Iddq,uA,6.383,7.8131,8.1306,8.5504,50.0,0,none
L10,L10-P0128,Iddq,uA,6.2556,6.9305,7.1327,7.135,50.0,0,none
L10,L10-P0129,Iddq,uA,5.7185,6.1914,6.3643,6.4548,50.0,0,none
L10,L10-P0130,Iddq,uA,7.8586,9.0435,9.3679,9.6833,50.0,0,none
L10,L10-P0131,Iddq,uA,6.3159,7.3248,7.5968,7.7204,50.0,0,none
L10,L10-P0132,Iddq,uA,6.7428,7.4003,7.589,7.8601,50.0,0,none
L10,L10-P0133,Iddq,uA,7.2987,8.2328,8.7309,8.9457,50.0,0,none
L10,L10-P0134,Iddq,uA,7.1123,8.895,9.527,9.8284,50.0,0,none
L10,L10-P0135,Iddq,uA,7.1917,7.9741,8.2326,8.4031,50.0,0,none
L10,L10-P0136,Iddq,uA,6.0512,6.779,7.2214,7.4841,50.0,0,none
L10,L10-P0137,Iddq,uA,7.4572,8.692,9.383,9.5007,50.0,0,none
L10,L10-P0138,Iddq,uA,6.7215,8.2413,8.907,9.1806,50.0,0,none
L10,L10-P0139,Iddq,uA,7.038,7.8733,8.068,8.2743,50.0,0,none
L10,L10-P0140,Iddq,uA,8.7933,10.0459,10.5007,10.7782,50.0,0,none
L10,L10-P0141,Iddq,uA,7.6595,8.3497,8.6032,8.873,50.0,0,none
L10,L10-P0142,Iddq,uA,6.352,7.1581,7.28,7.4569,50.0,0,none
L10,L10-P0143,Iddq,uA,6.8769,7.5853,7.8893,7.87,50.0,0,none
L10,L10-P0144,Iddq,uA,9.4908,9.8117,10.3124,10.1857,50.0,0,none
L10,L10-P0145,Iddq,uA,6.7073,7.2079,7.3815,7.2736,50.0,0,none
L10,L10-P0146,Iddq,uA,7.0744,8.0439,8.415,8.5326,50.0,0,none
L10,L10-P0147,Iddq,uA,7.774,9.0452,9.4842,9.541,50.0,0,none
L10,L10-P0148,Iddq,uA,7.3496,8.7893,11.6123,14.1105,50.0,1,latent_linear
L10,L10-P0149,Iddq,uA,6.587,7.7759,8.2283,8.427,50.0,0,none
L10,L10-P0150,Iddq,uA,6.0675,6.6925,6.9415,7.015,50.0,0,none
L10,L10-P0151,Iddq,uA,7.1101,7.867,8.2321,8.4633,50.0,0,none
L10,L10-P0152,Iddq,uA,8.0075,8.8319,8.9625,9.0927,50.0,0,none
L10,L10-P0153,Iddq,uA,8.9098,9.8513,10.2319,10.5909,50.0,0,none
L10,L10-P0154,Iddq,uA,5.4481,6.2153,6.549,6.5626,50.0,0,none
L10,L10-P0155,Iddq,uA,9.6297,10.9662,11.561,11.6128,50.0,0,none
L10,L10-P0156,Iddq,uA,6.6383,7.5693,8.0673,8.1594,50.0,0,none
L10,L10-P0157,Iddq,uA,8.4126,9.3947,9.8609,10.0971,50.0,0,none
L10,L10-P0158,Iddq,uA,6.1712,6.6003,6.7341,6.8733,50.0,0,none
L10,L10-P0159,Iddq,uA,5.3311,6.1731,6.387,6.4631,50.0,0,none
L10,L10-P0160,Iddq,uA,5.6284,6.0225,6.1214,6.0882,50.0,0,none
L10,L10-P0161,Iddq,uA,6.5855,7.3167,7.5586,7.821,50.0,0,none
L10,L10-P0162,Iddq,uA,7.6874,9.5503,13.1998,16.2479,50.0,1,latent_linear
L10,L10-P0163,Iddq,uA,7.0869,7.9458,8.3705,8.509,50.0,0,none
L10,L10-P0164,Iddq,uA,6.6788,7.3511,7.598,7.7366,50.0,0,none
L10,L10-P0165,Iddq,uA,8.7793,9.5744,9.8846,10.1727,50.0,0,none
L10,L10-P0166,Iddq,uA,7.0713,8.1722,8.9815,9.0346,50.0,0,none
L10,L10-P0167,Iddq,uA,7.2527,7.8395,18.3808,18.0954,50.0,1,step_jump
L10,L10-P0168,Iddq,uA,12.4873,13.6715,14.327,14.4193,50.0,0,none
L10,L10-P0169,Iddq,uA,7.0823,7.6187,7.8229,7.8367,50.0,0,none
L10,L10-P0170,Iddq,uA,6.2509,6.9317,7.4779,7.5666,50.0,0,none
L10,L10-P0171,Iddq,uA,7.7263,8.1478,19.2868,19.6674,50.0,1,step_jump
L10,L10-P0172,Iddq,uA,8.1017,8.85,9.5474,9.4352,50.0,0,none
L10,L10-P0173,Iddq,uA,7.3712,7.9765,8.1431,8.217,50.0,0,none
L10,L10-P0174,Iddq,uA,7.3304,8.4642,8.9573,9.2291,50.0,0,none
L10,L10-P0175,Iddq,uA,9.2465,10.1172,10.7329,10.7124,50.0,0,none
L10,L10-P0176,Iddq,uA,8.955,10.0144,10.4338,10.4366,50.0,0,none
L10,L10-P0177,Iddq,uA,6.8425,8.1958,10.8324,18.7108,50.0,1,accelerating
L10,L10-P0178,Iddq,uA,6.3693,6.6822,6.9598,7.149,50.0,0,none
L10,L10-P0179,Iddq,uA,7.6093,8.2757,8.6743,8.6951,50.0,0,none
L10,L10-P0180,Iddq,uA,6.3611,6.9589,7.269,7.4867,50.0,0,none
L10,L10-P0181,Iddq,uA,8.2764,8.8083,15.5575,15.9617,50.0,1,step_jump
L10,L10-P0182,Iddq,uA,7.6785,8.0537,8.3882,8.4392,50.0,0,none
L10,L10-P0183,Iddq,uA,11.3612,12.5217,12.7177,12.8932,50.0,0,none
L10,L10-P0184,Iddq,uA,9.1676,9.9053,10.2751,10.1683,50.0,0,none
L10,L10-P0185,Iddq,uA,78.3041,85.995,89.2345,90.561,50.0,1,gross_fail
L10,L10-P0186,Iddq,uA,6.3964,7.1599,7.6078,7.7616,50.0,0,none
L10,L10-P0187,Iddq,uA,5.0511,5.6595,5.9282,6.0027,50.0,0,none
L10,L10-P0188,Iddq,uA,4.7451,5.6881,6.0844,6.3774,50.0,0,none
L10,L10-P0189,Iddq,uA,7.08,8.0065,8.2477,8.4609,50.0,0,none
L10,L10-P0190,Iddq,uA,5.6669,6.4143,6.6905,6.7264,50.0,0,none
L10,L10-P0191,Iddq,uA,9.6047,10.5708,11.0749,11.0935,50.0,0,none
L10,L10-P0192,Iddq,uA,8.7652,9.6486,10.0734,10.5687,50.0,0,none
L10,L10-P0193,Iddq,uA,6.6479,7.5124,7.7442,7.9672,50.0,0,none
L10,L10-P0194,Iddq,uA,6.5866,7.5569,8.0341,8.2192,50.0,0,none
L10,L10-P0195,Iddq,uA,9.1146,10.4445,11.2043,11.5058,50.0,0,none
L10,L10-P0196,Iddq,uA,9.7141,10.637,11.4633,11.7542,50.0,0,none
L10,L10-P0197,Iddq,uA,5.8694,7.0685,7.4399,7.5747,50.0,0,none
L10,L10-P0198,Iddq,uA,5.84,6.503,6.8225,6.9306,50.0,0,none
L10,L10-P0199,Iddq,uA,6.585,7.2438,7.5532,7.7719,50.0,0,none
L10,L10-P0200,Iddq,uA,7.4171,8.297,8.5222,8.6592,50.0,0,none
L10,L10-P0201,Iddq,uA,6.4989,7.0762,7.2292,7.5051,50.0,0,none
L10,L10-P0202,Iddq,uA,7.8083,8.1051,8.5519,8.7463,50.0,0,none
L10,L10-P0203,Iddq,uA,10.0017,11.1256,11.2207,11.6181,50.0,0,none
L10,L10-P0204,Iddq,uA,5.5511,5.9066,5.9974,6.099,50.0,0,none
L10,L10-P0205,Iddq,uA,6.3631,7.344,7.668,7.7735,50.0,0,none
L10,L10-P0206,Iddq,uA,5.4963,6.2537,6.4693,6.5287,50.0,0,none
L10,L10-P0207,Iddq,uA,6.0823,6.5961,6.6676,6.6673,50.0,0,none
L10,L10-P0208,Iddq,uA,6.6897,7.3255,7.5122,7.6083,50.0,0,none
L10,L10-P0209,Iddq,uA,6.1929,7.4723,7.9132,8.0191,50.0,0,none
L10,L10-P0210,Iddq,uA,7.812,8.7639,9.2239,9.3917,50.0,0,none
L10,L10-P0211,Iddq,uA,7.0976,7.9088,8.554,8.6168,50.0,0,none
L10,L10-P0212,Iddq,uA,7.3228,8.0416,8.4656,8.5327,50.0,0,none
L10,L10-P0213,Iddq,uA,6.73,7.5049,7.7334,8.0034,50.0,0,none
L10,L10-P0214,Iddq,uA,6.8293,7.5166,7.8401,8.0258,50.0,0,none
L10,L10-P0215,Iddq,uA,6.5764,7.2726,7.4754,7.5314,50.0,0,none
L10,L10-P0216,Iddq,uA,6.8522,7.2868,7.6135,7.7051,50.0,0,none
L10,L10-P0217,Iddq,uA,7.6329,8.4236,8.5431,9.0456,50.0,0,none
L10,L10-P0218,Iddq,uA,4.9657,5.3663,5.4938,5.5563,50.0,0,none
L10,L10-P0219,Iddq,uA,7.3704,8.0585,8.1323,8.1504,50.0,0,none
L10,L10-P0220,Iddq,uA,5.9711,6.7548,7.0058,6.886,50.0,0,none
L10,L10-P0221,Iddq,uA,6.6941,7.0592,7.4346,7.4429,50.0,0,none
L10,L10-P0222,Iddq,uA,5.3813,4.4839,5.5875,5.8364,50.0,1,erratic
L10,L10-P0223,Iddq,uA,6.6037,6.9563,7.1746,7.3955,50.0,0,none
L10,L10-P0224,Iddq,uA,7.443,8.4515,8.9879,8.9354,50.0,0,none
L10,L10-P0225,Iddq,uA,7.713,9.1062,10.0167,10.1936,50.0,0,none
L10,L10-P0226,Iddq,uA,5.7598,6.5041,7.0583,7.1942,50.0,0,none
L10,L10-P0227,Iddq,uA,7.6245,8.8557,9.2132,9.3222,50.0,0,none
L10,L10-P0228,Iddq,uA,8.7232,11.6729,18.2913,24.3765,50.0,1,latent_linear
L10,L10-P0229,Iddq,uA,6.4734,7.2328,7.6155,7.693,50.0,0,none
L10,L10-P0230,Iddq,uA,7.0282,7.7274,8.2563,8.344,50.0,0,none
L10,L10-P0231,Iddq,uA,5.0065,5.2685,5.4598,5.5308,50.0,0,none
L10,L10-P0232,Iddq,uA,6.0472,6.7471,7.1461,7.351,50.0,0,none
L10,L10-P0233,Iddq,uA,7.3813,8.4468,8.7993,8.9949,50.0,0,none
L10,L10-P0234,Iddq,uA,8.4699,9.1456,9.3637,9.6119,50.0,0,none
L10,L10-P0235,Iddq,uA,6.2851,6.9949,7.4776,7.6401,50.0,0,none
L10,L10-P0236,Iddq,uA,11.4994,12.2488,12.8245,13.134,50.0,0,none
L10,L10-P0237,Iddq,uA,7.4209,8.1802,8.5554,8.3783,50.0,0,none
L10,L10-P0238,Iddq,uA,5.6316,6.4626,6.6894,6.9416,50.0,0,none
L10,L10-P0239,Iddq,uA,8.9422,10.1649,10.5114,10.8392,50.0,0,none
L10,L10-P0240,Iddq,uA,5.6537,9.0178,6.488,6.4476,50.0,1,erratic
L10,L10-P0241,Iddq,uA,7.5583,8.1918,19.3081,19.1765,50.0,1,step_jump
L10,L10-P0242,Iddq,uA,6.0011,3.3583,6.8507,8.8244,50.0,1,erratic
L10,L10-P0243,Iddq,uA,5.6655,5.8256,6.0637,6.016,50.0,0,none
L10,L10-P0244,Iddq,uA,8.3051,8.9822,9.5055,9.4591,50.0,0,none
L10,L10-P0245,Iddq,uA,6.8206,7.198,7.4573,7.5653,50.0,0,none
L10,L10-P0246,Iddq,uA,9.4577,10.684,11.1436,11.4153,50.0,0,none
L10,L10-P0247,Iddq,uA,5.8231,6.7116,7.1877,7.3973,50.0,0,none
L10,L10-P0248,Iddq,uA,5.3039,5.9321,6.2683,6.3393,50.0,0,none
L10,L10-P0249,Iddq,uA,6.5003,7.0032,7.4056,7.454,50.0,0,none
L10,L10-P0250,Iddq,uA,11.9622,12.5774,13.0931,13.681,50.0,0,none
L10,L10-P0251,Iddq,uA,8.1338,8.7745,9.1851,9.3491,50.0,0,none
L10,L10-P0252,Iddq,uA,7.7793,9.3812,10.0218,10.2839,50.0,0,none
L10,L10-P0253,Iddq,uA,7.9443,8.7078,9.072,9.3005,50.0,0,none
L10,L10-P0254,Iddq,uA,6.5043,7.1515,7.5244,7.694,50.0,0,none
L10,L10-P0255,Iddq,uA,11.4383,12.1052,12.2787,12.2084,50.0,0,none
L10,L10-P0256,Iddq,uA,7.6304,8.2547,8.3982,8.7109,50.0,0,none
L10,L10-P0257,Iddq,uA,7.453,8.4172,8.7181,9.0153,50.0,0,none
L10,L10-P0258,Iddq,uA,8.4627,9.0743,9.64,9.8407,50.0,0,none
L10,L10-P0259,Iddq,uA,5.5177,6.2929,6.5773,6.6166,50.0,0,none
L10,L10-P0260,Iddq,uA,5.8828,6.6875,6.9534,7.2209,50.0,0,none
L10,L10-P0261,Iddq,uA,6.7459,7.6008,7.9562,8.1815,50.0,0,none
L10,L10-P0262,Iddq,uA,8.4317,8.8802,9.1955,9.2101,50.0,0,none
L10,L10-P0263,Iddq,uA,5.4484,6.0689,6.2483,6.3005,50.0,0,none
L10,L10-P0264,Iddq,uA,6.9401,7.7021,8.0839,8.0937,50.0,0,none
L10,L10-P0265,Iddq,uA,6.8551,7.2974,7.6754,7.7696,50.0,0,none
L10,L10-P0266,Iddq,uA,5.375,5.7958,6.0227,6.0774,50.0,0,none
L10,L10-P0267,Iddq,uA,6.4042,7.1836,7.3374,7.5619,50.0,0,none
L10,L10-P0268,Iddq,uA,7.823,8.4438,8.7443,8.7222,50.0,0,none
L10,L10-P0269,Iddq,uA,5.4035,6.0346,6.2854,6.4131,50.0,0,none
L10,L10-P0270,Iddq,uA,9.0575,10.2036,10.6297,11.0488,50.0,0,none
L10,L10-P0271,Iddq,uA,7.5792,8.5382,9.0461,9.1305,50.0,0,none
L10,L10-P0272,Iddq,uA,7.5451,8.5428,8.9375,9.0421,50.0,0,none
L10,L10-P0273,Iddq,uA,7.048,7.5098,7.6655,7.7658,50.0,0,none
L10,L10-P0274,Iddq,uA,5.8726,6.3212,6.567,6.5208,50.0,0,none
L10,L10-P0275,Iddq,uA,6.4235,7.1444,7.5998,7.6727,50.0,0,none
L10,L10-P0276,Iddq,uA,7.4952,8.1413,8.3228,8.327,50.0,0,none
L10,L10-P0277,Iddq,uA,6.3512,6.8216,6.934,7.1172,50.0,0,none
L10,L10-P0278,Iddq,uA,7.3586,8.0077,8.4203,8.6038,50.0,0,none
L10,L10-P0279,Iddq,uA,5.9202,6.6922,6.9559,7.1765,50.0,0,none
L10,L10-P0280,Iddq,uA,7.6926,8.3252,8.6328,8.9602,50.0,0,none
L10,L10-P0281,Iddq,uA,7.7255,9.2749,9.8155,10.2018,50.0,0,none
L10,L10-P0282,Iddq,uA,5.3307,5.8949,6.1347,6.2406,50.0,0,none
L10,L10-P0283,Iddq,uA,7.0188,7.742,7.9905,8.0206,50.0,0,none
L10,L10-P0284,Iddq,uA,5.2742,5.7635,5.9313,6.0008,50.0,0,none
L10,L10-P0285,Iddq,uA,5.0051,5.6992,5.9278,6.0982,50.0,0,none
L10,L10-P0286,Iddq,uA,6.2818,6.9459,7.1946,7.1853,50.0,0,none
L10,L10-P0287,Iddq,uA,11.6928,14.1753,14.9296,15.4255,50.0,0,none
L10,L10-P0288,Iddq,uA,8.122,9.2974,9.4202,9.867,50.0,0,none
L10,L10-P0289,Iddq,uA,9.0368,10.217,10.8431,11.1358,50.0,0,none
L10,L10-P0290,Iddq,uA,7.9015,8.8943,9.096,9.29,50.0,0,none
L10,L10-P0291,Iddq,uA,7.2217,8.3926,8.9565,9.1178,50.0,0,none
L10,L10-P0292,Iddq,uA,8.4276,8.904,8.896,8.9231,50.0,0,none
L10,L10-P0293,Iddq,uA,6.365,6.8552,7.0011,7.1026,50.0,0,none
L10,L10-P0294,Iddq,uA,7.7184,8.7293,9.1836,9.4879,50.0,0,none
L10,L10-P0295,Iddq,uA,8.6946,10.2285,10.8128,10.8964,50.0,0,none
L10,L10-P0296,Iddq,uA,7.8303,8.6623,8.7934,8.9348,50.0,0,none
L10,L10-P0297,Iddq,uA,8.7662,9.2863,9.5159,9.8012,50.0,0,none
L10,L10-P0298,Iddq,uA,7.2728,8.1767,8.542,8.6478,50.0,0,none
L10,L10-P0299,Iddq,uA,9.6312,10.7592,11.4193,11.567,50.0,0,none
L10,L10-P0300,Iddq,uA,6.8625,7.5,7.9174,7.884,50.0,0,none
L10,L10-P0301,Iddq,uA,10.4568,11.3433,11.8213,11.9051,50.0,0,none
L10,L10-P0302,Iddq,uA,7.8164,8.5061,10.4431,15.5991,50.0,1,accelerating
L10,L10-P0303,Iddq,uA,6.5527,7.1079,7.328,7.5302,50.0,0,none
L10,L10-P0304,Iddq,uA,5.6363,6.315,6.5284,6.6393,50.0,0,none
L10,L10-P0305,Iddq,uA,6.0469,6.6787,6.8086,6.9971,50.0,0,none
L10,L10-P0306,Iddq,uA,5.9908,6.2821,6.487,6.3934,50.0,0,none
L10,L10-P0307,Iddq,uA,6.8029,7.8711,8.3116,8.3605,50.0,0,none
L10,L10-P0308,Iddq,uA,5.7374,6.3166,6.6967,6.8888,50.0,0,none
L10,L10-P0309,Iddq,uA,8.9359,9.6014,9.8739,10.1736,50.0,0,none
L10,L10-P0310,Iddq,uA,7.2065,7.9107,8.2915,8.3666,50.0,0,none
L10,L10-P0311,Iddq,uA,7.1348,7.8012,8.0311,8.1375,50.0,0,none
L10,L10-P0312,Iddq,uA,5.6959,6.2667,6.3712,6.647,50.0,0,none
L10,L10-P0313,Iddq,uA,6.1485,6.8501,7.3686,7.3873,50.0,0,none
L10,L10-P0314,Iddq,uA,4.6769,5.4271,5.6727,5.6488,50.0,0,none
L10,L10-P0315,Iddq,uA,9.3975,10.7956,11.2279,11.7245,50.0,0,none
L10,L10-P0316,Iddq,uA,5.5193,6.3318,6.6369,6.8399,50.0,0,none
L10,L10-P0317,Iddq,uA,60.8936,67.1912,69.8439,70.9301,50.0,1,gross_fail
L10,L10-P0318,Iddq,uA,9.0364,11.3364,12.3641,12.7588,50.0,0,none
L10,L10-P0319,Iddq,uA,7.5727,8.8016,9.4419,9.5476,50.0,0,none
L10,L10-P0320,Iddq,uA,7.2628,7.911,8.1252,8.1835,50.0,0,none
L10,L10-P0321,Iddq,uA,7.5224,8.2735,8.7075,8.8374,50.0,0,none
L10,L10-P0322,Iddq,uA,8.5936,8.7647,8.8454,9.1129,50.0,0,none
L10,L10-P0323,Iddq,uA,7.0607,7.9138,8.1966,8.3637,50.0,0,none
L10,L10-P0324,Iddq,uA,5.2942,6.3746,6.7157,6.9595,50.0,0,none
L10,L10-P0325,Iddq,uA,8.0493,10.158,10.8813,11.4433,50.0,0,none
L10,L10-P0326,Iddq,uA,7.6461,8.3439,8.8001,8.886,50.0,0,none
L10,L10-P0327,Iddq,uA,8.6858,9.7607,10.2696,10.1561,50.0,0,none
L10,L10-P0328,Iddq,uA,5.6209,6.4209,6.7041,6.7382,50.0,0,none
L10,L10-P0329,Iddq,uA,6.0464,7.5393,7.9117,8.2612,50.0,0,none
L10,L10-P0330,Iddq,uA,7.6294,8.118,8.2327,8.5077,50.0,0,none
L10,L10-P0331,Iddq,uA,5.9549,7.4293,7.9136,8.2648,50.0,0,none
L10,L10-P0332,Iddq,uA,4.6368,5.1372,5.2637,5.3827,50.0,0,none
L10,L10-P0333,Iddq,uA,7.3305,7.9389,8.0396,7.9543,50.0,0,none
L10,L10-P0334,Iddq,uA,8.2631,9.0822,9.3401,9.4468,50.0,0,none
L10,L10-P0335,Iddq,uA,6.8549,7.4747,7.7387,7.6559,50.0,0,none
L10,L10-P0336,Iddq,uA,7.6483,8.8441,9.1323,9.3152,50.0,0,none
L10,L10-P0337,Iddq,uA,7.4839,8.087,8.2682,8.3343,50.0,0,none
L10,L10-P0338,Iddq,uA,6.9662,7.8039,8.3738,8.3196,50.0,0,none
L10,L10-P0339,Iddq,uA,7.2868,8.1742,8.5682,8.7051,50.0,0,none
L10,L10-P0340,Iddq,uA,9.1065,10.5506,11.0666,11.3727,50.0,0,none
L10,L10-P0341,Iddq,uA,6.0003,6.5405,7.0848,7.2383,50.0,0,none
L10,L10-P0342,Iddq,uA,8.0431,9.4699,10.0751,10.1322,50.0,0,none
L10,L10-P0343,Iddq,uA,5.7583,6.2471,6.4371,6.5432,50.0,0,none
L10,L10-P0344,Iddq,uA,6.1625,7.03,7.2289,7.3738,50.0,0,none
L10,L10-P0345,Iddq,uA,8.7585,9.4064,9.2973,9.3548,50.0,0,none
L10,L10-P0346,Iddq,uA,27.9887,31.0913,31.3088,32.6315,50.0,1,lot_outlier
L10,L10-P0347,Iddq,uA,6.7444,7.6395,7.965,7.9287,50.0,0,none
L10,L10-P0348,Iddq,uA,10.6557,12.0275,12.7891,12.9769,50.0,0,none
L10,L10-P0349,Iddq,uA,8.4263,9.0676,9.1992,9.5909,50.0,0,none
L10,L10-P0350,Iddq,uA,6.2182,6.8349,7.1312,7.2098,50.0,0,none
L10,L10-P0351,Iddq,uA,6.3773,7.0062,7.385,7.4034,50.0,0,none
L10,L10-P0352,Iddq,uA,6.7926,7.6479,7.7025,7.7523,50.0,0,none
L10,L10-P0353,Iddq,uA,9.0142,10.0593,10.6884,11.0493,50.0,0,none
L10,L10-P0354,Iddq,uA,5.8159,6.4954,6.8524,6.9021,50.0,0,none
L10,L10-P0355,Iddq,uA,5.8223,6.644,6.7563,6.903,50.0,0,none
L10,L10-P0356,Iddq,uA,8.1508,8.8577,9.2097,9.1362,50.0,0,none
L10,L10-P0357,Iddq,uA,5.285,6.0131,6.2855,6.4818,50.0,0,none
L10,L10-P0358,Iddq,uA,6.0043,7.0417,7.3261,7.3986,50.0,0,none
L10,L10-P0359,Iddq,uA,6.8788,7.635,7.8231,7.9907,50.0,0,none
L10,L10-P0360,Iddq,uA,6.9958,8.7717,9.6351,9.8025,50.0,0,none
L10,L10-P0361,Iddq,uA,5.3903,5.9028,6.2034,6.2502,50.0,0,none
L10,L10-P0362,Iddq,uA,7.4248,8.7951,9.1666,9.2765,50.0,0,none
L10,L10-P0363,Iddq,uA,7.8097,8.407,8.5896,8.8992,50.0,0,none
L10,L10-P0364,Iddq,uA,6.3194,6.9867,7.5056,7.6628,50.0,0,none
L10,L10-P0365,Iddq,uA,9.4702,11.0035,11.5391,11.4883,50.0,0,none
L10,L10-P0366,Iddq,uA,7.4815,8.0734,8.3039,8.3812,50.0,0,none
L10,L10-P0367,Iddq,uA,5.923,6.639,6.8757,6.9309,50.0,0,none
L10,L10-P0368,Iddq,uA,9.2086,11.0243,12.1177,12.5005,50.0,0,none
L10,L10-P0369,Iddq,uA,6.4597,6.9507,7.3008,7.3524,50.0,0,none
L10,L10-P0370,Iddq,uA,7.3686,8.0298,8.5867,8.8676,50.0,0,none
L10,L10-P0371,Iddq,uA,6.5004,7.3139,7.5756,7.7154,50.0,0,none
L10,L10-P0372,Iddq,uA,8.0018,8.6804,9.0265,9.1983,50.0,0,none
L10,L10-P0373,Iddq,uA,6.4738,6.7815,7.1201,7.1288,50.0,0,none
L10,L10-P0374,Iddq,uA,6.5992,7.3003,7.9089,8.1066,50.0,0,none
L10,L10-P0375,Iddq,uA,6.8863,7.6076,7.9897,8.1531,50.0,0,none
L10,L10-P0376,Iddq,uA,6.4825,7.4711,7.9694,8.0683,50.0,0,none
L10,L10-P0377,Iddq,uA,8.4812,9.669,9.9553,10.1431,50.0,0,none
L10,L10-P0378,Iddq,uA,5.6379,6.3181,6.6356,6.63,50.0,0,none
L10,L10-P0379,Iddq,uA,7.1311,7.8751,8.3377,8.3854,50.0,0,none
L10,L10-P0380,Iddq,uA,7.1343,7.9005,7.9477,8.0419,50.0,0,none
L10,L10-P0381,Iddq,uA,6.8136,8.202,8.7341,8.8435,50.0,0,none
L10,L10-P0382,Iddq,uA,8.31,9.2081,9.5238,9.5941,50.0,0,none
L10,L10-P0383,Iddq,uA,5.3626,5.9452,6.0999,6.2459,50.0,0,none
L10,L10-P0384,Iddq,uA,7.6737,9.2181,9.5551,9.8945,50.0,0,none
L10,L10-P0385,Iddq,uA,5.6555,6.3323,6.5116,6.6492,50.0,0,none
L10,L10-P0386,Iddq,uA,6.3934,7.0959,7.4677,7.5145,50.0,0,none
L10,L10-P0387,Iddq,uA,5.4923,6.2306,6.5077,6.6076,50.0,0,none
L10,L10-P0388,Iddq,uA,6.6469,7.5791,7.8327,8.0122,50.0,0,none
L10,L10-P0389,Iddq,uA,6.4239,7.0627,7.4054,7.534,50.0,0,none
L10,L10-P0390,Iddq,uA,9.3347,10.8526,11.336,11.4896,50.0,0,none
L10,L10-P0391,Iddq,uA,7.3094,7.8915,8.1222,8.1908,50.0,0,none
L10,L10-P0392,Iddq,uA,7.6329,8.7445,8.7595,9.1707,50.0,0,none
L10,L10-P0393,Iddq,uA,5.7846,6.5578,6.7856,7.1162,50.0,0,none
L10,L10-P0394,Iddq,uA,7.9407,9.1888,9.7262,9.6165,50.0,0,none
L10,L10-P0395,Iddq,uA,9.5737,9.991,9.9985,10.1775,50.0,0,none
L10,L10-P0396,Iddq,uA,8.2603,9.1466,9.3255,9.6262,50.0,0,none
L10,L10-P0397,Iddq,uA,5.6236,6.0596,6.1517,6.2774,50.0,0,none
L10,L10-P0398,Iddq,uA,6.5625,7.5967,8.0416,8.1588,50.0,0,none
L10,L10-P0399,Iddq,uA,7.1872,7.9122,8.1219,8.3972,50.0,0,none
L10,L10-P0400,Iddq,uA,6.2657,7.3109,7.7602,7.9703,50.0,0,none
L10,L10-P0401,Iddq,uA,11.1811,12.1266,12.3106,12.3568,50.0,0,none
L10,L10-P0402,Iddq,uA,6.4621,7.2406,7.6371,7.6521,50.0,0,none
L10,L10-P0403,Iddq,uA,6.9887,7.8921,8.1015,8.1327,50.0,0,none
L10,L10-P0404,Iddq,uA,6.3146,7.7423,8.5781,9.0029,50.0,0,none
L10,L10-P0405,Iddq,uA,7.2678,8.3721,8.9167,9.2568,50.0,0,none
L10,L10-P0406,Iddq,uA,9.1938,10.46,10.8518,11.2268,50.0,0,none
L10,L10-P0407,Iddq,uA,7.3323,8.6164,9.2632,9.5216,50.0,0,none
L10,L10-P0408,Iddq,uA,6.6799,7.6645,7.9952,7.9067,50.0,0,none
L10,L10-P0409,Iddq,uA,5.7436,6.3736,6.7451,6.7501,50.0,0,none
L10,L10-P0410,Iddq,uA,8.797,9.6391,10.0407,10.2386,50.0,0,none
L10,L10-P0411,Iddq,uA,6.8949,7.7009,8.0767,8.2106,50.0,0,none
L10,L10-P0412,Iddq,uA,6.8091,7.1163,7.4216,7.3068,50.0,0,none
L10,L10-P0413,Iddq,uA,4.704,5.1106,5.4023,5.5439,50.0,0,none
L10,L10-P0414,Iddq,uA,6.8733,7.6491,8.0045,8.176,50.0,0,none
L10,L10-P0415,Iddq,uA,6.5874,7.2457,7.5044,7.8048,50.0,0,none
L10,L10-P0416,Iddq,uA,5.0766,5.4031,5.6307,5.6924,50.0,0,none
L10,L10-P0417,Iddq,uA,8.5441,9.4824,9.7043,9.7937,50.0,0,none
L10,L10-P0418,Iddq,uA,6.2895,6.787,7.0512,7.029,50.0,0,none
L10,L10-P0419,Iddq,uA,9.7532,11.7538,12.6175,12.8051,50.0,0,none
L10,L10-P0420,Iddq,uA,9.1725,10.0688,10.513,10.7828,50.0,0,none
L10,L10-P0421,Iddq,uA,6.366,6.6136,6.6878,6.7855,50.0,0,none
L10,L10-P0422,Iddq,uA,9.1604,9.8519,10.4797,10.4704,50.0,0,none
L10,L10-P0423,Iddq,uA,9.4371,10.6704,11.173,11.521,50.0,0,none
L10,L10-P0424,Iddq,uA,6.4668,7.066,7.5452,7.5077,50.0,0,none
L10,L10-P0425,Iddq,uA,5.8014,6.3653,6.5983,6.6498,50.0,0,none
L10,L10-P0426,Iddq,uA,4.8025,5.3057,5.4059,5.4485,50.0,0,none
L10,L10-P0427,Iddq,uA,7.4681,8.4144,8.5891,8.7272,50.0,0,none
L10,L10-P0428,Iddq,uA,5.9891,6.6267,6.7472,6.8184,50.0,0,none
L10,L10-P0429,Iddq,uA,7.5936,8.1236,8.3696,8.4674,50.0,0,none
L10,L10-P0430,Iddq,uA,6.4313,7.0468,7.4399,7.4481,50.0,0,none
L10,L10-P0431,Iddq,uA,6.1131,6.668,6.7734,6.8406,50.0,0,none
L10,L10-P0432,Iddq,uA,6.3824,7.4118,7.7165,7.9509,50.0,0,none
L10,L10-P0433,Iddq,uA,5.5766,6.4994,6.7987,6.9887,50.0,0,none
L10,L10-P0434,Iddq,uA,6.4417,6.8293,7.1156,7.2684,50.0,0,none
L10,L10-P0435,Iddq,uA,6.2526,6.811,6.9622,7.158,50.0,0,none
L10,L10-P0436,Iddq,uA,6.9915,7.5982,7.9748,8.211,50.0,0,none
L10,L10-P0437,Iddq,uA,7.1109,7.8478,8.1492,8.4865,50.0,0,none
L10,L10-P0438,Iddq,uA,5.7397,6.5442,6.7746,6.8619,50.0,0,none
L10,L10-P0439,Iddq,uA,8.5084,9.689,10.0459,10.3069,50.0,0,none
L10,L10-P0440,Iddq,uA,6.8842,7.7559,8.1431,8.2279,50.0,0,none
L10,L10-P0441,Iddq,uA,9.1386,10.8884,11.5888,11.768,50.0,0,none
L10,L10-P0442,Iddq,uA,7.3458,8.3889,8.4183,8.7117,50.0,0,none
L10,L10-P0443,Iddq,uA,7.2185,7.6436,7.8781,7.9501,50.0,0,none
L10,L10-P0444,Iddq,uA,6.4614,6.9578,7.0644,7.3793,50.0,0,none
L10,L10-P0445,Iddq,uA,7.8416,9.4071,9.9224,10.1212,50.0,0,none
L10,L10-P0446,Iddq,uA,7.2032,7.8717,8.4137,8.4725,50.0,0,none
L10,L10-P0447,Iddq,uA,8.1929,9.1377,9.4915,9.5881,50.0,0,none
L10,L10-P0448,Iddq,uA,9.4424,10.5707,11.038,11.3593,50.0,0,none
L10,L10-P0449,Iddq,uA,6.222,6.8833,7.4228,7.3967,50.0,0,none
L10,L10-P0450,Iddq,uA,8.0702,8.8152,9.2863,9.3155,50.0,0,none
L10,L10-P0451,Iddq,uA,7.8095,8.5483,9.1909,8.9888,50.0,0,none
L10,L10-P0452,Iddq,uA,7.6412,8.6766,9.3355,9.3982,50.0,0,none
L10,L10-P0453,Iddq,uA,6.5888,7.0095,7.3828,7.3594,50.0,0,none
L10,L10-P0454,Iddq,uA,6.5203,7.0761,7.2819,7.3825,50.0,0,none
L10,L10-P0455,Iddq,uA,6.4167,6.9202,6.9705,6.9586,50.0,0,none
L10,L10-P0456,Iddq,uA,6.3362,6.9495,7.3094,7.3766,50.0,0,none
L10,L10-P0457,Iddq,uA,5.9745,7.1139,7.5157,7.7248,50.0,0,none
L10,L10-P0458,Iddq,uA,6.889,7.6049,7.7663,7.9682,50.0,0,none
L10,L10-P0459,Iddq,uA,6.1842,6.5614,6.8134,6.8781,50.0,0,none
L10,L10-P0460,Iddq,uA,23.8895,27.2212,27.9766,28.5711,50.0,1,lot_outlier
L10,L10-P0461,Iddq,uA,7.0241,7.8068,7.997,8.2237,50.0,0,none
L10,L10-P0462,Iddq,uA,7.1779,8.5695,8.8678,9.3381,50.0,0,none
L10,L10-P0463,Iddq,uA,6.7064,7.7589,8.1045,8.2488,50.0,0,none
L10,L10-P0464,Iddq,uA,7.1122,7.6892,7.9438,8.0141,50.0,0,none
L10,L10-P0465,Iddq,uA,6.6868,7.5854,7.767,7.8127,50.0,0,none
L10,L10-P0466,Iddq,uA,8.1476,8.8401,9.0982,9.2086,50.0,0,none
L10,L10-P0467,Iddq,uA,6.5824,7.1413,7.0843,7.407,50.0,0,none
L10,L10-P0468,Iddq,uA,7.5481,8.3745,8.8134,8.603,50.0,0,none
L10,L10-P0469,Iddq,uA,5.6288,6.4423,6.6416,6.7271,50.0,0,none
L10,L10-P0470,Iddq,uA,8.1482,8.7129,9.2648,9.4694,50.0,0,none
L10,L10-P0471,Iddq,uA,6.4082,7.0176,7.2098,7.3656,50.0,0,none
L10,L10-P0472,Iddq,uA,5.9493,6.2916,6.4722,6.4282,50.0,0,none
L10,L10-P0473,Iddq,uA,5.7866,6.1128,6.506,6.601,50.0,0,none
L10,L10-P0474,Iddq,uA,5.6274,6.3227,6.6808,6.8777,50.0,0,none
L10,L10-P0475,Iddq,uA,6.4948,6.8668,7.1496,7.2423,50.0,0,none
L10,L10-P0476,Iddq,uA,9.249,10.6002,11.3448,11.6886,50.0,0,none
L10,L10-P0477,Iddq,uA,6.3212,6.8904,7.2218,7.2153,50.0,0,none
L10,L10-P0478,Iddq,uA,4.7094,5.2531,5.538,5.5425,50.0,0,none
L10,L10-P0479,Iddq,uA,7.5096,8.2991,8.6681,8.5595,50.0,0,none
L10,L10-P0480,Iddq,uA,5.7844,6.2165,6.4094,6.4924,50.0,0,none
L10,L10-P0481,Iddq,uA,8.162,9.3078,9.7267,9.9934,50.0,0,none
L10,L10-P0482,Iddq,uA,6.5421,7.109,7.3179,7.4529,50.0,0,none
L10,L10-P0483,Iddq,uA,6.7657,7.3508,7.5782,7.575,50.0,0,none
L10,L10-P0484,Iddq,uA,8.6863,9.3925,9.3291,9.6229,50.0,0,none
L10,L10-P0485,Iddq,uA,7.9132,9.0831,9.5702,9.835,50.0,0,none
L10,L10-P0486,Iddq,uA,5.6671,6.2024,6.6205,6.6109,50.0,0,none
L10,L10-P0487,Iddq,uA,5.8349,6.715,7.1591,7.1641,50.0,0,none
L10,L10-P0488,Iddq,uA,5.1311,5.7172,6.0873,6.2681,50.0,0,none
L10,L10-P0489,Iddq,uA,11.2732,13.2586,13.7458,13.8937,50.0,0,none
L10,L10-P0490,Iddq,uA,6.0726,6.5049,6.7805,6.8469,50.0,0,none
L10,L10-P0491,Iddq,uA,8.7021,9.3228,9.7091,9.6914,50.0,0,none
L10,L10-P0492,Iddq,uA,6.3498,7.4063,7.4392,7.8159,50.0,0,none
L10,L10-P0493,Iddq,uA,5.827,6.472,6.7839,6.8712,50.0,0,none
L10,L10-P0494,Iddq,uA,7.1183,7.7068,7.9194,8.1477,50.0,0,none
L10,L10-P0495,Iddq,uA,6.5865,7.505,8.034,8.2246,50.0,0,none
L10,L10-P0496,Iddq,uA,8.2393,9.2063,9.534,9.7951,50.0,0,none
L10,L10-P0497,Iddq,uA,8.193,9.4225,9.6057,9.9467,50.0,0,none
L10,L10-P0498,Iddq,uA,6.2678,6.9029,6.9499,7.0718,50.0,0,none
L10,L10-P0499,Iddq,uA,5.3816,6.2627,6.6056,6.8861,50.0,0,none
L10,L10-P0500,Iddq,uA,5.6882,6.3615,6.5839,6.7263,50.0,0,none
L11,L11-P0001,Iddq,uA,6.3902,7.1106,7.5396,7.6111,50.0,0,none
L11,L11-P0002,Iddq,uA,7.0135,8.0322,8.3669,8.5481,50.0,0,none
L11,L11-P0003,Iddq,uA,6.0834,6.3885,6.5761,6.6065,50.0,0,none
L11,L11-P0004,Iddq,uA,5.5058,6.1119,6.3774,6.3804,50.0,0,none
L11,L11-P0005,Iddq,uA,6.3691,7.2012,7.4535,7.7196,50.0,0,none
L11,L11-P0006,Iddq,uA,6.8706,7.4534,8.0963,8.0256,50.0,0,none
L11,L11-P0007,Iddq,uA,6.9502,8.7069,9.4594,9.635,50.0,0,none
L11,L11-P0008,Iddq,uA,7.0925,7.9537,8.1053,8.4608,50.0,0,none
L11,L11-P0009,Iddq,uA,6.3558,7.2705,7.7065,7.8299,50.0,0,none
L11,L11-P0010,Iddq,uA,6.215,7.179,7.504,7.591,50.0,0,none
L11,L11-P0011,Iddq,uA,5.9745,6.6931,6.839,7.075,50.0,0,none
L11,L11-P0012,Iddq,uA,6.5862,7.4421,7.6803,7.959,50.0,0,none
L11,L11-P0013,Iddq,uA,5.2035,5.7925,5.954,5.8523,50.0,0,none
L11,L11-P0014,Iddq,uA,6.2956,6.7987,6.924,7.0559,50.0,0,none
L11,L11-P0015,Iddq,uA,8.9875,10.0297,10.5123,10.5273,50.0,0,none
L11,L11-P0016,Iddq,uA,5.2073,5.9241,6.3406,6.4082,50.0,0,none
L11,L11-P0017,Iddq,uA,6.4126,7.3137,7.6863,7.9774,50.0,0,none
L11,L11-P0018,Iddq,uA,6.6253,7.4956,7.5914,7.9403,50.0,0,none
L11,L11-P0019,Iddq,uA,6.689,7.7694,8.3543,8.3937,50.0,0,none
L11,L11-P0020,Iddq,uA,5.6663,6.0935,6.376,6.3609,50.0,0,none
L11,L11-P0021,Iddq,uA,6.7249,8.0032,8.5908,8.6398,50.0,0,none
L11,L11-P0022,Iddq,uA,5.9054,6.4203,6.6661,6.7086,50.0,0,none
L11,L11-P0023,Iddq,uA,5.223,5.8899,6.2075,6.3072,50.0,0,none
L11,L11-P0024,Iddq,uA,7.1275,8.1914,8.52,8.5993,50.0,0,none
L11,L11-P0025,Iddq,uA,6.8771,7.5469,14.2779,14.7132,50.0,1,step_jump
L11,L11-P0026,Iddq,uA,5.664,6.4863,6.8433,7.0365,50.0,0,none
L11,L11-P0027,Iddq,uA,5.8894,6.5091,6.8188,6.8633,50.0,0,none
L11,L11-P0028,Iddq,uA,5.9019,6.6388,6.9342,7.039,50.0,0,none
L11,L11-P0029,Iddq,uA,5.2878,5.8419,6.0282,6.1408,50.0,0,none
L11,L11-P0030,Iddq,uA,7.0259,7.5788,7.8393,8.0532,50.0,0,none
L11,L11-P0031,Iddq,uA,6.9898,8.63,9.3503,9.4841,50.0,0,none
L11,L11-P0032,Iddq,uA,76.0198,83.0498,86.011,87.2235,50.0,1,gross_fail
L11,L11-P0033,Iddq,uA,6.1855,6.6938,6.8047,6.7902,50.0,0,none
L11,L11-P0034,Iddq,uA,6.4194,6.9873,7.3897,7.3769,50.0,0,none
L11,L11-P0035,Iddq,uA,6.5529,7.3196,7.6148,7.7615,50.0,0,none
L11,L11-P0036,Iddq,uA,5.4466,6.0053,6.1101,6.2223,50.0,0,none
L11,L11-P0037,Iddq,uA,6.6275,7.8732,8.1048,8.4998,50.0,0,none
L11,L11-P0038,Iddq,uA,5.5217,6.3876,6.7165,6.9823,50.0,0,none
L11,L11-P0039,Iddq,uA,6.871,7.4962,7.8226,7.9146,50.0,0,none
L11,L11-P0040,Iddq,uA,5.6401,6.0587,14.6042,14.5879,50.0,1,step_jump
L11,L11-P0041,Iddq,uA,5.3419,5.7959,5.9826,6.115,50.0,0,none
L11,L11-P0042,Iddq,uA,6.3945,7.1476,7.3265,7.3249,50.0,0,none
L11,L11-P0043,Iddq,uA,6.2165,6.8382,6.9707,7.0103,50.0,0,none
L11,L11-P0044,Iddq,uA,6.3791,7.0358,7.288,7.6509,50.0,0,none
L11,L11-P0045,Iddq,uA,5.787,6.6699,7.0371,7.3528,50.0,0,none
L11,L11-P0046,Iddq,uA,6.4729,7.3834,7.7633,7.7534,50.0,0,none
L11,L11-P0047,Iddq,uA,6.6401,7.3204,7.7262,7.7953,50.0,0,none
L11,L11-P0048,Iddq,uA,7.3387,7.7198,8.2316,8.2116,50.0,0,none
L11,L11-P0049,Iddq,uA,6.4734,9.8396,8.0149,7.4934,50.0,1,erratic
L11,L11-P0050,Iddq,uA,5.8691,6.5111,6.7415,6.9319,50.0,0,none
L11,L11-P0051,Iddq,uA,5.3969,6.1052,6.3151,6.4249,50.0,0,none
L11,L11-P0052,Iddq,uA,5.2657,6.0372,6.3662,6.4692,50.0,0,none
L11,L11-P0053,Iddq,uA,6.5977,7.5289,8.0219,8.1832,50.0,0,none
L11,L11-P0054,Iddq,uA,6.953,7.9086,8.0709,8.1293,50.0,0,none
L11,L11-P0055,Iddq,uA,5.6564,6.4053,6.6098,7.0705,50.0,0,none
L11,L11-P0056,Iddq,uA,6.5597,7.2368,7.4477,7.6158,50.0,0,none
L11,L11-P0057,Iddq,uA,6.1712,7.2921,7.6837,7.845,50.0,0,none
L11,L11-P0058,Iddq,uA,6.8961,7.6329,7.7997,7.8142,50.0,0,none
L11,L11-P0059,Iddq,uA,7.0397,7.8386,8.119,8.2617,50.0,0,none
L11,L11-P0060,Iddq,uA,4.7777,5.6669,5.9395,6.1403,50.0,0,none
L11,L11-P0061,Iddq,uA,7.1086,7.9712,8.3317,8.2359,50.0,0,none
L11,L11-P0062,Iddq,uA,6.5204,7.0177,7.2919,7.3547,50.0,0,none
L11,L11-P0063,Iddq,uA,5.916,6.5697,6.812,7.0455,50.0,0,none
L11,L11-P0064,Iddq,uA,5.9116,7.0531,7.5266,7.7077,50.0,0,none
L11,L11-P0065,Iddq,uA,6.3326,6.8266,6.7524,6.8851,50.0,0,none
L11,L11-P0066,Iddq,uA,5.9982,6.6309,6.9321,7.0903,50.0,0,none
L11,L11-P0067,Iddq,uA,5.6142,6.2548,6.5081,6.5513,50.0,0,none
L11,L11-P0068,Iddq,uA,5.8769,6.384,6.7554,6.9569,50.0,0,none
L11,L11-P0069,Iddq,uA,5.6441,6.2777,6.4026,6.6041,50.0,0,none
L11,L11-P0070,Iddq,uA,7.3982,8.6603,9.2258,9.2354,50.0,0,none
L11,L11-P0071,Iddq,uA,6.2527,7.2731,7.5009,7.5891,50.0,0,none
L11,L11-P0072,Iddq,uA,8.2645,9.4121,10.1945,10.3482,50.0,0,none
L11,L11-P0073,Iddq,uA,6.6173,7.7728,14.416,15.3465,50.0,1,step_jump
L11,L11-P0074,Iddq,uA,6.8007,7.6273,7.9314,8.0904,50.0,0,none
L11,L11-P0075,Iddq,uA,5.5846,6.1874,6.4518,6.5424,50.0,0,none
L11,L11-P0076,Iddq,uA,6.28,6.9357,7.3048,7.6015,50.0,0,none
L11,L11-P0077,Iddq,uA,6.3727,7.3517,7.6735,7.8007,50.0,0,none
L11,L11-P0078,Iddq,uA,5.9225,6.3911,6.466,6.6626,50.0,0,none
L11,L11-P0079,Iddq,uA,5.927,6.8371,7.1978,7.3408,50.0,0,none
L11,L11-P0080,Iddq,uA,6.6765,7.3521,7.7199,7.7484,50.0,0,none
L11,L11-P0081,Iddq,uA,6.8265,7.4561,7.6855,7.8607,50.0,0,none
L11,L11-P0082,Iddq,uA,5.3684,5.8514,6.002,6.2314,50.0,0,none
L11,L11-P0083,Iddq,uA,6.5317,7.2281,7.4635,7.6099,50.0,0,none
L11,L11-P0084,Iddq,uA,6.8139,7.8159,8.498,8.5916,50.0,0,none
L11,L11-P0085,Iddq,uA,5.9279,6.5934,6.8616,6.9087,50.0,0,none
L11,L11-P0086,Iddq,uA,5.8367,6.8641,7.1072,7.3132,50.0,0,none
L11,L11-P0087,Iddq,uA,6.651,7.3956,7.8212,7.9588,50.0,0,none
L11,L11-P0088,Iddq,uA,4.6594,5.0468,5.2718,5.3141,50.0,0,none
L11,L11-P0089,Iddq,uA,6.3246,7.1027,7.4587,7.5975,50.0,0,none
L11,L11-P0090,Iddq,uA,7.8855,8.2094,8.5204,8.6172,50.0,0,none
L11,L11-P0091,Iddq,uA,4.655,5.3173,5.5523,5.7498,50.0,0,none
L11,L11-P0092,Iddq,uA,7.0058,7.8333,8.1868,8.05,50.0,0,none
L11,L11-P0093,Iddq,uA,6.7984,7.6903,8.248,8.4004,50.0,0,none
L11,L11-P0094,Iddq,uA,5.3286,6.2296,6.7853,6.7956,50.0,0,none
L11,L11-P0095,Iddq,uA,6.7834,7.1062,7.4078,7.6276,50.0,0,none
L11,L11-P0096,Iddq,uA,7.3006,7.7425,8.1226,8.2641,50.0,0,none
L11,L11-P0097,Iddq,uA,21.1915,22.4185,23.4063,23.5223,50.0,1,lot_outlier
L11,L11-P0098,Iddq,uA,5.7463,7.0061,7.6475,8.1082,50.0,0,none
L11,L11-P0099,Iddq,uA,6.3636,7.0832,7.185,7.3777,50.0,0,none
L11,L11-P0100,Iddq,uA,7.1656,7.5968,7.9152,7.9484,50.0,0,none
L11,L11-P0101,Iddq,uA,5.9813,7.3433,7.9504,8.2058,50.0,0,none
L11,L11-P0102,Iddq,uA,6.2815,6.9678,7.1099,7.3014,50.0,0,none
L11,L11-P0103,Iddq,uA,5.731,6.2259,6.6038,6.5664,50.0,0,none
L11,L11-P0104,Iddq,uA,6.385,6.823,7.0267,7.177,50.0,0,none
L11,L11-P0105,Iddq,uA,7.164,8.2149,8.5205,8.597,50.0,0,none
L11,L11-P0106,Iddq,uA,6.4121,7.2354,7.408,7.4943,50.0,0,none
L11,L11-P0107,Iddq,uA,6.1086,6.6295,6.7718,6.8138,50.0,0,none
L11,L11-P0108,Iddq,uA,6.3594,6.915,7.2532,7.3167,50.0,0,none
L11,L11-P0109,Iddq,uA,5.7493,6.4084,6.7341,6.8989,50.0,0,none
L11,L11-P0110,Iddq,uA,5.6044,6.5925,7.0763,7.2537,50.0,0,none
L11,L11-P0111,Iddq,uA,7.2214,8.262,8.6236,8.8358,50.0,0,none
L11,L11-P0112,Iddq,uA,7.8035,8.4957,18.5863,18.5048,50.0,1,step_jump
L11,L11-P0113,Iddq,uA,5.1017,5.6768,5.9254,6.0344,50.0,0,none
L11,L11-P0114,Iddq,uA,6.7155,7.7807,8.1677,8.4893,50.0,0,none
L11,L11-P0115,Iddq,uA,6.8764,8.4038,8.8369,9.2501,50.0,0,none
L11,L11-P0116,Iddq,uA,5.4543,5.8368,6.1989,6.0669,50.0,0,none
L11,L11-P0117,Iddq,uA,5.9794,7.0237,7.4965,7.4446,50.0,0,none
L11,L11-P0118,Iddq,uA,5.8763,6.6178,6.8948,7.0155,50.0,0,none
L11,L11-P0119,Iddq,uA,8.1436,8.4746,8.7948,8.8316,50.0,0,none
L11,L11-P0120,Iddq,uA,7.5552,8.2292,8.2931,8.5072,50.0,0,none
L11,L11-P0121,Iddq,uA,5.5865,6.7049,7.0444,7.1444,50.0,0,none
L11,L11-P0122,Iddq,uA,5.363,6.2571,6.6781,6.8088,50.0,0,none
L11,L11-P0123,Iddq,uA,7.0187,7.6552,7.8792,7.8951,50.0,0,none
L11,L11-P0124,Iddq,uA,6.9232,7.6553,7.9365,7.897,50.0,0,none
L11,L11-P0125,Iddq,uA,7.3028,7.8826,7.9947,8.0745,50.0,0,none
L11,L11-P0126,Iddq,uA,5.6586,6.407,6.6865,6.9717,50.0,0,none
L11,L11-P0127,Iddq,uA,6.8583,7.5603,7.9633,8.1523,50.0,0,none
L11,L11-P0128,Iddq,uA,5.8114,6.2424,6.4933,6.4734,50.0,0,none
L11,L11-P0129,Iddq,uA,6.784,7.7741,8.1202,8.1723,50.0,0,none
L11,L11-P0130,Iddq,uA,6.318,6.7613,6.9207,7.2442,50.0,0,none
L11,L11-P0131,Iddq,uA,7.8945,9.0803,9.3805,9.7881,50.0,0,none
L11,L11-P0132,Iddq,uA,6.5943,7.3707,7.6256,7.6318,50.0,0,none
L11,L11-P0133,Iddq,uA,6.1019,6.8843,7.2317,7.4037,50.0,0,none
L11,L11-P0134,Iddq,uA,6.4382,7.1312,7.2596,7.5495,50.0,0,none
L11,L11-P0135,Iddq,uA,6.2257,6.5687,6.7966,6.8643,50.0,0,none
L11,L11-P0136,Iddq,uA,5.4187,6.3673,6.6251,6.8765,50.0,0,none
L11,L11-P0137,Iddq,uA,7.9102,9.286,9.7283,9.974,50.0,0,none
L11,L11-P0138,Iddq,uA,7.7572,8.6115,8.6833,8.9892,50.0,0,none
L11,L11-P0139,Iddq,uA,6.2199,6.8756,7.2755,7.2485,50.0,0,none
L11,L11-P0140,Iddq,uA,6.9006,7.7279,8.2157,8.5835,50.0,0,none
L11,L11-P0141,Iddq,uA,8.2112,9.1184,9.5581,9.9741,50.0,0,none
L11,L11-P0142,Iddq,uA,7.26,8.885,9.6751,9.7321,50.0,0,none
L11,L11-P0143,Iddq,uA,6.1724,6.9964,7.228,7.4318,50.0,0,none
L11,L11-P0144,Iddq,uA,6.2019,7.0206,7.1346,7.3794,50.0,0,none
L11,L11-P0145,Iddq,uA,5.2141,5.8241,6.1024,6.2562,50.0,0,none
L11,L11-P0146,Iddq,uA,6.8784,7.6778,7.8987,8.0286,50.0,0,none
L11,L11-P0147,Iddq,uA,7.3787,8.0221,8.2156,8.2128,50.0,0,none
L11,L11-P0148,Iddq,uA,7.431,8.5658,9.3254,9.3399,50.0,0,none
L11,L11-P0149,Iddq,uA,6.8886,7.8062,8.2647,8.7078,50.0,0,none
L11,L11-P0150,Iddq,uA,6.5761,7.1387,7.2439,7.4012,50.0,0,none
L11,L11-P0151,Iddq,uA,5.5101,6.283,6.4131,6.4678,50.0,0,none
L11,L11-P0152,Iddq,uA,6.6331,7.5659,7.8776,7.943,50.0,0,none
L11,L11-P0153,Iddq,uA,5.9765,6.291,6.4493,6.5293,50.0,0,none
L11,L11-P0154,Iddq,uA,6.8359,7.3398,7.6946,7.7296,50.0,0,none
L11,L11-P0155,Iddq,uA,5.7045,7.3697,8.035,8.1546,50.0,0,none
L11,L11-P0156,Iddq,uA,6.7288,7.4637,7.7965,8.044,50.0,0,none
L11,L11-P0157,Iddq,uA,7.3851,8.6004,9.1266,9.2653,50.0,0,none
L11,L11-P0158,Iddq,uA,6.5056,7.8642,8.4182,8.5872,50.0,0,none
L11,L11-P0159,Iddq,uA,6.5762,7.5684,11.1131,21.8698,50.0,1,accelerating
L11,L11-P0160,Iddq,uA,7.089,7.9905,8.3805,8.6173,50.0,0,none
L11,L11-P0161,Iddq,uA,7.8598,9.5852,10.0882,10.6748,50.0,0,none
L11,L11-P0162,Iddq,uA,6.2285,7.1057,7.3651,7.7672,50.0,0,none
L11,L11-P0163,Iddq,uA,6.5686,8.4873,9.0865,9.1528,50.0,0,none
L11,L11-P0164,Iddq,uA,7.7331,8.3647,8.4343,8.727,50.0,0,none
L11,L11-P0165,Iddq,uA,6.89,8.3938,8.8039,8.8439,50.0,0,none
L11,L11-P0166,Iddq,uA,5.0565,5.607,5.7014,5.9532,50.0,0,none
L11,L11-P0167,Iddq,uA,5.836,6.4155,6.6451,6.7669,50.0,0,none
L11,L11-P0168,Iddq,uA,6.8979,7.9462,8.4042,8.3295,50.0,0,none
L11,L11-P0169,Iddq,uA,6.048,6.7596,7.0309,7.1099,50.0,0,none
L11,L11-P0170,Iddq,uA,7.6208,8.4984,8.72,8.8949,50.0,0,none
L11,L11-P0171,Iddq,uA,7.9583,9.0998,9.3648,9.5288,50.0,0,none
L11,L11-P0172,Iddq,uA,19.7672,20.8412,21.2339,21.7074,50.0,1,lot_outlier
L11,L11-P0173,Iddq,uA,5.6177,6.2139,6.294,6.4211,50.0,0,none
L11,L11-P0174,Iddq,uA,6.0701,6.9113,7.2804,7.5131,50.0,0,none
L11,L11-P0175,Iddq,uA,5.9475,6.9299,7.3745,7.5801,50.0,0,none
L11,L11-P0176,Iddq,uA,7.4854,8.5948,8.9142,9.1408,50.0,0,none
L11,L11-P0177,Iddq,uA,5.6368,7.6425,12.0589,16.0632,50.0,1,latent_linear
L11,L11-P0178,Iddq,uA,6.9806,7.9039,8.2311,8.2826,50.0,0,none
L11,L11-P0179,Iddq,uA,7.4586,8.6045,9.0971,9.368,50.0,0,none
L11,L11-P0180,Iddq,uA,6.8765,7.4526,7.668,7.8194,50.0,0,none
L11,L11-P0181,Iddq,uA,6.6146,7.2948,7.6432,7.7158,50.0,0,none
L11,L11-P0182,Iddq,uA,6.2065,6.8514,7.1728,7.5087,50.0,0,none
L11,L11-P0183,Iddq,uA,7.8338,8.6988,9.335,9.408,50.0,0,none
L11,L11-P0184,Iddq,uA,6.1601,6.5275,6.7338,6.7571,50.0,0,none
L11,L11-P0185,Iddq,uA,7.0691,7.7517,7.7332,7.901,50.0,0,none
L11,L11-P0186,Iddq,uA,6.1578,6.8272,7.2187,7.3376,50.0,0,none
L11,L11-P0187,Iddq,uA,5.1294,5.8935,6.2303,6.3607,50.0,0,none
L11,L11-P0188,Iddq,uA,6.0631,6.8307,7.1266,7.0656,50.0,0,none
L11,L11-P0189,Iddq,uA,6.3121,6.77,7.0173,7.2087,50.0,0,none
L11,L11-P0190,Iddq,uA,6.2552,7.0823,7.4269,7.6919,50.0,0,none
L11,L11-P0191,Iddq,uA,5.812,6.4744,6.8597,6.7622,50.0,0,none
L11,L11-P0192,Iddq,uA,6.7866,7.9554,8.3633,8.5778,50.0,0,none
L11,L11-P0193,Iddq,uA,6.8181,7.7028,7.9793,8.3217,50.0,0,none
L11,L11-P0194,Iddq,uA,6.1504,6.6188,6.8587,6.9324,50.0,0,none
L11,L11-P0195,Iddq,uA,6.1375,7.1437,7.7783,7.7609,50.0,0,none
L11,L11-P0196,Iddq,uA,5.5937,6.4911,6.9533,7.187,50.0,0,none
L11,L11-P0197,Iddq,uA,6.4116,7.0929,7.2453,7.43,50.0,0,none
L11,L11-P0198,Iddq,uA,7.3509,8.4704,8.8398,9.1177,50.0,0,none
L11,L11-P0199,Iddq,uA,7.5505,8.2636,8.6788,8.8621,50.0,0,none
L11,L11-P0200,Iddq,uA,5.837,6.8324,7.0879,7.1656,50.0,0,none
L11,L11-P0201,Iddq,uA,8.0476,8.7513,8.9401,9.0927,50.0,0,none
L11,L11-P0202,Iddq,uA,6.16,7.016,7.5013,7.5211,50.0,0,none
L11,L11-P0203,Iddq,uA,5.5607,6.4503,7.0296,7.1558,50.0,0,none
L11,L11-P0204,Iddq,uA,5.357,5.8142,6.1321,6.1355,50.0,0,none
L11,L11-P0205,Iddq,uA,5.556,6.2035,6.499,6.6787,50.0,0,none
L11,L11-P0206,Iddq,uA,6.4918,7.7188,8.2664,8.3753,50.0,0,none
L11,L11-P0207,Iddq,uA,6.2012,6.7668,6.9671,6.9602,50.0,0,none
L11,L11-P0208,Iddq,uA,5.866,6.4616,6.6486,6.7444,50.0,0,none
L11,L11-P0209,Iddq,uA,5.6871,6.7178,6.8799,7.1174,50.0,0,none
L11,L11-P0210,Iddq,uA,5.5106,6.2951,6.43,6.5665,50.0,0,none
L11,L11-P0211,Iddq,uA,5.587,6.181,6.3746,6.2878,50.0,0,none
L11,L11-P0212,Iddq,uA,7.2265,7.8088,8.2913,8.3481,50.0,0,none
L11,L11-P0213,Iddq,uA,7.9514,9.4455,10.1803,10.4868,50.0,0,none
L11,L11-P0214,Iddq,uA,7.8809,9.6471,10.2706,10.6545,50.0,0,none
L11,L11-P0215,Iddq,uA,7.0015,7.6,7.7457,8.0741,50.0,0,none
L11,L11-P0216,Iddq,uA,5.9899,6.5607,6.7669,6.8556,50.0,0,none
L11,L11-P0217,Iddq,uA,5.7275,6.5207,6.5547,6.8782,50.0,0,none
L11,L11-P0218,Iddq,uA,6.9315,8.4091,8.9491,9.2752,50.0,0,none
L11,L11-P0219,Iddq,uA,6.1453,7.1053,7.5121,7.789,50.0,0,none
L11,L11-P0220,Iddq,uA,6.6861,7.7699,8.3424,8.6528,50.0,0,none
L11,L11-P0221,Iddq,uA,8.0666,9.1779,10.0046,10.0211,50.0,0,none
L11,L11-P0222,Iddq,uA,6.5206,6.9258,7.3134,7.2894,50.0,0,none
L11,L11-P0223,Iddq,uA,8.2409,9.0171,9.489,9.5312,50.0,0,none
L11,L11-P0224,Iddq,uA,5.4828,6.0337,6.3801,6.3678,50.0,0,none
L11,L11-P0225,Iddq,uA,6.7118,7.4127,7.3825,7.855,50.0,0,none
L11,L11-P0226,Iddq,uA,6.513,7.1804,7.5908,7.6954,50.0,0,none
L11,L11-P0227,Iddq,uA,5.6546,6.2376,6.4937,6.6221,50.0,0,none
L11,L11-P0228,Iddq,uA,7.0716,7.9747,8.3273,8.5402,50.0,0,none
L11,L11-P0229,Iddq,uA,7.6046,8.5315,8.8425,9.1346,50.0,0,none
L11,L11-P0230,Iddq,uA,8.1005,9.6483,10.2499,10.4901,50.0,0,none
L11,L11-P0231,Iddq,uA,6.7024,7.5524,8.034,7.9632,50.0,0,none
L11,L11-P0232,Iddq,uA,5.0585,5.5463,5.7504,5.752,50.0,0,none
L11,L11-P0233,Iddq,uA,6.6191,7.5416,17.61,18.1584,50.0,1,step_jump
L11,L11-P0234,Iddq,uA,6.8683,7.4134,7.7429,7.6628,50.0,0,none
L11,L11-P0235,Iddq,uA,6.2062,6.4812,6.6426,6.7669,50.0,0,none
L11,L11-P0236,Iddq,uA,6.4742,7.3627,7.7943,7.8442,50.0,0,none
L11,L11-P0237,Iddq,uA,5.9958,6.7256,7.4092,7.5564,50.0,0,none
L11,L11-P0238,Iddq,uA,6.3279,7.1386,7.372,7.3874,50.0,0,none
L11,L11-P0239,Iddq,uA,7.3008,7.8059,8.0631,8.5044,50.0,0,none
L11,L11-P0240,Iddq,uA,7.5126,7.9117,8.1999,8.4607,50.0,0,none
L11,L11-P0241,Iddq,uA,5.3906,6.3098,6.8764,7.0507,50.0,0,none
L11,L11-P0242,Iddq,uA,5.9619,6.764,7.1845,7.2209,50.0,0,none
L11,L11-P0243,Iddq,uA,5.12,5.7541,6.1969,6.3747,50.0,0,none
L11,L11-P0244,Iddq,uA,7.8799,8.8863,9.293,9.501,50.0,0,none
L11,L11-P0245,Iddq,uA,7.033,7.7668,8.048,8.155,50.0,0,none
L11,L11-P0246,Iddq,uA,4.9063,5.4724,5.5661,5.6358,50.0,0,none
L11,L11-P0247,Iddq,uA,6.2451,6.9905,7.4179,7.6024,50.0,0,none
L11,L11-P0248,Iddq,uA,6.0742,6.8066,6.9714,6.9959,50.0,0,none
L11,L11-P0249,Iddq,uA,5.8619,6.4004,6.7004,6.8074,50.0,0,none
L11,L11-P0250,Iddq,uA,7.0925,8.5413,9.2823,9.6074,50.0,0,none
L11,L11-P0251,Iddq,uA,7.1449,7.9278,8.4717,8.4219,50.0,0,none
L11,L11-P0252,Iddq,uA,6.5557,6.8771,7.0825,7.0606,50.0,0,none
L11,L11-P0253,Iddq,uA,5.8394,6.4148,6.7498,6.8188,50.0,0,none
L11,L11-P0254,Iddq,uA,5.9191,6.3316,6.5881,6.7329,50.0,0,none
L11,L11-P0255,Iddq,uA,6.4156,6.9848,7.4157,7.4565,50.0,0,none
L11,L11-P0256,Iddq,uA,6.0465,6.5779,6.481,6.6887,50.0,0,none
L11,L11-P0257,Iddq,uA,6.3398,7.1796,7.6119,7.6946,50.0,0,none
L11,L11-P0258,Iddq,uA,6.7272,7.4231,7.717,7.8775,50.0,0,none
L11,L11-P0259,Iddq,uA,5.2402,5.8358,6.0329,6.0963,50.0,0,none
L11,L11-P0260,Iddq,uA,5.7224,6.4542,6.7644,6.8751,50.0,0,none
L11,L11-P0261,Iddq,uA,6.3447,7.1317,7.2576,7.5539,50.0,0,none
L11,L11-P0262,Iddq,uA,7.6793,8.5129,9.001,8.9996,50.0,0,none
L11,L11-P0263,Iddq,uA,7.0269,7.7868,8.1091,8.2772,50.0,0,none
L11,L11-P0264,Iddq,uA,6.3277,7.1057,7.3384,7.4688,50.0,0,none
L11,L11-P0265,Iddq,uA,6.5939,7.4866,7.9629,7.9966,50.0,0,none
L11,L11-P0266,Iddq,uA,6.2923,7.0641,16.3909,16.9899,50.0,1,step_jump
L11,L11-P0267,Iddq,uA,7.2481,8.3954,8.8936,9.1164,50.0,0,none
L11,L11-P0268,Iddq,uA,6.5623,7.276,7.655,7.6142,50.0,0,none
L11,L11-P0269,Iddq,uA,7.3151,8.2792,8.965,8.9308,50.0,0,none
L11,L11-P0270,Iddq,uA,5.4425,6.6632,7.3054,7.3781,50.0,0,none
L11,L11-P0271,Iddq,uA,5.7284,6.4554,6.6129,6.8507,50.0,0,none
L11,L11-P0272,Iddq,uA,6.5693,7.2715,7.5793,7.7215,50.0,0,none
L11,L11-P0273,Iddq,uA,6.6879,7.2347,7.5261,7.5417,50.0,0,none
L11,L11-P0274,Iddq,uA,8.5609,9.3825,9.5976,9.6811,50.0,0,none
L11,L11-P0275,Iddq,uA,5.0732,5.7061,5.9648,6.0248,50.0,0,none
L11,L11-P0276,Iddq,uA,6.2778,7.2079,7.5584,7.661,50.0,0,none
L11,L11-P0277,Iddq,uA,6.276,7.1318,7.5002,7.7127,50.0,0,none
L11,L11-P0278,Iddq,uA,6.4722,7.3098,7.8046,7.8399,50.0,0,none
L11,L11-P0279,Iddq,uA,7.9253,9.015,9.3777,9.7708,50.0,0,none
L11,L11-P0280,Iddq,uA,6.9744,7.7961,7.9225,8.055,50.0,0,none
L11,L11-P0281,Iddq,uA,5.2274,5.9615,6.2346,6.3143,50.0,0,none
L11,L11-P0282,Iddq,uA,7.6234,8.5927,8.7822,9.1843,50.0,0,none
L11,L11-P0283,Iddq,uA,7.618,8.4705,8.8612,9.2334,50.0,0,none
L11,L11-P0284,Iddq,uA,6.5907,7.3088,7.5006,7.6822,50.0,0,none
L11,L11-P0285,Iddq,uA,5.2354,5.6736,5.8864,6.0269,50.0,0,none
L11,L11-P0286,Iddq,uA,6.3143,6.7106,6.8532,7.1489,50.0,0,none
L11,L11-P0287,Iddq,uA,6.803,7.5981,8.0805,8.1146,50.0,0,none
L11,L11-P0288,Iddq,uA,7.0616,8.0047,8.4131,8.6952,50.0,0,none
L11,L11-P0289,Iddq,uA,5.0992,5.6763,5.9499,6.1095,50.0,0,none
L11,L11-P0290,Iddq,uA,5.7414,6.4106,6.7123,6.9261,50.0,0,none
L11,L11-P0291,Iddq,uA,7.2078,7.9263,8.3237,8.5544,50.0,0,none
L11,L11-P0292,Iddq,uA,7.6173,8.6625,8.9502,9.2715,50.0,0,none
L11,L11-P0293,Iddq,uA,6.665,7.5348,7.7772,7.9629,50.0,0,none
L11,L11-P0294,Iddq,uA,7.3004,8.1839,8.4875,8.5974,50.0,0,none
L11,L11-P0295,Iddq,uA,6.7293,7.678,8.2047,8.259,50.0,0,none
L11,L11-P0296,Iddq,uA,7.083,8.2681,8.6001,8.7506,50.0,0,none
L11,L11-P0297,Iddq,uA,6.4609,6.9146,6.9727,7.1174,50.0,0,none
L11,L11-P0298,Iddq,uA,6.7417,7.4404,7.8415,7.892,50.0,0,none
L11,L11-P0299,Iddq,uA,5.4303,5.9574,6.2204,6.3181,50.0,0,none
L11,L11-P0300,Iddq,uA,6.8461,7.776,7.9977,8.2648,50.0,0,none
L11,L11-P0301,Iddq,uA,5.5018,5.6976,5.8844,5.9001,50.0,0,none
L11,L11-P0302,Iddq,uA,6.9123,7.7467,8.0893,8.1629,50.0,0,none
L11,L11-P0303,Iddq,uA,5.9275,6.9581,7.3725,7.3346,50.0,0,none
L11,L11-P0304,Iddq,uA,6.6175,7.2588,7.6197,7.8461,50.0,0,none
L11,L11-P0305,Iddq,uA,5.6186,6.0054,6.4307,6.3997,50.0,0,none
L11,L11-P0306,Iddq,uA,5.8932,7.2428,7.7642,8.0242,50.0,0,none
L11,L11-P0307,Iddq,uA,6.5889,7.7483,8.2703,8.2747,50.0,0,none
L11,L11-P0308,Iddq,uA,6.8753,7.6897,7.8778,8.0359,50.0,0,none
L11,L11-P0309,Iddq,uA,7.1754,7.9697,8.2953,8.3671,50.0,0,none
L11,L11-P0310,Iddq,uA,5.5419,5.9415,6.0206,6.1519,50.0,0,none
L11,L11-P0311,Iddq,uA,5.2643,5.9827,6.3473,6.474,50.0,0,none
L11,L11-P0312,Iddq,uA,5.6263,6.1183,6.1841,6.3216,50.0,0,none
L11,L11-P0313,Iddq,uA,5.6263,6.4437,6.7794,6.933,50.0,0,none
L11,L11-P0314,Iddq,uA,7.5992,8.7123,9.3579,9.6562,50.0,0,none
L11,L11-P0315,Iddq,uA,7.4838,8.2455,8.57,8.7264,50.0,0,none
L11,L11-P0316,Iddq,uA,5.5879,5.9893,6.2755,6.3955,50.0,0,none
L11,L11-P0317,Iddq,uA,7.7517,9.072,9.6012,9.8426,50.0,0,none
L11,L11-P0318,Iddq,uA,65.7523,73.5799,76.877,78.2271,50.0,1,gross_fail
L11,L11-P0319,Iddq,uA,5.1925,5.8729,6.0968,6.2048,50.0,0,none
L11,L11-P0320,Iddq,uA,5.684,6.1605,6.2016,6.3331,50.0,0,none
L11,L11-P0321,Iddq,uA,5.1844,5.8157,6.0299,6.2416,50.0,0,none
L11,L11-P0322,Iddq,uA,6.146,6.9724,7.312,7.4444,50.0,0,none
L11,L11-P0323,Iddq,uA,6.3315,6.9513,7.0838,7.2084,50.0,0,none
L11,L11-P0324,Iddq,uA,6.2927,7.5811,7.9412,8.2652,50.0,0,none
L11,L11-P0325,Iddq,uA,5.0368,5.9863,6.4189,6.554,50.0,0,none
L11,L11-P0326,Iddq,uA,5.2935,7.2865,10.8001,13.9569,50.0,1,latent_linear
L11,L11-P0327,Iddq,uA,6.5215,7.6003,8.0766,8.1921,50.0,0,none
L11,L11-P0328,Iddq,uA,6.7123,8.1058,8.7413,9.136,50.0,0,none
L11,L11-P0329,Iddq,uA,4.9428,5.4625,5.5523,5.6918,50.0,0,none
L11,L11-P0330,Iddq,uA,5.3801,5.8897,6.0305,6.2701,50.0,0,none
L11,L11-P0331,Iddq,uA,7.0986,7.7778,8.0829,8.3378,50.0,0,none
L11,L11-P0332,Iddq,uA,5.4428,6.2193,6.4635,6.6788,50.0,0,none
L11,L11-P0333,Iddq,uA,6.2921,7.077,7.2255,7.3027,50.0,0,none
L11,L11-P0334,Iddq,uA,5.3618,5.8137,6.0042,6.1864,50.0,0,none
L11,L11-P0335,Iddq,uA,6.9687,7.8309,8.2138,8.1752,50.0,0,none
L11,L11-P0336,Iddq,uA,5.003,5.4834,5.7589,5.781,50.0,0,none
L11,L11-P0337,Iddq,uA,6.1419,6.9184,7.3411,7.5058,50.0,0,none
L11,L11-P0338,Iddq,uA,7.0693,7.9192,8.3589,8.4297,50.0,0,none
L11,L11-P0339,Iddq,uA,6.871,7.2898,7.3847,7.4836,50.0,0,none
L11,L11-P0340,Iddq,uA,6.0779,6.8701,7.182,7.3307,50.0,0,none
L11,L11-P0341,Iddq,uA,5.8487,6.9581,7.4073,7.7258,50.0,0,none
L11,L11-P0342,Iddq,uA,6.1256,6.9093,7.0818,7.227,50.0,0,none
L11,L11-P0343,Iddq,uA,5.525,6.3324,6.6449,6.8141,50.0,0,none
L11,L11-P0344,Iddq,uA,6.1681,6.8623,7.0573,7.2498,50.0,0,none
L11,L11-P0345,Iddq,uA,6.308,7.181,7.641,7.6955,50.0,0,none
L11,L11-P0346,Iddq,uA,5.8724,6.7225,6.7767,6.9439,50.0,0,none
L11,L11-P0347,Iddq,uA,7.1365,7.9361,8.2528,8.3902,50.0,0,none
L11,L11-P0348,Iddq,uA,5.496,6.348,6.4878,6.5554,50.0,0,none
L11,L11-P0349,Iddq,uA,5.2595,5.8097,6.2247,6.2583,50.0,0,none
L11,L11-P0350,Iddq,uA,5.9672,6.523,6.5726,6.7262,50.0,0,none
L11,L11-P0351,Iddq,uA,6.5244,6.8966,7.2654,7.3014,50.0,0,none
L11,L11-P0352,Iddq,uA,6.2337,7.0814,7.5878,7.7732,50.0,0,none
L11,L11-P0353,Iddq,uA,6.1966,7.1656,7.4875,7.6474,50.0,0,none
L11,L11-P0354,Iddq,uA,5.5377,6.1712,6.4314,6.5312,50.0,0,none
L11,L11-P0355,Iddq,uA,5.7364,6.5143,6.8083,7.1104,50.0,0,none
L11,L11-P0356,Iddq,uA,5.941,6.5947,7.0639,6.9416,50.0,0,none
L11,L11-P0357,Iddq,uA,5.9275,6.6398,6.9492,7.0299,50.0,0,none
L11,L11-P0358,Iddq,uA,7.2172,7.916,8.3602,8.4402,50.0,0,none
L11,L11-P0359,Iddq,uA,6.5094,7.186,7.6603,7.7321,50.0,0,none
L11,L11-P0360,Iddq,uA,5.8978,6.6297,6.9181,7.2671,50.0,0,none
L11,L11-P0361,Iddq,uA,79.347,97.9799,105.8283,109.0421,50.0,1,gross_fail
L11,L11-P0362,Iddq,uA,6.7423,7.66,8.0543,8.1741,50.0,0,none
L11,L11-P0363,Iddq,uA,5.4046,6.1708,6.4282,6.5656,50.0,0,none
L11,L11-P0364,Iddq,uA,4.2892,4.9828,5.144,5.2679,50.0,0,none
L11,L11-P0365,Iddq,uA,5.3434,5.711,5.8718,5.8454,50.0,0,none
L11,L11-P0366,Iddq,uA,6.8548,7.7953,8.0901,8.3028,50.0,0,none
L11,L11-P0367,Iddq,uA,6.9732,8.0653,8.6453,8.7873,50.0,0,none
L11,L11-P0368,Iddq,uA,5.1447,5.9078,6.1092,6.2439,50.0,0,none
L11,L11-P0369,Iddq,uA,6.7986,7.778,7.9745,8.2089,50.0,0,none
L11,L11-P0370,Iddq,uA,6.7741,7.4377,7.7257,7.9451,50.0,0,none
L11,L11-P0371,Iddq,uA,7.4401,8.2703,8.6333,8.5946,50.0,0,none
L11,L11-P0372,Iddq,uA,6.9345,7.6668,8.0981,8.2742,50.0,0,none
L11,L11-P0373,Iddq,uA,7.3662,8.524,9.2723,9.2844,50.0,0,none
L11,L11-P0374,Iddq,uA,6.6821,8.076,8.597,8.784,50.0,0,none
L11,L11-P0375,Iddq,uA,6.5669,7.9992,8.7967,8.9721,50.0,0,none
L11,L11-P0376,Iddq,uA,6.0309,6.6155,6.9512,7.0783,50.0,0,none
L11,L11-P0377,Iddq,uA,6.9774,7.6047,7.9214,8.1694,50.0,0,none
L11,L11-P0378,Iddq,uA,5.4697,5.9221,6.0943,6.2828,50.0,0,none
L11,L11-P0379,Iddq,uA,6.3255,6.6715,6.9827,7.1755,50.0,0,none
L11,L11-P0380,Iddq,uA,6.7533,7.3069,7.6071,7.7241,50.0,0,none
L11,L11-P0381,Iddq,uA,7.4008,8.255,8.6004,8.6578,50.0,0,none
L11,L11-P0382,Iddq,uA,5.9305,6.8642,7.2202,7.5137,50.0,0,none
L11,L11-P0383,Iddq,uA,7.0311,7.7965,8.0385,8.1285,50.0,0,none
L11,L11-P0384,Iddq,uA,6.2658,7.1795,7.5629,7.7282,50.0,0,none
L11,L11-P0385,Iddq,uA,7.1422,8.464,9.0461,9.1367,50.0,0,none
L11,L11-P0386,Iddq,uA,5.7377,6.5045,6.8213,6.8851,50.0,0,none
L11,L11-P0387,Iddq,uA,7.0014,8.0885,8.6326,8.8287,50.0,0,none
L11,L11-P0388,Iddq,uA,6.2813,6.6832,6.9586,7.2069,50.0,0,none
L11,L11-P0389,Iddq,uA,5.5814,6.0558,6.2561,6.2346,50.0,0,none
L11,L11-P0390,Iddq,uA,6.182,6.9897,7.3015,7.4412,50.0,0,none
L11,L11-P0391,Iddq,uA,7.4541,8.2671,8.771,8.8998,50.0,0,none
L11,L11-P0392,Iddq,uA,5.554,6.7386,7.1108,7.1777,50.0,0,none
L11,L11-P0393,Iddq,uA,5.3284,5.6886,5.9256,6.1265,50.0,0,none
L11,L11-P0394,Iddq,uA,6.659,7.3275,7.666,7.7539,50.0,0,none
L11,L11-P0395,Iddq,uA,5.1662,5.8351,5.9327,6.0965,50.0,0,none
L11,L11-P0396,Iddq,uA,7.6171,10.2773,9.6828,7.933,50.0,1,erratic
L11,L11-P0397,Iddq,uA,7.4567,8.2574,8.5009,8.5773,50.0,0,none
L11,L11-P0398,Iddq,uA,7.0849,7.9107,8.3188,8.3497,50.0,0,none
L11,L11-P0399,Iddq,uA,6.4027,6.9912,7.3441,7.5332,50.0,0,none
L11,L11-P0400,Iddq,uA,7.7049,9.1369,9.6952,10.0353,50.0,0,none
L11,L11-P0401,Iddq,uA,7.4962,8.1081,8.3346,8.34,50.0,0,none
L11,L11-P0402,Iddq,uA,5.9351,6.827,7.2372,7.3844,50.0,0,none
L11,L11-P0403,Iddq,uA,7.6311,8.7598,9.2259,9.4892,50.0,0,none
L11,L11-P0404,Iddq,uA,5.6397,6.3226,6.4147,6.5219,50.0,0,none
L11,L11-P0405,Iddq,uA,6.2062,7.0349,7.1979,7.3166,50.0,0,none
L11,L11-P0406,Iddq,uA,5.069,5.8699,6.1445,6.2136,50.0,0,none
L11,L11-P0407,Iddq,uA,6.4864,7.3142,7.6618,7.6943,50.0,0,none
L11,L11-P0408,Iddq,uA,6.0622,6.9895,7.1437,7.2268,50.0,0,none
L11,L11-P0409,Iddq,uA,5.9724,6.5849,6.8827,6.9657,50.0,0,none
L11,L11-P0410,Iddq,uA,6.1619,7.1949,7.5445,7.6046,50.0,0,none
L11,L11-P0411,Iddq,uA,5.8973,6.5721,6.8707,6.8014,50.0,0,none
L11,L11-P0412,Iddq,uA,6.3635,7.4335,9.9223,17.3821,50.0,1,accelerating
L11,L11-P0413,Iddq,uA,7.4524,8.3435,8.8736,8.7978,50.0,0,none
L11,L11-P0414,Iddq,uA,5.5825,6.4522,6.8545,7.0362,50.0,0,none
L11,L11-P0415,Iddq,uA,7.0196,8.4083,9.0628,9.3975,50.0,0,none
L11,L11-P0416,Iddq,uA,6.5653,7.0089,7.286,7.5354,50.0,0,none
L11,L11-P0417,Iddq,uA,6.5312,7.3329,7.8413,7.8732,50.0,0,none
L11,L11-P0418,Iddq,uA,6.2856,6.8783,6.9133,6.9813,50.0,0,none
L11,L11-P0419,Iddq,uA,5.904,6.9025,7.3904,7.5029,50.0,0,none
L11,L11-P0420,Iddq,uA,6.6652,7.4241,7.8403,8.0205,50.0,0,none
L11,L11-P0421,Iddq,uA,6.7446,7.543,7.8233,7.8156,50.0,0,none
L11,L11-P0422,Iddq,uA,5.743,6.4175,6.7901,6.8908,50.0,0,none
L11,L11-P0423,Iddq,uA,5.4007,6.1174,6.2173,6.4098,50.0,0,none
L11,L11-P0424,Iddq,uA,6.3591,7.0204,7.3002,7.3652,50.0,0,none
L11,L11-P0425,Iddq,uA,6.833,8.1328,8.6063,8.6699,50.0,0,none
L11,L11-P0426,Iddq,uA,7.1123,8.1937,8.7401,8.6794,50.0,0,none
L11,L11-P0427,Iddq,uA,7.3619,8.3134,8.7545,8.9471,50.0,0,none
L11,L11-P0428,Iddq,uA,6.6542,7.2652,7.5024,7.6717,50.0,0,none
L11,L11-P0429,Iddq,uA,6.1344,6.7247,6.9427,6.9925,50.0,0,none
L11,L11-P0430,Iddq,uA,6.4338,7.1527,7.4776,7.4448,50.0,0,none
L11,L11-P0431,Iddq,uA,5.4185,6.2547,6.6998,6.7705,50.0,0,none
L11,L11-P0432,Iddq,uA,5.8011,6.6636,6.9279,7.0224,50.0,0,none
L11,L11-P0433,Iddq,uA,6.2956,6.8444,7.1283,7.0399,50.0,0,none
L11,L11-P0434,Iddq,uA,6.075,7.0172,7.2844,7.4383,50.0,0,none
L11,L11-P0435,Iddq,uA,6.3998,7.0149,7.1414,7.2843,50.0,0,none
L11,L11-P0436,Iddq,uA,5.3577,5.8031,6.188,6.1942,50.0,0,none
L11,L11-P0437,Iddq,uA,5.5061,6.2267,6.3928,6.6731,50.0,0,none
L11,L11-P0438,Iddq,uA,7.014,7.5323,7.8025,7.8411,50.0,0,none
L11,L11-P0439,Iddq,uA,5.7785,6.1882,6.4522,6.5441,50.0,0,none
L11,L11-P0440,Iddq,uA,19.6229,23.6018,25.4692,25.5316,50.0,1,lot_outlier
L11,L11-P0441,Iddq,uA,6.4298,7.4864,8.1132,8.1853,50.0,0,none
L11,L11-P0442,Iddq,uA,5.8433,6.8853,7.7295,7.8739,50.0,0,none
L11,L11-P0443,Iddq,uA,7.1394,8.3957,8.5378,8.7594,50.0,0,none
L11,L11-P0444,Iddq,uA,5.3765,6.2238,6.5607,6.7556,50.0,0,none
L11,L11-P0445,Iddq,uA,6.4848,7.0113,7.1505,7.5227,50.0,0,none
L11,L11-P0446,Iddq,uA,20.9492,23.7488,24.2627,24.4737,50.0,1,lot_outlier
L11,L11-P0447,Iddq,uA,6.3815,7.4892,7.8407,8.1529,50.0,0,none
L11,L11-P0448,Iddq,uA,5.9504,7.1306,7.3776,7.5321,50.0,0,none
L11,L11-P0449,Iddq,uA,6.3622,7.2265,7.6403,7.7456,50.0,0,none
L11,L11-P0450,Iddq,uA,7.2406,8.0475,8.2801,8.3098,50.0,0,none
L11,L11-P0451,Iddq,uA,5.8757,6.6875,6.9304,7.1438,50.0,0,none
L11,L11-P0452,Iddq,uA,5.7656,6.4104,6.6158,6.6472,50.0,0,none
L11,L11-P0453,Iddq,uA,6.2199,5.2921,7.2794,6.7914,50.0,1,erratic
L11,L11-P0454,Iddq,uA,7.4783,8.9062,9.5843,9.8427,50.0,0,none
L11,L11-P0455,Iddq,uA,6.21,6.8651,6.9453,7.0225,50.0,0,none
L11,L11-P0456,Iddq,uA,7.2445,8.8879,9.807,10.0209,50.0,0,none
L11,L11-P0457,Iddq,uA,6.2383,7.1369,7.4059,7.693,50.0,0,none
L11,L11-P0458,Iddq,uA,7.2465,7.9587,8.3954,8.5065,50.0,0,none
L11,L11-P0459,Iddq,uA,6.652,7.5251,7.7971,7.9528,50.0,0,none
L11,L11-P0460,Iddq,uA,6.8527,7.4348,7.729,7.6939,50.0,0,none
L11,L11-P0461,Iddq,uA,5.5337,5.7773,6.0639,6.1544,50.0,0,none
L11,L11-P0462,Iddq,uA,5.3497,5.84,6.1707,6.2183,50.0,0,none
L11,L11-P0463,Iddq,uA,7.1145,8.0094,8.2308,8.4414,50.0,0,none
L11,L11-P0464,Iddq,uA,7.2234,7.9744,7.9941,8.1945,50.0,0,none
L11,L11-P0465,Iddq,uA,8.4367,9.3864,10.0369,9.9273,50.0,0,none
L11,L11-P0466,Iddq,uA,5.1679,5.7135,5.8969,5.9628,50.0,0,none
L11,L11-P0467,Iddq,uA,6.6569,7.54,10.7415,19.706,50.0,1,accelerating
L11,L11-P0468,Iddq,uA,5.5894,6.1839,6.1907,6.3611,50.0,0,none
L11,L11-P0469,Iddq,uA,5.7207,6.9826,7.326,7.6417,50.0,0,none
L11,L11-P0470,Iddq,uA,6.0771,6.7667,6.9437,7.2383,50.0,0,none
L11,L11-P0471,Iddq,uA,6.6546,7.6333,8.0799,8.249,50.0,0,none
L11,L11-P0472,Iddq,uA,5.8381,6.5005,6.7614,6.9203,50.0,0,none
L11,L11-P0473,Iddq,uA,6.3833,7.1358,7.5331,7.7988,50.0,0,none
L11,L11-P0474,Iddq,uA,6.9426,8.2008,8.5985,8.8984,50.0,0,none
L11,L11-P0475,Iddq,uA,7.183,8.0572,8.7047,8.7288,50.0,0,none
L11,L11-P0476,Iddq,uA,6.8553,8.1532,8.821,9.0338,50.0,0,none
L11,L11-P0477,Iddq,uA,6.7141,7.4226,7.7905,7.9631,50.0,0,none
L11,L11-P0478,Iddq,uA,6.3184,7.1292,7.4058,7.6538,50.0,0,none
L11,L11-P0479,Iddq,uA,5.9026,6.647,7.0165,7.2921,50.0,0,none
L11,L11-P0480,Iddq,uA,6.7488,7.3329,7.6778,7.6431,50.0,0,none
L11,L11-P0481,Iddq,uA,5.5053,6.2033,6.4984,6.6503,50.0,0,none
L11,L11-P0482,Iddq,uA,6.367,6.7122,6.864,7.1272,50.0,0,none
L11,L11-P0483,Iddq,uA,5.5031,6.0793,6.5113,6.683,50.0,0,none
L11,L11-P0484,Iddq,uA,6.2905,7.0041,7.2957,7.2252,50.0,0,none
L11,L11-P0485,Iddq,uA,5.63,6.257,6.5518,6.5074,50.0,0,none
L11,L11-P0486,Iddq,uA,5.9642,6.7586,6.9696,7.1063,50.0,0,none
L11,L11-P0487,Iddq,uA,5.7997,6.6652,6.915,7.1275,50.0,0,none
L11,L11-P0488,Iddq,uA,5.734,6.4277,6.5356,6.4501,50.0,0,none
L11,L11-P0489,Iddq,uA,6.2618,7.5914,8.0734,8.2448,50.0,0,none
L11,L11-P0490,Iddq,uA,4.7704,5.3557,5.7218,5.7439,50.0,0,none
L11,L11-P0491,Iddq,uA,5.0763,5.6343,5.81,5.8658,50.0,0,none
L11,L11-P0492,Iddq,uA,6.962,7.9773,8.3277,8.4384,50.0,0,none
L11,L11-P0493,Iddq,uA,6.4765,7.5876,7.9552,8.106,50.0,0,none
L11,L11-P0494,Iddq,uA,5.7347,6.6338,6.9341,7.0876,50.0,0,none
L11,L11-P0495,Iddq,uA,7.1807,7.8557,7.9068,7.9995,50.0,0,none
L11,L11-P0496,Iddq,uA,5.8717,7.1614,7.7176,8.1367,50.0,0,none
L11,L11-P0497,Iddq,uA,5.8455,6.7551,6.9992,7.2657,50.0,0,none
L11,L11-P0498,Iddq,uA,5.8316,6.3107,6.5009,6.5095,50.0,0,none
L11,L11-P0499,Iddq,uA,8.0318,8.9878,9.332,9.5831,50.0,0,none
L11,L11-P0500,Iddq,uA,6.5653,7.1367,7.4578,7.6513,50.0,0,none
L12,L12-P0001,Iddq,uA,7.4584,7.8925,8.07,8.0139,50.0,0,none
L12,L12-P0002,Iddq,uA,8.7424,9.4624,9.8733,10.2998,50.0,0,none
L12,L12-P0003,Iddq,uA,9.3868,10.1379,10.843,10.8364,50.0,0,none
L12,L12-P0004,Iddq,uA,7.3424,7.727,8.0077,8.2314,50.0,0,none
L12,L12-P0005,Iddq,uA,7.859,8.8745,9.3066,9.3716,50.0,0,none
L12,L12-P0006,Iddq,uA,8.8759,9.5176,9.8473,10.0932,50.0,0,none
L12,L12-P0007,Iddq,uA,8.5167,8.8639,15.2194,15.4585,50.0,1,step_jump
L12,L12-P0008,Iddq,uA,6.9625,7.2673,7.5505,7.7068,50.0,0,none
L12,L12-P0009,Iddq,uA,7.7352,8.998,9.5526,9.8584,50.0,0,none
L12,L12-P0010,Iddq,uA,8.0045,8.3811,8.7236,8.8253,50.0,0,none
L12,L12-P0011,Iddq,uA,8.0974,8.7792,9.0201,9.4314,50.0,0,none
L12,L12-P0012,Iddq,uA,8.2271,8.6914,9.0761,9.0901,50.0,0,none
L12,L12-P0013,Iddq,uA,10.1184,11.5295,12.1259,12.2539,50.0,0,none
L12,L12-P0014,Iddq,uA,7.9488,8.6188,8.7823,8.9644,50.0,0,none
L12,L12-P0015,Iddq,uA,6.6212,7.0418,7.3614,7.3585,50.0,0,none
L12,L12-P0016,Iddq,uA,8.4667,9.1166,9.5949,9.6128,50.0,0,none
L12,L12-P0017,Iddq,uA,10.3897,11.408,11.6936,11.699,50.0,0,none
L12,L12-P0018,Iddq,uA,8.1546,9.2368,9.2386,9.6589,50.0,0,none
L12,L12-P0019,Iddq,uA,7.7324,8.4549,8.7185,8.882,50.0,0,none
L12,L12-P0020,Iddq,uA,8.0017,9.3091,9.8,9.8734,50.0,0,none
L12,L12-P0021,Iddq,uA,9.0319,9.5931,9.8657,9.9124,50.0,0,none
L12,L12-P0022,Iddq,uA,8.086,8.5114,8.5614,8.9154,50.0,0,none
L12,L12-P0023,Iddq,uA,6.8237,7.2958,7.4956,7.5677,50.0,0,none
L12,L12-P0024,Iddq,uA,7.8346,8.3313,8.4933,8.5531,50.0,0,none
L12,L12-P0025,Iddq,uA,8.3244,8.7993,9.082,9.1535,50.0,0,none
L12,L12-P0026,Iddq,uA,8.8905,10.0221,10.3268,10.5574,50.0,0,none
L12,L12-P0027,Iddq,uA,7.6348,8.1777,8.2639,8.6077,50.0,0,none
L12,L12-P0028,Iddq,uA,8.0526,8.8137,8.9249,9.1891,50.0,0,none
L12,L12-P0029,Iddq,uA,8.3456,8.9899,9.1078,9.2359,50.0,0,none
L12,L12-P0030,Iddq,uA,7.4068,7.9644,8.2321,8.3324,50.0,0,none
L12,L12-P0031,Iddq,uA,8.0658,9.2341,9.7513,10.0624,50.0,0,none
L12,L12-P0032,Iddq,uA,8.7286,10.1957,10.6516,10.8946,50.0,0,none
L12,L12-P0033,Iddq,uA,7.0817,8.0458,8.5052,8.8076,50.0,0,none
L12,L12-P0034,Iddq,uA,8.561,9.0662,9.3892,9.4604,50.0,0,none
L12,L12-P0035,Iddq,uA,7.2264,7.7083,7.8023,7.8891,50.0,0,none
L12,L12-P0036,Iddq,uA,7.3215,8.4754,9.0632,9.3364,50.0,0,none
L12,L12-P0037,Iddq,uA,7.6972,8.1866,8.5705,8.7865,50.0,0,none
L12,L12-P0038,Iddq,uA,9.9113,10.4947,10.5602,10.7744,50.0,0,none
L12,L12-P0039,Iddq,uA,6.6875,7.4481,7.9856,8.0635,50.0,0,none
L12,L12-P0040,Iddq,uA,7.673,8.5313,8.8717,9.0154,50.0,0,none
L12,L12-P0041,Iddq,uA,8.3891,9.2498,9.4563,9.6019,50.0,0,none
L12,L12-P0042,Iddq,uA,9.5903,10.0923,10.3773,10.5354,50.0,0,none
L12,L12-P0043,Iddq,uA,10.8031,11.469,12.0139,12.1102,50.0,0,none
L12,L12-P0044,Iddq,uA,7.7826,8.689,9.2835,9.3002,50.0,0,none
L12,L12-P0045,Iddq,uA,8.8079,9.5094,9.8877,10.114,50.0,0,none
L12,L12-P0046,Iddq,uA,56.5907,64.3233,67.5804,68.9142,50.0,1,gross_fail
L12,L12-P0047,Iddq,uA,8.1957,8.6663,9.0382,8.9164,50.0,0,none
L12,L12-P0048,Iddq,uA,8.5312,9.3503,9.6488,9.8927,50.0,0,none
L12,L12-P0049,Iddq,uA,6.8248,7.9257,8.3268,8.4563,50.0,0,none
L12,L12-P0050,Iddq,uA,8.2205,8.8396,9.0143,9.1308,50.0,0,none
L12,L12-P0051,Iddq,uA,8.8293,9.6969,10.0932,10.1367,50.0,0,none
L12,L12-P0052,Iddq,uA,7.5461,8.1909,8.6726,8.7365,50.0,0,none
L12,L12-P0053,Iddq,uA,8.8875,9.7299,10.0031,10.3094,50.0,0,none
L12,L12-P0054,Iddq,uA,6.6592,7.3198,7.4472,7.633,50.0,0,none
L12,L12-P0055,Iddq,uA,8.3192,9.0079,9.2579,9.4504,50.0,0,none
L12,L12-P0056,Iddq,uA,9.7651,9.4851,14.2489,14.1159,50.0,1,erratic
L12,L12-P0057,Iddq,uA,8.0959,8.8586,9.0752,9.2719,50.0,0,none
L12,L12-P0058,Iddq,uA,7.2932,7.9314,7.9231,8.0392,50.0,0,none
L12,L12-P0059,Iddq,uA,6.8862,7.7792,8.1103,8.4382,50.0,0,none
L12,L12-P0060,Iddq,uA,8.6594,9.2696,9.5154,9.745,50.0,0,none
L12,L12-P0061,Iddq,uA,9.332,9.9091,10.0723,10.2935,50.0,0,none
L12,L12-P0062,Iddq,uA,8.1855,8.8963,9.1511,9.1207,50.0,0,none
L12,L12-P0063,Iddq,uA,7.9871,8.4399,8.645,8.7564,50.0,0,none
L12,L12-P0064,Iddq,uA,6.6381,7.1519,7.3357,7.3558,50.0,0,none
L12,L12-P0065,Iddq,uA,8.3832,8.8168,9.1741,9.3642,50.0,0,none
L12,L12-P0066,Iddq,uA,7.6553,8.4798,8.7284,8.9643,50.0,0,none
L12,L12-P0067,Iddq,uA,7.7258,8.5634,9.2451,9.6035,50.0,0,none
L12,L12-P0068,Iddq,uA,10.1475,10.89,11.4918,11.5451,50.0,0,none
L12,L12-P0069,Iddq,uA,6.5685,6.9293,7.2521,7.3114,50.0,0,none
L12,L12-P0070,Iddq,uA,6.7461,7.2941,7.3666,7.497,50.0,0,none
L12,L12-P0071,Iddq,uA,8.734,9.461,9.8257,9.8414,50.0,0,none
L12,L12-P0072,Iddq,uA,7.8716,8.2348,8.6359,8.4308,50.0,0,none
L12,L12-P0073,Iddq,uA,7.8438,8.3272,8.3572,8.6783,50.0,0,none
L12,L12-P0074,Iddq,uA,8.5669,8.9642,9.3255,9.3,50.0,0,none
L12,L12-P0075,Iddq,uA,8.5534,9.3606,9.6752,9.788,50.0,0,none
L12,L12-P0076,Iddq,uA,7.3974,8.6912,9.2449,9.4149,50.0,0,none
L12,L12-P0077,Iddq,uA,7.7052,8.1388,8.3454,8.6409,50.0,0,none
L12,L12-P0078,Iddq,uA,8.4248,9.3046,9.6356,9.7865,50.0,0,none
L12,L12-P0079,Iddq,uA,8.4218,9.1604,9.446,9.5655,50.0,0,none
L12,L12-P0080,Iddq,uA,8.8501,9.2836,9.7625,9.6938,50.0,0,none
L12,L12-P0081,Iddq,uA,7.7323,8.8142,9.3913,9.7633,50.0,0,none
L12,L12-P0082,Iddq,uA,8.5848,10.1202,10.7985,11.1248,50.0,0,none
L12,L12-P0083,Iddq,uA,9.3077,10.2478,10.7704,11.1202,50.0,0,none
L12,L12-P0084,Iddq,uA,8.3352,9.2168,9.6285,9.8103,50.0,0,none
L12,L12-P0085,Iddq,uA,8.3047,9.0004,9.3102,9.353,50.0,0,none
L12,L12-P0086,Iddq,uA,8.1152,8.7084,9.0092,9.2316,50.0,0,none
L12,L12-P0087,Iddq,uA,7.7955,8.54,8.8127,8.8668,50.0,0,none
L12,L12-P0088,Iddq,uA,7.4849,8.2189,8.5575,8.7779,50.0,0,none
L12,L12-P0089,Iddq,uA,7.9562,9.1645,9.6929,9.9054,50.0,0,none
L12,L12-P0090,Iddq,uA,8.686,9.376,9.8869,9.98,50.0,0,none
L12,L12-P0091,Iddq,uA,7.3566,8.217,8.4768,8.5482,50.0,0,none
L12,L12-P0092,Iddq,uA,8.1197,9.0057,9.4681,9.4247,50.0,0,none
L12,L12-P0093,Iddq,uA,8.1817,9.12,9.6657,9.7415,50.0,0,none
L12,L12-P0094,Iddq,uA,10.1397,12.3104,13.2651,13.7427,50.0,0,none
L12,L12-P0095,Iddq,uA,9.0774,10.2726,10.7028,11.1416,50.0,0,none
L12,L12-P0096,Iddq,uA,9.2099,10.0917,10.4585,10.6123,50.0,0,none
L12,L12-P0097,Iddq,uA,9.377,12.5036,18.9331,25.2907,50.0,1,latent_linear
L12,L12-P0098,Iddq,uA,7.6513,8.8852,9.2297,9.3477,50.0,0,none
L12,L12-P0099,Iddq,uA,9.8376,11.7485,12.6514,13.0885,50.0,0,none
L12,L12-P0100,Iddq,uA,8.5618,8.963,9.1345,9.1823,50.0,0,none
L12,L12-P0101,Iddq,uA,8.1072,9.1819,9.4951,9.8563,50.0,0,none
L12,L12-P0102,Iddq,uA,7.1044,7.484,7.5223,7.5608,50.0,0,none
L12,L12-P0103,Iddq,uA,7.9361,8.9029,9.3252,9.457,50.0,0,none
L12,L12-P0104,Iddq,uA,6.6928,7.4269,7.5248,7.7978,50.0,0,none
L12,L12-P0105,Iddq,uA,27.7389,29.3565,30.0701,30.9196,50.0,1,lot_outlier
L12,L12-P0106,Iddq,uA,7.7565,8.006,8.287,8.3902,50.0,0,none
L12,L12-P0107,Iddq,uA,7.741,8.5997,8.7432,9.133,50.0,0,none
L12,L12-P0108,Iddq,uA,6.9193,7.6327,8.057,7.9795,50.0,0,none
L12,L12-P0109,Iddq,uA,8.9272,9.6858,10.3937,10.5159,50.0,0,none
L12,L12-P0110,Iddq,uA,8.9168,9.521,10.0214,10.3399,50.0,0,none
L12,L12-P0111,Iddq,uA,10.2476,10.8805,11.4656,11.3228,50.0,0,none
L12,L12-P0112,Iddq,uA,10.1977,10.8945,11.5511,11.601,50.0,0,none
L12,L12-P0113,Iddq,uA,8.571,9.0032,9.4291,9.4542,50.0,0,none
L12,L12-P0114,Iddq,uA,9.4549,10.634,11.0511,11.1802,50.0,0,none
L12,L12-P0115,Iddq,uA,8.5075,9.4148,9.5172,10.0027,50.0,0,none
L12,L12-P0116,Iddq,uA,7.873,8.2768,8.5136,8.5165,50.0,0,none
L12,L12-P0117,Iddq,uA,7.9979,8.71,9.1792,9.2751,50.0,0,none
L12,L12-P0118,Iddq,uA,9.0125,10.1053,10.2782,10.5134,50.0,0,none
L12,L12-P0119,Iddq,uA,13.676,16.1233,16.9295,17.3031,50.0,0,none
L12,L12-P0120,Iddq,uA,9.6005,10.7516,11.6048,11.5298,50.0,0,none
L12,L12-P0121,Iddq,uA,8.5861,10.1622,13.8759,17.1526,50.0,1,latent_linear
L12,L12-P0122,Iddq,uA,8.8606,10.189,10.6241,10.782,50.0,0,none
L12,L12-P0123,Iddq,uA,8.6085,9.3235,9.5254,9.5752,50.0,0,none
L12,L12-P0124,Iddq,uA,8.3245,9.0737,9.1449,9.4629,50.0,0,none
L12,L12-P0125,Iddq,uA,9.0558,10.2476,10.58,10.7929,50.0,0,none
L12,L12-P0126,Iddq,uA,8.216,9.403,9.9766,10.0105,50.0,0,none
L12,L12-P0127,Iddq,uA,7.1981,8.5968,9.1135,9.2971,50.0,0,none
L12,L12-P0128,Iddq,uA,8.7534,9.9313,10.6086,10.6673,50.0,0,none
L12,L12-P0129,Iddq,uA,8.9413,10.0694,10.3409,10.3448,50.0,0,none
L12,L12-P0130,Iddq,uA,8.0934,8.9965,9.5148,9.7495,50.0,0,none
L12,L12-P0131,Iddq,uA,8.5855,9.457,9.8758,9.8791,50.0,0,none
L12,L12-P0132,Iddq,uA,9.2424,9.9653,10.4409,10.5359,50.0,0,none
L12,L12-P0133,Iddq,uA,8.3387,8.8407,9.1719,9.4848,50.0,0,none
L12,L12-P0134,Iddq,uA,7.7751,9.0395,9.7447,9.8109,50.0,0,none
L12,L12-P0135,Iddq,uA,7.5547,8.4355,8.8059,9.0341,50.0,0,none
L12,L12-P0136,Iddq,uA,7.9402,9.4254,10.1528,10.4996,50.0,0,none
L12,L12-P0137,Iddq,uA,9.9372,10.7953,11.0279,11.1563,50.0,0,none
L12,L12-P0138,Iddq,uA,8.0296,8.8408,9.1251,9.4129,50.0,0,none
L12,L12-P0139,Iddq,uA,8.5698,9.4451,10.2101,10.1572,50.0,0,none
L12,L12-P0140,Iddq,uA,7.9291,8.9211,9.171,9.4973,50.0,0,none
L12,L12-P0141,Iddq,uA,7.8733,8.6902,8.9763,9.1088,50.0,0,none
L12,L12-P0142,Iddq,uA,7.4408,8.4519,8.7428,8.7992,50.0,0,none
L12,L12-P0143,Iddq,uA,8.3365,9.3447,9.8917,9.8747,50.0,0,none
L12,L12-P0144,Iddq,uA,7.7862,8.1892,8.356,8.452,50.0,0,none
L12,L12-P0145,Iddq,uA,9.7438,10.9823,11.3075,11.345,50.0,0,none
L12,L12-P0146,Iddq,uA,8.449,9.3563,9.792,10.0472,50.0,0,none
L12,L12-P0147,Iddq,uA,8.2596,9.0905,9.5903,9.7384,50.0,0,none
L12,L12-P0148,Iddq,uA,8.1619,8.6283,8.6305,8.7914,50.0,0,none
L12,L12-P0149,Iddq,uA,8.8459,9.5278,9.6277,9.8473,50.0,0,none
L12,L12-P0150,Iddq,uA,10.1727,11.1454,11.5697,11.7595,50.0,0,none
L12,L12-P0151,Iddq,uA,66.5863,71.431,73.4717,74.3073,50.0,1,gross_fail
L12,L12-P0152,Iddq,uA,8.6152,9.7312,10.1679,10.4428,50.0,0,none
L12,L12-P0153,Iddq,uA,6.8385,7.8539,9.4369,13.7878,50.0,1,accelerating
L12,L12-P0154,Iddq,uA,9.6624,10.6983,11.1111,11.3638,50.0,0,none
L12,L12-P0155,Iddq,uA,8.1484,8.9825,9.2773,9.5775,50.0,0,none
L12,L12-P0156,Iddq,uA,6.8972,7.5881,7.8446,7.948,50.0,0,none
L12,L12-P0157,Iddq,uA,6.9624,7.6327,8.0243,8.1292,50.0,0,none
L12,L12-P0158,Iddq,uA,9.2135,9.879,10.0443,10.1015,50.0,0,none
L12,L12-P0159,Iddq,uA,6.7115,7.3011,7.4897,7.6959,50.0,0,none
L12,L12-P0160,Iddq,uA,8.5943,9.4476,9.6935,10.022,50.0,0,none
L12,L12-P0161,Iddq,uA,7.9754,8.8747,9.5127,9.6599,50.0,0,none
L12,L12-P0162,Iddq,uA,8.12,9.078,9.2245,9.6683,50.0,0,none
L12,L12-P0163,Iddq,uA,7.707,8.8478,9.1245,9.4011,50.0,0,none
L12,L12-P0164,Iddq,uA,7.3184,7.6651,7.9557,7.9966,50.0,0,none
L12,L12-P0165,Iddq,uA,7.8294,8.3278,8.6582,8.8116,50.0,0,none
L12,L12-P0166,Iddq,uA,8.9889,10.7829,11.1816,11.3009,50.0,0,none
L12,L12-P0167,Iddq,uA,7.9434,8.6581,8.7372,9.0585,50.0,0,none
L12,L12-P0168,Iddq,uA,8.7757,9.3967,9.5233,9.8889,50.0,0,none
L12,L12-P0169,Iddq,uA,7.9875,8.7618,9.029,9.0199,50.0,0,none
L12,L12-P0170,Iddq,uA,8.9436,10.387,25.5502,26.447,50.0,1,step_jump
L12,L12-P0171,Iddq,uA,8.8064,9.4175,9.6179,9.7563,50.0,0,none
L12,L12-P0172,Iddq,uA,7.6996,8.4331,8.9859,8.9775,50.0,0,none
L12,L12-P0173,Iddq,uA,7.3628,8.02,8.3652,8.659,50.0,0,none
L12,L12-P0174,Iddq,uA,9.3649,9.6738,10.0103,10.1785,50.0,0,none
L12,L12-P0175,Iddq,uA,7.4424,8.1637,8.5087,8.6131,50.0,0,none
L12,L12-P0176,Iddq,uA,8.7528,9.5487,9.8159,10.1393,50.0,0,none
L12,L12-P0177,Iddq,uA,8.3226,9.3069,9.7253,9.8344,50.0,0,none
L12,L12-P0178,Iddq,uA,7.7711,9.1132,9.6405,10.0165,50.0,0,none
L12,L12-P0179,Iddq,uA,8.8261,9.5786,9.8908,9.8802,50.0,0,none
L12,L12-P0180,Iddq,uA,9.7394,10.5949,11.1315,11.3602,50.0,0,none
L12,L12-P0181,Iddq,uA,9.0465,10.7655,11.7381,11.8015,50.0,0,none
L12,L12-P0182,Iddq,uA,8.3388,9.1008,9.4701,9.38,50.0,0,none
L12,L12-P0183,Iddq,uA,10.0115,10.8298,11.1821,10.8795,50.0,0,none
L12,L12-P0184,Iddq,uA,6.7834,7.5713,8.1377,8.0812,50.0,0,none
L12,L12-P0185,Iddq,uA,7.1058,7.9304,8.2635,8.2785,50.0,0,none
L12,L12-P0186,Iddq,uA,8.0156,8.5419,8.8759,9.0794,50.0,0,none
L12,L12-P0187,Iddq,uA,9.8923,11.7895,12.4338,12.9151,50.0,0,none
L12,L12-P0188,Iddq,uA,9.3984,10.0878,10.1204,10.3047,50.0,0,none
L12,L12-P0189,Iddq,uA,6.7225,7.2758,7.5108,7.4734,50.0,0,none
L12,L12-P0190,Iddq,uA,7.8603,8.415,8.5754,8.601,50.0,0,none
L12,L12-P0191,Iddq,uA,6.9044,7.7889,8.0649,8.3032,50.0,0,none
L12,L12-P0192,Iddq,uA,8.1374,8.8742,9.0733,9.4037,50.0,0,none
L12,L12-P0193,Iddq,uA,9.4151,10.1087,10.2293,10.364,50.0,0,none
L12,L12-P0194,Iddq,uA,9.4273,10.5495,10.9592,11.2133,50.0,0,none
L12,L12-P0195,Iddq,uA,8.7698,9.417,9.7409,9.8982,50.0,0,none
L12,L12-P0196,Iddq,uA,7.8533,8.3953,8.5736,8.7771,50.0,0,none
L12,L12-P0197,Iddq,uA,8.2852,8.9317,8.9662,9.0879,50.0,0,none
L12,L12-P0198,Iddq,uA,9.0685,10.308,13.137,20.8054,50.0,1,accelerating
L12,L12-P0199,Iddq,uA,11.2124,12.0365,12.2329,12.3303,50.0,0,none
L12,L12-P0200,Iddq,uA,7.2058,7.8203,8.11,8.2342,50.0,0,none
L12,L12-P0201,Iddq,uA,10.0269,11.6817,12.3541,12.4747,50.0,0,none
L12,L12-P0202,Iddq,uA,8.6273,9.5724,10.0166,9.9177,50.0,0,none
L12,L12-P0203,Iddq,uA,9.2329,9.8819,10.2233,10.375,50.0,0,none
L12,L12-P0204,Iddq,uA,8.4342,9.2647,9.6591,9.7394,50.0,0,none
L12,L12-P0205,Iddq,uA,9.7942,10.4433,10.6664,10.9893,50.0,0,none
L12,L12-P0206,Iddq,uA,8.5736,9.326,9.82,9.8953,50.0,0,none
L12,L12-P0207,Iddq,uA,7.7583,8.3109,8.4501,8.7376,50.0,0,none
L12,L12-P0208,Iddq,uA,8.7912,9.368,9.799,9.6559,50.0,0,none
L12,L12-P0209,Iddq,uA,9.6666,10.6117,11.1116,11.2169,50.0,0,none
L12,L12-P0210,Iddq,uA,8.242,8.6933,8.7457,9.0193,50.0,0,none
L12,L12-P0211,Iddq,uA,6.3941,6.7077,7.033,7.1632,50.0,0,none
L12,L12-P0212,Iddq,uA,8.1248,8.6711,9.076,9.1088,50.0,0,none
L12,L12-P0213,Iddq,uA,8.3905,9.1574,9.3957,9.624,50.0,0,none
L12,L12-P0214,Iddq,uA,8.2502,9.4412,9.9944,9.8397,50.0,0,none
L12,L12-P0215,Iddq,uA,7.8842,8.6735,9.1515,9.4204,50.0,0,none
L12,L12-P0216,Iddq,uA,9.7771,10.713,11.158,11.1654,50.0,0,none
L12,L12-P0217,Iddq,uA,6.2871,6.7378,7.1054,7.0676,50.0,0,none
L12,L12-P0218,Iddq,uA,8.4004,9.2741,9.4151,9.6457,50.0,0,none
L12,L12-P0219,Iddq,uA,8.489,9.5896,10.0658,10.4368,50.0,0,none
L12,L12-P0220,Iddq,uA,10.9633,11.5815,11.573,11.6855,50.0,0,none
L12,L12-P0221,Iddq,uA,8.2444,9.3352,9.568,9.7414,50.0,0,none
L12,L12-P0222,Iddq,uA,8.7163,9.4012,9.8763,9.9932,50.0,0,none
L12,L12-P0223,Iddq,uA,8.39,9.3372,9.5005,9.8592,50.0,0,none
L12,L12-P0224,Iddq,uA,8.5031,9.273,9.6037,10.0051,50.0,0,none
L12,L12-P0225,Iddq,uA,10.2522,11.7663,12.4536,12.2958,50.0,0,none
L12,L12-P0226,Iddq,uA,7.3022,8.1686,8.618,8.8845,50.0,0,none
L12,L12-P0227,Iddq,uA,36.1081,38.0522,38.9221,38.8758,50.0,1,lot_outlier
L12,L12-P0228,Iddq,uA,9.1158,10.2256,10.683,10.8727,50.0,0,none
L12,L12-P0229,Iddq,uA,8.5885,9.2981,9.6988,9.6638,50.0,0,none
L12,L12-P0230,Iddq,uA,8.0474,8.6857,8.9213,9.07,50.0,0,none
L12,L12-P0231,Iddq,uA,8.3021,9.5143,10.2615,10.3648,50.0,0,none
L12,L12-P0232,Iddq,uA,9.3216,10.371,10.852,11.1359,50.0,0,none
L12,L12-P0233,Iddq,uA,8.8951,9.6614,9.8273,10.0635,50.0,0,none
L12,L12-P0234,Iddq,uA,7.6227,8.5061,8.9498,9.0917,50.0,0,none
L12,L12-P0235,Iddq,uA,8.6715,9.4231,9.6497,9.7797,50.0,0,none
L12,L12-P0236,Iddq,uA,8.3258,9.0502,9.2466,9.397,50.0,0,none
L12,L12-P0237,Iddq,uA,8.9218,9.4823,9.7988,9.9585,50.0,0,none
L12,L12-P0238,Iddq,uA,7.9347,8.9432,9.0995,9.2872,50.0,0,none
L12,L12-P0239,Iddq,uA,7.2623,7.5418,7.9361,7.9626,50.0,0,none
L12,L12-P0240,Iddq,uA,9.0337,9.8076,10.2645,10.4592,50.0,0,none
L12,L12-P0241,Iddq,uA,8.9149,10.0783,10.2095,10.625,50.0,0,none
L12,L12-P0242,Iddq,uA,9.9046,10.8825,11.3007,11.3692,50.0,0,none
L12,L12-P0243,Iddq,uA,6.9202,8.2455,8.6465,8.9759,50.0,0,none
L12,L12-P0244,Iddq,uA,8.1484,9.0667,9.3271,9.468,50.0,0,none
L12,L12-P0245,Iddq,uA,8.0408,9.163,9.6579,9.9944,50.0,0,none
L12,L12-P0246,Iddq,uA,7.7734,8.8342,9.411,9.5623,50.0,0,none
L12,L12-P0247,Iddq,uA,6.9238,7.8452,8.1703,8.3613,50.0,0,none
L12,L12-P0248,Iddq,uA,7.2317,8.5546,8.9876,9.1932,50.0,0,none
L12,L12-P0249,Iddq,uA,8.621,9.0669,9.2248,9.2547,50.0,0,none
L12,L12-P0250,Iddq,uA,7.8652,8.6774,8.8283,9.023,50.0,0,none
L12,L12-P0251,Iddq,uA,7.5264,8.0661,8.4765,8.5354,50.0,0,none
L12,L12-P0252,Iddq,uA,9.8207,11.1062,11.2804,11.5466,50.0,0,none
L12,L12-P0253,Iddq,uA,11.0733,12.3256,12.7771,12.5032,50.0,0,none
L12,L12-P0254,Iddq,uA,8.226,9.0189,9.1352,9.3301,50.0,0,none
L12,L12-P0255,Iddq,uA,6.7506,7.2731,7.5498,7.5624,50.0,0,none
L12,L12-P0256,Iddq,uA,8.693,9.4278,9.9939,9.9408,50.0,0,none
L12,L12-P0257,Iddq,uA,6.4767,7.1251,7.5697,7.7005,50.0,0,none
L12,L12-P0258,Iddq,uA,6.9294,7.5238,7.7714,7.8745,50.0,0,none
L12,L12-P0259,Iddq,uA,8.6306,9.5416,9.7383,9.9232,50.0,0,none
L12,L12-P0260,Iddq,uA,7.0389,7.5446,7.6783,7.8999,50.0,0,none
L12,L12-P0261,Iddq,uA,8.0475,8.4936,8.7444,8.9753,50.0,0,none
L12,L12-P0262,Iddq,uA,6.9349,7.3742,7.6631,7.8996,50.0,0,none
L12,L12-P0263,Iddq,uA,8.2601,9.3062,9.7873,9.7869,50.0,0,none
L12,L12-P0264,Iddq,uA,9.4749,10.8975,11.5512,11.6708,50.0,0,none
L12,L12-P0265,Iddq,uA,7.7179,8.4079,10.6363,17.5362,50.0,1,accelerating
L12,L12-P0266,Iddq,uA,8.2195,8.8209,9.3493,9.5414,50.0,0,none
L12,L12-P0267,Iddq,uA,7.566,8.6329,8.9231,9.1491,50.0,0,none
L12,L12-P0268,Iddq,uA,7.562,8.0817,8.2484,8.3824,50.0,0,none
L12,L12-P0269,Iddq,uA,7.4173,8.6725,8.7255,9.1666,50.0,0,none
L12,L12-P0270,Iddq,uA,9.1934,9.9589,10.1207,10.1993,50.0,0,none
L12,L12-P0271,Iddq,uA,6.9845,7.8576,8.1123,8.3008,50.0,0,none
L12,L12-P0272,Iddq,uA,7.9216,8.69,9.0679,9.0503,50.0,0,none
L12,L12-P0273,Iddq,uA,8.8434,9.5282,10.0221,10.303,50.0,0,none
L12,L12-P0274,Iddq,uA,9.4874,10.7331,11.2144,11.796,50.0,0,none
L12,L12-P0275,Iddq,uA,8.7621,9.635,9.8743,10.0593,50.0,0,none
L12,L12-P0276,Iddq,uA,8.1767,9.4804,9.8257,10.0662,50.0,0,none
L12,L12-P0277,Iddq,uA,7.6628,8.3606,8.822,9.2133,50.0,0,none
L12,L12-P0278,Iddq,uA,9.2968,10.1278,10.2094,10.3483,50.0,0,none
L12,L12-P0279,Iddq,uA,7.432,8.2825,8.4854,8.3355,50.0,0,none
L12,L12-P0280,Iddq,uA,7.5019,8.0198,8.3337,8.5481,50.0,0,none
L12,L12-P0281,Iddq,uA,9.9822,10.5936,10.7432,10.85,50.0,0,none
L12,L12-P0282,Iddq,uA,8.8023,9.4744,10.2057,10.1084,50.0,0,none
L12,L12-P0283,Iddq,uA,8.7462,9.6779,10.0316,10.3689,50.0,0,none
L12,L12-P0284,Iddq,uA,8.9711,10.0166,10.465,10.8308,50.0,0,none
L12,L12-P0285,Iddq,uA,8.3815,9.5059,9.9154,9.9289,50.0,0,none
L12,L12-P0286,Iddq,uA,6.9646,7.8428,8.2196,8.2122,50.0,0,none
L12,L12-P0287,Iddq,uA,8.639,9.3856,9.4311,9.7068,50.0,0,none
L12,L12-P0288,Iddq,uA,8.2125,8.9648,9.1793,9.3538,50.0,0,none
L12,L12-P0289,Iddq,uA,7.4201,8.3834,8.8075,8.994,50.0,0,none
L12,L12-P0290,Iddq,uA,7.1855,8.0283,8.2316,8.4454,50.0,0,none
L12,L12-P0291,Iddq,uA,8.2534,8.9411,9.4025,9.4688,50.0,0,none
L12,L12-P0292,Iddq,uA,7.0021,7.5909,7.6793,7.8663,50.0,0,none
L12,L12-P0293,Iddq,uA,8.2681,8.9278,9.0644,9.1055,50.0,0,none
L12,L12-P0294,Iddq,uA,7.9697,8.7878,9.3722,9.5348,50.0,0,none
L12,L12-P0295,Iddq,uA,8.1842,8.4865,8.753,8.9822,50.0,0,none
L12,L12-P0296,Iddq,uA,8.7846,9.2113,9.6246,9.4126,50.0,0,none
L12,L12-P0297,Iddq,uA,8.7847,9.9092,10.4901,10.6399,50.0,0,none
L12,L12-P0298,Iddq,uA,7.5726,8.1827,8.3862,8.5894,50.0,0,none
L12,L12-P0299,Iddq,uA,9.3917,10.4466,10.8745,10.7609,50.0,0,none
L12,L12-P0300,Iddq,uA,8.0702,9.2647,9.8668,10.0111,50.0,0,none
L12,L12-P0301,Iddq,uA,10.3312,11.2376,11.3901,11.5175,50.0,0,none
L12,L12-P0302,Iddq,uA,7.7392,8.2032,8.3905,8.541,50.0,0,none
L12,L12-P0303,Iddq,uA,6.6845,7.3829,7.5988,7.6848,50.0,0,none
L12,L12-P0304,Iddq,uA,9.2896,10.0572,10.1657,10.5242,50.0,0,none
L12,L12-P0305,Iddq,uA,8.6321,9.6331,9.8337,9.9987,50.0,0,none
L12,L12-P0306,Iddq,uA,9.6637,10.6859,10.864,11.434,50.0,0,none
L12,L12-P0307,Iddq,uA,8.6969,9.5119,9.8817,10.0228,50.0,0,none
L12,L12-P0308,Iddq,uA,10.9613,11.9971,12.7686,12.9879,50.0,0,none
L12,L12-P0309,Iddq,uA,8.1515,9.1877,9.6706,9.8466,50.0,0,none
L12,L12-P0310,Iddq,uA,9.3963,10.5864,10.9905,11.1798,50.0,0,none
L12,L12-P0311,Iddq,uA,7.8549,8.5939,8.549,8.849,50.0,0,none
L12,L12-P0312,Iddq,uA,8.8029,9.9528,10.1147,10.1289,50.0,0,none
L12,L12-P0313,Iddq,uA,9.1146,9.6692,9.6291,9.8826,50.0,0,none
L12,L12-P0314,Iddq,uA,9.3604,10.3031,10.9298,11.1818,50.0,0,none
L12,L12-P0315,Iddq,uA,9.0233,9.9659,10.2142,10.521,50.0,0,none
L12,L12-P0316,Iddq,uA,5.4715,5.89,6.0691,6.1785,50.0,0,none
L12,L12-P0317,Iddq,uA,8.421,8.9303,9.1712,9.2835,50.0,0,none
L12,L12-P0318,Iddq,uA,7.6432,8.7503,9.0848,9.3496,50.0,0,none
L12,L12-P0319,Iddq,uA,7.8384,8.4652,8.7924,8.8457,50.0,0,none
L12,L12-P0320,Iddq,uA,7.8546,8.8598,9.1474,9.4798,50.0,0,none
L12,L12-P0321,Iddq,uA,9.48,10.3033,11.1156,11.2695,50.0,0,none
L12,L12-P0322,Iddq,uA,8.3881,9.4048,9.5404,9.9158,50.0,0,none
L12,L12-P0323,Iddq,uA,7.7333,8.2242,8.7727,8.553,50.0,0,none
L12,L12-P0324,Iddq,uA,6.8391,7.4867,7.7658,7.9668,50.0,0,none
L12,L12-P0325,Iddq,uA,10.0764,10.8009,10.996,10.879,50.0,0,none
L12,L12-P0326,Iddq,uA,7.6895,8.2897,8.4797,8.8213,50.0,0,none
L12,L12-P0327,Iddq,uA,8.2125,8.7976,9.0356,9.0051,50.0,0,none
L12,L12-P0328,Iddq,uA,10.94,11.9198,12.2397,12.3309,50.0,0,none
L12,L12-P0329,Iddq,uA,7.6755,8.2164,8.378,8.4465,50.0,0,none
L12,L12-P0330,Iddq,uA,8.0169,8.7647,9.2588,9.2752,50.0,0,none
L12,L12-P0331,Iddq,uA,8.5039,9.5044,10.1348,10.2905,50.0,0,none
L12,L12-P0332,Iddq,uA,6.7342,7.7634,8.0825,8.0965,50.0,0,none
L12,L12-P0333,Iddq,uA,6.7187,6.9992,7.3441,7.3332,50.0,0,none
L12,L12-P0334,Iddq,uA,7.8158,8.4101,8.6535,8.7888,50.0,0,none
L12,L12-P0335,Iddq,uA,7.8496,8.9648,9.2219,9.3893,50.0,0,none
L12,L12-P0336,Iddq,uA,8.3807,9.4598,9.7379,10.1235,50.0,0,none
L12,L12-P0337,Iddq,uA,7.2266,7.8435,8.0206,8.2862,50.0,0,none
L12,L12-P0338,Iddq,uA,8.7288,14.9749,16.0431,8.2878,50.0,1,erratic
L12,L12-P0339,Iddq,uA,6.3573,6.9464,7.1913,7.3045,50.0,0,none
L12,L12-P0340,Iddq,uA,8.1506,8.5801,8.9098,8.9058,50.0,0,none
L12,L12-P0341,Iddq,uA,8.724,9.7944,10.0018,10.152,50.0,0,none
L12,L12-P0342,Iddq,uA,8.6218,9.7829,10.3179,10.4466,50.0,0,none
L12,L12-P0343,Iddq,uA,8.3005,8.8493,9.1709,9.2139,50.0,0,none
L12,L12-P0344,Iddq,uA,75.8876,80.5644,82.5343,83.3409,50.0,1,gross_fail
L12,L12-P0345,Iddq,uA,8.0953,9.29,9.8553,9.9742,50.0,0,none
L12,L12-P0346,Iddq,uA,9.6829,10.6174,11.2043,11.2161,50.0,0,none
L12,L12-P0347,Iddq,uA,7.6897,8.6161,8.995,9.2174,50.0,0,none
L12,L12-P0348,Iddq,uA,9.3826,10.1235,10.2106,10.3773,50.0,0,none
L12,L12-P0349,Iddq,uA,9.5621,10.4039,10.4082,10.5223,50.0,0,none
L12,L12-P0350,Iddq,uA,6.673,7.3577,7.7014,7.8965,50.0,0,none
L12,L12-P0351,Iddq,uA,8.1774,9.2307,9.6332,9.7866,50.0,0,none
L12,L12-P0352,Iddq,uA,7.342,7.8286,8.1305,8.0432,50.0,0,none
L12,L12-P0353,Iddq,uA,6.9659,7.4825,7.7696,7.7831,50.0,0,none
L12,L12-P0354,Iddq,uA,9.2229,9.6158,9.9721,10.0553,50.0,0,none
L12,L12-P0355,Iddq,uA,8.7809,9.289,9.9797,9.7789,50.0,0,none
L12,L12-P0356,Iddq,uA,8.6026,9.2606,9.7456,9.7362,50.0,0,none
L12,L12-P0357,Iddq,uA,7.1816,8.0741,8.2535,8.4604,50.0,0,none
L12,L12-P0358,Iddq,uA,8.581,9.0853,9.042,9.147,50.0,0,none
L12,L12-P0359,Iddq,uA,7.058,7.8605,8.5497,8.5189,50.0,0,none
L12,L12-P0360,Iddq,uA,8.3433,9.1548,9.4522,9.485,50.0,0,none
L12,L12-P0361,Iddq,uA,7.7661,8.4744,9.0407,9.2666,50.0,0,none
L12,L12-P0362,Iddq,uA,9.3861,10.7079,10.8608,11.4088,50.0,0,none
L12,L12-P0363,Iddq,uA,7.9046,8.7721,9.1057,9.4452,50.0,0,none
L12,L12-P0364,Iddq,uA,8.4846,10.0457,10.5966,11.004,50.0,0,none
L12,L12-P0365,Iddq,uA,8.5345,9.1455,9.5454,9.5848,50.0,0,none
L12,L12-P0366,Iddq,uA,8.2834,9.1313,9.3397,9.5101,50.0,0,none
L12,L12-P0367,Iddq,uA,8.4809,8.7811,9.2378,9.3278,50.0,0,none
L12,L12-P0368,Iddq,uA,8.6553,9.3367,9.8515,9.8076,50.0,0,none
L12,L12-P0369,Iddq,uA,7.3767,8.2234,8.7507,8.6119,50.0,0,none
L12,L12-P0370,Iddq,uA,8.889,10.0335,10.3149,10.6817,50.0,0,none
L12,L12-P0371,Iddq,uA,9.2668,10.2004,10.46,10.7281,50.0,0,none
L12,L12-P0372,Iddq,uA,8.5902,9.3167,9.3773,9.5894,50.0,0,none
L12,L12-P0373,Iddq,uA,8.1162,8.7417,9.1125,9.2024,50.0,0,none
L12,L12-P0374,Iddq,uA,8.5215,9.0556,9.2979,9.4191,50.0,0,none
L12,L12-P0375,Iddq,uA,7.7125,8.5477,8.8407,8.8729,50.0,0,none
L12,L12-P0376,Iddq,uA,8.1644,9.1664,9.6004,9.5633,50.0,0,none
L12,L12-P0377,Iddq,uA,7.0865,7.9824,8.2996,8.4988,50.0,0,none
L12,L12-P0378,Iddq,uA,10.0075,11.3454,11.545,11.9728,50.0,0,none
L12,L12-P0379,Iddq,uA,10.4984,11.7774,11.9334,12.1005,50.0,0,none
L12,L12-P0380,Iddq,uA,7.6684,8.4471,8.8748,9.1485,50.0,0,none
L12,L12-P0381,Iddq,uA,9.1961,10.2438,10.3001,10.7119,50.0,0,none
L12,L12-P0382,Iddq,uA,9.949,10.8093,11.1852,11.318,50.0,0,none
L12,L12-P0383,Iddq,uA,7.3894,7.8215,7.9497,8.1268,50.0,0,none
L12,L12-P0384,Iddq,uA,6.3481,6.5452,6.8113,6.9077,50.0,0,none
L12,L12-P0385,Iddq,uA,10.1997,10.6789,10.6979,11.0665,50.0,0,none
L12,L12-P0386,Iddq,uA,8.3682,9.0584,9.4662,9.6635,50.0,0,none
L12,L12-P0387,Iddq,uA,7.9119,8.3089,8.642,8.6891,50.0,0,none
L12,L12-P0388,Iddq,uA,8.3649,8.9472,8.9567,9.1354,50.0,0,none
L12,L12-P0389,Iddq,uA,7.9229,8.4513,8.967,9.0454,50.0,0,none
L12,L12-P0390,Iddq,uA,12.0616,13.2599,13.8157,14.1286,50.0,0,none
L12,L12-P0391,Iddq,uA,7.7648,8.5328,8.8931,9.0811,50.0,0,none
L12,L12-P0392,Iddq,uA,8.5683,9.489,9.7208,9.8433,50.0,0,none
L12,L12-P0393,Iddq,uA,10.086,10.883,11.071,11.3069,50.0,0,none
L12,L12-P0394,Iddq,uA,9.8632,10.5387,10.9076,10.9831,50.0,0,none
L12,L12-P0395,Iddq,uA,9.6504,10.7529,11.2496,11.2928,50.0,0,none
L12,L12-P0396,Iddq,uA,8.0367,8.5613,9.0475,8.9441,50.0,0,none
L12,L12-P0397,Iddq,uA,8.0357,9.0734,9.2684,9.3855,50.0,0,none
L12,L12-P0398,Iddq,uA,6.2837,7.0587,7.405,7.6114,50.0,0,none
L12,L12-P0399,Iddq,uA,8.2085,9.0274,9.7829,9.7472,50.0,0,none
L12,L12-P0400,Iddq,uA,8.4368,9.0128,9.4044,9.6112,50.0,0,none
L12,L12-P0401,Iddq,uA,9.1895,9.866,10.2729,10.4254,50.0,0,none
L12,L12-P0402,Iddq,uA,26.0578,28.0093,29.0786,29.5327,50.0,1,lot_outlier
L12,L12-P0403,Iddq,uA,9.0806,9.6984,9.8307,9.7426,50.0,0,none
L12,L12-P0404,Iddq,uA,9.6756,10.7364,11.3454,11.3769,50.0,0,none
L12,L12-P0405,Iddq,uA,8.2429,9.0093,9.1038,9.299,50.0,0,none
L12,L12-P0406,Iddq,uA,59.1666,66.3794,69.4175,70.6615,50.0,1,gross_fail
L12,L12-P0407,Iddq,uA,8.5516,9.1458,9.4999,9.491,50.0,0,none
L12,L12-P0408,Iddq,uA,9.7257,10.9151,11.6695,11.8429,50.0,0,none
L12,L12-P0409,Iddq,uA,9.2438,10.262,10.689,10.835,50.0,0,none
L12,L12-P0410,Iddq,uA,8.8052,9.731,10.233,10.5984,50.0,0,none
L12,L12-P0411,Iddq,uA,6.8435,7.3473,7.6776,7.7563,50.0,0,none
L12,L12-P0412,Iddq,uA,9.4037,6.4907,16.4928,6.8904,50.0,1,erratic
L12,L12-P0413,Iddq,uA,8.7052,9.6071,9.744,9.9824,50.0,0,none
L12,L12-P0414,Iddq,uA,9.1355,9.8031,9.7881,9.7673,50.0,0,none
L12,L12-P0415,Iddq,uA,8.6453,9.2583,9.7607,9.7663,50.0,0,none
L12,L12-P0416,Iddq,uA,8.9169,9.3917,9.7623,9.5949,50.0,0,none
L12,L12-P0417,Iddq,uA,9.7818,10.5533,10.7696,10.9616,50.0,0,none
L12,L12-P0418,Iddq,uA,7.8434,8.7899,9.1262,9.258,50.0,0,none
L12,L12-P0419,Iddq,uA,8.8809,11.0479,15.7206,20.03,50.0,1,latent_linear
L12,L12-P0420,Iddq,uA,7.5641,8.2327,8.6018,8.6304,50.0,0,none
L12,L12-P0421,Iddq,uA,8.869,9.8652,10.0521,10.3599,50.0,0,none
L12,L12-P0422,Iddq,uA,8.3673,9.2835,9.5159,9.6482,50.0,0,none
L12,L12-P0423,Iddq,uA,7.5921,9.0992,9.8589,9.9058,50.0,0,none
L12,L12-P0424,Iddq,uA,8.4398,9.1893,9.4689,9.8996,50.0,0,none
L12,L12-P0425,Iddq,uA,7.8269,8.2891,8.544,8.6745,50.0,0,none
L12,L12-P0426,Iddq,uA,7.848,8.8262,9.333,9.6567,50.0,0,none
L12,L12-P0427,Iddq,uA,8.6479,9.9678,10.4033,10.3962,50.0,0,none
L12,L12-P0428,Iddq,uA,8.5824,9.2127,9.637,9.7533,50.0,0,none
L12,L12-P0429,Iddq,uA,6.5364,6.9977,7.072,7.232,50.0,0,none
L12,L12-P0430,Iddq,uA,8.7046,9.3669,9.619,9.6714,50.0,0,none
L12,L12-P0431,Iddq,uA,62.0208,66.8063,68.822,69.6474,50.0,1,gross_fail
L12,L12-P0432,Iddq,uA,7.8881,8.5797,8.9315,9.0154,50.0,0,none
L12,L12-P0433,Iddq,uA,7.1782,7.765,7.7528,7.9016,50.0,0,none
L12,L12-P0434,Iddq,uA,8.2637,8.8287,9.1113,9.3377,50.0,0,none
L12,L12-P0435,Iddq,uA,7.618,8.613,8.7152,8.8263,50.0,0,none
L12,L12-P0436,Iddq,uA,9.8659,10.7443,11.2594,11.2963,50.0,0,none
L12,L12-P0437,Iddq,uA,6.657,7.4803,7.6595,7.8975,50.0,0,none
L12,L12-P0438,Iddq,uA,7.1723,8.2331,8.412,8.5864,50.0,0,none
L12,L12-P0439,Iddq,uA,7.278,8.3796,8.8636,9.2081,50.0,0,none
L12,L12-P0440,Iddq,uA,8.6228,9.6116,10.2253,10.4218,50.0,0,none
L12,L12-P0441,Iddq,uA,9.5869,10.4574,10.9981,11.2104,50.0,0,none
L12,L12-P0442,Iddq,uA,8.8375,9.4103,9.7743,9.9616,50.0,0,none
L12,L12-P0443,Iddq,uA,7.172,7.761,8.2417,8.1383,50.0,0,none
L12,L12-P0444,Iddq,uA,7.7618,8.3041,8.4829,8.6635,50.0,0,none
L12,L12-P0445,Iddq,uA,7.5157,8.1805,8.7046,8.6795,50.0,0,none
L12,L12-P0446,Iddq,uA,8.8076,9.6512,10.0676,10.1893,50.0,0,none
L12,L12-P0447,Iddq,uA,7.8257,8.7299,9.2873,9.3269,50.0,0,none
L12,L12-P0448,Iddq,uA,7.0015,7.6902,8.0029,8.1466,50.0,0,none
L12,L12-P0449,Iddq,uA,9.1141,10.0052,10.6674,10.82,50.0,0,none
L12,L12-P0450,Iddq,uA,9.8374,11.013,11.6711,11.6024,50.0,0,none
L12,L12-P0451,Iddq,uA,8.0323,8.6264,8.9058,9.0137,50.0,0,none
L12,L12-P0452,Iddq,uA,8.3635,9.0162,9.3313,9.3488,50.0,0,none
L12,L12-P0453,Iddq,uA,6.8417,7.5022,7.8127,7.9027,50.0,0,none
L12,L12-P0454,Iddq,uA,6.5146,6.9434,7.1454,7.2034,50.0,0,none
L12,L12-P0455,Iddq,uA,6.6061,7.1313,7.3971,7.6345,50.0,0,none
L12,L12-P0456,Iddq,uA,8.246,8.9834,9.5289,9.6942,50.0,0,none
L12,L12-P0457,Iddq,uA,7.9944,8.5458,9.1302,9.1597,50.0,0,none
L12,L12-P0458,Iddq,uA,8.8634,9.8461,9.881,10.2392,50.0,0,none
L12,L12-P0459,Iddq,uA,8.0503,8.7998,8.9335,8.9335,50.0,0,none
L12,L12-P0460,Iddq,uA,9.5082,10.1795,10.9231,10.9072,50.0,0,none
L12,L12-P0461,Iddq,uA,9.2218,10.2352,10.7767,11.0925,50.0,0,none
L12,L12-P0462,Iddq,uA,7.8269,8.6037,9.0136,8.8694,50.0,0,none
L12,L12-P0463,Iddq,uA,7.2648,7.7974,8.0425,8.11,50.0,0,none
L12,L12-P0464,Iddq,uA,6.4921,7.3452,7.8819,7.871,50.0,0,none
L12,L12-P0465,Iddq,uA,9.7561,11.3635,12.1275,12.6585,50.0,0,none
L12,L12-P0466,Iddq,uA,7.2805,8.2377,8.5383,8.5753,50.0,0,none
L12,L12-P0467,Iddq,uA,6.6971,7.3637,7.6477,7.9327,50.0,0,none
L12,L12-P0468,Iddq,uA,8.3878,9.4516,10.0025,10.0292,50.0,0,none
L12,L12-P0469,Iddq,uA,6.876,7.5642,8.1558,7.9947,50.0,0,none
L12,L12-P0470,Iddq,uA,8.599,9.0775,9.5212,9.6733,50.0,0,none
L12,L12-P0471,Iddq,uA,7.9648,8.9639,9.4604,9.5922,50.0,0,none
L12,L12-P0472,Iddq,uA,9.3088,9.9475,10.2884,10.4059,50.0,0,none
L12,L12-P0473,Iddq,uA,9.2048,9.9378,10.085,10.2443,50.0,0,none
L12,L12-P0474,Iddq,uA,9.6184,10.3077,11.0971,11.0761,50.0,0,none
L12,L12-P0475,Iddq,uA,8.6608,9.4643,9.6675,9.8206,50.0,0,none
L12,L12-P0476,Iddq,uA,7.5659,8.403,16.5396,16.8488,50.0,1,step_jump
L12,L12-P0477,Iddq,uA,7.2016,8.2797,8.61,8.7481,50.0,0,none
L12,L12-P0478,Iddq,uA,7.7735,8.1863,8.3999,8.4507,50.0,0,none
L12,L12-P0479,Iddq,uA,10.5413,11.8932,12.1412,12.1219,50.0,0,none
L12,L12-P0480,Iddq,uA,8.0562,9.9068,13.0953,22.0472,50.0,1,accelerating
L12,L12-P0481,Iddq,uA,8.4271,9.0499,9.3487,9.4707,50.0,0,none
L12,L12-P0482,Iddq,uA,9.9057,10.7695,11.1782,11.2252,50.0,0,none
L12,L12-P0483,Iddq,uA,8.5882,9.1292,9.3258,9.2211,50.0,0,none
L12,L12-P0484,Iddq,uA,7.6169,8.2706,8.5519,8.6236,50.0,0,none
L12,L12-P0485,Iddq,uA,9.1077,10.2319,10.4184,10.6975,50.0,0,none
L12,L12-P0486,Iddq,uA,7.8352,8.7654,9.1393,9.3174,50.0,0,none
L12,L12-P0487,Iddq,uA,8.7718,9.1221,9.3653,9.5787,50.0,0,none
L12,L12-P0488,Iddq,uA,8.9823,9.5451,10.0699,10.1598,50.0,0,none
L12,L12-P0489,Iddq,uA,7.8634,8.6366,8.9179,9.0934,50.0,0,none
L12,L12-P0490,Iddq,uA,8.4403,9.385,9.7879,9.8033,50.0,0,none
L12,L12-P0491,Iddq,uA,10.1147,10.8302,11.2248,11.2508,50.0,0,none
L12,L12-P0492,Iddq,uA,7.576,8.4881,8.6342,8.8848,50.0,0,none
L12,L12-P0493,Iddq,uA,9.6182,10.5349,10.821,10.74,50.0,0,none
L12,L12-P0494,Iddq,uA,7.728,8.0279,8.2983,8.3284,50.0,0,none
L12,L12-P0495,Iddq,uA,10.2653,11.5032,12.0154,12.4618,50.0,0,none
L12,L12-P0496,Iddq,uA,7.5115,8.3634,8.4472,8.5702,50.0,0,none
L12,L12-P0497,Iddq,uA,7.9066,8.7544,9.1071,9.3188,50.0,0,none
L12,L12-P0498,Iddq,uA,10.11,10.6191,11.1218,11.167,50.0,0,none
L12,L12-P0499,Iddq,uA,10.0794,11.293,11.86,11.8749,50.0,0,none
L12,L12-P0500,Iddq,uA,9.2116,10.2082,10.785,11.1046,50.0,0,none
L13,L13-P0001,Iddq,uA,9.9993,10.3867,10.3843,10.3745,50.0,0,none
L13,L13-P0002,Iddq,uA,13.781,14.5332,14.8766,14.8339,50.0,0,none
L13,L13-P0003,Iddq,uA,15.1424,16.2917,16.9262,17.1847,50.0,0,none
L13,L13-P0004,Iddq,uA,12.4123,12.8938,13.1794,13.1635,50.0,0,none
L13,L13-P0005,Iddq,uA,12.5999,13.2857,13.0746,13.6453,50.0,0,none
L13,L13-P0006,Iddq,uA,18.7903,19.9534,20.4078,20.3468,50.0,0,none
L13,L13-P0007,Iddq,uA,15.4942,16.1555,16.5766,16.7086,50.0,0,none
L13,L13-P0008,Iddq,uA,17.0529,18.3177,18.5439,19.3695,50.0,0,none
L13,L13-P0009,Iddq,uA,8.6835,9.2169,9.4566,9.2908,50.0,0,none
L13,L13-P0010,Iddq,uA,14.7217,15.3112,15.4671,15.75,50.0,0,none
L13,L13-P0011,Iddq,uA,13.8172,14.4808,14.6556,15.1555,50.0,0,none
L13,L13-P0012,Iddq,uA,10.4245,10.9274,11.1941,10.9545,50.0,0,none
L13,L13-P0013,Iddq,uA,10.9216,11.5048,11.6795,11.9449,50.0,0,none
L13,L13-P0014,Iddq,uA,12.6647,13.7252,14.1987,14.4248,50.0,0,none
L13,L13-P0015,Iddq,uA,10.1955,10.6713,10.8982,10.9662,50.0,0,none
L13,L13-P0016,Iddq,uA,11.3947,12.2818,12.4029,12.5734,50.0,0,none
L13,L13-P0017,Iddq,uA,12.2182,12.6685,12.7765,13.1414,50.0,0,none
L13,L13-P0018,Iddq,uA,14.6536,15.7284,16.4192,16.5133,50.0,0,none
L13,L13-P0019,Iddq,uA,11.6434,11.7698,11.9395,12.1829,50.0,0,none
L13,L13-P0020,Iddq,uA,12.2796,12.8601,13.0291,13.1321,50.0,0,none
L13,L13-P0021,Iddq,uA,16.1132,16.5512,17.0623,16.9274,50.0,0,none
L13,L13-P0022,Iddq,uA,9.4332,10.1073,10.384,10.4553,50.0,0,none
L13,L13-P0023,Iddq,uA,13.6936,14.2532,14.8057,14.6426,50.0,0,none
L13,L13-P0024,Iddq,uA,14.4098,14.8015,15.5969,15.2238,50.0,0,none
L13,L13-P0025,Iddq,uA,14.4145,14.9033,15.2681,15.437,50.0,0,none
L13,L13-P0026,Iddq,uA,12.1836,13.1368,13.4906,13.6936,50.0,0,none
L13,L13-P0027,Iddq,uA,10.8017,11.4362,11.5309,11.771,50.0,0,none
L13,L13-P0028,Iddq,uA,17.6627,18.8538,19.2544,19.5352,50.0,0,none
L13,L13-P0029,Iddq,uA,11.2104,11.7683,12.3516,12.5099,50.0,0,none
L13,L13-P0030,Iddq,uA,10.7502,11.5287,11.5296,11.7617,50.0,0,none
L13,L13-P0031,Iddq,uA,13.3308,13.5531,13.7761,14.0918,50.0,0,none
L13,L13-P0032,Iddq,uA,11.483,12.1943,12.474,12.4815,50.0,0,none
L13,L13-P0033,Iddq,uA,16.1233,17.0121,17.2741,17.435,50.0,0,none
L13,L13-P0034,Iddq,uA,12.6003,13.1566,13.215,13.0467,50.0,0,none
L13,L13-P0035,Iddq,uA,16.3595,17.4618,17.4928,17.7258,50.0,0,none
L13,L13-P0036,Iddq,uA,14.7146,15.9099,16.0408,16.8684,50.0,0,none
L13,L13-P0037,Iddq,uA,12.3567,12.9111,13.1246,13.2963,50.0,0,none
L13,L13-P0038,Iddq,uA,16.338,16.8015,17.4038,17.2288,50.0,0,none
L13,L13-P0039,Iddq,uA,11.9608,12.3446,12.654,12.6856,50.0,0,none
L13,L13-P0040,Iddq,uA,12.5391,13.0646,13.1303,13.3679,50.0,0,none
L13,L13-P0041,Iddq,uA,14.6631,15.3703,15.5759,16.19,50.0,0,none
L13,L13-P0042,Iddq,uA,14.0101,14.5303,14.8351,14.8132,50.0,0,none
L13,L13-P0043,Iddq,uA,11.6545,12.0057,12.4408,12.9804,50.0,0,none
L13,L13-P0044,Iddq,uA,10.0652,10.4379,10.4476,10.7625,50.0,0,none
L13,L13-P0045,Iddq,uA,13.1865,14.4611,14.6754,14.9622,50.0,0,none
L13,L13-P0046,Iddq,uA,11.6817,12.3772,12.2965,12.3506,50.0,0,none
L13,L13-P0047,Iddq,uA,13.4807,13.7666,14.0253,14.3341,50.0,0,none
L13,L13-P0048,Iddq,uA,12.5211,12.9519,13.3497,13.5522,50.0,0,none
L13,L13-P0049,Iddq,uA,11.5448,11.7559,12.2172,12.2054,50.0,0,none
L13,L13-P0050,Iddq,uA,12.6654,13.6035,14.2597,14.1472,50.0,0,none
L13,L13-P0051,Iddq,uA,12.9479,17.2058,27.1489,37.7803,50.0,1,latent_linear
L13,L13-P0052,Iddq,uA,15.1045,16.1326,16.3318,16.5681,50.0,0,none
L13,L13-P0053,Iddq,uA,14.5033,15.6451,15.8123,15.9133,50.0,0,none
L13,L13-P0054,Iddq,uA,19.3022,20.6467,21.0008,20.3504,50.0,0,none
L13,L13-P0055,Iddq,uA,13.2997,14.219,14.4797,14.4709,50.0,0,none
L13,L13-P0056,Iddq,uA,11.6931,12.2088,12.4707,12.4482,50.0,0,none
L13,L13-P0057,Iddq,uA,12.8607,13.513,13.812,13.7853,50.0,0,none
L13,L13-P0058,Iddq,uA,14.7353,15.4084,15.4554,15.5412,50.0,0,none
L13,L13-P0059,Iddq,uA,16.2179,16.9304,17.3691,17.591,50.0,0,none
L13,L13-P0060,Iddq,uA,17.0734,17.6021,18.0261,18.3534,50.0,0,none
L13,L13-P0061,Iddq,uA,11.1254,11.2198,11.5241,11.4676,50.0,0,none
L13,L13-P0062,Iddq,uA,16.8452,17.4321,17.7766,18.1765,50.0,0,none
L13,L13-P0063,Iddq,uA,13.2182,13.751,14.0024,14.1718,50.0,0,none
L13,L13-P0064,Iddq,uA,11.0563,11.7215,11.6533,12.0075,50.0,0,none
L13,L13-P0065,Iddq,uA,12.7554,13.1055,13.412,13.6998,50.0,0,none
L13,L13-P0066,Iddq,uA,16.8499,17.3738,17.9041,17.6845,50.0,0,none
L13,L13-P0067,Iddq,uA,14.4143,15.062,15.5023,15.5501,50.0,0,none
L13,L13-P0068,Iddq,uA,10.5948,11.2193,11.7969,11.7269,50.0,0,none
L13,L13-P0069,Iddq,uA,10.6351,11.0656,11.5133,11.3018,50.0,0,none
L13,L13-P0070,Iddq,uA,10.6296,11.2239,11.5947,11.8401,50.0,0,none
L13,L13-P0071,Iddq,uA,11.3396,11.8948,11.9358,12.1546,50.0,0,none
L13,L13-P0072,Iddq,uA,13.557,14.1073,14.3976,14.6253,50.0,0,none
L13,L13-P0073,Iddq,uA,10.6083,11.3974,11.524,11.8111,50.0,0,none
L13,L13-P0074,Iddq,uA,12.0854,12.7359,12.9478,13.1033,50.0,0,none
L13,L13-P0075,Iddq,uA,17.4972,18.1137,18.1699,18.2904,50.0,0,none
L13,L13-P0076,Iddq,uA,18.1302,18.5746,19.1425,19.1635,50.0,0,none
L13,L13-P0077,Iddq,uA,17.7146,18.9595,19.1255,19.6274,50.0,0,none
L13,L13-P0078,Iddq,uA,9.6892,9.8534,9.9187,10.0976,50.0,0,none
L13,L13-P0079,Iddq,uA,17.9595,19.5275,19.5369,20.3052,50.0,0,none
L13,L13-P0080,Iddq,uA,13.4031,14.3051,14.2858,14.6019,50.0,0,none
L13,L13-P0081,Iddq,uA,13.3203,13.8599,14.4859,14.2392,50.0,0,none
L13,L13-P0082,Iddq,uA,15.9744,16.6714,34.0341,34.2398,50.0,1,step_jump
L13,L13-P0083,Iddq,uA,15.3334,15.754,16.4095,16.1877,50.0,0,none
L13,L13-P0084,Iddq,uA,9.278,10.0143,10.326,10.5121,50.0,0,none
L13,L13-P0085,Iddq,uA,11.7315,12.488,12.3963,12.8618,50.0,0,none
L13,L13-P0086,Iddq,uA,12.2552,12.751,12.9412,13.2263,50.0,0,none
L13,L13-P0087,Iddq,uA,10.3933,10.7577,10.8805,11.1202,50.0,0,none
L13,L13-P0088,Iddq,uA,16.2864,16.5355,16.5031,16.7446,50.0,0,none
L13,L13-P0089,Iddq,uA,17.4753,17.771,17.8944,17.9673,50.0,0,none
L13,L13-P0090,Iddq,uA,13.2554,13.4824,13.8744,13.9688,50.0,0,none
L13,L13-P0091,Iddq,uA,13.9705,14.5772,15.1773,14.9431,50.0,0,none
L13,L13-P0092,Iddq,uA,13.2644,14.2742,14.5854,14.9048,50.0,0,none
L13,L13-P0093,Iddq,uA,13.3658,14.2778,14.6908,15.4081,50.0,0,none
L13,L13-P0094,Iddq,uA,16.4456,17.0343,17.2621,17.2588,50.0,0,none
L13,L13-P0095,Iddq,uA,9.6313,9.7068,10.0692,10.1467,50.0,0,none
L13,L13-P0096,Iddq,uA,14.6842,14.8876,15.1174,15.2166,50.0,0,none
L13,L13-P0097,Iddq,uA,13.3687,13.6657,13.5866,14.0329,50.0,0,none
L13,L13-P0098,Iddq,uA,11.6417,12.1521,12.334,12.5672,50.0,0,none
L13,L13-P0099,Iddq,uA,12.1219,13.0549,12.9621,13.0442,50.0,0,none
L13,L13-P0100,Iddq,uA,18.57,19.6468,19.8033,20.2877,50.0,0,none
L13,L13-P0101,Iddq,uA,10.3057,10.8012,10.7381,11.0156,50.0,0,none
L13,L13-P0102,Iddq,uA,13.034,13.2595,13.6023,13.6547,50.0,0,none
L13,L13-P0103,Iddq,uA,18.1031,19.0341,19.3073,19.3543,50.0,0,none
L13,L13-P0104,Iddq,uA,10.5278,10.9493,11.3503,11.3382,50.0,0,none
L13,L13-P0105,Iddq,uA,12.1798,12.8773,12.9659,12.7389,50.0,0,none
L13,L13-P0106,Iddq,uA,13.2359,14.2325,14.3986,14.725,50.0,0,none
L13,L13-P0107,Iddq,uA,14.1647,15.0641,15.355,15.5266,50.0,0,none
L13,L13-P0108,Iddq,uA,12.9859,13.8508,14.2392,13.8244,50.0,0,none
L13,L13-P0109,Iddq,uA,11.2251,11.4164,11.6941,11.773,50.0,0,none
L13,L13-P0110,Iddq,uA,14.4208,15.0496,15.3683,15.3673,50.0,0,none
L13,L13-P0111,Iddq,uA,13.1096,13.3052,13.7744,13.2591,50.0,0,none
L13,L13-P0112,Iddq,uA,15.1562,15.9968,16.2649,16.6582,50.0,0,none
L13,L13-P0113,Iddq,uA,15.4959,16.5992,16.7846,16.9226,50.0,0,none
L13,L13-P0114,Iddq,uA,9.9268,10.2468,10.3111,10.2326,50.0,0,none
L13,L13-P0115,Iddq,uA,16.0939,16.774,17.3027,17.6941,50.0,0,none
L13,L13-P0116,Iddq,uA,12.7757,13.5664,13.9375,14.0806,50.0,0,none
L13,L13-P0117,Iddq,uA,15.39,16.1254,16.494,16.191,50.0,0,none
L13,L13-P0118,Iddq,uA,14.3563,15.142,15.423,15.6741,50.0,0,none
L13,L13-P0119,Iddq,uA,18.6857,19.9279,19.8974,19.8273,50.0,0,none
L13,L13-P0120,Iddq,uA,13.3072,13.5964,13.6568,13.7411,50.0,0,none
L13,L13-P0121,Iddq,uA,12.4353,13.1747,13.5795,14.0556,50.0,0,none
L13,L13-P0122,Iddq,uA,11.9792,12.793,12.8049,12.9053,50.0,0,none
L13,L13-P0123,Iddq,uA,11.0114,11.2905,11.7546,11.7677,50.0,0,none
L13,L13-P0124,Iddq,uA,15.5991,15.9493,16.3399,16.3579,50.0,0,none
L13,L13-P0125,Iddq,uA,10.8389,11.239,11.4966,11.7523,50.0,0,none
L13,L13-P0126,Iddq,uA,56.1006,58.9205,60.1083,60.5946,50.0,1,gross_fail
L13,L13-P0127,Iddq,uA,12.4191,13.0833,13.1987,13.5598,50.0,0,none
L13,L13-P0128,Iddq,uA,9.5259,10.4039,10.6786,10.8099,50.0,0,none
L13,L13-P0129,Iddq,uA,17.3261,18.7135,19.3366,18.9838,50.0,0,none
L13,L13-P0130,Iddq,uA,7.0252,7.468,7.615,7.7866,50.0,0,none
L13,L13-P0131,Iddq,uA,13.1633,13.723,14.0343,14.131,50.0,0,none
L13,L13-P0132,Iddq,uA,13.8701,14.3418,14.7608,14.5976,50.0,0,none
L13,L13-P0133,Iddq,uA,8.6062,9.0686,9.4799,9.6256,50.0,0,none
L13,L13-P0134,Iddq,uA,14.2795,15.2193,15.5172,15.905,50.0,0,none
L13,L13-P0135,Iddq,uA,11.8709,12.1427,12.0327,12.6411,50.0,0,none
L13,L13-P0136,Iddq,uA,12.6713,13.11,13.4168,13.3151,50.0,0,none
L13,L13-P0137,Iddq,uA,16.9609,17.5152,17.8794,18.0379,50.0,0,none
L13,L13-P0138,Iddq,uA,13.8537,14.3453,14.5438,14.809,50.0,0,none
L13,L13-P0139,Iddq,uA,12.3055,13.1633,13.2383,13.2752,50.0,0,none
L13,L13-P0140,Iddq,uA,12.7284,13.8169,14.061,14.2386,50.0,0,none
L13,L13-P0141,Iddq,uA,18.2048,19.6199,20.0937,20.4997,50.0,0,none
L13,L13-P0142,Iddq,uA,14.2768,14.6163,15.2374,15.1977,50.0,0,none
L13,L13-P0143,Iddq,uA,11.1271,11.8879,11.7897,12.1168,50.0,0,none
L13,L13-P0144,Iddq,uA,12.0476,12.4319,12.5684,12.8037,50.0,0,none
L13,L13-P0145,Iddq,uA,10.6623,11.1217,11.7439,11.5918,50.0,0,none
L13,L13-P0146,Iddq,uA,12.2397,12.6163,12.9484,12.9404,50.0,0,none
L13,L13-P0147,Iddq,uA,17.8424,23.5807,37.7862,49.0,50.0,1,latent_linear
L13,L13-P0148,Iddq,uA,12.9196,14.1157,14.2398,14.4281,50.0,0,none
L13,L13-P0149,Iddq,uA,10.1468,10.5369,10.8887,11.1912,50.0,0,none
L13,L13-P0150,Iddq,uA,14.7463,14.821,15.061,15.3254,50.0,0,none
L13,L13-P0151,Iddq,uA,12.3038,13.5429,14.1774,14.6949,50.0,0,none
L13,L13-P0152,Iddq,uA,14.9356,15.8799,15.6499,16.2606,50.0,0,none
L13,L13-P0153,Iddq,uA,12.5602,13.4624,13.658,13.6524,50.0,0,none
L13,L13-P0154,Iddq,uA,17.2697,18.5172,19.0392,19.4724,50.0,0,none
L13,L13-P0155,Iddq,uA,11.2325,11.8426,12.0742,11.8648,50.0,0,none
L13,L13-P0156,Iddq,uA,10.7168,11.2813,11.4554,11.6729,50.0,0,none
L13,L13-P0157,Iddq,uA,15.897,16.3637,16.7032,16.7785,50.0,0,none
L13,L13-P0158,Iddq,uA,9.0488,9.541,9.6066,9.8535,50.0,0,none
L13,L13-P0159,Iddq,uA,13.0304,13.4222,13.7839,13.7732,50.0,0,none
L13,L13-P0160,Iddq,uA,15.2613,16.3319,15.8665,16.3588,50.0,0,none
L13,L13-P0161,Iddq,uA,8.7272,9.3949,9.4587,9.7628,50.0,0,none
L13,L13-P0162,Iddq,uA,13.4361,13.8565,13.9454,14.4365,50.0,0,none
L13,L13-P0163,Iddq,uA,9.9414,10.5509,10.9696,11.0499,50.0,0,none
L13,L13-P0164,Iddq,uA,9.333,9.7561,9.7997,9.8398,50.0,0,none
L13,L13-P0165,Iddq,uA,10.9495,11.2749,11.3481,11.3825,50.0,0,none
L13,L13-P0166,Iddq,uA,12.7309,13.7613,13.627,13.9344,50.0,0,none
L13,L13-P0167,Iddq,uA,42.9033,45.3177,46.363,46.55,50.0,1,lot_outlier
L13,L13-P0168,Iddq,uA,16.4183,17.6513,18.4881,18.8612,50.0,0,none
L13,L13-P0169,Iddq,uA,13.4313,14.1255,14.4291,14.2567,50.0,0,none
L13,L13-P0170,Iddq,uA,11.9072,12.737,12.8992,13.0121,50.0,0,none
L13,L13-P0171,Iddq,uA,10.4397,10.8465,10.9291,11.4837,50.0,0,none
L13,L13-P0172,Iddq,uA,14.0073,14.9162,14.9492,15.2611,50.0,0,none
L13,L13-P0173,Iddq,uA,19.2734,20.7525,21.2157,21.2739,50.0,0,none
L13,L13-P0174,Iddq,uA,11.6901,12.2126,12.7197,12.619,50.0,0,none
L13,L13-P0175,Iddq,uA,11.591,12.2302,12.9601,12.7428,50.0,0,none
L13,L13-P0176,Iddq,uA,10.903,11.5487,11.9988,11.7201,50.0,0,none
L13,L13-P0177,Iddq,uA,16.7892,17.5633,17.6711,17.8776,50.0,0,none
L13,L13-P0178,Iddq,uA,15.7294,16.0289,16.6137,16.6472,50.0,0,none
L13,L13-P0179,Iddq,uA,12.2373,12.638,12.6573,12.9909,50.0,0,none
L13,L13-P0180,Iddq,uA,11.8611,12.4474,12.565,12.8229,50.0,0,none
L13,L13-P0181,Iddq,uA,11.1293,11.6597,12.0467,11.7924,50.0,0,none
L13,L13-P0182,Iddq,uA,12.5339,13.7481,14.4186,14.6289,50.0,0,none
L13,L13-P0183,Iddq,uA,16.0631,18.9924,26.3349,33.4373,50.0,1,latent_linear
L13,L13-P0184,Iddq,uA,13.3494,14.1788,14.3839,14.4109,50.0,0,none
L13,L13-P0185,Iddq,uA,16.5003,14.3833,15.6005,12.554,50.0,1,erratic
L13,L13-P0186,Iddq,uA,11.6291,12.2348,12.573,12.8377,50.0,0,none
L13,L13-P0187,Iddq,uA,8.6696,8.9332,9.0865,9.357,50.0,0,none
L13,L13-P0188,Iddq,uA,21.8787,22.1095,22.792,23.5395,50.0,0,none
L13,L13-P0189,Iddq,uA,13.7771,14.6684,14.3892,14.4984,50.0,0,none
L13,L13-P0190,Iddq,uA,15.2469,15.8026,16.0075,16.3567,50.0,0,none
L13,L13-P0191,Iddq,uA,11.465,11.7893,11.9961,12.3034,50.0,0,none
L13,L13-P0192,Iddq,uA,10.3789,10.7101,10.9783,10.8317,50.0,0,none
L13,L13-P0193,Iddq,uA,13.6969,14.3336,14.5754,14.7526,50.0,0,none
L13,L13-P0194,Iddq,uA,9.1234,9.3874,9.8339,9.828,50.0,0,none
L13,L13-P0195,Iddq,uA,12.5727,13.32,13.612,14.3975,50.0,0,none
L13,L13-P0196,Iddq,uA,16.0445,17.2936,17.4548,17.7545,50.0,0,none
L13,L13-P0197,Iddq,uA,14.3963,15.1149,15.3639,15.3195,50.0,0,none
L13,L13-P0198,Iddq,uA,13.7897,14.4063,14.3739,14.5937,50.0,0,none
L13,L13-P0199,Iddq,uA,18.3713,19.3496,19.9382,19.6972,50.0,0,none
L13,L13-P0200,Iddq,uA,14.2419,14.6162,15.2184,15.1422,50.0,0,none
L13,L13-P0201,Iddq,uA,9.2572,9.7685,9.9574,9.8372,50.0,0,none
L13,L13-P0202,Iddq,uA,13.0078,13.447,13.8577,13.9806,50.0,0,none
L13,L13-P0203,Iddq,uA,19.3449,19.4234,20.0629,19.7826,50.0,0,none
L13,L13-P0204,Iddq,uA,12.6858,13.3186,13.5144,13.4302,50.0,0,none
L13,L13-P0205,Iddq,uA,18.9222,19.5225,19.975,20.0937,50.0,0,none
L13,L13-P0206,Iddq,uA,15.7583,16.6527,17.4803,17.1956,50.0,0,none
L13,L13-P0207,Iddq,uA,12.3111,12.8957,13.0979,13.261,50.0,0,none
L13,L13-P0208,Iddq,uA,10.7926,11.0888,11.6502,11.836,50.0,0,none
L13,L13-P0209,Iddq,uA,13.9788,14.7734,15.3546,15.1282,50.0,0,none
L13,L13-P0210,Iddq,uA,16.9032,18.3297,17.9682,17.9908,50.0,0,none
L13,L13-P0211,Iddq,uA,9.958,10.4782,10.5488,10.5254,50.0,0,none
L13,L13-P0212,Iddq,uA,13.6532,14.2016,14.2746,14.6465,50.0,0,none
L13,L13-P0213,Iddq,uA,9.1821,9.4359,9.4684,9.3512,50.0,0,none
L13,L13-P0214,Iddq,uA,12.4295,12.6728,12.7948,13.2643,50.0,0,none
L13,L13-P0215,Iddq,uA,9.8455,9.9158,10.245,10.3351,50.0,0,none
L13,L13-P0216,Iddq,uA,14.7013,15.0157,15.6329,15.3009,50.0,0,none
L13,L13-P0217,Iddq,uA,11.4367,11.8341,12.198,12.1648,50.0,0,none
L13,L13-P0218,Iddq,uA,16.36,17.4968,17.8507,17.5404,50.0,0,none
L13,L13-P0219,Iddq,uA,12.0532,12.985,13.1708,13.3009,50.0,0,none
L13,L13-P0220,Iddq,uA,12.0134,12.3672,12.7153,12.894,50.0,0,none
L13,L13-P0221,Iddq,uA,9.8079,10.1815,10.3896,10.6156,50.0,0,none
L13,L13-P0222,Iddq,uA,14.3945,14.6763,14.7316,14.8211,50.0,0,none
L13,L13-P0223,Iddq,uA,14.6907,15.0482,15.9803,15.7231,50.0,0,none
L13,L13-P0224,Iddq,uA,15.6088,16.3231,16.359,16.5019,50.0,0,none
L13,L13-P0225,Iddq,uA,14.7786,15.6661,15.6624,16.0227,50.0,0,none
L13,L13-P0226,Iddq,uA,14.1882,14.7707,14.9573,15.1702,50.0,0,none
L13,L13-P0227,Iddq,uA,14.9699,15.2509,15.5477,15.3322,50.0,0,none
L13,L13-P0228,Iddq,uA,15.1703,16.3093,16.9193,16.7972,50.0,0,none
L13,L13-P0229,Iddq,uA,15.8552,16.1087,16.3715,16.495,50.0,0,none
L13,L13-P0230,Iddq,uA,10.0107,10.282,10.4753,10.5805,50.0,0,none
L13,L13-P0231,Iddq,uA,12.175,12.6111,13.0001,13.0159,50.0,0,none
L13,L13-P0232,Iddq,uA,9.8533,10.2022,10.5504,10.4501,50.0,0,none
L13,L13-P0233,Iddq,uA,13.9509,14.8676,33.9404,33.9224,50.0,1,step_jump
L13,L13-P0234,Iddq,uA,18.2867,18.6441,18.8708,19.1467,50.0,0,none
L13,L13-P0235,Iddq,uA,15.5557,16.7008,17.0251,17.0629,50.0,0,none
L13,L13-P0236,Iddq,uA,11.9126,12.4041,12.5392,12.7949,50.0,0,none
L13,L13-P0237,Iddq,uA,14.5152,14.7468,15.0844,15.1371,50.0,0,none
L13,L13-P0238,Iddq,uA,14.018,15.0945,15.2793,15.4755,50.0,0,none
L13,L13-P0239,Iddq,uA,13.9331,14.5023,14.5538,14.8569,50.0,0,none
L13,L13-P0240,Iddq,uA,10.2661,10.7368,10.7808,11.0892,50.0,0,none
L13,L13-P0241,Iddq,uA,17.0506,18.0796,17.9858,18.2825,50.0,0,none
L13,L13-P0242,Iddq,uA,10.4521,11.1311,11.2326,11.4447,50.0,0,none
L13,L13-P0243,Iddq,uA,12.3919,12.7763,13.1113,13.4563,50.0,0,none
L13,L13-P0244,Iddq,uA,15.9573,16.3692,17.081,17.0678,50.0,0,none
L13,L13-P0245,Iddq,uA,12.2359,12.6752,12.937,12.8962,50.0,0,none
L13,L13-P0246,Iddq,uA,13.2034,14.2902,14.5617,14.614,50.0,0,none
L13,L13-P0247,Iddq,uA,13.5287,14.2286,14.5828,14.6621,50.0,0,none
L13,L13-P0248,Iddq,uA,13.4567,13.9672,14.3181,14.5226,50.0,0,none
L13,L13-P0249,Iddq,uA,13.5568,14.0943,14.2386,14.6466,50.0,0,none
L13,L13-P0250,Iddq,uA,13.6883,14.9934,15.419,15.1079,50.0,0,none
L13,L13-P0251,Iddq,uA,13.2344,14.1342,14.5918,14.2021,50.0,0,none
L13,L13-P0252,Iddq,uA,11.434,12.0083,12.4764,12.8737,50.0,0,none
L13,L13-P0253,Iddq,uA,10.025,10.6597,11.0293,11.2314,50.0,0,none
L13,L13-P0254,Iddq,uA,16.1961,16.689,16.9801,17.4471,50.0,0,none
L13,L13-P0255,Iddq,uA,16.2106,16.9584,17.0497,17.3979,50.0,0,none
L13,L13-P0256,Iddq,uA,13.9822,14.8131,15.0631,15.1747,50.0,0,none
L13,L13-P0257,Iddq,uA,14.2246,14.5294,15.0174,15.0165,50.0,0,none
L13,L13-P0258,Iddq,uA,11.0895,11.5793,12.1957,12.055,50.0,0,none
L13,L13-P0259,Iddq,uA,8.3713,8.7944,9.2034,9.2824,50.0,0,none
L13,L13-P0260,Iddq,uA,12.7692,13.0617,13.34,13.2007,50.0,0,none
L13,L13-P0261,Iddq,uA,9.3184,9.8327,10.0924,9.9761,50.0,0,none
L13,L13-P0262,Iddq,uA,13.9954,14.8449,14.802,15.2109,50.0,0,none
L13,L13-P0263,Iddq,uA,16.6945,17.9229,17.916,18.4259,50.0,0,none
L13,L13-P0264,Iddq,uA,11.7646,12.5105,12.8079,12.9063,50.0,0,none
L13,L13-P0265,Iddq,uA,12.0894,12.6315,12.9539,13.0695,50.0,0,none
L13,L13-P0266,Iddq,uA,10.8604,11.902,12.1775,12.3182,50.0,0,none
L13,L13-P0267,Iddq,uA,13.0782,14.0732,14.4192,14.3813,50.0,0,none
L13,L13-P0268,Iddq,uA,13.1213,13.636,13.8903,14.2226,50.0,0,none
L13,L13-P0269,Iddq,uA,10.9363,11.9276,12.5672,12.3915,50.0,0,none
L13,L13-P0270,Iddq,uA,15.6908,16.855,16.8674,17.074,50.0,0,none
L13,L13-P0271,Iddq,uA,21.9831,22.9626,22.659,23.2167,50.0,0,none
L13,L13-P0272,Iddq,uA,16.5942,17.4421,18.1139,18.3737,50.0,0,none
L13,L13-P0273,Iddq,uA,13.0561,13.9453,13.9346,14.1868,50.0,0,none
L13,L13-P0274,Iddq,uA,13.0301,13.4466,13.8493,13.821,50.0,0,none
L13,L13-P0275,Iddq,uA,11.9078,12.56,12.5777,12.6711,50.0,0,none
L13,L13-P0276,Iddq,uA,11.9754,12.7159,13.0226,12.9687,50.0,0,none
L13,L13-P0277,Iddq,uA,15.8458,16.2902,16.8218,16.9096,50.0,0,none
L13,L13-P0278,Iddq,uA,16.0603,16.5205,16.6089,16.8774,50.0,0,none
L13,L13-P0279,Iddq,uA,10.6501,10.8744,11.4902,11.5656,50.0,0,none
L13,L13-P0280,Iddq,uA,14.1789,14.9155,15.0878,15.0064,50.0,0,none
L13,L13-P0281,Iddq,uA,16.6996,17.239,17.5985,17.5163,50.0,0,none
L13,L13-P0282,Iddq,uA,12.5672,12.9376,13.3737,13.6259,50.0,0,none
L13,L13-P0283,Iddq,uA,12.674,13.2336,13.3056,13.3553,50.0,0,none
L13,L13-P0284,Iddq,uA,15.0102,15.7006,16.1651,15.9731,50.0,0,none
L13,L13-P0285,Iddq,uA,15.2842,15.9401,15.9102,16.1803,50.0,0,none
L13,L13-P0286,Iddq,uA,14.3574,15.082,15.9632,15.866,50.0,0,none
L13,L13-P0287,Iddq,uA,14.0121,15.1578,16.1712,16.0335,50.0,0,none
L13,L13-P0288,Iddq,uA,14.549,14.9308,15.2367,15.6055,50.0,0,none
L13,L13-P0289,Iddq,uA,12.4814,13.2145,13.5383,13.6258,50.0,0,none
L13,L13-P0290,Iddq,uA,10.7659,10.9985,11.2076,11.1756,50.0,0,none
L13,L13-P0291,Iddq,uA,10.0076,10.5753,10.8666,11.0278,50.0,0,none
L13,L13-P0292,Iddq,uA,14.7908,15.8239,15.9672,15.9081,50.0,0,none
L13,L13-P0293,Iddq,uA,13.4969,14.1447,14.5994,14.6246,50.0,0,none
L13,L13-P0294,Iddq,uA,14.4708,15.0807,15.3556,15.2558,50.0,0,none
L13,L13-P0295,Iddq,uA,11.484,13.9653,19.1302,24.2724,50.0,1,latent_linear
L13,L13-P0296,Iddq,uA,13.5007,14.6655,14.951,15.337,50.0,0,none
L13,L13-P0297,Iddq,uA,13.7155,14.0456,14.7784,14.3526,50.0,0,none
L13,L13-P0298,Iddq,uA,17.1793,17.9461,18.3674,18.5963,50.0,0,none
L13,L13-P0299,Iddq,uA,15.4426,16.5705,16.5276,16.6785,50.0,0,none
L13,L13-P0300,Iddq,uA,11.3927,12.1693,12.469,12.5817,50.0,0,none
L13,L13-P0301,Iddq,uA,14.5602,16.3517,21.3456,25.5413,50.0,1,latent_linear
L13,L13-P0302,Iddq,uA,11.5791,11.9174,12.1769,12.0905,50.0,0,none
L13,L13-P0303,Iddq,uA,8.1108,8.3073,8.5378,8.6462,50.0,0,none
L13,L13-P0304,Iddq,uA,18.3644,19.0402,19.3595,19.0771,50.0,0,none
L13,L13-P0305,Iddq,uA,12.3871,12.9517,13.057,13.2957,50.0,0,none
L13,L13-P0306,Iddq,uA,16.3117,16.9218,17.4563,17.5392,50.0,0,none
L13,L13-P0307,Iddq,uA,11.487,12.2191,12.3331,12.5674,50.0,0,none
L13,L13-P0308,Iddq,uA,11.4841,11.9215,12.0664,12.2977,50.0,0,none
L13,L13-P0309,Iddq,uA,12.2736,12.1133,12.5778,12.5495,50.0,0,none
L13,L13-P0310,Iddq,uA,13.8539,14.353,14.5097,14.7265,50.0,0,none
L13,L13-P0311,Iddq,uA,13.6818,14.0723,14.8487,14.9424,50.0,0,none
L13,L13-P0312,Iddq,uA,14.4789,15.1674,15.5984,15.673,50.0,0,none
L13,L13-P0313,Iddq,uA,12.2558,12.7179,13.0143,13.1992,50.0,0,none
L13,L13-P0314,Iddq,uA,13.3246,14.1867,14.1351,14.3434,50.0,0,none
L13,L13-P0315,Iddq,uA,11.3864,12.2968,12.5418,12.6665,50.0,0,none
L13,L13-P0316,Iddq,uA,17.415,12.996,17.2847,12.97,50.0,1,erratic
L13,L13-P0317,Iddq,uA,10.3759,11.2561,11.5744,11.5751,50.0,0,none
L13,L13-P0318,Iddq,uA,11.2505,12.1741,12.1707,12.4555,50.0,0,none
L13,L13-P0319,Iddq,uA,12.1251,12.9769,13.2245,13.3689,50.0,0,none
L13,L13-P0320,Iddq,uA,20.6946,22.4507,23.1451,22.9931,50.0,0,none
L13,L13-P0321,Iddq,uA,15.2577,16.0169,16.3841,17.0166,50.0,0,none
L13,L13-P0322,Iddq,uA,11.1427,11.6817,11.9311,11.6782,50.0,0,none
L13,L13-P0323,Iddq,uA,15.2882,16.287,16.8262,17.1599,50.0,0,none
L13,L13-P0324,Iddq,uA,14.7677,15.1415,15.4344,15.595,50.0,0,none
L13,L13-P0325,Iddq,uA,13.8561,14.762,15.0763,14.7288,50.0,0,none
L13,L13-P0326,Iddq,uA,15.2152,15.8918,16.2309,16.5125,50.0,0,none
L13,L13-P0327,Iddq,uA,13.1773,14.1415,14.6912,14.5168,50.0,0,none
L13,L13-P0328,Iddq,uA,13.6723,14.5621,14.809,14.8895,50.0,0,none
L13,L13-P0329,Iddq,uA,9.8952,10.1879,10.3134,10.4415,50.0,0,none
L13,L13-P0330,Iddq,uA,17.1238,19.2305,19.4641,19.9884,50.0,0,none
L13,L13-P0331,Iddq,uA,12.2116,12.8039,13.4412,13.5437,50.0,0,none
L13,L13-P0332,Iddq,uA,10.3589,10.942,11.1531,10.974,50.0,0,none
L13,L13-P0333,Iddq,uA,11.8192,12.3799,12.4915,12.5954,50.0,0,none
L13,L13-P0334,Iddq,uA,12.0054,12.9226,13.1468,13.5483,50.0,0,none
L13,L13-P0335,Iddq,uA,11.4396,11.9161,11.7907,11.9854,50.0,0,none
L13,L13-P0336,Iddq,uA,15.3728,16.3606,16.5727,16.7574,50.0,0,none
L13,L13-P0337,Iddq,uA,15.8658,16.9287,17.8031,17.6584,50.0,0,none
L13,L13-P0338,Iddq,uA,9.1946,9.4336,9.5865,9.7473,50.0,0,none
L13,L13-P0339,Iddq,uA,12.1859,12.4863,12.686,12.6908,50.0,0,none
L13,L13-P0340,Iddq,uA,12.001,12.7754,12.9008,13.0794,50.0,0,none
L13,L13-P0341,Iddq,uA,12.868,13.1778,13.5286,13.4028,50.0,0,none
L13,L13-P0342,Iddq,uA,18.3108,19.1963,19.9075,19.5942,50.0,0,none
L13,L13-P0343,Iddq,uA,11.2424,11.9531,12.3345,12.0236,50.0,0,none
L13,L13-P0344,Iddq,uA,17.9412,18.8048,19.0713,19.4015,50.0,0,none
L13,L13-P0345,Iddq,uA,12.8155,13.2292,13.3341,13.7784,50.0,0,none
L13,L13-P0346,Iddq,uA,17.7164,18.8396,19.5402,19.576,50.0,0,none
L13,L13-P0347,Iddq,uA,12.3245,13.0514,13.3482,13.2952,50.0,0,none
L13,L13-P0348,Iddq,uA,12.1409,12.8106,13.1989,13.4624,50.0,0,none
L13,L13-P0349,Iddq,uA,44.5617,44.9349,45.5481,46.55,50.0,1,lot_outlier
L13,L13-P0350,Iddq,uA,16.8333,18.5169,18.7203,19.1944,50.0,0,none
L13,L13-P0351,Iddq,uA,13.7216,14.3299,27.0462,27.2446,50.0,1,step_jump
L13,L13-P0352,Iddq,uA,13.8583,14.7082,15.0032,14.797,50.0,0,none
L13,L13-P0353,Iddq,uA,14.9902,24.3157,14.3133,12.4063,50.0,1,erratic
L13,L13-P0354,Iddq,uA,11.4449,11.5935,12.0101,11.7098,50.0,0,none
L13,L13-P0355,Iddq,uA,14.3091,15.0682,15.4018,15.7359,50.0,0,none
L13,L13-P0356,Iddq,uA,11.7207,12.4322,12.4501,12.4783,50.0,0,none
L13,L13-P0357,Iddq,uA,17.2531,18.5388,18.7821,18.6115,50.0,0,none
L13,L13-P0358,Iddq,uA,14.4313,14.9338,15.0983,15.3965,50.0,0,none
L13,L13-P0359,Iddq,uA,15.0152,15.9306,16.8218,16.992,50.0,0,none
L13,L13-P0360,Iddq,uA,9.0004,9.276,9.3409,9.5058,50.0,0,none
L13,L13-P0361,Iddq,uA,15.0172,16.1294,16.4067,16.385,50.0,0,none
L13,L13-P0362,Iddq,uA,12.9024,13.3306,13.5231,13.6401,50.0,0,none
L13,L13-P0363,Iddq,uA,10.317,10.879,11.0597,11.3095,50.0,0,none
L13,L13-P0364,Iddq,uA,13.6243,14.8443,15.3021,15.515,50.0,0,none
L13,L13-P0365,Iddq,uA,9.8761,10.3973,10.4811,10.5672,50.0,0,none
L13,L13-P0366,Iddq,uA,14.973,15.8888,15.9957,16.0472,50.0,0,none
L13,L13-P0367,Iddq,uA,17.3584,18.3095,18.4858,18.578,50.0,0,none
L13,L13-P0368,Iddq,uA,9.5112,9.963,10.4081,10.3833,50.0,0,none
L13,L13-P0369,Iddq,uA,13.2473,13.6806,14.1118,14.1081,50.0,0,none
L13,L13-P0370,Iddq,uA,12.7191,13.6343,14.3271,13.8359,50.0,0,none
L13,L13-P0371,Iddq,uA,9.154,9.4314,9.8251,9.8377,50.0,0,none
L13,L13-P0372,Iddq,uA,15.786,17.3947,17.9026,18.1151,50.0,0,none
L13,L13-P0373,Iddq,uA,14.8317,15.236,15.3755,15.5125,50.0,0,none
L13,L13-P0374,Iddq,uA,19.0361,20.6514,21.2884,20.9666,50.0,0,none
L13,L13-P0375,Iddq,uA,14.735,15.2376,15.4574,15.611,50.0,0,none
L13,L13-P0376,Iddq,uA,11.2634,11.7004,12.082,12.038,50.0,0,none
L13,L13-P0377,Iddq,uA,14.4566,15.3718,15.5874,15.7757,50.0,0,none
L13,L13-P0378,Iddq,uA,16.8738,17.4701,18.3176,18.3426,50.0,0,none
L13,L13-P0379,Iddq,uA,12.0858,12.7817,13.1293,13.1808,50.0,0,none
L13,L13-P0380,Iddq,uA,15.864,16.372,16.9666,16.6872,50.0,0,none
L13,L13-P0381,Iddq,uA,8.4337,9.3812,9.4743,9.5227,50.0,0,none
L13,L13-P0382,Iddq,uA,17.4876,18.0886,17.8783,18.0708,50.0,0,none
L13,L13-P0383,Iddq,uA,15.1342,16.6243,17.4164,17.3288,50.0,0,none
L13,L13-P0384,Iddq,uA,8.132,9.0159,9.3868,9.6645,50.0,0,none
L13,L13-P0385,Iddq,uA,14.3105,14.7442,14.8343,14.8076,50.0,0,none
L13,L13-P0386,Iddq,uA,9.0733,9.6298,9.9319,9.7597,50.0,0,none
L13,L13-P0387,Iddq,uA,11.7135,12.5451,13.1575,13.1904,50.0,0,none
L13,L13-P0388,Iddq,uA,15.1542,15.9397,16.5231,16.5376,50.0,0,none
L13,L13-P0389,Iddq,uA,12.7371,14.0891,14.3858,14.5225,50.0,0,none
L13,L13-P0390,Iddq,uA,16.8413,17.4394,18.1498,18.1186,50.0,0,none
L13,L13-P0391,Iddq,uA,13.4081,13.9363,14.0154,13.9613,50.0,0,none
L13,L13-P0392,Iddq,uA,13.1634,13.7532,14.3843,14.6885,50.0,0,none
L13,L13-P0393,Iddq,uA,16.1794,17.0209,17.731,18.0432,50.0,0,none
L13,L13-P0394,Iddq,uA,12.3663,13.4994,13.8721,13.7962,50.0,0,none
L13,L13-P0395,Iddq,uA,13.1113,13.8538,13.6214,13.7592,50.0,0,none
L13,L13-P0396,Iddq,uA,13.8063,13.9083,14.3703,14.1099,50.0,0,none
L13,L13-P0397,Iddq,uA,13.1208,13.8832,13.9335,14.1216,50.0,0,none
L13,L13-P0398,Iddq,uA,16.6165,17.5127,18.5793,18.5625,50.0,0,none
L13,L13-P0399,Iddq,uA,11.6686,12.5902,13.2538,13.1131,50.0,0,none
L13,L13-P0400,Iddq,uA,11.3034,11.9303,11.812,12.0446,50.0,0,none
L13,L13-P0401,Iddq,uA,10.8841,11.2564,11.3509,11.6176,50.0,0,none
L13,L13-P0402,Iddq,uA,8.943,9.8214,10.1914,10.6185,50.0,0,none
L13,L13-P0403,Iddq,uA,17.6172,18.1695,18.7063,18.7026,50.0,0,none
L13,L13-P0404,Iddq,uA,11.4102,11.9442,11.9744,12.1748,50.0,0,none
L13,L13-P0405,Iddq,uA,12.6118,13.2607,13.4025,13.383,50.0,0,none
L13,L13-P0406,Iddq,uA,17.875,18.9397,19.1448,19.3742,50.0,0,none
L13,L13-P0407,Iddq,uA,12.7968,13.3285,13.534,13.7583,50.0,0,none
L13,L13-P0408,Iddq,uA,14.6502,15.1071,15.3295,15.1784,50.0,0,none
L13,L13-P0409,Iddq,uA,10.3319,10.3841,10.832,10.8657,50.0,0,none
L13,L13-P0410,Iddq,uA,17.2004,17.9459,18.1222,18.484,50.0,0,none
L13,L13-P0411,Iddq,uA,12.8012,13.5819,13.6832,13.8149,50.0,0,none
L13,L13-P0412,Iddq,uA,10.92,11.5593,11.897,11.9391,50.0,0,none
L13,L13-P0413,Iddq,uA,11.065,12.0126,12.3156,12.5224,50.0,0,none
L13,L13-P0414,Iddq,uA,18.5878,18.6799,19.4619,19.6813,50.0,0,none
L13,L13-P0415,Iddq,uA,11.9404,12.5486,12.7137,12.5209,50.0,0,none
L13,L13-P0416,Iddq,uA,10.9798,11.5984,11.6866,12.1766,50.0,0,none
L13,L13-P0417,Iddq,uA,12.3318,12.6946,12.6995,12.9908,50.0,0,none
L13,L13-P0418,Iddq,uA,13.2251,13.8803,13.596,14.2034,50.0,0,none
L13,L13-P0419,Iddq,uA,13.5948,14.3081,14.9287,15.0889,50.0,0,none
L13,L13-P0420,Iddq,uA,62.4767,65.5416,66.8325,67.3612,50.0,1,gross_fail
L13,L13-P0421,Iddq,uA,13.832,14.6294,14.6689,15.0216,50.0,0,none
L13,L13-P0422,Iddq,uA,14.8677,15.5876,15.5645,15.7261,50.0,0,none
L13,L13-P0423,Iddq,uA,12.6413,13.3538,13.1218,13.4003,50.0,0,none
L13,L13-P0424,Iddq,uA,19.3811,19.7714,20.2304,20.7868,50.0,0,none
L13,L13-P0425,Iddq,uA,12.1049,12.657,13.0279,13.042,50.0,0,none
L13,L13-P0426,Iddq,uA,17.2034,18.0087,18.4093,18.3739,50.0,0,none
L13,L13-P0427,Iddq,uA,11.985,12.3013,12.6894,12.9435,50.0,0,none
L13,L13-P0428,Iddq,uA,10.138,10.5064,10.9675,10.9422,50.0,0,none
L13,L13-P0429,Iddq,uA,9.722,8.0569,9.4792,11.5807,50.0,1,erratic
L13,L13-P0430,Iddq,uA,14.2265,14.7405,14.6961,15.0833,50.0,0,none
L13,L13-P0431,Iddq,uA,16.4185,17.4061,18.0967,18.0419,50.0,0,none
L13,L13-P0432,Iddq,uA,10.7561,11.1197,11.353,11.2983,50.0,0,none
L13,L13-P0433,Iddq,uA,11.3196,11.6413,11.7383,12.0028,50.0,0,none
L13,L13-P0434,Iddq,uA,13.9507,14.7076,15.1002,15.284,50.0,0,none
L13,L13-P0435,Iddq,uA,13.3259,13.6921,13.9969,14.1351,50.0,0,none
L13,L13-P0436,Iddq,uA,12.0769,12.5015,12.7138,12.6904,50.0,0,none
L13,L13-P0437,Iddq,uA,10.3291,10.6491,10.9184,11.0907,50.0,0,none
L13,L13-P0438,Iddq,uA,13.9906,14.7342,14.7803,14.9041,50.0,0,none
L13,L13-P0439,Iddq,uA,15.2098,16.1612,16.4256,16.5177,50.0,0,none
L13,L13-P0440,Iddq,uA,14.6896,15.3224,15.5565,15.5397,50.0,0,none
L13,L13-P0441,Iddq,uA,13.1905,13.7739,14.1594,13.9104,50.0,0,none
L13,L13-P0442,Iddq,uA,10.8923,11.3358,11.2292,11.2946,50.0,0,none
L13,L13-P0443,Iddq,uA,13.8867,15.3401,15.6212,15.6931,50.0,0,none
L13,L13-P0444,Iddq,uA,13.7479,14.846,14.9707,15.159,50.0,0,none
L13,L13-P0445,Iddq,uA,10.4322,10.9072,11.0416,11.2003,50.0,0,none
L13,L13-P0446,Iddq,uA,12.7582,13.5621,13.7331,14.0085,50.0,0,none
L13,L13-P0447,Iddq,uA,14.2302,14.7463,15.0493,15.3435,50.0,0,none
L13,L13-P0448,Iddq,uA,12.8719,13.7257,13.8698,14.1117,50.0,0,none
L13,L13-P0449,Iddq,uA,9.2292,9.5577,9.5306,9.722,50.0,0,none
L13,L13-P0450,Iddq,uA,11.6567,12.8588,13.3508,13.4578,50.0,0,none
L13,L13-P0451,Iddq,uA,11.6022,12.1798,12.1292,12.1846,50.0,0,none
L13,L13-P0452,Iddq,uA,14.8052,15.5677,15.4391,15.7413,50.0,0,none
L13,L13-P0453,Iddq,uA,21.6915,22.5037,23.0047,23.4064,50.0,0,none
L13,L13-P0454,Iddq,uA,13.6217,14.2854,14.4061,14.658,50.0,0,none
L13,L13-P0455,Iddq,uA,10.5585,11.1652,11.3959,11.5587,50.0,0,none
L13,L13-P0456,Iddq,uA,12.7649,13.5856,13.8315,13.8742,50.0,0,none
L13,L13-P0457,Iddq,uA,13.0394,13.9632,14.1624,14.036,50.0,0,none
L13,L13-P0458,Iddq,uA,15.396,15.8659,16.2901,16.3804,50.0,0,none
L13,L13-P0459,Iddq,uA,16.702,17.807,18.0174,18.1908,50.0,0,none
L13,L13-P0460,Iddq,uA,17.3509,17.9097,18.0761,18.3441,50.0,0,none
L13,L13-P0461,Iddq,uA,14.8218,15.9273,16.0035,16.1962,50.0,0,none
L13,L13-P0462,Iddq,uA,13.4008,13.8591,13.8568,14.1701,50.0,0,none
L13,L13-P0463,Iddq,uA,17.4465,18.8198,19.599,19.5014,50.0,0,none
L13,L13-P0464,Iddq,uA,12.5496,12.8614,12.8239,13.0159,50.0,0,none
L13,L13-P0465,Iddq,uA,13.4722,14.1926,14.5711,14.565,50.0,0,none
L13,L13-P0466,Iddq,uA,12.7481,13.0901,13.6821,13.2424,50.0,0,none
L13,L13-P0467,Iddq,uA,9.1426,9.1639,9.5201,9.5392,50.0,0,none
L13,L13-P0468,Iddq,uA,16.6892,18.0073,18.2546,18.5788,50.0,0,none
L13,L13-P0469,Iddq,uA,15.0831,15.6793,15.9487,16.1891,50.0,0,none
L13,L13-P0470,Iddq,uA,8.4332,9.317,9.8659,9.968,50.0,0,none
L13,L13-P0471,Iddq,uA,15.8027,16.7373,16.918,17.5972,50.0,0,none
L13,L13-P0472,Iddq,uA,12.6224,12.882,13.3145,13.5792,50.0,0,none
L13,L13-P0473,Iddq,uA,41.6879,44.4298,44.9939,46.55,50.0,1,lot_outlier
L13,L13-P0474,Iddq,uA,13.4465,14.0038,14.345,14.3359,50.0,0,none
L13,L13-P0475,Iddq,uA,10.2474,10.951,11.1193,11.2436,50.0,0,none
L13,L13-P0476,Iddq,uA,13.3144,13.9322,14.2511,14.3498,50.0,0,none
L13,L13-P0477,Iddq,uA,11.0459,11.987,12.082,12.1392,50.0,0,none
L13,L13-P0478,Iddq,uA,10.4563,11.3102,11.5835,11.6207,50.0,0,none
L13,L13-P0479,Iddq,uA,15.6302,16.4331,16.9499,16.7905,50.0,0,none
L13,L13-P0480,Iddq,uA,14.3576,15.2494,15.9108,15.9978,50.0,0,none
L13,L13-P0481,Iddq,uA,17.5457,18.3372,18.2653,18.2506,50.0,0,none
L13,L13-P0482,Iddq,uA,12.2888,12.9507,13.0844,13.2237,50.0,0,none
L13,L13-P0483,Iddq,uA,10.9194,11.4137,11.7165,11.8864,50.0,0,none
L13,L13-P0484,Iddq,uA,15.0948,15.5019,15.3994,15.5844,50.0,0,none
L13,L13-P0485,Iddq,uA,11.3274,11.8864,11.8841,11.8777,50.0,0,none
L13,L13-P0486,Iddq,uA,12.7026,12.9224,13.0791,13.3436,50.0,0,none
L13,L13-P0487,Iddq,uA,14.6347,15.2191,15.5707,15.5387,50.0,0,none
L13,L13-P0488,Iddq,uA,12.8938,13.6417,13.655,14.1891,50.0,0,none
L13,L13-P0489,Iddq,uA,11.9428,12.6706,13.2089,13.2705,50.0,0,none
L13,L13-P0490,Iddq,uA,10.2105,10.4536,10.7504,10.8667,50.0,0,none
L13,L13-P0491,Iddq,uA,15.7944,17.231,17.9021,17.8683,50.0,0,none
L13,L13-P0492,Iddq,uA,12.318,13.0723,13.0608,12.8869,50.0,0,none
L13,L13-P0493,Iddq,uA,14.7145,14.9389,15.4058,15.506,50.0,0,none
L13,L13-P0494,Iddq,uA,14.3055,15.0338,15.2087,15.5157,50.0,0,none
L13,L13-P0495,Iddq,uA,16.1431,17.2456,17.4349,17.8255,50.0,0,none
L13,L13-P0496,Iddq,uA,12.6387,13.2042,13.0203,12.9905,50.0,0,none
L13,L13-P0497,Iddq,uA,12.7353,13.0466,13.5724,13.5673,50.0,0,none
L13,L13-P0498,Iddq,uA,10.584,11.0507,11.5636,11.4261,50.0,0,none
L13,L13-P0499,Iddq,uA,11.9556,12.5034,12.6218,12.6859,50.0,0,none
L13,L13-P0500,Iddq,uA,14.3186,14.8914,14.6827,15.0276,50.0,0,none
L14,L14-P0001,Iddq,uA,7.0259,7.7607,8.1572,8.2978,50.0,0,none
L14,L14-P0002,Iddq,uA,12.8251,13.7123,14.0979,14.2906,50.0,0,none
L14,L14-P0003,Iddq,uA,9.9337,10.5692,11.0194,11.3206,50.0,0,none
L14,L14-P0004,Iddq,uA,11.3638,12.6069,13.0583,13.6329,50.0,0,none
L14,L14-P0005,Iddq,uA,11.8469,14.0952,14.9715,15.2062,50.0,0,none
L14,L14-P0006,Iddq,uA,11.7151,13.2452,13.8156,13.8645,50.0,0,none
L14,L14-P0007,Iddq,uA,12.637,13.5644,14.2873,14.5912,50.0,0,none
L14,L14-P0008,Iddq,uA,9.3542,10.3814,10.8586,11.1194,50.0,0,none
L14,L14-P0009,Iddq,uA,8.8319,10.5965,11.2796,11.5758,50.0,0,none
L14,L14-P0010,Iddq,uA,13.0373,14.3159,14.6279,14.6619,50.0,0,none
L14,L14-P0011,Iddq,uA,8.8578,10.3386,10.8268,11.2329,50.0,0,none
L14,L14-P0012,Iddq,uA,14.6335,16.1047,16.3155,16.4155,50.0,0,none
L14,L14-P0013,Iddq,uA,8.9755,9.7587,9.8907,10.1371,50.0,0,none
L14,L14-P0014,Iddq,uA,9.7933,10.6899,11.0547,11.0881,50.0,0,none
L14,L14-P0015,Iddq,uA,10.1385,10.9642,11.4411,11.6496,50.0,0,none
L14,L14-P0016,Iddq,uA,7.8263,8.8895,9.2087,9.3505,50.0,0,none
L14,L14-P0017,Iddq,uA,7.8103,8.2504,8.3648,8.467,50.0,0,none
L14,L14-P0018,Iddq,uA,12.2178,13.5016,13.9921,14.3079,50.0,0,none
L14,L14-P0019,Iddq,uA,7.5349,8.3573,8.5622,8.5775,50.0,0,none
L14,L14-P0020,Iddq,uA,16.4009,17.935,18.7563,18.7781,50.0,0,none
L14,L14-P0021,Iddq,uA,10.0174,10.9916,11.3116,11.5679,50.0,0,none
L14,L14-P0022,Iddq,uA,8.5615,9.3819,9.7438,9.7608,50.0,0,none
L14,L14-P0023,Iddq,uA,11.1055,12.2298,12.4011,12.596,50.0,0,none
L14,L14-P0024,Iddq,uA,6.6513,7.2263,7.5338,7.5776,50.0,0,none
L14,L14-P0025,Iddq,uA,9.7537,10.4967,10.5742,10.6885,50.0,0,none
L14,L14-P0026,Iddq,uA,9.9787,11.0858,11.4709,11.4879,50.0,0,none
L14,L14-P0027,Iddq,uA,8.1956,8.8768,9.1691,9.2312,50.0,0,none
L14,L14-P0028,Iddq,uA,9.2797,9.6539,10.0958,10.3373,50.0,0,none
L14,L14-P0029,Iddq,uA,13.6401,14.9213,15.3758,15.5831,50.0,0,none
L14,L14-P0030,Iddq,uA,10.6141,11.8257,12.0047,12.0273,50.0,0,none
L14,L14-P0031,Iddq,uA,11.071,12.3201,12.5244,13.1355,50.0,0,none
L14,L14-P0032,Iddq,uA,8.9277,9.7865,10.1189,10.3076,50.0,0,none
L14,L14-P0033,Iddq,uA,8.1717,8.7341,8.9872,8.9592,50.0,0,none
L14,L14-P0034,Iddq,uA,10.1356,10.7342,11.0203,11.0639,50.0,0,none
L14,L14-P0035,Iddq,uA,6.5888,7.0326,7.1805,7.3766,50.0,0,none
L14,L14-P0036,Iddq,uA,8.4441,9.7616,10.0944,10.6488,50.0,0,none
L14,L14-P0037,Iddq,uA,8.1404,9.6794,9.9905,9.9926,50.0,0,none
L14,L14-P0038,Iddq,uA,7.2275,8.2524,8.676,8.9651,50.0,0,none
L14,L14-P0039,Iddq,uA,11.7598,12.7348,13.2529,13.3094,50.0,0,none
L14,L14-P0040,Iddq,uA,10.1893,11.5892,12.3873,12.4913,50.0,0,none
L14,L14-P0041,Iddq,uA,9.15,10.3006,10.7422,11.0582,50.0,0,none
L14,L14-P0042,Iddq,uA,11.5596,12.8046,12.9787,12.8995,50.0,0,none
L14,L14-P0043,Iddq,uA,7.5742,8.2894,8.6265,8.6885,50.0,0,none
L14,L14-P0044,Iddq,uA,8.0041,8.8188,9.1096,9.3787,50.0,0,none
L14,L14-P0045,Iddq,uA,12.7192,14.1588,14.3804,14.7895,50.0,0,none
L14,L14-P0046,Iddq,uA,16.0885,17.6745,18.2641,18.445,50.0,0,none
L14,L14-P0047,Iddq,uA,11.8883,13.1582,13.3101,13.5276,50.0,0,none
L14,L14-P0048,Iddq,uA,11.3385,12.3937,12.8479,13.2067,50.0,0,none
L14,L14-P0049,Iddq,uA,9.2279,10.7507,11.4303,11.6772,50.0,0,none
L14,L14-P0050,Iddq,uA,9.297,7.2226,16.0369,11.2865,50.0,1,erratic
L14,L14-P0051,Iddq,uA,10.7056,11.8219,12.3981,12.3482,50.0,0,none
L14,L14-P0052,Iddq,uA,13.377,14.3448,15.1872,15.3863,50.0,0,none
L14,L14-P0053,Iddq,uA,11.2322,12.2149,12.8172,12.974,50.0,0,none
L14,L14-P0054,Iddq,uA,12.5252,13.2875,13.3616,13.5878,50.0,0,none
L14,L14-P0055,Iddq,uA,8.7091,9.4427,9.6885,9.8022,50.0,0,none
L14,L14-P0056,Iddq,uA,11.9448,14.0126,15.3376,15.5292,50.0,0,none
L14,L14-P0057,Iddq,uA,8.9686,9.7556,10.0897,10.1399,50.0,0,none
L14,L14-P0058,Iddq,uA,10.6665,11.8216,12.2548,12.6317,50.0,0,none
L14,L14-P0059,Iddq,uA,11.5602,12.8428,13.5346,13.6649,50.0,0,none
L14,L14-P0060,Iddq,uA,9.5263,10.7574,11.1686,11.3497,50.0,0,none
L14,L14-P0061,Iddq,uA,8.553,9.8101,9.973,10.2433,50.0,0,none
L14,L14-P0062,Iddq,uA,10.9392,12.9391,13.895,14.5104,50.0,0,none
L14,L14-P0063,Iddq,uA,9.9857,11.1556,11.7998,12.0763,50.0,0,none
L14,L14-P0064,Iddq,uA,10.678,12.3423,12.8292,13.0517,50.0,0,none
L14,L14-P0065,Iddq,uA,11.5657,13.2162,14.0517,14.1284,50.0,0,none
L14,L14-P0066,Iddq,uA,13.2158,15.2739,16.1323,16.7398,50.0,0,none
L14,L14-P0067,Iddq,uA,11.6004,13.1047,13.5378,13.4994,50.0,0,none
L14,L14-P0068,Iddq,uA,11.5713,12.6089,13.4771,13.5761,50.0,0,none
L14,L14-P0069,Iddq,uA,9.3103,10.1908,10.6449,10.9318,50.0,0,none
L14,L14-P0070,Iddq,uA,9.7124,10.7509,11.2157,11.1661,50.0,0,none
L14,L14-P0071,Iddq,uA,11.3649,12.6687,13.1207,13.1735,50.0,0,none
L14,L14-P0072,Iddq,uA,9.6142,10.1211,10.3372,10.7883,50.0,0,none
L14,L14-P0073,Iddq,uA,11.2541,12.4779,12.9394,13.0387,50.0,0,none
L14,L14-P0074,Iddq,uA,8.8436,10.1703,10.5051,10.8903,50.0,0,none
L14,L14-P0075,Iddq,uA,14.6258,15.7167,16.1388,16.6141,50.0,0,none
L14,L14-P0076,Iddq,uA,10.486,11.8337,11.8095,12.0311,50.0,0,none
L14,L14-P0077,Iddq,uA,10.6595,12.1897,12.9044,13.1406,50.0,0,none
L14,L14-P0078,Iddq,uA,9.6847,11.0206,11.5378,11.7365,50.0,0,none
L14,L14-P0079,Iddq,uA,14.6489,16.1918,16.8025,16.8945,50.0,0,none
L14,L14-P0080,Iddq,uA,7.9804,9.1671,11.4746,17.3624,50.0,1,accelerating
L14,L14-P0081,Iddq,uA,9.1147,10.1488,10.5315,10.5811,50.0,0,none
L14,L14-P0082,Iddq,uA,11.9454,13.7233,14.646,15.0028,50.0,0,none
L14,L14-P0083,Iddq,uA,10.7044,11.857,11.9649,12.0149,50.0,0,none
L14,L14-P0084,Iddq,uA,9.2454,10.3181,10.6973,10.5134,50.0,0,none
L14,L14-P0085,Iddq,uA,9.2347,10.891,11.3616,11.8193,50.0,0,none
L14,L14-P0086,Iddq,uA,9.9029,10.6702,10.7968,11.0631,50.0,0,none
L14,L14-P0087,Iddq,uA,10.7804,11.5114,11.8813,11.9947,50.0,0,none
L14,L14-P0088,Iddq,uA,13.5737,15.0928,15.7364,15.8673,50.0,0,none
L14,L14-P0089,Iddq,uA,11.4103,13.1327,14.1349,14.6672,50.0,0,none
L14,L14-P0090,Iddq,uA,12.4733,13.3649,28.2705,28.8515,50.0,1,step_jump
L14,L14-P0091,Iddq,uA,9.7941,10.3795,10.6674,10.7891,50.0,0,none
L14,L14-P0092,Iddq,uA,11.4666,12.7705,13.3561,13.6048,50.0,0,none
L14,L14-P0093,Iddq,uA,7.7202,8.587,9.1479,9.5189,50.0,0,none
L14,L14-P0094,Iddq,uA,10.8739,12.0012,12.3197,12.483,50.0,0,none
L14,L14-P0095,Iddq,uA,10.7695,11.5161,12.0866,12.4711,50.0,0,none
L14,L14-P0096,Iddq,uA,14.5061,15.9804,16.8702,16.9534,50.0,0,none
L14,L14-P0097,Iddq,uA,13.83,14.9246,14.6993,15.2878,50.0,0,none
L14,L14-P0098,Iddq,uA,9.8127,10.9072,11.3815,11.4705,50.0,0,none
L14,L14-P0099,Iddq,uA,8.9443,12.1204,17.9041,23.3418,50.0,1,latent_linear
L14,L14-P0100,Iddq,uA,8.9585,9.5764,9.8534,9.8586,50.0,0,none
L14,L14-P0101,Iddq,uA,9.9483,10.6064,10.9061,11.131,50.0,0,none
L14,L14-P0102,Iddq,uA,13.1542,14.5435,15.0008,15.0872,50.0,0,none
L14,L14-P0103,Iddq,uA,11.2955,12.2531,12.5148,12.9532,50.0,0,none
L14,L14-P0104,Iddq,uA,11.1891,12.9644,14.3813,14.6955,50.0,0,none
L14,L14-P0105,Iddq,uA,12.0802,13.146,13.3529,13.4656,50.0,0,none
L14,L14-P0106,Iddq,uA,8.7075,9.2011,9.5091,9.6646,50.0,0,none
L14,L14-P0107,Iddq,uA,9.1331,10.2409,10.7162,10.8488,50.0,0,none
L14,L14-P0108,Iddq,uA,11.319,12.5957,12.7392,12.9631,50.0,0,none
L14,L14-P0109,Iddq,uA,8.8537,10.4134,10.5485,10.7137,50.0,0,none
L14,L14-P0110,Iddq,uA,7.8292,8.5122,8.9389,8.9009,50.0,0,none
L14,L14-P0111,Iddq,uA,8.5965,9.5857,9.9041,9.9221,50.0,0,none
L14,L14-P0112,Iddq,uA,12.4826,13.3961,13.561,13.7202,50.0,0,none
L14,L14-P0113,Iddq,uA,9.7825,10.8313,11.3061,11.5486,50.0,0,none
L14,L14-P0114,Iddq,uA,10.7903,11.9799,12.5407,12.79,50.0,0,none
L14,L14-P0115,Iddq,uA,8.6206,9.5278,9.734,9.7396,50.0,0,none
L14,L14-P0116,Iddq,uA,11.2388,11.8729,12.1389,12.4563,50.0,0,none
L14,L14-P0117,Iddq,uA,9.9047,10.8051,11.4741,11.8022,50.0,0,none
L14,L14-P0118,Iddq,uA,11.2909,12.651,13.0654,13.8123,50.0,0,none
L14,L14-P0119,Iddq,uA,9.4487,10.1808,10.6856,10.9261,50.0,0,none
L14,L14-P0120,Iddq,uA,11.5166,12.2892,12.7795,12.9641,50.0,0,none
L14,L14-P0121,Iddq,uA,9.5047,10.696,11.177,11.4617,50.0,0,none
L14,L14-P0122,Iddq,uA,10.0788,12.0114,12.7237,12.9899,50.0,0,none
L14,L14-P0123,Iddq,uA,9.8396,11.2154,11.6963,12.3253,50.0,0,none
L14,L14-P0124,Iddq,uA,10.5615,11.6865,11.9763,12.1201,50.0,0,none
L14,L14-P0125,Iddq,uA,10.8911,11.9646,12.2095,12.627,50.0,0,none
L14,L14-P0126,Iddq,uA,64.2509,70.7624,73.5051,74.6282,50.0,1,gross_fail
L14,L14-P0127,Iddq,uA,10.1816,10.7465,11.2155,11.1868,50.0,0,none
L14,L14-P0128,Iddq,uA,10.7049,11.6436,12.22,12.5254,50.0,0,none
L14,L14-P0129,Iddq,uA,11.328,13.094,13.6884,14.1276,50.0,0,none
L14,L14-P0130,Iddq,uA,10.1778,11.4592,11.8079,11.9392,50.0,0,none
L14,L14-P0131,Iddq,uA,8.8348,9.5119,9.8185,10.0256,50.0,0,none
L14,L14-P0132,Iddq,uA,10.4093,11.3343,11.6585,11.9863,50.0,0,none
L14,L14-P0133,Iddq,uA,11.7964,13.0791,13.3695,13.5095,50.0,0,none
L14,L14-P0134,Iddq,uA,7.9987,8.7133,9.0566,9.023,50.0,0,none
L14,L14-P0135,Iddq,uA,8.1366,8.7668,9.0569,9.2347,50.0,0,none
L14,L14-P0136,Iddq,uA,9.3594,10.7207,11.3572,11.522,50.0,0,none
L14,L14-P0137,Iddq,uA,9.9982,10.7455,11.0338,11.2178,50.0,0,none
L14,L14-P0138,Iddq,uA,6.9697,7.4875,7.6956,7.823,50.0,0,none
L14,L14-P0139,Iddq,uA,11.4118,12.9101,13.2929,13.4138,50.0,0,none
L14,L14-P0140,Iddq,uA,10.0735,10.9805,11.2057,11.5289,50.0,0,none
L14,L14-P0141,Iddq,uA,6.7757,7.5878,7.7189,7.8546,50.0,0,none
L14,L14-P0142,Iddq,uA,8.4006,9.6178,10.0413,10.3363,50.0,0,none
L14,L14-P0143,Iddq,uA,9.7695,10.4917,10.6824,10.6191,50.0,0,none
L14,L14-P0144,Iddq,uA,7.5349,8.3008,8.8371,9.0038,50.0,0,none
L14,L14-P0145,Iddq,uA,12.3909,13.4616,13.9083,14.1377,50.0,0,none
L14,L14-P0146,Iddq,uA,10.7192,12.0483,12.1195,12.1848,50.0,0,none
L14,L14-P0147,Iddq,uA,11.5799,13.9721,14.5469,14.9665,50.0,0,none
L14,L14-P0148,Iddq,uA,8.4679,9.2011,9.5276,9.4117,50.0,0,none
L14,L14-P0149,Iddq,uA,11.2299,12.2204,13.0242,13.4375,50.0,0,none
L14,L14-P0150,Iddq,uA,9.1555,10.6054,10.8109,11.1995,50.0,0,none
L14,L14-P0151,Iddq,uA,10.0542,10.8897,11.2508,11.3601,50.0,0,none
L14,L14-P0152,Iddq,uA,10.9372,11.8953,12.6681,12.3807,50.0,0,none
L14,L14-P0153,Iddq,uA,10.0924,11.249,11.4454,11.9409,50.0,0,none
L14,L14-P0154,Iddq,uA,12.362,12.9967,13.4907,13.3751,50.0,0,none
L14,L14-P0155,Iddq,uA,10.7475,11.486,12.0506,12.419,50.0,0,none
L14,L14-P0156,Iddq,uA,9.5757,10.6364,11.2698,11.3602,50.0,0,none
L14,L14-P0157,Iddq,uA,12.0666,13.1088,13.5947,13.9634,50.0,0,none
L14,L14-P0158,Iddq,uA,12.6182,14.3619,14.9777,15.4001,50.0,0,none
L14,L14-P0159,Iddq,uA,10.5334,12.1166,12.9404,13.0939,50.0,0,none
L14,L14-P0160,Iddq,uA,13.2091,14.9527,15.5942,15.6622,50.0,0,none
L14,L14-P0161,Iddq,uA,10.0171,10.9768,19.9787,20.2376,50.0,1,step_jump
L14,L14-P0162,Iddq,uA,10.1279,11.0752,11.4222,11.5567,50.0,0,none
L14,L14-P0163,Iddq,uA,10.3915,10.8427,11.197,10.9755,50.0,0,none
L14,L14-P0164,Iddq,uA,10.0574,11.4048,12.0603,12.0484,50.0,0,none
L14,L14-P0165,Iddq,uA,9.7685,10.9232,11.5377,11.9035,50.0,0,none
L14,L14-P0166,Iddq,uA,9.2379,10.0628,10.4296,10.6931,50.0,0,none
L14,L14-P0167,Iddq,uA,8.5001,9.92,10.1609,10.5197,50.0,0,none
L14,L14-P0168,Iddq,uA,10.6137,11.5717,11.9161,12.0442,50.0,0,none
L14,L14-P0169,Iddq,uA,12.9771,14.5854,15.3879,15.2114,50.0,0,none
L14,L14-P0170,Iddq,uA,11.8219,13.7408,14.4958,14.9112,50.0,0,none
L14,L14-P0171,Iddq,uA,10.9882,12.4722,13.222,13.4329,50.0,0,none
L14,L14-P0172,Iddq,uA,12.9619,14.9563,16.199,16.3172,50.0,0,none
L14,L14-P0173,Iddq,uA,10.4236,12.014,12.6341,13.2076,50.0,0,none
L14,L14-P0174,Iddq,uA,8.6305,9.2733,9.3618,9.562,50.0,0,none
L14,L14-P0175,Iddq,uA,9.6709,11.0107,11.388,11.6949,50.0,0,none
L14,L14-P0176,Iddq,uA,10.192,10.9991,11.3556,11.6153,50.0,0,none
L14,L14-P0177,Iddq,uA,9.4473,10.1097,10.3343,10.5255,50.0,0,none
L14,L14-P0178,Iddq,uA,11.5609,12.5546,13.1552,13.5755,50.0,0,none
L14,L14-P0179,Iddq,uA,12.2943,14.2328,15.5662,15.9052,50.0,0,none
L14,L14-P0180,Iddq,uA,7.6524,8.1948,8.408,8.5107,50.0,0,none
L14,L14-P0181,Iddq,uA,10.2114,10.8776,10.8603,10.7903,50.0,0,none
L14,L14-P0182,Iddq,uA,6.0827,6.4284,6.6096,6.7101,50.0,0,none
L14,L14-P0183,Iddq,uA,10.2378,11.3099,11.9214,12.0973,50.0,0,none
L14,L14-P0184,Iddq,uA,9.9432,11.0632,11.3008,11.3503,50.0,0,none
L14,L14-P0185,Iddq,uA,14.2644,15.1946,15.506,15.7371,50.0,0,none
L14,L14-P0186,Iddq,uA,13.6577,14.3408,14.4602,15.0692,50.0,0,none
L14,L14-P0187,Iddq,uA,12.3834,13.5999,14.2783,14.2687,50.0,0,none
L14,L14-P0188,Iddq,uA,8.6632,9.7256,10.3603,10.3869,50.0,0,none
L14,L14-P0189,Iddq,uA,8.7805,9.6795,12.6337,20.96,50.0,1,accelerating
L14,L14-P0190,Iddq,uA,8.5925,9.6555,9.942,10.1837,50.0,0,none
L14,L14-P0191,Iddq,uA,13.9006,15.6174,16.1975,16.6773,50.0,0,none
L14,L14-P0192,Iddq,uA,8.7069,9.4952,9.7026,9.9385,50.0,0,none
L14,L14-P0193,Iddq,uA,9.4888,10.4935,18.9456,19.3501,50.0,1,step_jump
L14,L14-P0194,Iddq,uA,8.6576,9.4557,9.9325,10.0749,50.0,0,none
L14,L14-P0195,Iddq,uA,8.0237,9.1641,9.758,9.8428,50.0,0,none
L14,L14-P0196,Iddq,uA,11.067,12.027,12.2363,12.5426,50.0,0,none
L14,L14-P0197,Iddq,uA,10.7155,11.4346,11.6953,11.8663,50.0,0,none
L14,L14-P0198,Iddq,uA,6.8131,7.6534,7.7952,7.966,50.0,0,none
L14,L14-P0199,Iddq,uA,8.2195,9.3548,9.7705,9.8486,50.0,0,none
L14,L14-P0200,Iddq,uA,10.8614,12.0842,12.7669,12.8623,50.0,0,none
L14,L14-P0201,Iddq,uA,10.0547,11.4865,12.1901,12.4998,50.0,0,none
L14,L14-P0202,Iddq,uA,9.5213,10.847,11.5672,11.8301,50.0,0,none
L14,L14-P0203,Iddq,uA,11.6211,12.7518,13.211,13.5732,50.0,0,none
L14,L14-P0204,Iddq,uA,7.9297,8.7141,9.0077,9.0749,50.0,0,none
L14,L14-P0205,Iddq,uA,9.2494,9.9852,10.167,10.4562,50.0,0,none
L14,L14-P0206,Iddq,uA,11.3943,11.9619,12.7302,12.6277,50.0,0,none
L14,L14-P0207,Iddq,uA,9.1263,10.7659,11.058,11.4394,50.0,0,none
L14,L14-P0208,Iddq,uA,10.9911,11.9424,12.3839,12.7833,50.0,0,none
L14,L14-P0209,Iddq,uA,8.4744,8.9043,8.9467,9.2489,50.0,0,none
L14,L14-P0210,Iddq,uA,8.8025,10.2871,10.7106,10.948,50.0,0,none
L14,L14-P0211,Iddq,uA,7.4269,8.3449,8.4407,8.7912,50.0,0,none
L14,L14-P0212,Iddq,uA,7.1308,8.0713,8.4482,8.6957,50.0,0,none
L14,L14-P0213,Iddq,uA,9.4593,10.352,10.7835,11.1211,50.0,0,none
L14,L14-P0214,Iddq,uA,11.0932,12.2305,12.5336,12.68,50.0,0,none
L14,L14-P0215,Iddq,uA,9.9987,11.1411,11.8782,11.8906,50.0,0,none
L14,L14-P0216,Iddq,uA,12.9627,14.2229,15.0983,15.1925,50.0,0,none
L14,L14-P0217,Iddq,uA,9.5872,10.4576,10.9833,11.1714,50.0,0,none
L14,L14-P0218,Iddq,uA,7.0025,8.1371,8.5386,8.6055,50.0,0,none
L14,L14-P0219,Iddq,uA,11.0874,12.5067,12.8357,13.3818,50.0,0,none
L14,L14-P0220,Iddq,uA,8.3628,9.4185,9.9441,10.1389,50.0,0,none
L14,L14-P0221,Iddq,uA,10.5232,11.4488,11.7026,11.7999,50.0,0,none
L14,L14-P0222,Iddq,uA,6.8175,7.3814,7.3351,7.6762,50.0,0,none
L14,L14-P0223,Iddq,uA,9.7975,11.2139,11.8617,12.0512,50.0,0,none
L14,L14-P0224,Iddq,uA,11.6752,12.5281,12.7061,12.5507,50.0,0,none
L14,L14-P0225,Iddq,uA,11.6134,12.7496,12.9715,13.3875,50.0,0,none
L14,L14-P0226,Iddq,uA,9.9638,10.7852,11.4375,11.5094,50.0,0,none
L14,L14-P0227,Iddq,uA,10.3274,11.0739,20.3835,20.3952,50.0,1,step_jump
L14,L14-P0228,Iddq,uA,9.406,10.3459,10.919,10.9098,50.0,0,none
L14,L14-P0229,Iddq,uA,9.9208,10.9774,11.2759,11.6325,50.0,0,none
L14,L14-P0230,Iddq,uA,11.6394,12.4528,13.0516,13.2944,50.0,0,none
L14,L14-P0231,Iddq,uA,9.1373,10.3491,11.0038,10.9515,50.0,0,none
L14,L14-P0232,Iddq,uA,9.25,10.256,10.9951,10.8855,50.0,0,none
L14,L14-P0233,Iddq,uA,7.9019,8.6558,8.7563,9.0481,50.0,0,none
L14,L14-P0234,Iddq,uA,11.73,12.5559,12.9823,13.1955,50.0,0,none
L14,L14-P0235,Iddq,uA,9.8126,10.9114,11.2231,11.24,50.0,0,none
L14,L14-P0236,Iddq,uA,8.2837,9.6351,10.4312,10.7134,50.0,0,none
L14,L14-P0237,Iddq,uA,12.139,13.2742,13.4841,13.5749,50.0,0,none
L14,L14-P0238,Iddq,uA,10.1074,11.9237,12.4936,12.7376,50.0,0,none
L14,L14-P0239,Iddq,uA,9.0429,9.6096,9.6328,9.673,50.0,0,none
L14,L14-P0240,Iddq,uA,12.0825,12.901,13.2803,13.4747,50.0,0,none
L14,L14-P0241,Iddq,uA,9.7431,10.5472,11.101,10.9057,50.0,0,none
L14,L14-P0242,Iddq,uA,7.798,8.7835,9.1297,9.3472,50.0,0,none
L14,L14-P0243,Iddq,uA,12.1731,13.5485,14.1885,14.216,50.0,0,none
L14,L14-P0244,Iddq,uA,8.8729,10.2594,10.8517,10.7932,50.0,0,none
L14,L14-P0245,Iddq,uA,17.8678,19.6688,20.0075,20.2444,50.0,0,none
L14,L14-P0246,Iddq,uA,9.4563,10.367,10.7919,10.9229,50.0,0,none
L14,L14-P0247,Iddq,uA,7.2445,7.7104,8.0697,8.1781,50.0,0,none
L14,L14-P0248,Iddq,uA,13.9312,17.076,18.0601,18.435,50.0,0,none
L14,L14-P0249,Iddq,uA,10.2681,10.8967,11.3138,11.1316,50.0,0,none
L14,L14-P0250,Iddq,uA,10.8481,11.7253,12.1256,12.1614,50.0,0,none
L14,L14-P0251,Iddq,uA,10.9874,11.8212,12.0658,12.393,50.0,0,none
L14,L14-P0252,Iddq,uA,8.1226,10.9158,17.7254,24.0349,50.0,1,latent_linear
L14,L14-P0253,Iddq,uA,6.8588,7.4015,7.6136,7.7073,50.0,0,none
L14,L14-P0254,Iddq,uA,14.5318,17.4809,18.3991,18.9438,50.0,0,none
L14,L14-P0255,Iddq,uA,7.7978,8.3482,8.9058,8.9742,50.0,0,none
L14,L14-P0256,Iddq,uA,14.0112,15.3495,16.3003,16.2528,50.0,0,none
L14,L14-P0257,Iddq,uA,11.3537,12.6718,13.1746,13.2863,50.0,0,none
L14,L14-P0258,Iddq,uA,10.5626,11.7867,12.3139,12.5608,50.0,0,none
L14,L14-P0259,Iddq,uA,9.4699,10.4448,10.8878,11.2257,50.0,0,none
L14,L14-P0260,Iddq,uA,15.7698,17.3474,17.9753,18.2793,50.0,0,none
L14,L14-P0261,Iddq,uA,9.0746,10.0433,10.5077,10.753,50.0,0,none
L14,L14-P0262,Iddq,uA,9.0451,9.8703,10.1856,10.2692,50.0,0,none
L14,L14-P0263,Iddq,uA,11.674,12.5132,12.3909,12.9083,50.0,0,none
L14,L14-P0264,Iddq,uA,9.1372,10.1731,10.8508,11.0634,50.0,0,none
L14,L14-P0265,Iddq,uA,8.5034,9.3414,9.7644,9.9093,50.0,0,none
L14,L14-P0266,Iddq,uA,10.2229,10.4794,10.887,10.9538,50.0,0,none
L14,L14-P0267,Iddq,uA,11.3607,12.6201,12.9223,13.2442,50.0,0,none
L14,L14-P0268,Iddq,uA,14.4311,16.9232,17.7898,17.9329,50.0,0,none
L14,L14-P0269,Iddq,uA,15.1074,16.926,17.3241,17.5103,50.0,0,none
L14,L14-P0270,Iddq,uA,7.3761,7.9952,8.2594,8.4371,50.0,0,none
L14,L14-P0271,Iddq,uA,12.2955,13.2767,13.4994,13.4959,50.0,0,none
L14,L14-P0272,Iddq,uA,8.5133,9.4271,9.6343,9.4082,50.0,0,none
L14,L14-P0273,Iddq,uA,8.592,9.3576,9.5077,9.6942,50.0,0,none
L14,L14-P0274,Iddq,uA,9.2639,10.4007,10.8407,10.9524,50.0,0,none
L14,L14-P0275,Iddq,uA,9.2451,10.3024,10.588,10.7229,50.0,0,none
L14,L14-P0276,Iddq,uA,8.367,9.2978,9.488,9.7243,50.0,0,none
L14,L14-P0277,Iddq,uA,6.7513,7.3167,7.5498,7.6419,50.0,0,none
L14,L14-P0278,Iddq,uA,13.2291,15.4272,16.2472,16.6042,50.0,0,none
L14,L14-P0279,Iddq,uA,12.3,12.9869,13.3859,13.7027,50.0,0,none
L14,L14-P0280,Iddq,uA,10.1644,11.342,11.4142,11.6434,50.0,0,none
L14,L14-P0281,Iddq,uA,8.5325,9.2611,9.6896,9.8305,50.0,0,none
L14,L14-P0282,Iddq,uA,12.7944,13.9395,14.7221,14.8721,50.0,0,none
L14,L14-P0283,Iddq,uA,9.9975,11.3638,11.9474,12.2088,50.0,0,none
L14,L14-P0284,Iddq,uA,9.0213,10.4144,10.8667,11.159,50.0,0,none
L14,L14-P0285,Iddq,uA,7.7009,8.5356,8.9777,9.1176,50.0,0,none
L14,L14-P0286,Iddq,uA,11.5253,13.429,14.6713,15.0367,50.0,0,none
L14,L14-P0287,Iddq,uA,9.4955,10.368,10.3169,10.5584,50.0,0,none
L14,L14-P0288,Iddq,uA,10.7685,11.8677,12.2402,12.6366,50.0,0,none
L14,L14-P0289,Iddq,uA,10.515,11.6151,11.9733,12.3084,50.0,0,none
L14,L14-P0290,Iddq,uA,11.5572,16.0609,23.6747,31.1965,50.0,1,latent_linear
L14,L14-P0291,Iddq,uA,10.6922,11.8305,12.3945,12.4458,50.0,0,none
L14,L14-P0292,Iddq,uA,9.665,10.3089,10.5578,10.6372,50.0,0,none
L14,L14-P0293,Iddq,uA,11.3656,12.7332,13.3844,13.3381,50.0,0,none
L14,L14-P0294,Iddq,uA,12.2337,13.1979,14.2634,14.2796,50.0,0,none
L14,L14-P0295,Iddq,uA,13.5448,15.3793,16.2356,16.8353,50.0,0,none
L14,L14-P0296,Iddq,uA,8.2337,8.9738,9.3614,9.3902,50.0,0,none
L14,L14-P0297,Iddq,uA,12.7075,13.999,14.7509,14.8291,50.0,0,none
L14,L14-P0298,Iddq,uA,7.7167,8.3179,8.8728,8.6785,50.0,0,none
L14,L14-P0299,Iddq,uA,12.2907,13.2229,13.9589,14.1019,50.0,0,none
L14,L14-P0300,Iddq,uA,9.1063,10.3647,10.627,10.9238,50.0,0,none
L14,L14-P0301,Iddq,uA,12.0661,13.2416,13.9407,14.0154,50.0,0,none
L14,L14-P0302,Iddq,uA,13.5604,15.3647,15.904,16.5099,50.0,0,none
L14,L14-P0303,Iddq,uA,10.6228,11.9857,12.1185,12.6291,50.0,0,none
L14,L14-P0304,Iddq,uA,10.2608,11.5851,11.903,12.2477,50.0,0,none
L14,L14-P0305,Iddq,uA,10.1157,11.1394,21.0556,21.6861,50.0,1,step_jump
L14,L14-P0306,Iddq,uA,66.2608,76.5488,80.8823,82.6567,50.0,1,gross_fail
L14,L14-P0307,Iddq,uA,13.0064,13.8297,14.1475,14.2681,50.0,0,none
L14,L14-P0308,Iddq,uA,10.2137,11.5351,12.1234,12.171,50.0,0,none
L14,L14-P0309,Iddq,uA,6.9562,7.8117,8.1126,8.1456,50.0,0,none
L14,L14-P0310,Iddq,uA,12.1838,13.2987,13.9492,14.2179,50.0,0,none
L14,L14-P0311,Iddq,uA,12.1567,13.5347,14.1366,14.6619,50.0,0,none
L14,L14-P0312,Iddq,uA,10.4073,10.9213,11.3418,11.3992,50.0,0,none
L14,L14-P0313,Iddq,uA,8.9528,9.7091,10.1067,10.2566,50.0,0,none
L14,L14-P0314,Iddq,uA,8.3965,9.4614,9.8412,10.0308,50.0,0,none
L14,L14-P0315,Iddq,uA,8.9607,10.5074,11.1754,11.5678,50.0,0,none
L14,L14-P0316,Iddq,uA,10.8614,11.6024,12.2569,12.5272,50.0,0,none
L14,L14-P0317,Iddq,uA,7.4704,7.895,7.8869,8.1288,50.0,0,none
L14,L14-P0318,Iddq,uA,11.2606,12.3511,12.5551,12.9277,50.0,0,none
L14,L14-P0319,Iddq,uA,10.6031,11.4831,11.6979,12.2068,50.0,0,none
L14,L14-P0320,Iddq,uA,13.1062,15.2096,15.7103,16.0048,50.0,0,none
L14,L14-P0321,Iddq,uA,11.6568,12.9351,13.8977,13.5265,50.0,0,none
L14,L14-P0322,Iddq,uA,8.959,9.7067,10.1774,10.1626,50.0,0,none
L14,L14-P0323,Iddq,uA,7.7198,8.6047,8.9494,9.212,50.0,0,none
L14,L14-P0324,Iddq,uA,8.9061,9.9989,10.4306,10.7024,50.0,0,none
L14,L14-P0325,Iddq,uA,13.2682,14.3366,14.7576,15.1585,50.0,0,none
L14,L14-P0326,Iddq,uA,10.9565,12.4682,13.1189,12.999,50.0,0,none
L14,L14-P0327,Iddq,uA,11.5739,12.5489,12.7992,13.1012,50.0,0,none
L14,L14-P0328,Iddq,uA,9.3832,10.0368,10.3808,10.6074,50.0,0,none
L14,L14-P0329,Iddq,uA,11.4382,12.2849,12.7549,12.6174,50.0,0,none
L14,L14-P0330,Iddq,uA,7.888,8.5922,8.9597,8.8401,50.0,0,none
L14,L14-P0331,Iddq,uA,12.2748,14.0986,14.5775,14.9514,50.0,0,none
L14,L14-P0332,Iddq,uA,8.3521,8.8537,9.2059,9.0558,50.0,0,none
L14,L14-P0333,Iddq,uA,7.2116,8.2628,8.7563,8.8408,50.0,0,none
L14,L14-P0334,Iddq,uA,15.8632,17.3932,18.1373,18.4226,50.0,0,none
L14,L14-P0335,Iddq,uA,10.6988,11.6581,11.8693,12.1952,50.0,0,none
L14,L14-P0336,Iddq,uA,10.6324,11.8342,11.9988,12.3744,50.0,0,none
L14,L14-P0337,Iddq,uA,7.3294,7.9424,8.0809,8.2657,50.0,0,none
L14,L14-P0338,Iddq,uA,11.662,12.2337,12.8444,12.5893,50.0,0,none
L14,L14-P0339,Iddq,uA,12.267,12.8428,13.5272,13.7928,50.0,0,none
L14,L14-P0340,Iddq,uA,10.0677,10.5635,10.7922,10.9802,50.0,0,none
L14,L14-P0341,Iddq,uA,12.3266,13.2226,13.2199,13.508,50.0,0,none
L14,L14-P0342,Iddq,uA,12.5768,13.4775,13.9048,14.2652,50.0,0,none
L14,L14-P0343,Iddq,uA,11.3652,13.0668,13.8557,14.0105,50.0,0,none
L14,L14-P0344,Iddq,uA,6.8279,7.3943,7.6443,7.7734,50.0,0,none
L14,L14-P0345,Iddq,uA,8.3749,9.2811,9.6851,9.8519,50.0,0,none
L14,L14-P0346,Iddq,uA,14.159,16.5733,21.6337,36.0634,50.0,1,accelerating
L14,L14-P0347,Iddq,uA,10.4144,11.927,12.738,12.7663,50.0,0,none
L14,L14-P0348,Iddq,uA,10.5268,11.6324,11.8376,12.2328,50.0,0,none
L14,L14-P0349,Iddq,uA,8.9867,9.7394,10.2982,10.3433,50.0,0,none
L14,L14-P0350,Iddq,uA,9.2275,10.2034,10.5913,10.7946,50.0,0,none
L14,L14-P0351,Iddq,uA,12.8949,15.3446,16.4056,16.6695,50.0,0,none
L14,L14-P0352,Iddq,uA,13.5765,14.9917,15.9643,16.1836,50.0,0,none
L14,L14-P0353,Iddq,uA,11.9891,13.6229,14.0125,14.2906,50.0,0,none
L14,L14-P0354,Iddq,uA,11.3056,13.9303,14.8529,15.3654,50.0,0,none
L14,L14-P0355,Iddq,uA,11.8192,12.8709,13.3745,13.4491,50.0,0,none
L14,L14-P0356,Iddq,uA,10.124,11.6736,12.0817,12.453,50.0,0,none
L14,L14-P0357,Iddq,uA,8.3055,9.3761,9.6362,9.8873,50.0,0,none
L14,L14-P0358,Iddq,uA,8.1392,8.7671,9.4238,9.52,50.0,0,none
L14,L14-P0359,Iddq,uA,13.3691,14.3493,14.54,14.8113,50.0,0,none
L14,L14-P0360,Iddq,uA,10.1569,10.9993,11.3764,11.5375,50.0,0,none
L14,L14-P0361,Iddq,uA,11.4081,12.5066,12.6726,13.0475,50.0,0,none
L14,L14-P0362,Iddq,uA,10.807,12.0544,12.7982,13.0801,50.0,0,none
L14,L14-P0363,Iddq,uA,10.7884,12.1795,12.7704,13.0833,50.0,0,none
L14,L14-P0364,Iddq,uA,10.9519,12.8886,13.1149,13.746,50.0,0,none
L14,L14-P0365,Iddq,uA,11.8482,12.8617,13.4605,13.652,50.0,0,none
L14,L14-P0366,Iddq,uA,8.9986,10.154,10.603,10.6647,50.0,0,none
L14,L14-P0367,Iddq,uA,12.6914,14.4566,14.9865,15.2716,50.0,0,none
L14,L14-P0368,Iddq,uA,9.0753,9.9077,10.36,10.7496,50.0,0,none
L14,L14-P0369,Iddq,uA,10.9097,12.0008,12.3267,12.4469,50.0,0,none
L14,L14-P0370,Iddq,uA,8.388,8.9326,9.1992,9.2198,50.0,0,none
L14,L14-P0371,Iddq,uA,9.9257,11.6706,17.8818,36.4074,50.0,1,accelerating
L14,L14-P0372,Iddq,uA,9.2488,10.2313,10.4554,10.765,50.0,0,none
L14,L14-P0373,Iddq,uA,10.4421,11.9139,12.55,12.6929,50.0,0,none
L14,L14-P0374,Iddq,uA,11.7551,13.4018,14.2585,14.9833,50.0,0,none
L14,L14-P0375,Iddq,uA,10.3589,11.5011,12.0128,12.2106,50.0,0,none
L14,L14-P0376,Iddq,uA,14.9041,17.5768,18.8354,19.1955,50.0,0,none
L14,L14-P0377,Iddq,uA,11.9441,13.2913,13.8274,14.3515,50.0,0,none
L14,L14-P0378,Iddq,uA,9.94,11.3042,11.6176,12.1794,50.0,0,none
L14,L14-P0379,Iddq,uA,10.0066,11.2803,11.6612,11.9138,50.0,0,none
L14,L14-P0380,Iddq,uA,11.0435,11.9237,12.3434,12.2847,50.0,0,none
L14,L14-P0381,Iddq,uA,11.873,12.935,13.2914,13.7071,50.0,0,none
L14,L14-P0382,Iddq,uA,8.3088,9.4215,10.2349,10.2929,50.0,0,none
L14,L14-P0383,Iddq,uA,11.7484,12.793,12.874,13.4898,50.0,0,none
L14,L14-P0384,Iddq,uA,8.2872,9.002,9.3149,9.5566,50.0,0,none
L14,L14-P0385,Iddq,uA,11.3447,12.7595,12.9127,13.3514,50.0,0,none
L14,L14-P0386,Iddq,uA,12.7889,13.9482,14.3567,14.4992,50.0,0,none
L14,L14-P0387,Iddq,uA,10.8956,12.4047,13.1415,13.3789,50.0,0,none
L14,L14-P0388,Iddq,uA,6.6886,8.1265,8.349,8.8022,50.0,0,none
L14,L14-P0389,Iddq,uA,56.4584,62.2378,64.6722,65.669,50.0,1,gross_fail
L14,L14-P0390,Iddq,uA,11.6044,12.9555,13.4303,14.0758,50.0,0,none
L14,L14-P0391,Iddq,uA,6.606,7.5153,7.8376,7.9829,50.0,0,none
L14,L14-P0392,Iddq,uA,11.5362,12.9319,13.4143,13.7251,50.0,0,none
L14,L14-P0393,Iddq,uA,12.3359,13.4795,13.8535,14.0404,50.0,0,none
L14,L14-P0394,Iddq,uA,12.6627,13.7829,14.4909,14.7402,50.0,0,none
L14,L14-P0395,Iddq,uA,9.8579,11.1336,11.6885,11.7045,50.0,0,none
L14,L14-P0396,Iddq,uA,11.078,12.3674,12.9871,13.239,50.0,0,none
L14,L14-P0397,Iddq,uA,10.7705,11.4157,11.6566,11.8797,50.0,0,none
L14,L14-P0398,Iddq,uA,7.8515,9.013,11.2754,17.9964,50.0,1,accelerating
L14,L14-P0399,Iddq,uA,11.8112,12.8483,13.3697,13.4146,50.0,0,none
L14,L14-P0400,Iddq,uA,13.2924,15.0562,15.8091,16.0388,50.0,0,none
L14,L14-P0401,Iddq,uA,12.1112,12.4974,13.0262,13.4024,50.0,0,none
L14,L14-P0402,Iddq,uA,9.3901,10.2594,10.692,10.907,50.0,0,none
L14,L14-P0403,Iddq,uA,11.8458,13.0439,13.1398,13.4633,50.0,0,none
L14,L14-P0404,Iddq,uA,13.2246,15.1606,15.4328,15.6964,50.0,0,none
L14,L14-P0405,Iddq,uA,12.8895,14.6087,15.2305,15.4539,50.0,0,none
L14,L14-P0406,Iddq,uA,12.4568,14.0778,14.5809,15.0608,50.0,0,none
L14,L14-P0407,Iddq,uA,7.7298,10.3055,14.9708,19.325,50.0,1,latent_linear
L14,L14-P0408,Iddq,uA,11.249,12.6521,13.428,13.7305,50.0,0,none
L14,L14-P0409,Iddq,uA,11.7189,12.4456,12.5565,12.6572,50.0,0,none
L14,L14-P0410,Iddq,uA,12.558,13.8647,14.8737,14.9551,50.0,0,none
L14,L14-P0411,Iddq,uA,11.2663,12.2942,12.9208,13.0976,50.0,0,none
L14,L14-P0412,Iddq,uA,13.683,14.7382,14.9918,15.2892,50.0,0,none
L14,L14-P0413,Iddq,uA,7.5222,8.2746,8.3723,8.5455,50.0,0,none
L14,L14-P0414,Iddq,uA,11.5338,12.7294,13.411,13.5019,50.0,0,none
L14,L14-P0415,Iddq,uA,11.3734,13.3703,14.0154,14.1819,50.0,0,none
L14,L14-P0416,Iddq,uA,12.2269,13.0281,13.5689,13.5993,50.0,0,none
L14,L14-P0417,Iddq,uA,13.7723,15.2873,16.2675,16.4374,50.0,0,none
L14,L14-P0418,Iddq,uA,8.8431,10.536,10.9347,11.3613,50.0,0,none
L14,L14-P0419,Iddq,uA,13.619,16.015,16.9295,17.4101,50.0,0,none
L14,L14-P0420,Iddq,uA,11.9113,12.583,12.7114,12.7782,50.0,0,none
L14,L14-P0421,Iddq,uA,9.8273,12.2226,12.7635,13.3868,50.0,0,none
L14,L14-P0422,Iddq,uA,35.2253,39.637,42.5981,42.8009,50.0,1,lot_outlier
L14,L14-P0423,Iddq,uA,10.725,11.2552,11.6505,11.5635,50.0,0,none
L14,L14-P0424,Iddq,uA,10.8862,11.7446,12.097,12.2564,50.0,0,none
L14,L14-P0425,Iddq,uA,11.2368,12.813,13.409,13.5867,50.0,0,none
L14,L14-P0426,Iddq,uA,9.1903,10.2555,10.9302,10.9496,50.0,0,none
L14,L14-P0427,Iddq,uA,11.6837,12.6195,12.8997,13.2,50.0,0,none
L14,L14-P0428,Iddq,uA,9.5217,10.7558,10.9681,11.1596,50.0,0,none
L14,L14-P0429,Iddq,uA,13.0708,14.4244,15.1496,15.0497,50.0,0,none
L14,L14-P0430,Iddq,uA,14.1495,15.5063,15.8285,16.2287,50.0,0,none
L14,L14-P0431,Iddq,uA,8.9299,9.9171,10.1053,10.3065,50.0,0,none
L14,L14-P0432,Iddq,uA,10.3306,11.8746,12.4236,12.8406,50.0,0,none
L14,L14-P0433,Iddq,uA,12.3186,13.3655,13.7614,14.0355,50.0,0,none
L14,L14-P0434,Iddq,uA,11.1269,11.2492,11.9564,12.2329,50.0,0,none
L14,L14-P0435,Iddq,uA,8.0467,8.8172,9.1657,9.1508,50.0,0,none
L14,L14-P0436,Iddq,uA,12.0747,13.2281,13.5727,13.6612,50.0,0,none
L14,L14-P0437,Iddq,uA,9.334,10.165,10.3953,10.5695,50.0,0,none
L14,L14-P0438,Iddq,uA,10.8141,11.3599,11.8279,11.6801,50.0,0,none
L14,L14-P0439,Iddq,uA,8.6273,9.6599,9.8801,10.2373,50.0,0,none
L14,L14-P0440,Iddq,uA,12.0209,13.7698,14.3462,14.5092,50.0,0,none
L14,L14-P0441,Iddq,uA,9.6196,10.3938,10.9083,10.8316,50.0,0,none
L14,L14-P0442,Iddq,uA,12.2167,13.2357,13.7205,13.7154,50.0,0,none
L14,L14-P0443,Iddq,uA,9.9296,10.8204,11.2366,11.595,50.0,0,none
L14,L14-P0444,Iddq,uA,9.4943,10.1541,10.5247,10.6416,50.0,0,none
L14,L14-P0445,Iddq,uA,11.1903,12.5294,13.2212,13.436,50.0,0,none
L14,L14-P0446,Iddq,uA,8.4359,9.1123,9.3616,9.6474,50.0,0,none
L14,L14-P0447,Iddq,uA,14.6945,15.8157,16.1245,16.4677,50.0,0,none
L14,L14-P0448,Iddq,uA,10.7213,11.53,12.1272,12.3637,50.0,0,none
L14,L14-P0449,Iddq,uA,9.2083,10.7909,11.1148,11.3737,50.0,0,none
L14,L14-P0450,Iddq,uA,9.6629,10.7189,10.9721,11.1456,50.0,0,none
L14,L14-P0451,Iddq,uA,10.4916,12.4606,13.2168,13.6206,50.0,0,none
L14,L14-P0452,Iddq,uA,12.3756,13.626,30.2755,29.9175,50.0,1,step_jump
L14,L14-P0453,Iddq,uA,8.7511,10.0373,10.5533,10.7478,50.0,0,none
L14,L14-P0454,Iddq,uA,9.7349,10.6385,11.0348,11.1837,50.0,0,none
L14,L14-P0455,Iddq,uA,10.2323,11.0202,11.528,11.4762,50.0,0,none
L14,L14-P0456,Iddq,uA,13.6903,15.2988,15.7409,15.9035,50.0,0,none
L14,L14-P0457,Iddq,uA,12.3958,13.6483,14.015,14.1456,50.0,0,none
L14,L14-P0458,Iddq,uA,13.7247,12.8147,19.894,17.846,50.0,1,erratic
L14,L14-P0459,Iddq,uA,10.3656,11.9553,12.6368,12.596,50.0,0,none
L14,L14-P0460,Iddq,uA,13.365,14.9858,15.4053,15.7956,50.0,0,none
L14,L14-P0461,Iddq,uA,13.031,14.252,14.427,14.8951,50.0,0,none
L14,L14-P0462,Iddq,uA,11.5396,13.2546,13.6957,13.9945,50.0,0,none
L14,L14-P0463,Iddq,uA,11.9877,12.9755,13.9096,13.9812,50.0,0,none
L14,L14-P0464,Iddq,uA,9.3668,10.6607,11.3844,11.4561,50.0,0,none
L14,L14-P0465,Iddq,uA,14.5282,16.0429,17.7734,17.3008,50.0,0,none
L14,L14-P0466,Iddq,uA,10.0452,10.8516,11.3309,11.5566,50.0,0,none
L14,L14-P0467,Iddq,uA,11.3689,12.8505,13.6786,13.7656,50.0,0,none
L14,L14-P0468,Iddq,uA,11.6536,12.8466,13.2647,13.3681,50.0,0,none
L14,L14-P0469,Iddq,uA,7.9247,8.9347,9.3599,9.6883,50.0,0,none
L14,L14-P0470,Iddq,uA,10.2678,11.6385,12.4235,12.7781,50.0,0,none
L14,L14-P0471,Iddq,uA,10.875,11.6463,11.9326,12.0095,50.0,0,none
L14,L14-P0472,Iddq,uA,10.2303,10.8271,11.069,11.6735,50.0,0,none
L14,L14-P0473,Iddq,uA,10.2896,11.2821,11.2919,11.956,50.0,0,none
L14,L14-P0474,Iddq,uA,13.7979,14.6916,15.4153,15.7276,50.0,0,none
L14,L14-P0475,Iddq,uA,8.7957,10.2452,10.8505,10.9954,50.0,0,none
L14,L14-P0476,Iddq,uA,8.0859,8.6722,8.9828,9.0659,50.0,0,none
L14,L14-P0477,Iddq,uA,9.2887,10.2259,10.4598,10.9003,50.0,0,none
L14,L14-P0478,Iddq,uA,11.9624,12.985,13.4086,13.4903,50.0,0,none
L14,L14-P0479,Iddq,uA,12.029,14.0186,15.2632,15.3816,50.0,0,none
L14,L14-P0480,Iddq,uA,11.3988,13.1296,13.4995,14.0849,50.0,0,none
L14,L14-P0481,Iddq,uA,12.2767,13.5313,14.0392,14.485,50.0,0,none
L14,L14-P0482,Iddq,uA,10.8591,12.1157,13.136,13.1112,50.0,0,none
L14,L14-P0483,Iddq,uA,9.3044,14.6338,13.7676,14.6521,50.0,1,erratic
L14,L14-P0484,Iddq,uA,8.608,10.2592,10.994,11.463,50.0,0,none
L14,L14-P0485,Iddq,uA,8.3308,8.8911,9.211,9.2446,50.0,0,none
L14,L14-P0486,Iddq,uA,9.8588,11.2567,12.09,12.4179,50.0,0,none
L14,L14-P0487,Iddq,uA,11.9233,13.5897,13.984,14.2992,50.0,0,none
L14,L14-P0488,Iddq,uA,10.8061,12.1776,12.5945,12.7318,50.0,0,none
L14,L14-P0489,Iddq,uA,10.4207,11.8036,12.312,12.7862,50.0,0,none
L14,L14-P0490,Iddq,uA,8.5253,9.7706,10.198,10.3689,50.0,0,none
L14,L14-P0491,Iddq,uA,16.1682,18.5064,19.1897,19.6113,50.0,0,none
L14,L14-P0492,Iddq,uA,8.9127,9.8246,9.9954,10.1848,50.0,0,none
L14,L14-P0493,Iddq,uA,10.6267,11.8028,12.2495,12.4518,50.0,0,none
L14,L14-P0494,Iddq,uA,12.4998,13.675,14.3504,14.1951,50.0,0,none
L14,L14-P0495,Iddq,uA,10.3843,11.824,12.0561,12.3326,50.0,0,none
L14,L14-P0496,Iddq,uA,9.0656,10.1687,10.6153,11.0498,50.0,0,none
L14,L14-P0497,Iddq,uA,11.9943,13.4141,13.7644,14.2655,50.0,0,none
L14,L14-P0498,Iddq,uA,8.163,8.9446,9.233,9.4575,50.0,0,none
L14,L14-P0499,Iddq,uA,14.1909,15.4384,15.9002,16.4613,50.0,0,none
L14,L14-P0500,Iddq,uA,10.9536,11.941,12.6778,12.8757,50.0,0,none
L15,L15-P0001,Iddq,uA,6.0157,6.7402,6.9244,7.1356,50.0,0,none
L15,L15-P0002,Iddq,uA,5.5437,6.0925,6.217,6.2759,50.0,0,none
L15,L15-P0003,Iddq,uA,7.4284,8.0788,8.6224,8.7213,50.0,0,none
L15,L15-P0004,Iddq,uA,5.6169,6.1487,6.2211,6.3552,50.0,0,none
L15,L15-P0005,Iddq,uA,6.3517,6.9759,7.2827,7.4106,50.0,0,none
L15,L15-P0006,Iddq,uA,7.4715,8.5069,9.0837,9.3703,50.0,0,none
L15,L15-P0007,Iddq,uA,5.7959,6.3801,6.6617,6.6472,50.0,0,none
L15,L15-P0008,Iddq,uA,6.3222,7.0527,7.6237,7.7165,50.0,0,none
L15,L15-P0009,Iddq,uA,6.0388,6.5478,6.7205,6.7542,50.0,0,none
L15,L15-P0010,Iddq,uA,6.3929,7.0567,7.1441,7.1396,50.0,0,none
L15,L15-P0011,Iddq,uA,6.323,7.0804,7.3545,7.4437,50.0,0,none
L15,L15-P0012,Iddq,uA,7.1912,7.5643,7.6671,7.7091,50.0,0,none
L15,L15-P0013,Iddq,uA,5.8158,6.424,6.5754,6.6241,50.0,0,none
L15,L15-P0014,Iddq,uA,7.5535,8.2581,8.5483,8.9797,50.0,0,none
L15,L15-P0015,Iddq,uA,7.6567,8.5509,8.821,8.9896,50.0,0,none
L15,L15-P0016,Iddq,uA,6.7049,6.8504,7.0089,7.0913,50.0,0,none
L15,L15-P0017,Iddq,uA,5.6988,6.1306,6.2271,6.3078,50.0,0,none
L15,L15-P0018,Iddq,uA,6.2669,6.8672,7.057,7.2292,50.0,0,none
L15,L15-P0019,Iddq,uA,6.2116,7.0051,7.1491,7.2226,50.0,0,none
L15,L15-P0020,Iddq,uA,7.9411,8.7581,9.038,9.2944,50.0,0,none
L15,L15-P0021,Iddq,uA,6.2618,6.9333,6.9958,7.1103,50.0,0,none
L15,L15-P0022,Iddq,uA,7.5406,8.542,8.6,8.8733,50.0,0,none
L15,L15-P0023,Iddq,uA,6.4571,6.9883,7.5297,7.3732,50.0,0,none
L15,L15-P0024,Iddq,uA,6.3852,7.0283,7.1066,7.2347,50.0,0,none
L15,L15-P0025,Iddq,uA,6.0437,6.6735,7.0104,7.011,50.0,0,none
L15,L15-P0026,Iddq,uA,5.9766,6.5696,6.759,6.843,50.0,0,none
L15,L15-P0027,Iddq,uA,7.0976,7.783,8.142,8.4373,50.0,0,none
L15,L15-P0028,Iddq,uA,5.7772,6.2053,6.2622,6.3751,50.0,0,none
L15,L15-P0029,Iddq,uA,7.1031,7.991,8.0626,8.3431,50.0,0,none
L15,L15-P0030,Iddq,uA,7.656,8.4066,8.4991,8.6539,50.0,0,none
L15,L15-P0031,Iddq,uA,5.89,6.2872,6.4983,6.5919,50.0,0,none
L15,L15-P0032,Iddq,uA,7.3284,8.0766,8.5005,8.4703,50.0,0,none
L15,L15-P0033,Iddq,uA,7.2196,8.1921,8.6622,9.0486,50.0,0,none
L15,L15-P0034,Iddq,uA,7.0227,7.5715,7.747,7.8512,50.0,0,none
L15,L15-P0035,Iddq,uA,5.8375,6.6141,6.8482,6.9656,50.0,0,none
L15,L15-P0036,Iddq,uA,6.1618,7.0005,7.27,7.3717,50.0,0,none
L15,L15-P0037,Iddq,uA,6.2095,6.7494,6.9977,7.1224,50.0,0,none
L15,L15-P0038,Iddq,uA,8.369,9.2243,9.5844,9.7038,50.0,0,none
L15,L15-P0039,Iddq,uA,6.3219,6.7891,7.0247,7.1672,50.0,0,none
L15,L15-P0040,Iddq,uA,6.295,6.965,7.2438,7.5089,50.0,0,none
L15,L15-P0041,Iddq,uA,5.3706,5.7459,5.6914,5.8475,50.0,0,none
L15,L15-P0042,Iddq,uA,5.5774,6.3675,6.8002,6.7316,50.0,0,none
L15,L15-P0043,Iddq,uA,5.7562,6.1769,6.42,6.396,50.0,0,none
L15,L15-P0044,Iddq,uA,6.6489,7.245,7.4052,7.5948,50.0,0,none
L15,L15-P0045,Iddq,uA,5.2684,5.7204,5.8416,5.7796,50.0,0,none
L15,L15-P0046,Iddq,uA,5.8112,6.6474,6.8752,7.0024,50.0,0,none
L15,L15-P0047,Iddq,uA,4.9786,5.4216,5.6301,5.6544,50.0,0,none
L15,L15-P0048,Iddq,uA,7.7813,8.0916,8.4425,8.3824,50.0,0,none
L15,L15-P0049,Iddq,uA,6.5372,7.3051,7.5862,7.5339,50.0,0,none
L15,L15-P0050,Iddq,uA,6.6493,7.2501,7.642,7.6178,50.0,0,none
L15,L15-P0051,Iddq,uA,5.5349,5.9283,6.0826,6.241,50.0,0,none
L15,L15-P0052,Iddq,uA,7.3581,7.8159,8.0893,8.2669,50.0,0,none
L15,L15-P0053,Iddq,uA,7.7121,8.0163,8.2317,8.4481,50.0,0,none
L15,L15-P0054,Iddq,uA,6.4664,7.2165,7.5852,7.681,50.0,0,none
L15,L15-P0055,Iddq,uA,6.0263,6.5908,6.7264,6.9266,50.0,0,none
L15,L15-P0056,Iddq,uA,6.706,7.4602,7.6648,7.8054,50.0,0,none
L15,L15-P0057,Iddq,uA,6.9937,7.6872,8.0717,8.0807,50.0,0,none
L15,L15-P0058,Iddq,uA,71.8359,75.2771,76.7265,77.3201,50.0,1,gross_fail
L15,L15-P0059,Iddq,uA,6.8729,7.4125,7.7084,7.7509,50.0,0,none
L15,L15-P0060,Iddq,uA,7.054,7.8301,8.0457,8.1708,50.0,0,none
L15,L15-P0061,Iddq,uA,5.8864,6.9115,10.1641,20.1758,50.0,1,accelerating
L15,L15-P0062,Iddq,uA,7.0447,7.4988,7.6868,7.8313,50.0,0,none
L15,L15-P0063,Iddq,uA,5.9558,6.6464,6.9613,7.1466,50.0,0,none
L15,L15-P0064,Iddq,uA,4.6001,5.205,5.4972,5.6913,50.0,0,none
L15,L15-P0065,Iddq,uA,5.9911,6.2896,6.387,6.5212,50.0,0,none
L15,L15-P0066,Iddq,uA,5.9336,6.444,6.6622,6.8339,50.0,0,none
L15,L15-P0067,Iddq,uA,6.4778,7.1676,7.448,7.6818,50.0,0,none
L15,L15-P0068,Iddq,uA,7.0373,7.7906,8.1763,8.3297,50.0,0,none
L15,L15-P0069,Iddq,uA,6.5825,6.7705,6.8719,6.9065,50.0,0,none
L15,L15-P0070,Iddq,uA,8.1764,9.2183,9.3494,9.505,50.0,0,none
L15,L15-P0071,Iddq,uA,5.9336,6.4201,6.6646,6.7326,50.0,0,none
L15,L15-P0072,Iddq,uA,76.8598,82.9277,85.4837,86.5303,50.0,1,gross_fail
L15,L15-P0073,Iddq,uA,6.581,7.7912,8.1549,8.1956,50.0,0,none
L15,L15-P0074,Iddq,uA,5.8498,6.37,6.5253,6.648,50.0,0,none
L15,L15-P0075,Iddq,uA,5.4697,6.0465,6.2754,6.3983,50.0,0,none
L15,L15-P0076,Iddq,uA,6.0962,6.5558,6.9121,6.9439,50.0,0,none
L15,L15-P0077,Iddq,uA,5.7096,6.2159,6.4,6.4855,50.0,0,none
L15,L15-P0078,Iddq,uA,5.8748,6.464,6.6131,6.8465,50.0,0,none
L15,L15-P0079,Iddq,uA,7.7577,8.5938,9.0187,9.1471,50.0,0,none
L15,L15-P0080,Iddq,uA,6.4574,6.8699,7.0637,7.033,50.0,0,none
L15,L15-P0081,Iddq,uA,6.0851,6.8074,6.8614,6.885,50.0,0,none
L15,L15-P0082,Iddq,uA,7.8551,8.5135,8.8173,8.8986,50.0,0,none
L15,L15-P0083,Iddq,uA,6.1663,6.5299,6.5315,6.663,50.0,0,none
L15,L15-P0084,Iddq,uA,5.4829,5.7388,6.0095,6.0469,50.0,0,none
L15,L15-P0085,Iddq,uA,5.2894,6.0527,6.1368,6.2707,50.0,0,none
L15,L15-P0086,Iddq,uA,6.3243,6.8219,6.9561,6.9862,50.0,0,none
L15,L15-P0087,Iddq,uA,5.1302,6.0884,6.5742,6.659,50.0,0,none
L15,L15-P0088,Iddq,uA,5.4266,5.9995,6.3152,6.4533,50.0,0,none
L15,L15-P0089,Iddq,uA,5.9758,6.5238,6.9571,6.9222,50.0,0,none
L15,L15-P0090,Iddq,uA,7.2389,8.4578,8.8183,9.0067,50.0,0,none
L15,L15-P0091,Iddq,uA,7.5238,8.4066,8.7155,8.7486,50.0,0,none
L15,L15-P0092,Iddq,uA,6.8313,7.4355,7.7848,7.8174,50.0,0,none
L15,L15-P0093,Iddq,uA,6.2922,6.6891,6.946,6.8074,50.0,0,none
L15,L15-P0094,Iddq,uA,5.9011,6.4373,6.7415,6.9502,50.0,0,none
L15,L15-P0095,Iddq,uA,6.6126,7.5206,7.9187,8.1146,50.0,0,none
L15,L15-P0096,Iddq,uA,7.9266,8.652,16.4413,16.7817,50.0,1,step_jump
L15,L15-P0097,Iddq,uA,6.4493,6.8332,7.0597,6.954,50.0,0,none
L15,L15-P0098,Iddq,uA,5.9807,6.3273,6.4738,6.5304,50.0,0,none
L15,L15-P0099,Iddq,uA,6.2179,7.07,7.451,7.4243,50.0,0,none
L15,L15-P0100,Iddq,uA,6.2185,6.7835,6.9453,6.9327,50.0,0,none
L15,L15-P0101,Iddq,uA,6.7217,7.594,8.1475,8.3571,50.0,0,none
L15,L15-P0102,Iddq,uA,5.7648,6.3066,6.4911,6.4978,50.0,0,none
L15,L15-P0103,Iddq,uA,6.752,7.2474,7.3149,7.5336,50.0,0,none
L15,L15-P0104,Iddq,uA,6.814,9.5222,14.8627,19.871,50.0,1,latent_linear
L15,L15-P0105,Iddq,uA,6.6904,7.0807,7.3976,7.3579,50.0,0,none
L15,L15-P0106,Iddq,uA,5.5128,5.9565,6.2086,6.2252,50.0,0,none
L15,L15-P0107,Iddq,uA,6.2093,6.9382,7.0684,7.1709,50.0,0,none
L15,L15-P0108,Iddq,uA,5.822,6.3858,6.5349,6.6604,50.0,0,none
L15,L15-P0109,Iddq,uA,6.3012,6.8933,7.1964,7.2566,50.0,0,none
L15,L15-P0110,Iddq,uA,5.7975,6.3395,6.7848,6.8417,50.0,0,none
L15,L15-P0111,Iddq,uA,7.5401,8.0741,8.4758,8.5154,50.0,0,none
L15,L15-P0112,Iddq,uA,6.6202,7.0217,7.0842,7.266,50.0,0,none
L15,L15-P0113,Iddq,uA,5.0835,5.4213,5.5325,5.6301,50.0,0,none
L15,L15-P0114,Iddq,uA,5.4065,5.7129,5.8497,5.736,50.0,0,none
L15,L15-P0115,Iddq,uA,7.5195,7.8601,8.1347,8.4018,50.0,0,none
L15,L15-P0116,Iddq,uA,6.1277,6.7846,7.0633,7.207,50.0,0,none
L15,L15-P0117,Iddq,uA,6.0372,6.5197,6.5872,6.7212,50.0,0,none
L15,L15-P0118,Iddq,uA,7.3615,7.7301,7.9338,7.9087,50.0,0,none
L15,L15-P0119,Iddq,uA,6.2054,6.5188,6.7332,6.9066,50.0,0,none
L15,L15-P0120,Iddq,uA,5.4692,5.9905,6.0954,6.3044,50.0,0,none
L15,L15-P0121,Iddq,uA,5.49,6.1065,6.4062,6.3921,50.0,0,none
L15,L15-P0122,Iddq,uA,6.8544,7.4519,7.5519,7.6919,50.0,0,none
L15,L15-P0123,Iddq,uA,8.0639,8.8264,9.2375,9.2569,50.0,0,none
L15,L15-P0124,Iddq,uA,7.129,7.8701,8.2128,8.2001,50.0,0,none
L15,L15-P0125,Iddq,uA,6.1005,6.7389,6.8173,6.8226,50.0,0,none
L15,L15-P0126,Iddq,uA,6.1278,6.9532,7.1199,7.3137,50.0,0,none
L15,L15-P0127,Iddq,uA,6.3642,6.9163,7.2584,7.2693,50.0,0,none
L15,L15-P0128,Iddq,uA,4.8467,5.4354,5.3666,5.3337,50.0,0,none
L15,L15-P0129,Iddq,uA,6.2991,7.0495,7.3423,7.6116,50.0,0,none
L15,L15-P0130,Iddq,uA,6.658,7.4461,7.661,7.6561,50.0,0,none
L15,L15-P0131,Iddq,uA,8.0342,8.4086,8.6553,8.8703,50.0,0,none
L15,L15-P0132,Iddq,uA,7.2805,8.0649,8.4511,8.7163,50.0,0,none
L15,L15-P0133,Iddq,uA,8.2271,9.2401,9.6207,9.8924,50.0,0,none
L15,L15-P0134,Iddq,uA,7.7999,8.6828,8.9677,9.1817,50.0,0,none
L15,L15-P0135,Iddq,uA,7.5244,7.993,8.3162,8.3309,50.0,0,none
L15,L15-P0136,Iddq,uA,6.431,7.3303,7.7302,7.7538,50.0,0,none
L15,L15-P0137,Iddq,uA,6.6906,7.2327,7.5554,7.645,50.0,0,none
L15,L15-P0138,Iddq,uA,5.1197,5.6987,13.8129,14.1949,50.0,1,step_jump
L15,L15-P0139,Iddq,uA,6.4559,6.9886,7.0727,7.2138,50.0,0,none
L15,L15-P0140,Iddq,uA,6.7818,7.4751,8.0854,8.0152,50.0,0,none
L15,L15-P0141,Iddq,uA,6.0226,6.559,6.6337,6.7009,50.0,0,none
L15,L15-P0142,Iddq,uA,5.1955,5.5819,5.6226,5.7416,50.0,0,none
L15,L15-P0143,Iddq,uA,7.6815,8.9782,9.5309,9.7851,50.0,0,none
L15,L15-P0144,Iddq,uA,6.5813,7.1065,7.4323,7.4594,50.0,0,none
L15,L15-P0145,Iddq,uA,7.8921,8.8147,9.2235,9.3177,50.0,0,none
L15,L15-P0146,Iddq,uA,7.0159,7.9233,8.1749,8.3818,50.0,0,none
L15,L15-P0147,Iddq,uA,7.5253,8.2306,8.5662,8.6781,50.0,0,none
L15,L15-P0148,Iddq,uA,7.3108,7.9554,8.0546,8.258,50.0,0,none
L15,L15-P0149,Iddq,uA,5.902,6.354,6.6434,6.752,50.0,0,none
L15,L15-P0150,Iddq,uA,5.9645,6.7707,7.0589,7.1429,50.0,0,none
L15,L15-P0151,Iddq,uA,6.1075,6.5509,6.8715,6.9168,50.0,0,none
L15,L15-P0152,Iddq,uA,5.6043,6.0338,6.2513,6.241,50.0,0,none
L15,L15-P0153,Iddq,uA,7.9142,8.8321,9.0626,9.1628,50.0,0,none
L15,L15-P0154,Iddq,uA,6.4461,6.7639,7.0661,6.9572,50.0,0,none
L15,L15-P0155,Iddq,uA,6.8077,7.1935,7.376,7.3914,50.0,0,none
L15,L15-P0156,Iddq,uA,5.3333,5.8069,5.9059,5.9962,50.0,0,none
L15,L15-P0157,Iddq,uA,7.0473,7.7587,7.9293,8.0346,50.0,0,none
L15,L15-P0158,Iddq,uA,5.9586,6.4921,6.6077,6.6781,50.0,0,none
L15,L15-P0159,Iddq,uA,7.3488,8.1758,8.3593,8.6235,50.0,0,none
L15,L15-P0160,Iddq,uA,5.8319,6.4307,6.5961,6.6746,50.0,0,none
L15,L15-P0161,Iddq,uA,7.4763,8.1558,8.3658,8.5122,50.0,0,none
L15,L15-P0162,Iddq,uA,7.0843,7.4787,7.7218,7.6959,50.0,0,none
L15,L15-P0163,Iddq,uA,6.0025,6.5354,6.6981,6.9362,50.0,0,none
L15,L15-P0164,Iddq,uA,7.6347,8.75,9.2728,9.4926,50.0,0,none
L15,L15-P0165,Iddq,uA,7.2592,8.0795,8.5696,8.6471,50.0,0,none
L15,L15-P0166,Iddq,uA,6.7487,7.3929,7.5603,7.7129,50.0,0,none
L15,L15-P0167,Iddq,uA,5.5629,5.9895,6.1624,6.3795,50.0,0,none
L15,L15-P0168,Iddq,uA,6.9959,7.8369,15.571,15.7926,50.0,1,step_jump
L15,L15-P0169,Iddq,uA,6.4245,6.895,7.28,7.3228,50.0,0,none
L15,L15-P0170,Iddq,uA,6.3509,7.0107,7.4968,7.4649,50.0,0,none
L15,L15-P0171,Iddq,uA,6.4011,6.8619,6.9108,7.1178,50.0,0,none
L15,L15-P0172,Iddq,uA,6.3191,6.7902,7.0845,7.1407,50.0,0,none
L15,L15-P0173,Iddq,uA,5.6853,6.0576,6.2284,6.3769,50.0,0,none
L15,L15-P0174,Iddq,uA,5.23,5.7997,6.0112,6.0319,50.0,0,none
L15,L15-P0175,Iddq,uA,5.117,5.2611,5.4765,5.5032,50.0,0,none
L15,L15-P0176,Iddq,uA,6.6566,7.0755,7.2876,7.3747,50.0,0,none
L15,L15-P0177,Iddq,uA,4.7215,5.1395,5.2442,5.4394,50.0,0,none
L15,L15-P0178,Iddq,uA,6.9313,7.7866,8.0573,8.2431,50.0,0,none
L15,L15-P0179,Iddq,uA,6.8409,7.416,7.6763,7.752,50.0,0,none
L15,L15-P0180,Iddq,uA,6.0626,6.3067,6.4411,6.5901,50.0,0,none
L15,L15-P0181,Iddq,uA,7.077,7.9888,8.2855,8.5415,50.0,0,none
L15,L15-P0182,Iddq,uA,6.131,6.961,7.4414,7.4836,50.0,0,none
L15,L15-P0183,Iddq,uA,6.6778,7.1073,7.3516,7.3833,50.0,0,none
L15,L15-P0184,Iddq,uA,4.9237,5.3911,5.4736,5.5106,50.0,0,none
L15,L15-P0185,Iddq,uA,4.7167,5.2959,5.4744,5.5745,50.0,0,none
L15,L15-P0186,Iddq,uA,6.1054,6.8507,7.0312,7.2705,50.0,0,none
L15,L15-P0187,Iddq,uA,6.6619,7.5525,7.8737,7.9819,50.0,0,none
L15,L15-P0188,Iddq,uA,7.2268,8.1265,8.4593,8.386,50.0,0,none
L15,L15-P0189,Iddq,uA,20.8511,22.0098,22.7407,22.6736,50.0,1,lot_outlier
L15,L15-P0190,Iddq,uA,6.5124,6.9851,7.2636,7.3727,50.0,0,none
L15,L15-P0191,Iddq,uA,6.9326,7.7052,7.9004,7.9838,50.0,0,none
L15,L15-P0192,Iddq,uA,6.2733,6.7872,6.9981,7.1894,50.0,0,none
L15,L15-P0193,Iddq,uA,6.7271,7.3426,7.6865,7.7211,50.0,0,none
L15,L15-P0194,Iddq,uA,5.4591,5.9814,6.1561,6.2804,50.0,0,none
L15,L15-P0195,Iddq,uA,5.1533,5.4992,5.6547,5.7765,50.0,0,none
L15,L15-P0196,Iddq,uA,5.8369,6.4745,8.8286,15.3031,50.0,1,accelerating
L15,L15-P0197,Iddq,uA,7.1176,7.4889,7.6417,7.6683,50.0,0,none
L15,L15-P0198,Iddq,uA,5.7473,6.1776,6.4249,6.4629,50.0,0,none
L15,L15-P0199,Iddq,uA,6.9613,7.4856,7.6531,7.9138,50.0,0,none
L15,L15-P0200,Iddq,uA,5.6245,6.0472,6.2693,6.3476,50.0,0,none
L15,L15-P0201,Iddq,uA,5.8626,6.4736,6.6822,6.8287,50.0,0,none
L15,L15-P0202,Iddq,uA,6.6131,7.1214,7.32,7.4394,50.0,0,none
L15,L15-P0203,Iddq,uA,5.8053,6.5769,6.9922,7.1405,50.0,0,none
L15,L15-P0204,Iddq,uA,5.9946,6.7287,7.0773,6.9915,50.0,0,none
L15,L15-P0205,Iddq,uA,4.5095,4.8772,5.0474,5.1887,50.0,0,none
L15,L15-P0206,Iddq,uA,6.9961,7.6547,7.9469,8.0316,50.0,0,none
L15,L15-P0207,Iddq,uA,6.195,7.0264,7.4215,7.4911,50.0,0,none
L15,L15-P0208,Iddq,uA,5.5749,6.0101,6.1259,6.3205,50.0,0,none
L15,L15-P0209,Iddq,uA,8.1408,8.4372,8.8252,8.831,50.0,0,none
L15,L15-P0210,Iddq,uA,5.7402,6.4591,6.6811,6.9808,50.0,0,none
L15,L15-P0211,Iddq,uA,5.9318,6.5384,6.8418,6.882,50.0,0,none
L15,L15-P0212,Iddq,uA,5.601,6.1626,6.4045,6.6076,50.0,0,none
L15,L15-P0213,Iddq,uA,7.2691,7.8591,8.2481,8.3636,50.0,0,none
L15,L15-P0214,Iddq,uA,7.6183,8.2807,8.6322,8.6272,50.0,0,none
L15,L15-P0215,Iddq,uA,7.4525,8.012,8.2558,8.124,50.0,0,none
L15,L15-P0216,Iddq,uA,7.4375,8.0747,8.4261,8.622,50.0,0,none
L15,L15-P0217,Iddq,uA,5.9669,6.6695,6.9451,7.0477,50.0,0,none
L15,L15-P0218,Iddq,uA,7.8901,8.8802,9.3749,9.4208,50.0,0,none
L15,L15-P0219,Iddq,uA,6.2052,6.8942,7.2396,7.3391,50.0,0,none
L15,L15-P0220,Iddq,uA,5.1479,5.8272,6.1056,6.1109,50.0,0,none
L15,L15-P0221,Iddq,uA,6.0289,7.0722,7.4231,7.6212,50.0,0,none
L15,L15-P0222,Iddq,uA,6.6016,6.9347,7.1605,7.2218,50.0,0,none
L15,L15-P0223,Iddq,uA,5.8976,6.3815,6.5296,6.7759,50.0,0,none
L15,L15-P0224,Iddq,uA,6.4188,6.8342,7.025,7.0115,50.0,0,none
L15,L15-P0225,Iddq,uA,6.7818,7.7753,8.0842,8.3914,50.0,0,none
L15,L15-P0226,Iddq,uA,6.7738,7.2391,7.2387,7.5719,50.0,0,none
L15,L15-P0227,Iddq,uA,6.8841,7.8334,7.9927,8.1682,50.0,0,none
L15,L15-P0228,Iddq,uA,6.2069,6.6052,6.753,6.7791,50.0,0,none
L15,L15-P0229,Iddq,uA,5.9554,6.2409,6.4753,6.7189,50.0,0,none
L15,L15-P0230,Iddq,uA,5.1837,5.6045,5.7131,5.9726,50.0,0,none
L15,L15-P0231,Iddq,uA,6.208,6.8558,7.0327,7.1368,50.0,0,none
L15,L15-P0232,Iddq,uA,5.8976,6.4693,6.6644,6.767,50.0,0,none
L15,L15-P0233,Iddq,uA,6.1823,7.0644,7.2277,7.2133,50.0,0,none
L15,L15-P0234,Iddq,uA,4.882,5.2321,5.4425,5.5,50.0,0,none
L15,L15-P0235,Iddq,uA,5.3041,5.7902,6.1093,6.2048,50.0,0,none
L15,L15-P0236,Iddq,uA,6.6816,7.5826,7.8434,7.9436,50.0,0,none
L15,L15-P0237,Iddq,uA,5.0864,5.5841,5.8556,5.7239,50.0,0,none
L15,L15-P0238,Iddq,uA,6.2068,7.1527,7.4855,7.7959,50.0,0,none
L15,L15-P0239,Iddq,uA,5.8328,6.2817,6.6928,6.647,50.0,0,none
L15,L15-P0240,Iddq,uA,5.6052,6.0788,6.322,6.3344,50.0,0,none
L15,L15-P0241,Iddq,uA,6.4629,7.0944,7.4578,7.5117,50.0,0,none
L15,L15-P0242,Iddq,uA,6.4672,7.0557,7.4163,7.5602,50.0,0,none
L15,L15-P0243,Iddq,uA,6.7471,7.4279,7.827,7.9704,50.0,0,none
L15,L15-P0244,Iddq,uA,5.5177,6.0789,6.1585,6.289,50.0,0,none
L15,L15-P0245,Iddq,uA,5.6006,5.8481,5.9418,6.0229,50.0,0,none
L15,L15-P0246,Iddq,uA,7.2404,7.8263,8.1113,7.9964,50.0,0,none
L15,L15-P0247,Iddq,uA,6.0903,6.7159,7.1337,7.1493,50.0,0,none
L15,L15-P0248,Iddq,uA,6.6817,7.0596,7.3857,7.3851,50.0,0,none
L15,L15-P0249,Iddq,uA,5.9072,6.5322,6.8573,6.8331,50.0,0,none
L15,L15-P0250,Iddq,uA,6.8062,7.4614,7.861,7.9121,50.0,0,none
L15,L15-P0251,Iddq,uA,4.5916,4.965,5.251,5.2116,50.0,0,none
L15,L15-P0252,Iddq,uA,7.5826,7.7365,7.8148,7.8208,50.0,0,none
L15,L15-P0253,Iddq,uA,6.0611,6.3869,6.6274,6.8004,50.0,0,none
L15,L15-P0254,Iddq,uA,5.4452,6.0001,6.2971,6.3698,50.0,0,none
L15,L15-P0255,Iddq,uA,5.4699,6.841,8.6178,10.4148,50.0,1,latent_linear
L15,L15-P0256,Iddq,uA,6.1666,6.4947,6.5221,6.4863,50.0,0,none
L15,L15-P0257,Iddq,uA,6.2922,6.8746,7.0008,7.1204,50.0,0,none
L15,L15-P0258,Iddq,uA,6.3199,6.8084,6.883,7.0678,50.0,0,none
L15,L15-P0259,Iddq,uA,5.4663,5.93,6.2134,6.2298,50.0,0,none
L15,L15-P0260,Iddq,uA,7.1075,7.7001,7.8744,8.1006,50.0,0,none
L15,L15-P0261,Iddq,uA,5.8801,6.9992,7.4967,7.507,50.0,0,none
L15,L15-P0262,Iddq,uA,5.8177,6.2618,6.6285,6.5435,50.0,0,none
L15,L15-P0263,Iddq,uA,6.0912,6.9158,7.0029,7.2519,50.0,0,none
L15,L15-P0264,Iddq,uA,7.0056,7.6374,8.0283,8.2119,50.0,0,none
L15,L15-P0265,Iddq,uA,6.337,6.7943,7.0849,7.2386,50.0,0,none
L15,L15-P0266,Iddq,uA,5.858,6.4167,6.663,6.8084,50.0,0,none
L15,L15-P0267,Iddq,uA,6.0904,6.6034,6.7272,6.8445,50.0,0,none
L15,L15-P0268,Iddq,uA,7.4309,7.886,8.1136,8.2243,50.0,0,none
L15,L15-P0269,Iddq,uA,7.4349,7.711,8.0655,8.1447,50.0,0,none
L15,L15-P0270,Iddq,uA,6.7034,7.0948,7.3782,7.4262,50.0,0,none
L15,L15-P0271,Iddq,uA,6.5991,6.8908,7.014,7.225,50.0,0,none
L15,L15-P0272,Iddq,uA,8.5009,9.2127,9.4943,9.5698,50.0,0,none
L15,L15-P0273,Iddq,uA,6.7262,7.3404,7.4619,7.6883,50.0,0,none
L15,L15-P0274,Iddq,uA,6.4758,7.1754,7.4039,7.4688,50.0,0,none
L15,L15-P0275,Iddq,uA,6.1783,6.8663,7.0871,6.9251,50.0,0,none
L15,L15-P0276,Iddq,uA,6.588,7.1924,7.4278,7.5531,50.0,0,none
L15,L15-P0277,Iddq,uA,4.3657,4.619,4.6183,4.7756,50.0,0,none
L15,L15-P0278,Iddq,uA,7.3257,7.9528,8.2584,8.3223,50.0,0,none
L15,L15-P0279,Iddq,uA,5.4446,5.9597,6.2654,6.3569,50.0,0,none
L15,L15-P0280,Iddq,uA,5.7921,6.2492,6.4131,6.5576,50.0,0,none
L15,L15-P0281,Iddq,uA,5.3413,5.7039,5.7438,5.7983,50.0,0,none
L15,L15-P0282,Iddq,uA,5.779,6.2563,6.4265,6.4189,50.0,0,none
L15,L15-P0283,Iddq,uA,6.1231,6.5289,6.8241,6.8833,50.0,0,none
L15,L15-P0284,Iddq,uA,7.0943,7.9293,8.3459,8.4905,50.0,0,none
L15,L15-P0285,Iddq,uA,7.4053,8.3252,8.709,8.821,50.0,0,none
L15,L15-P0286,Iddq,uA,8.1597,8.7928,9.1385,9.235,50.0,0,none
L15,L15-P0287,Iddq,uA,6.4373,7.4763,7.8099,7.8415,50.0,0,none
L15,L15-P0288,Iddq,uA,6.22,6.7219,6.9267,6.9251,50.0,0,none
L15,L15-P0289,Iddq,uA,6.953,7.8755,8.2716,8.4374,50.0,0,none
L15,L15-P0290,Iddq,uA,5.6222,6.5335,6.7928,6.8321,50.0,0,none
L15,L15-P0291,Iddq,uA,5.6065,6.405,6.6835,6.6439,50.0,0,none
L15,L15-P0292,Iddq,uA,6.0696,6.6156,6.8506,6.9563,50.0,0,none
L15,L15-P0293,Iddq,uA,6.313,6.8953,7.1331,7.3192,50.0,0,none
L15,L15-P0294,Iddq,uA,4.8325,5.3424,5.4092,5.5532,50.0,0,none
L15,L15-P0295,Iddq,uA,7.3499,8.1265,8.3937,8.5838,50.0,0,none
L15,L15-P0296,Iddq,uA,6.6527,6.9463,7.2152,7.3213,50.0,0,none
L15,L15-P0297,Iddq,uA,7.0006,7.7189,7.985,8.0046,50.0,0,none
L15,L15-P0298,Iddq,uA,5.2482,5.8251,6.1547,6.358,50.0,0,none
L15,L15-P0299,Iddq,uA,5.7901,6.4727,6.499,6.833,50.0,0,none
L15,L15-P0300,Iddq,uA,5.7805,6.4184,6.862,6.8256,50.0,0,none
L15,L15-P0301,Iddq,uA,6.0842,6.5818,6.7327,6.7588,50.0,0,none
L15,L15-P0302,Iddq,uA,6.4689,6.81,7.068,7.1018,50.0,0,none
L15,L15-P0303,Iddq,uA,7.183,7.7405,7.9648,8.2289,50.0,0,none
L15,L15-P0304,Iddq,uA,6.4457,7.0276,7.1575,7.331,50.0,0,none
L15,L15-P0305,Iddq,uA,5.6804,6.0859,6.2159,6.3505,50.0,0,none
L15,L15-P0306,Iddq,uA,8.3542,9.1741,9.6278,9.898,50.0,0,none
L15,L15-P0307,Iddq,uA,6.1419,6.8113,7.2295,7.4098,50.0,0,none
L15,L15-P0308,Iddq,uA,5.7024,5.9576,6.2994,6.3524,50.0,0,none
L15,L15-P0309,Iddq,uA,4.8857,5.4594,5.8057,5.8642,50.0,0,none
L15,L15-P0310,Iddq,uA,6.4248,7.3856,7.9465,7.9377,50.0,0,none
L15,L15-P0311,Iddq,uA,6.8707,7.8485,8.1448,8.3584,50.0,0,none
L15,L15-P0312,Iddq,uA,5.5434,5.8736,6.1561,6.2232,50.0,0,none
L15,L15-P0313,Iddq,uA,6.8623,7.1953,7.4816,7.3924,50.0,0,none
L15,L15-P0314,Iddq,uA,6.3802,7.0218,7.3169,7.3443,50.0,0,none
L15,L15-P0315,Iddq,uA,5.0273,5.8964,6.2779,6.4994,50.0,0,none
L15,L15-P0316,Iddq,uA,6.8986,7.7555,8.1804,8.2813,50.0,0,none
L15,L15-P0317,Iddq,uA,6.0529,6.587,6.9237,6.8778,50.0,0,none
L15,L15-P0318,Iddq,uA,5.4737,6.242,6.4995,6.5864,50.0,0,none
L15,L15-P0319,Iddq,uA,7.0882,7.9029,8.4676,8.601,50.0,0,none
L15,L15-P0320,Iddq,uA,7.1004,7.4004,7.7386,7.7429,50.0,0,none
L15,L15-P0321,Iddq,uA,5.4454,6.2001,6.4085,6.5321,50.0,0,none
L15,L15-P0322,Iddq,uA,6.5202,7.0673,7.3069,7.6821,50.0,0,none
L15,L15-P0323,Iddq,uA,6.4592,6.9491,7.1592,7.1993,50.0,0,none
L15,L15-P0324,Iddq,uA,6.2812,6.8345,7.1147,7.1023,50.0,0,none
L15,L15-P0325,Iddq,uA,5.9146,6.3705,6.6377,6.7737,50.0,0,none
L15,L15-P0326,Iddq,uA,6.2798,6.6301,6.8736,6.9251,50.0,0,none
L15,L15-P0327,Iddq,uA,7.1737,7.6756,8.0042,8.1212,50.0,0,none
L15,L15-P0328,Iddq,uA,6.8355,7.1822,7.4809,7.5068,50.0,0,none
L15,L15-P0329,Iddq,uA,4.9243,5.5482,5.8374,5.8366,50.0,0,none
L15,L15-P0330,Iddq,uA,4.7913,5.2273,5.3775,5.5495,50.0,0,none
L15,L15-P0331,Iddq,uA,5.0414,5.2135,5.4401,5.4579,50.0,0,none
L15,L15-P0332,Iddq,uA,5.384,5.7603,5.9634,5.9991,50.0,0,none
L15,L15-P0333,Iddq,uA,5.7469,6.1426,6.2841,6.3774,50.0,0,none
L15,L15-P0334,Iddq,uA,5.9935,6.318,6.4732,6.545,50.0,0,none
L15,L15-P0335,Iddq,uA,6.1817,7.1362,7.4139,7.4752,50.0,0,none
L15,L15-P0336,Iddq,uA,6.3558,6.974,7.2636,7.4476,50.0,0,none
L15,L15-P0337,Iddq,uA,6.3973,6.7308,6.8296,6.9284,50.0,0,none
L15,L15-P0338,Iddq,uA,68.3816,72.3977,74.0894,74.7821,50.0,1,gross_fail
L15,L15-P0339,Iddq,uA,5.1606,5.6605,5.6506,5.9425,50.0,0,none
L15,L15-P0340,Iddq,uA,6.685,7.1917,7.0965,7.2603,50.0,0,none
L15,L15-P0341,Iddq,uA,6.6291,7.211,7.4051,7.4884,50.0,0,none
L15,L15-P0342,Iddq,uA,5.4416,5.8671,6.0418,6.1828,50.0,0,none
L15,L15-P0343,Iddq,uA,6.7591,7.4246,7.5932,7.8182,50.0,0,none
L15,L15-P0344,Iddq,uA,6.594,7.2866,7.4742,7.6636,50.0,0,none
L15,L15-P0345,Iddq,uA,6.3678,6.6999,6.8564,7.0496,50.0,0,none
L15,L15-P0346,Iddq,uA,4.7006,5.0883,5.2147,5.2762,50.0,0,none
L15,L15-P0347,Iddq,uA,7.1545,8.0795,8.321,8.5377,50.0,0,none
L15,L15-P0348,Iddq,uA,6.6147,6.8459,7.0437,7.081,50.0,0,none
L15,L15-P0349,Iddq,uA,6.6611,7.2935,7.6556,7.7497,50.0,0,none
L15,L15-P0350,Iddq,uA,4.1536,4.3605,4.472,4.4969,50.0,0,none
L15,L15-P0351,Iddq,uA,5.9255,6.6594,7.027,7.1547,50.0,0,none
L15,L15-P0352,Iddq,uA,5.2584,5.9093,6.0216,6.2282,50.0,0,none
L15,L15-P0353,Iddq,uA,7.4187,8.2318,8.5793,8.8269,50.0,0,none
L15,L15-P0354,Iddq,uA,5.3864,5.8859,6.0331,6.0348,50.0,0,none
L15,L15-P0355,Iddq,uA,7.6815,8.2797,8.6775,8.6948,50.0,0,none
L15,L15-P0356,Iddq,uA,7.3167,7.9257,8.1683,8.1885,50.0,0,none
L15,L15-P0357,Iddq,uA,6.51,6.7876,6.9363,6.9949,50.0,0,none
L15,L15-P0358,Iddq,uA,7.3541,8.024,8.2601,8.4166,50.0,0,none
L15,L15-P0359,Iddq,uA,5.588,6.1391,6.5698,6.577,50.0,0,none
L15,L15-P0360,Iddq,uA,5.859,6.061,6.3656,6.2748,50.0,0,none
L15,L15-P0361,Iddq,uA,7.2226,7.8781,8.1987,8.3024,50.0,0,none
L15,L15-P0362,Iddq,uA,5.5994,6.1857,6.3347,6.4748,50.0,0,none
L15,L15-P0363,Iddq,uA,5.4046,6.1389,6.373,6.3694,50.0,0,none
L15,L15-P0364,Iddq,uA,6.0708,6.5511,6.7484,6.9179,50.0,0,none
L15,L15-P0365,Iddq,uA,5.7335,6.1737,6.5565,6.4651,50.0,0,none
L15,L15-P0366,Iddq,uA,8.0341,8.7268,9.0043,9.1692,50.0,0,none
L15,L15-P0367,Iddq,uA,7.0787,7.3209,7.3112,7.4282,50.0,0,none
L15,L15-P0368,Iddq,uA,5.9428,6.2228,6.6595,6.6912,50.0,0,none
L15,L15-P0369,Iddq,uA,5.6284,6.1488,6.1558,6.3538,50.0,0,none
L15,L15-P0370,Iddq,uA,6.7106,6.9071,7.0783,7.1775,50.0,0,none
L15,L15-P0371,Iddq,uA,7.4388,8.1429,8.5403,8.4824,50.0,0,none
L15,L15-P0372,Iddq,uA,6.6187,7.2211,7.4231,7.5998,50.0,0,none
L15,L15-P0373,Iddq,uA,5.6347,6.1227,6.439,6.3463,50.0,0,none
L15,L15-P0374,Iddq,uA,5.3546,5.9213,6.133,6.1537,50.0,0,none
L15,L15-P0375,Iddq,uA,6.067,6.4535,6.6616,6.7873,50.0,0,none
L15,L15-P0376,Iddq,uA,6.5493,7.166,7.3437,7.5736,50.0,0,none
L15,L15-P0377,Iddq,uA,6.0737,6.7884,6.8502,6.9761,50.0,0,none
L15,L15-P0378,Iddq,uA,7.2151,7.9144,8.1079,8.3132,50.0,0,none
L15,L15-P0379,Iddq,uA,6.8324,7.0071,7.2776,7.2413,50.0,0,none
L15,L15-P0380,Iddq,uA,6.5119,7.0912,7.416,7.4576,50.0,0,none
L15,L15-P0381,Iddq,uA,6.7474,7.5291,7.5552,7.7477,50.0,0,none
L15,L15-P0382,Iddq,uA,5.3544,5.9276,6.1148,6.214,50.0,0,none
L15,L15-P0383,Iddq,uA,5.9977,6.4903,6.614,6.6096,50.0,0,none
L15,L15-P0384,Iddq,uA,5.562,6.0082,6.0073,6.11,50.0,0,none
L15,L15-P0385,Iddq,uA,6.6768,7.1788,7.2429,7.3909,50.0,0,none
L15,L15-P0386,Iddq,uA,5.6503,6.2177,6.5353,6.7425,50.0,0,none
L15,L15-P0387,Iddq,uA,6.483,7.0449,7.3533,7.2543,50.0,0,none
L15,L15-P0388,Iddq,uA,6.2421,6.8348,7.4726,7.6039,50.0,0,none
L15,L15-P0389,Iddq,uA,6.837,7.6163,8.1709,8.443,50.0,0,none
L15,L15-P0390,Iddq,uA,5.4738,5.9348,5.9663,6.1727,50.0,0,none
L15,L15-P0391,Iddq,uA,6.5959,7.1287,7.2786,7.5066,50.0,0,none
L15,L15-P0392,Iddq,uA,5.4738,6.0596,6.2346,6.2823,50.0,0,none
L15,L15-P0393,Iddq,uA,5.6092,6.131,6.4791,6.5071,50.0,0,none
L15,L15-P0394,Iddq,uA,6.2856,6.689,6.7171,6.8889,50.0,0,none
L15,L15-P0395,Iddq,uA,7.4147,8.1784,8.326,8.504,50.0,0,none
L15,L15-P0396,Iddq,uA,5.6643,6.3423,6.4679,6.6276,50.0,0,none
L15,L15-P0397,Iddq,uA,5.0564,5.3515,5.4209,5.4498,50.0,0,none
L15,L15-P0398,Iddq,uA,5.6098,5.9609,6.071,6.1937,50.0,0,none
L15,L15-P0399,Iddq,uA,6.1668,6.7406,6.8897,6.9946,50.0,0,none
L15,L15-P0400,Iddq,uA,8.1162,9.3784,9.9629,10.1496,50.0,0,none
L15,L15-P0401,Iddq,uA,6.6792,7.1511,7.445,7.3407,50.0,0,none
L15,L15-P0402,Iddq,uA,5.7809,6.3689,8.0498,12.3914,50.0,1,accelerating
L15,L15-P0403,Iddq,uA,6.3153,6.688,6.8704,6.9757,50.0,0,none
L15,L15-P0404,Iddq,uA,7.6948,8.5734,8.8405,8.8541,50.0,0,none
L15,L15-P0405,Iddq,uA,6.0917,7.7665,11.5656,15.1716,50.0,1,latent_linear
L15,L15-P0406,Iddq,uA,6.135,6.614,6.8458,6.9307,50.0,0,none
L15,L15-P0407,Iddq,uA,6.0546,7.107,7.59,7.7651,50.0,0,none
L15,L15-P0408,Iddq,uA,6.9231,7.6041,7.6002,7.8895,50.0,0,none
L15,L15-P0409,Iddq,uA,5.8996,6.2598,6.3463,6.4772,50.0,0,none
L15,L15-P0410,Iddq,uA,7.1464,7.7266,8.164,8.168,50.0,0,none
L15,L15-P0411,Iddq,uA,7.3047,8.1086,8.4477,8.5201,50.0,0,none
L15,L15-P0412,Iddq,uA,6.8574,7.4989,7.7744,8.0301,50.0,0,none
L15,L15-P0413,Iddq,uA,6.2264,6.6954,6.783,6.9579,50.0,0,none
L15,L15-P0414,Iddq,uA,5.3427,5.6451,5.8176,5.8329,50.0,0,none
L15,L15-P0415,Iddq,uA,6.1429,6.5288,6.7842,6.8589,50.0,0,none
L15,L15-P0416,Iddq,uA,5.7934,6.3464,6.4059,6.5683,50.0,0,none
L15,L15-P0417,Iddq,uA,5.6667,6.1166,10.2585,10.4553,50.0,1,step_jump
L15,L15-P0418,Iddq,uA,6.1927,6.5967,6.7508,6.8556,50.0,0,none
L15,L15-P0419,Iddq,uA,6.6096,7.6254,7.7573,8.0207,50.0,0,none
L15,L15-P0420,Iddq,uA,5.8553,6.553,6.8198,6.9147,50.0,0,none
L15,L15-P0421,Iddq,uA,5.4007,6.1135,6.2738,6.3824,50.0,0,none
L15,L15-P0422,Iddq,uA,5.6045,5.9578,6.1779,6.3,50.0,0,none
L15,L15-P0423,Iddq,uA,7.6836,8.3767,8.7364,8.7302,50.0,0,none
L15,L15-P0424,Iddq,uA,6.8354,7.2884,7.7122,7.8402,50.0,0,none
L15,L15-P0425,Iddq,uA,5.6254,6.1204,6.4192,6.4182,50.0,0,none
L15,L15-P0426,Iddq,uA,7.3961,8.2058,8.5098,8.4673,50.0,0,none
L15,L15-P0427,Iddq,uA,6.0827,6.682,7.002,7.0073,50.0,0,none
L15,L15-P0428,Iddq,uA,8.602,9.6217,10.1985,10.287,50.0,0,none
L15,L15-P0429,Iddq,uA,6.6005,7.1377,7.1912,7.3538,50.0,0,none
L15,L15-P0430,Iddq,uA,6.8111,7.5291,7.9524,7.9645,50.0,0,none
L15,L15-P0431,Iddq,uA,7.1137,7.81,8.0622,8.2554,50.0,0,none
L15,L15-P0432,Iddq,uA,7.557,8.3477,8.5721,8.7464,50.0,0,none
L15,L15-P0433,Iddq,uA,5.9712,6.6512,6.9207,7.0416,50.0,0,none
L15,L15-P0434,Iddq,uA,7.6033,8.1544,8.2219,8.4584,50.0,0,none
L15,L15-P0435,Iddq,uA,5.7712,6.0639,6.5217,6.3989,50.0,0,none
L15,L15-P0436,Iddq,uA,6.032,6.5293,6.8706,7.0187,50.0,0,none
L15,L15-P0437,Iddq,uA,6.3685,6.6069,6.7976,6.9108,50.0,0,none
L15,L15-P0438,Iddq,uA,7.1556,7.864,8.2175,8.2696,50.0,0,none
L15,L15-P0439,Iddq,uA,6.1686,7.2966,8.4981,7.7569,50.0,1,erratic
L15,L15-P0440,Iddq,uA,7.7101,8.939,9.2874,9.4346,50.0,0,none
L15,L15-P0441,Iddq,uA,7.4872,8.106,8.2052,8.4359,50.0,0,none
L15,L15-P0442,Iddq,uA,6.3641,7.3012,7.535,7.8216,50.0,0,none
L15,L15-P0443,Iddq,uA,5.6299,6.0587,6.3314,6.4522,50.0,0,none
L15,L15-P0444,Iddq,uA,7.1975,7.7297,8.0637,8.0134,50.0,0,none
L15,L15-P0445,Iddq,uA,4.791,5.4657,5.6548,5.667,50.0,0,none
L15,L15-P0446,Iddq,uA,7.1991,7.5269,7.9566,7.9567,50.0,0,none
L15,L15-P0447,Iddq,uA,5.8138,6.1595,6.3768,6.3619,50.0,0,none
L15,L15-P0448,Iddq,uA,7.6087,7.9699,8.298,8.3565,50.0,0,none
L15,L15-P0449,Iddq,uA,5.2858,5.5948,5.8784,5.9457,50.0,0,none
L15,L15-P0450,Iddq,uA,5.8491,6.9954,7.3222,7.5148,50.0,0,none
L15,L15-P0451,Iddq,uA,6.6911,6.9684,7.1874,7.2145,50.0,0,none
L15,L15-P0452,Iddq,uA,6.8499,7.2282,7.3132,7.6035,50.0,0,none
L15,L15-P0453,Iddq,uA,5.8492,6.5524,6.8004,6.9663,50.0,0,none
L15,L15-P0454,Iddq,uA,6.0296,6.7286,7.1274,7.2074,50.0,0,none
L15,L15-P0455,Iddq,uA,7.2219,7.6077,7.841,7.9194,50.0,0,none
L15,L15-P0456,Iddq,uA,7.2457,7.5211,7.809,7.7108,50.0,0,none
L15,L15-P0457,Iddq,uA,6.0692,6.7486,7.1435,7.349,50.0,0,none
L15,L15-P0458,Iddq,uA,5.9044,6.3067,6.3762,6.5182,50.0,0,none
L15,L15-P0459,Iddq,uA,5.2897,5.6954,5.8957,6.007,50.0,0,none
L15,L15-P0460,Iddq,uA,6.5192,7.1847,7.3962,7.5044,50.0,0,none
L15,L15-P0461,Iddq,uA,6.9809,7.4508,7.6571,7.7661,50.0,0,none
L15,L15-P0462,Iddq,uA,6.4178,7.1112,7.3542,7.6965,50.0,0,none
L15,L15-P0463,Iddq,uA,5.6912,6.0035,6.3355,6.3907,50.0,0,none
L15,L15-P0464,Iddq,uA,8.0725,8.483,8.7702,8.7758,50.0,0,none
L15,L15-P0465,Iddq,uA,4.8157,5.2173,5.3734,5.3046,50.0,0,none
L15,L15-P0466,Iddq,uA,7.1817,7.9231,8.1868,8.5362,50.0,0,none
L15,L15-P0467,Iddq,uA,6.5573,6.934,7.1147,7.3098,50.0,0,none
L15,L15-P0468,Iddq,uA,6.6956,7.5367,7.7284,7.9054,50.0,0,none
L15,L15-P0469,Iddq,uA,5.7503,6.3285,6.38,6.5162,50.0,0,none
L15,L15-P0470,Iddq,uA,6.1264,6.5925,6.7471,6.7858,50.0,0,none
L15,L15-P0471,Iddq,uA,6.5802,7.189,7.5888,7.6654,50.0,0,none
L15,L15-P0472,Iddq,uA,6.3347,6.9911,7.3018,7.6271,50.0,0,none
L15,L15-P0473,Iddq,uA,5.0853,5.8612,6.0846,6.1775,50.0,0,none
L15,L15-P0474,Iddq,uA,7.9844,8.4081,8.3373,8.4676,50.0,0,none
L15,L15-P0475,Iddq,uA,6.8333,7.1602,7.3015,7.2356,50.0,0,none
L15,L15-P0476,Iddq,uA,6.3503,6.9012,7.2476,7.5444,50.0,0,none
L15,L15-P0477,Iddq,uA,19.1458,20.6098,20.9195,21.1741,50.0,1,lot_outlier
L15,L15-P0478,Iddq,uA,7.8721,8.3382,8.6144,8.5152,50.0,0,none
L15,L15-P0479,Iddq,uA,5.7627,6.2333,6.3721,6.648,50.0,0,none
L15,L15-P0480,Iddq,uA,5.7055,6.0741,6.2195,6.3952,50.0,0,none
L15,L15-P0481,Iddq,uA,7.1072,7.5496,7.6747,7.7582,50.0,0,none
L15,L15-P0482,Iddq,uA,6.7237,7.3581,7.4531,7.6643,50.0,0,none
L15,L15-P0483,Iddq,uA,5.5295,6.1764,6.539,6.5278,50.0,0,none
L15,L15-P0484,Iddq,uA,7.38,8.0267,8.0436,8.3358,50.0,0,none
L15,L15-P0485,Iddq,uA,6.6193,7.0394,7.4189,7.5372,50.0,0,none
L15,L15-P0486,Iddq,uA,5.588,6.1527,6.5334,6.3123,50.0,0,none
L15,L15-P0487,Iddq,uA,6.7748,7.1893,7.2514,7.4174,50.0,0,none
L15,L15-P0488,Iddq,uA,6.6001,7.1246,7.425,7.4938,50.0,0,none
L15,L15-P0489,Iddq,uA,6.2389,6.8419,7.0424,7.1383,50.0,0,none
L15,L15-P0490,Iddq,uA,6.5911,7.2069,7.3189,7.3883,50.0,0,none
L15,L15-P0491,Iddq,uA,6.8015,7.3508,7.5803,7.6666,50.0,0,none
L15,L15-P0492,Iddq,uA,7.1482,7.6639,7.8252,7.9501,50.0,0,none
L15,L15-P0493,Iddq,uA,6.4618,6.8894,7.0766,7.339,50.0,0,none
L15,L15-P0494,Iddq,uA,6.1376,6.8952,7.0372,7.2053,50.0,0,none
L15,L15-P0495,Iddq,uA,6.4533,7.4802,7.7587,7.9159,50.0,0,none
L15,L15-P0496,Iddq,uA,7.5358,8.3903,8.7898,8.7892,50.0,0,none
L15,L15-P0497,Iddq,uA,6.7516,7.3191,7.2402,7.4308,50.0,0,none
L15,L15-P0498,Iddq,uA,6.0369,6.421,6.6177,6.6445,50.0,0,none
L15,L15-P0499,Iddq,uA,6.3139,7.0782,7.4207,7.3291,50.0,0,none
L15,L15-P0500,Iddq,uA,7.8678,8.8976,9.311,9.4206,50.0,0,none
L16,L16-P0001,Iddq,uA,6.977,7.4361,7.5062,7.5926,50.0,0,none
L16,L16-P0002,Iddq,uA,5.4079,5.7004,12.3064,12.5946,50.0,1,step_jump
L16,L16-P0003,Iddq,uA,5.9405,6.0313,5.9683,6.0625,50.0,0,none
L16,L16-P0004,Iddq,uA,6.3609,6.513,6.6164,6.7015,50.0,0,none
L16,L16-P0005,Iddq,uA,7.5688,7.762,8.0128,8.1544,50.0,0,none
L16,L16-P0006,Iddq,uA,5.896,5.9275,6.0386,6.0916,50.0,0,none
L16,L16-P0007,Iddq,uA,7.216,7.4191,7.4023,7.5048,50.0,0,none
L16,L16-P0008,Iddq,uA,6.6699,6.9158,7.1324,7.2365,50.0,0,none
L16,L16-P0009,Iddq,uA,6.9072,7.0943,7.3769,7.4606,50.0,0,none
L16,L16-P0010,Iddq,uA,6.4282,6.5768,6.6322,6.8088,50.0,0,none
L16,L16-P0011,Iddq,uA,6.1108,6.3582,6.4359,6.6017,50.0,0,none
L16,L16-P0012,Iddq,uA,5.7314,6.1001,6.2103,6.3823,50.0,0,none
L16,L16-P0013,Iddq,uA,7.1786,7.4928,7.418,7.3901,50.0,0,none
L16,L16-P0014,Iddq,uA,6.4697,6.8859,7.1491,7.1982,50.0,0,none
L16,L16-P0015,Iddq,uA,5.5979,6.0724,6.2323,6.0808,50.0,0,none
L16,L16-P0016,Iddq,uA,6.8817,7.2095,7.0776,7.2198,50.0,0,none
L16,L16-P0017,Iddq,uA,10.4661,11.0494,11.0593,11.1213,50.0,0,none
L16,L16-P0018,Iddq,uA,6.4548,6.8447,6.8656,6.891,50.0,0,none
L16,L16-P0019,Iddq,uA,8.2622,8.7143,8.6971,8.8762,50.0,0,none
L16,L16-P0020,Iddq,uA,4.5953,4.7445,4.7769,4.8737,50.0,0,none
L16,L16-P0021,Iddq,uA,6.4363,6.6283,6.9646,6.9496,50.0,0,none
L16,L16-P0022,Iddq,uA,7.4499,7.709,7.8492,7.8907,50.0,0,none
L16,L16-P0023,Iddq,uA,6.6403,6.8238,6.943,7.126,50.0,0,none
L16,L16-P0024,Iddq,uA,6.0335,6.3876,6.3889,6.4189,50.0,0,none
L16,L16-P0025,Iddq,uA,6.701,6.8313,6.951,7.0163,50.0,0,none
L16,L16-P0026,Iddq,uA,7.4937,7.8825,8.0156,8.1557,50.0,0,none
L16,L16-P0027,Iddq,uA,8.8921,9.0279,9.364,9.212,50.0,0,none
L16,L16-P0028,Iddq,uA,7.6524,8.0221,7.9591,8.0337,50.0,0,none
L16,L16-P0029,Iddq,uA,6.184,6.4038,6.6234,6.8352,50.0,0,none
L16,L16-P0030,Iddq,uA,6.5183,6.6154,6.7009,6.6819,50.0,0,none
L16,L16-P0031,Iddq,uA,6.3791,6.7443,6.6667,6.8354,50.0,0,none
L16,L16-P0032,Iddq,uA,5.8382,6.032,6.1728,6.2994,50.0,0,none
L16,L16-P0033,Iddq,uA,6.5617,9.1216,10.5626,8.204,50.0,1,erratic
L16,L16-P0034,Iddq,uA,6.4519,6.5221,6.7445,6.7291,50.0,0,none
L16,L16-P0035,Iddq,uA,5.5941,5.754,5.8137,5.8796,50.0,0,none
L16,L16-P0036,Iddq,uA,7.3694,7.7149,7.7161,7.7564,50.0,0,none
L16,L16-P0037,Iddq,uA,7.0269,7.2925,7.5132,7.5032,50.0,0,none
L16,L16-P0038,Iddq,uA,5.9908,6.2307,6.413,6.3467,50.0,0,none
L16,L16-P0039,Iddq,uA,6.7205,6.8787,7.0126,7.2394,50.0,0,none
L16,L16-P0040,Iddq,uA,5.8,6.0943,6.2464,6.4457,50.0,0,none
L16,L16-P0041,Iddq,uA,6.0863,6.3194,6.414,6.4794,50.0,0,none
L16,L16-P0042,Iddq,uA,7.1978,7.4614,7.6115,7.8058,50.0,0,none
L16,L16-P0043,Iddq,uA,7.1891,7.3059,7.2875,7.4587,50.0,0,none
L16,L16-P0044,Iddq,uA,6.1305,6.5277,6.738,6.7937,50.0,0,none
L16,L16-P0045,Iddq,uA,6.8468,7.2537,7.2421,7.2108,50.0,0,none
L16,L16-P0046,Iddq,uA,6.5789,6.6475,6.7209,6.8606,50.0,0,none
L16,L16-P0047,Iddq,uA,5.7228,5.9429,6.0589,6.0744,50.0,0,none
L16,L16-P0048,Iddq,uA,6.4302,6.4639,6.6726,6.8208,50.0,0,none
L16,L16-P0049,Iddq,uA,7.0541,7.2041,7.359,7.409,50.0,0,none
L16,L16-P0050,Iddq,uA,6.8323,7.2978,7.352,7.3715,50.0,0,none
L16,L16-P0051,Iddq,uA,5.3253,5.429,5.603,5.7581,50.0,0,none
L16,L16-P0052,Iddq,uA,6.805,7.2345,7.1046,7.3915,50.0,0,none
L16,L16-P0053,Iddq,uA,6.5483,6.9047,6.9746,7.0814,50.0,0,none
L16,L16-P0054,Iddq,uA,5.0838,5.3809,5.3793,5.4594,50.0,0,none
L16,L16-P0055,Iddq,uA,5.9271,6.3086,6.3779,6.3877,50.0,0,none
L16,L16-P0056,Iddq,uA,7.1125,7.6803,7.8499,7.8313,50.0,0,none
L16,L16-P0057,Iddq,uA,8.0363,8.2381,8.3182,8.3259,50.0,0,none
L16,L16-P0058,Iddq,uA,5.3094,5.6246,5.675,5.7205,50.0,0,none
L16,L16-P0059,Iddq,uA,7.6992,7.8299,7.8573,7.9343,50.0,0,none
L16,L16-P0060,Iddq,uA,5.0845,5.6215,7.4698,13.2832,50.0,1,accelerating
L16,L16-P0061,Iddq,uA,7.8876,8.1697,8.2586,8.4761,50.0,0,none
L16,L16-P0062,Iddq,uA,6.3886,6.5339,6.6631,6.6699,50.0,0,none
L16,L16-P0063,Iddq,uA,5.9064,6.2805,6.281,6.4083,50.0,0,none
L16,L16-P0064,Iddq,uA,6.8361,7.1819,7.1305,7.4503,50.0,0,none
L16,L16-P0065,Iddq,uA,5.6927,6.1529,6.1481,6.1813,50.0,0,none
L16,L16-P0066,Iddq,uA,7.1326,7.4122,7.7071,7.7808,50.0,0,none
L16,L16-P0067,Iddq,uA,6.497,6.6445,6.8136,6.7499,50.0,0,none
L16,L16-P0068,Iddq,uA,3.8923,4.0957,4.1028,4.1192,50.0,0,none
L16,L16-P0069,Iddq,uA,5.9439,6.0156,6.1481,6.2151,50.0,0,none
L16,L16-P0070,Iddq,uA,6.9132,7.1679,7.1595,7.2285,50.0,0,none
L16,L16-P0071,Iddq,uA,7.7787,8.0416,8.1565,8.2747,50.0,0,none
L16,L16-P0072,Iddq,uA,6.9691,7.1727,7.3174,7.311,50.0,0,none
L16,L16-P0073,Iddq,uA,7.5452,7.2428,12.2711,11.9772,50.0,1,erratic
L16,L16-P0074,Iddq,uA,5.7778,6.0432,5.9819,5.9664,50.0,0,none
L16,L16-P0075,Iddq,uA,7.2992,7.859,8.1306,7.967,50.0,0,none
L16,L16-P0076,Iddq,uA,7.4208,7.7453,7.8569,8.0319,50.0,0,none
L16,L16-P0077,Iddq,uA,5.3578,5.3073,5.4208,5.4337,50.0,0,none
L16,L16-P0078,Iddq,uA,7.7284,8.1555,8.1937,8.2252,50.0,0,none
L16,L16-P0079,Iddq,uA,6.9409,7.0825,7.0247,7.2488,50.0,0,none
L16,L16-P0080,Iddq,uA,6.4207,6.6371,6.5775,6.7307,50.0,0,none
L16,L16-P0081,Iddq,uA,6.4407,6.6762,6.6111,6.6736,50.0,0,none
L16,L16-P0082,Iddq,uA,5.6758,5.7872,5.9618,5.8045,50.0,0,none
L16,L16-P0083,Iddq,uA,7.2143,7.5822,7.643,7.6897,50.0,0,none
L16,L16-P0084,Iddq,uA,6.8828,7.3206,7.7107,7.7211,50.0,0,none
L16,L16-P0085,Iddq,uA,7.2168,7.3651,7.4069,7.5672,50.0,0,none
L16,L16-P0086,Iddq,uA,6.6587,7.018,7.1971,7.2255,50.0,0,none
L16,L16-P0087,Iddq,uA,6.9022,7.0578,7.3063,7.5218,50.0,0,none
L16,L16-P0088,Iddq,uA,6.4023,6.633,6.8272,6.8215,50.0,0,none
L16,L16-P0089,Iddq,uA,7.7695,8.2562,8.3403,8.525,50.0,0,none
L16,L16-P0090,Iddq,uA,7.2091,7.5796,7.7226,7.805,50.0,0,none
L16,L16-P0091,Iddq,uA,6.7939,7.1578,7.3629,7.4542,50.0,0,none
L16,L16-P0092,Iddq,uA,6.493,6.6457,6.8111,6.7021,50.0,0,none
L16,L16-P0093,Iddq,uA,5.0983,5.5433,5.4946,5.6442,50.0,0,none
L16,L16-P0094,Iddq,uA,5.0667,5.297,5.4588,5.5028,50.0,0,none
L16,L16-P0095,Iddq,uA,6.305,6.0925,4.1292,8.4616,50.0,1,erratic
L16,L16-P0096,Iddq,uA,7.9472,7.9329,7.9322,7.9846,50.0,0,none
L16,L16-P0097,Iddq,uA,6.0219,6.0484,6.2975,6.2508,50.0,0,none
L16,L16-P0098,Iddq,uA,6.0584,6.2312,6.2538,6.2595,50.0,0,none
L16,L16-P0099,Iddq,uA,5.7438,5.9553,6.1772,6.1908,50.0,0,none
L16,L16-P0100,Iddq,uA,5.4535,5.6812,5.8294,5.898,50.0,0,none
L16,L16-P0101,Iddq,uA,5.7562,6.1857,6.0887,6.0813,50.0,0,none
L16,L16-P0102,Iddq,uA,6.9859,7.0095,7.2852,7.1649,50.0,0,none
L16,L16-P0103,Iddq,uA,6.1592,6.3213,6.5835,6.6141,50.0,0,none
L16,L16-P0104,Iddq,uA,6.0987,6.3642,6.5087,6.4748,50.0,0,none
L16,L16-P0105,Iddq,uA,6.148,6.2497,6.3042,6.2701,50.0,0,none
L16,L16-P0106,Iddq,uA,6.7374,7.2009,7.3164,7.417,50.0,0,none
L16,L16-P0107,Iddq,uA,6.9307,7.2526,7.505,7.7685,50.0,0,none
L16,L16-P0108,Iddq,uA,5.0672,5.2528,5.1863,5.3093,50.0,0,none
L16,L16-P0109,Iddq,uA,5.9299,6.2179,6.2795,6.2458,50.0,0,none
L16,L16-P0110,Iddq,uA,6.4838,6.6758,6.6908,6.7283,50.0,0,none
L16,L16-P0111,Iddq,uA,7.0873,7.1301,7.2734,7.256,50.0,0,none
L16,L16-P0112,Iddq,uA,6.6416,7.0508,7.243,7.41,50.0,0,none
L16,L16-P0113,Iddq,uA,7.338,7.9039,8.2022,8.3211,50.0,0,none
L16,L16-P0114,Iddq,uA,5.4113,5.6263,5.7784,5.7765,50.0,0,none
L16,L16-P0115,Iddq,uA,7.0663,7.5445,7.6941,7.7426,50.0,0,none
L16,L16-P0116,Iddq,uA,8.6901,9.0017,9.1233,9.2978,50.0,0,none
L16,L16-P0117,Iddq,uA,6.6624,6.9002,6.9181,7.1132,50.0,0,none
L16,L16-P0118,Iddq,uA,6.6367,7.0889,7.3826,7.4248,50.0,0,none
L16,L16-P0119,Iddq,uA,7.0339,7.2217,7.3718,7.3797,50.0,0,none
L16,L16-P0120,Iddq,uA,6.0429,6.3923,6.3924,6.6838,50.0,0,none
L16,L16-P0121,Iddq,uA,5.8534,6.0894,6.1098,6.0953,50.0,0,none
L16,L16-P0122,Iddq,uA,6.7285,6.817,6.8597,6.9763,50.0,0,none
L16,L16-P0123,Iddq,uA,5.2907,5.3978,5.4571,5.5213,50.0,0,none
L16,L16-P0124,Iddq,uA,7.0041,7.1039,7.3645,7.187,50.0,0,none
L16,L16-P0125,Iddq,uA,7.1918,7.4277,7.749,7.7365,50.0,0,none
L16,L16-P0126,Iddq,uA,5.3049,5.6162,5.5927,5.5775,50.0,0,none
L16,L16-P0127,Iddq,uA,6.679,7.0154,7.1157,7.1553,50.0,0,none
L16,L16-P0128,Iddq,uA,6.3326,6.7489,6.7962,6.7405,50.0,0,none
L16,L16-P0129,Iddq,uA,7.9662,8.5621,8.6684,8.6378,50.0,0,none
L16,L16-P0130,Iddq,uA,7.9998,8.2571,8.3829,8.5451,50.0,0,none
L16,L16-P0131,Iddq,uA,20.095,20.8941,21.5466,21.6054,50.0,1,lot_outlier
L16,L16-P0132,Iddq,uA,7.6909,8.1622,8.252,8.3906,50.0,0,none
L16,L16-P0133,Iddq,uA,6.2478,6.6113,6.6454,6.6845,50.0,0,none
L16,L16-P0134,Iddq,uA,6.8198,6.9798,7.2009,7.287,50.0,0,none
L16,L16-P0135,Iddq,uA,6.3978,6.7502,6.8895,7.0471,50.0,0,none
L16,L16-P0136,Iddq,uA,5.6999,5.9676,6.0542,6.0465,50.0,0,none
L16,L16-P0137,Iddq,uA,6.6404,6.8922,6.9597,6.8891,50.0,0,none
L16,L16-P0138,Iddq,uA,6.4162,6.7449,6.8354,6.9658,50.0,0,none
L16,L16-P0139,Iddq,uA,6.3678,6.6632,6.6648,6.7173,50.0,0,none
L16,L16-P0140,Iddq,uA,6.5038,6.7712,6.8306,6.9371,50.0,0,none
L16,L16-P0141,Iddq,uA,6.5502,7.0111,7.1648,7.138,50.0,0,none
L16,L16-P0142,Iddq,uA,7.478,7.6249,7.8774,8.0519,50.0,0,none
L16,L16-P0143,Iddq,uA,5.9653,6.3671,6.345,6.4202,50.0,0,none
L16,L16-P0144,Iddq,uA,5.6246,5.7215,5.9417,5.8651,50.0,0,none
L16,L16-P0145,Iddq,uA,7.2436,7.5971,7.6947,7.7137,50.0,0,none
L16,L16-P0146,Iddq,uA,7.3947,7.6419,7.7835,8.0638,50.0,0,none
L16,L16-P0147,Iddq,uA,7.058,7.2177,7.193,7.3115,50.0,0,none
L16,L16-P0148,Iddq,uA,5.6077,5.8276,5.8946,6.0137,50.0,0,none
L16,L16-P0149,Iddq,uA,6.5056,6.7617,6.6995,6.7678,50.0,0,none
L16,L16-P0150,Iddq,uA,6.9213,7.155,7.0836,7.2374,50.0,0,none
L16,L16-P0151,Iddq,uA,5.7171,5.9637,6.0491,6.1915,50.0,0,none
L16,L16-P0152,Iddq,uA,5.8983,6.1331,6.2414,6.316,50.0,0,none
L16,L16-P0153,Iddq,uA,6.4952,6.6044,6.7691,6.7284,50.0,0,none
L16,L16-P0154,Iddq,uA,7.7609,7.9131,8.274,8.164,50.0,0,none
L16,L16-P0155,Iddq,uA,6.9266,6.9676,7.1532,7.088,50.0,0,none
L16,L16-P0156,Iddq,uA,6.2216,6.5337,6.6653,6.6214,50.0,0,none
L16,L16-P0157,Iddq,uA,6.5513,6.83,6.778,6.8605,50.0,0,none
L16,L16-P0158,Iddq,uA,6.0878,7.6943,12.5719,17.1802,50.0,1,latent_linear
L16,L16-P0159,Iddq,uA,6.2101,6.3385,6.5994,6.5432,50.0,0,none
L16,L16-P0160,Iddq,uA,7.1789,7.5526,7.723,7.645,50.0,0,none
L16,L16-P0161,Iddq,uA,5.1413,5.2855,5.2494,5.3217,50.0,0,none
L16,L16-P0162,Iddq,uA,7.9958,8.2139,8.4769,8.4335,50.0,0,none
L16,L16-P0163,Iddq,uA,8.9797,9.2699,9.3396,9.4826,50.0,0,none
L16,L16-P0164,Iddq,uA,6.6116,6.9799,7.1493,7.3196,50.0,0,none
L16,L16-P0165,Iddq,uA,5.8124,6.4957,9.1893,17.7672,50.0,1,accelerating
L16,L16-P0166,Iddq,uA,7.7398,8.0209,8.1868,8.3437,50.0,0,none
L16,L16-P0167,Iddq,uA,6.8164,7.0016,7.3109,7.4375,50.0,0,none
L16,L16-P0168,Iddq,uA,6.0842,6.4361,6.4671,6.3938,50.0,0,none
L16,L16-P0169,Iddq,uA,5.744,5.9412,6.0809,6.0943,50.0,0,none
L16,L16-P0170,Iddq,uA,6.3199,6.62,6.5934,6.6551,50.0,0,none
L16,L16-P0171,Iddq,uA,6.8256,7.1948,7.4078,7.5392,50.0,0,none
L16,L16-P0172,Iddq,uA,7.5331,7.7483,7.8269,8.0584,50.0,0,none
L16,L16-P0173,Iddq,uA,6.8109,6.9877,7.0247,6.9821,50.0,0,none
L16,L16-P0174,Iddq,uA,7.1793,7.2462,7.2931,7.3794,50.0,0,none
L16,L16-P0175,Iddq,uA,6.3459,6.5206,6.8236,6.6087,50.0,0,none
L16,L16-P0176,Iddq,uA,7.3203,7.5104,7.7177,7.7894,50.0,0,none
L16,L16-P0177,Iddq,uA,6.4019,6.6282,6.7009,6.6763,50.0,0,none
L16,L16-P0178,Iddq,uA,8.5333,8.7659,8.8673,8.9085,50.0,0,none
L16,L16-P0179,Iddq,uA,6.0568,6.3759,6.3298,6.4198,50.0,0,none
L16,L16-P0180,Iddq,uA,6.9857,7.4242,7.4621,7.4247,50.0,0,none
L16,L16-P0181,Iddq,uA,8.8335,9.3117,9.3196,9.2865,50.0,0,none
L16,L16-P0182,Iddq,uA,7.6976,7.899,7.8872,7.9191,50.0,0,none
L16,L16-P0183,Iddq,uA,7.16,7.4872,7.6486,7.7367,50.0,0,none
L16,L16-P0184,Iddq,uA,6.9106,7.0941,7.2955,7.4751,50.0,0,none
L16,L16-P0185,Iddq,uA,6.6213,6.999,7.1133,7.1719,50.0,0,none
L16,L16-P0186,Iddq,uA,6.4799,6.827,6.8102,7.074,50.0,0,none
L16,L16-P0187,Iddq,uA,6.0089,6.3813,6.4606,6.4651,50.0,0,none
L16,L16-P0188,Iddq,uA,5.3031,5.5233,5.5958,5.5692,50.0,0,none
L16,L16-P0189,Iddq,uA,7.1919,7.5571,7.5335,7.605,50.0,0,none
L16,L16-P0190,Iddq,uA,5.3424,5.7583,5.6812,5.8229,50.0,0,none
L16,L16-P0191,Iddq,uA,7.1017,7.3169,7.4333,7.4748,50.0,0,none
L16,L16-P0192,Iddq,uA,20.1533,20.9404,21.132,21.6854,50.0,1,lot_outlier
L16,L16-P0193,Iddq,uA,5.7398,6.0839,6.1821,6.1237,50.0,0,none
L16,L16-P0194,Iddq,uA,7.9795,8.5666,8.9506,8.8653,50.0,0,none
L16,L16-P0195,Iddq,uA,5.6188,5.6348,5.684,5.7449,50.0,0,none
L16,L16-P0196,Iddq,uA,5.9289,6.3276,6.264,6.4415,50.0,0,none
L16,L16-P0197,Iddq,uA,6.0733,6.4448,6.7787,6.7197,50.0,0,none
L16,L16-P0198,Iddq,uA,6.6415,7.0281,6.9653,7.1852,50.0,0,none
L16,L16-P0199,Iddq,uA,6.075,6.3154,6.5852,6.621,50.0,0,none
L16,L16-P0200,Iddq,uA,7.9009,8.4119,8.589,8.6439,50.0,0,none
L16,L16-P0201,Iddq,uA,5.4668,5.7151,5.788,5.7907,50.0,0,none
L16,L16-P0202,Iddq,uA,11.5291,12.0798,12.2009,12.2362,50.0,0,none
L16,L16-P0203,Iddq,uA,5.6523,5.9191,5.9617,6.0395,50.0,0,none
L16,L16-P0204,Iddq,uA,10.0339,10.6239,10.9746,11.0626,50.0,0,none
L16,L16-P0205,Iddq,uA,7.7743,7.962,7.8606,7.9826,50.0,0,none
L16,L16-P0206,Iddq,uA,6.6459,6.6591,6.9003,6.7538,50.0,0,none
L16,L16-P0207,Iddq,uA,6.8175,7.0469,7.0373,7.2789,50.0,0,none
L16,L16-P0208,Iddq,uA,6.2829,6.4438,6.6225,6.7008,50.0,0,none
L16,L16-P0209,Iddq,uA,6.8073,7.0686,7.4457,7.4545,50.0,0,none
L16,L16-P0210,Iddq,uA,6.054,6.1502,6.2765,6.2797,50.0,0,none
L16,L16-P0211,Iddq,uA,7.1689,7.6052,7.6367,7.6878,50.0,0,none
L16,L16-P0212,Iddq,uA,6.7,6.9682,7.1531,7.1878,50.0,0,none
L16,L16-P0213,Iddq,uA,5.787,5.9595,6.1579,6.1925,50.0,0,none
L16,L16-P0214,Iddq,uA,7.0192,7.28,7.3816,7.3413,50.0,0,none
L16,L16-P0215,Iddq,uA,6.9479,7.2014,7.4589,7.4201,50.0,0,none
L16,L16-P0216,Iddq,uA,5.9945,6.1312,6.266,6.3576,50.0,0,none
L16,L16-P0217,Iddq,uA,6.2268,6.4031,6.3707,6.4611,50.0,0,none
L16,L16-P0218,Iddq,uA,7.0679,7.6157,7.5645,7.7035,50.0,0,none
L16,L16-P0219,Iddq,uA,7.5267,7.9299,8.0978,8.0715,50.0,0,none
L16,L16-P0220,Iddq,uA,6.5175,6.6257,6.8098,6.7692,50.0,0,none
L16,L16-P0221,Iddq,uA,7.5093,7.7654,7.797,7.9228,50.0,0,none
L16,L16-P0222,Iddq,uA,7.7388,8.1077,8.3833,8.3252,50.0,0,none
L16,L16-P0223,Iddq,uA,7.8384,8.1196,8.3413,8.401,50.0,0,none
L16,L16-P0224,Iddq,uA,6.9928,7.3039,7.5218,7.6801,50.0,0,none
L16,L16-P0225,Iddq,uA,5.8743,6.1638,6.0875,6.3124,50.0,0,none
L16,L16-P0226,Iddq,uA,7.5717,7.5441,7.837,7.9426,50.0,0,none
L16,L16-P0227,Iddq,uA,6.3464,6.5907,6.7402,6.6997,50.0,0,none
L16,L16-P0228,Iddq,uA,7.0559,7.3595,7.3668,7.419,50.0,0,none
L16,L16-P0229,Iddq,uA,6.0909,6.3935,6.4728,6.5828,50.0,0,none
L16,L16-P0230,Iddq,uA,6.112,6.4334,6.4165,6.4682,50.0,0,none
L16,L16-P0231,Iddq,uA,6.0269,6.1835,6.2663,6.2961,50.0,0,none
L16,L16-P0232,Iddq,uA,5.4812,5.7853,5.8374,5.7399,50.0,0,none
L16,L16-P0233,Iddq,uA,6.072,6.4149,6.6796,6.7701,50.0,0,none
L16,L16-P0234,Iddq,uA,5.7112,5.9089,6.0425,6.1123,50.0,0,none
L16,L16-P0235,Iddq,uA,7.088,7.4262,7.4219,7.4938,50.0,0,none
L16,L16-P0236,Iddq,uA,5.6864,5.9016,5.963,6.0514,50.0,0,none
L16,L16-P0237,Iddq,uA,6.0685,6.2902,6.2908,6.4365,50.0,0,none
L16,L16-P0238,Iddq,uA,6.5264,7.0224,7.2738,7.2474,50.0,0,none
L16,L16-P0239,Iddq,uA,8.3894,8.6939,8.9377,8.9427,50.0,0,none
L16,L16-P0240,Iddq,uA,6.0685,6.3335,6.3189,6.3049,50.0,0,none
L16,L16-P0241,Iddq,uA,5.4889,5.6867,5.8475,6.0446,50.0,0,none
L16,L16-P0242,Iddq,uA,5.5104,5.8169,5.9068,5.9399,50.0,0,none
L16,L16-P0243,Iddq,uA,5.9016,6.069,6.2514,6.2239,50.0,0,none
L16,L16-P0244,Iddq,uA,6.1334,6.3467,6.3386,6.3115,50.0,0,none
L16,L16-P0245,Iddq,uA,9.1016,9.3014,9.6237,9.5864,50.0,0,none
L16,L16-P0246,Iddq,uA,7.59,7.7309,7.8482,7.9323,50.0,0,none
L16,L16-P0247,Iddq,uA,6.3511,7.7416,11.6881,15.8568,50.0,1,latent_linear
L16,L16-P0248,Iddq,uA,8.5171,8.8557,8.87,9.1226,50.0,0,none
L16,L16-P0249,Iddq,uA,6.1396,6.2842,6.3799,6.42,50.0,0,none
L16,L16-P0250,Iddq,uA,6.2519,6.4855,6.5598,6.5587,50.0,0,none
L16,L16-P0251,Iddq,uA,6.1228,6.4504,6.6098,6.6493,50.0,0,none
L16,L16-P0252,Iddq,uA,7.7047,7.9547,7.9991,7.9992,50.0,0,none
L16,L16-P0253,Iddq,uA,6.5669,6.7313,6.9203,6.9961,50.0,0,none
L16,L16-P0254,Iddq,uA,8.206,8.4359,8.4815,8.5178,50.0,0,none
L16,L16-P0255,Iddq,uA,7.0005,7.224,7.409,7.2294,50.0,0,none
L16,L16-P0256,Iddq,uA,7.4423,7.8067,8.1367,7.991,50.0,0,none
L16,L16-P0257,Iddq,uA,5.1556,5.2411,5.433,5.3196,50.0,0,none
L16,L16-P0258,Iddq,uA,5.3441,5.4254,5.6149,5.5986,50.0,0,none
L16,L16-P0259,Iddq,uA,5.2307,5.5333,5.6438,5.5965,50.0,0,none
L16,L16-P0260,Iddq,uA,6.2299,6.4745,6.6298,6.589,50.0,0,none
L16,L16-P0261,Iddq,uA,5.2105,5.4624,5.6427,5.6313,50.0,0,none
L16,L16-P0262,Iddq,uA,7.8204,8.1212,8.2449,8.3068,50.0,0,none
L16,L16-P0263,Iddq,uA,6.4922,6.6622,6.8441,6.7822,50.0,0,none
L16,L16-P0264,Iddq,uA,7.0519,7.4235,7.6423,7.7063,50.0,0,none
L16,L16-P0265,Iddq,uA,6.1408,6.4579,6.6093,6.6973,50.0,0,none
L16,L16-P0266,Iddq,uA,7.3932,7.5569,7.762,7.8034,50.0,0,none
L16,L16-P0267,Iddq,uA,5.0439,5.1816,5.3239,5.3881,50.0,0,none
L16,L16-P0268,Iddq,uA,6.534,6.8232,7.0264,6.964,50.0,0,none
L16,L16-P0269,Iddq,uA,6.9862,7.2576,7.4242,7.3755,50.0,0,none
L16,L16-P0270,Iddq,uA,7.1567,7.2316,7.5174,7.6182,50.0,0,none
L16,L16-P0271,Iddq,uA,6.269,6.6299,6.7021,6.7706,50.0,0,none
L16,L16-P0272,Iddq,uA,5.2153,5.3872,5.4321,5.4479,50.0,0,none
L16,L16-P0273,Iddq,uA,7.6719,7.8729,8.1808,8.2491,50.0,0,none
L16,L16-P0274,Iddq,uA,6.2591,6.5132,6.5333,6.6367,50.0,0,none
L16,L16-P0275,Iddq,uA,6.464,6.5163,6.4731,6.6292,50.0,0,none
L16,L16-P0276,Iddq,uA,8.9304,9.3308,9.2508,9.5269,50.0,0,none
L16,L16-P0277,Iddq,uA,6.6671,7.043,7.0727,7.2221,50.0,0,none
L16,L16-P0278,Iddq,uA,6.0622,6.4144,6.4592,6.5349,50.0,0,none
L16,L16-P0279,Iddq,uA,6.2725,6.318,6.4696,6.4666,50.0,0,none
L16,L16-P0280,Iddq,uA,7.1951,7.4396,7.4939,7.71,50.0,0,none
L16,L16-P0281,Iddq,uA,5.9739,6.1638,6.4081,6.38,50.0,0,none
L16,L16-P0282,Iddq,uA,7.0,7.1995,7.2294,7.4187,50.0,0,none
L16,L16-P0283,Iddq,uA,7.6151,8.0169,8.0233,8.0197,50.0,0,none
L16,L16-P0284,Iddq,uA,6.4953,6.9001,6.8872,6.8951,50.0,0,none
L16,L16-P0285,Iddq,uA,7.6285,7.8439,7.8192,7.9377,50.0,0,none
L16,L16-P0286,Iddq,uA,6.4281,6.771,6.8908,6.9395,50.0,0,none
L16,L16-P0287,Iddq,uA,5.9543,6.1397,6.2728,6.366,50.0,0,none
L16,L16-P0288,Iddq,uA,5.2663,5.4199,5.5837,5.5695,50.0,0,none
L16,L16-P0289,Iddq,uA,6.8731,8.2054,11.2261,14.175,50.0,1,latent_linear
L16,L16-P0290,Iddq,uA,6.8699,7.1838,7.3362,7.1496,50.0,0,none
L16,L16-P0291,Iddq,uA,7.6817,7.7502,7.8737,8.046,50.0,0,none
L16,L16-P0292,Iddq,uA,7.4275,7.6849,7.7605,7.8563,50.0,0,none
L16,L16-P0293,Iddq,uA,8.7952,9.171,9.5684,9.4403,50.0,0,none
L16,L16-P0294,Iddq,uA,6.1329,6.4279,6.6447,6.5654,50.0,0,none
L16,L16-P0295,Iddq,uA,6.977,7.3423,7.1594,7.2375,50.0,0,none
L16,L16-P0296,Iddq,uA,6.1407,6.2731,6.4015,6.419,50.0,0,none
L16,L16-P0297,Iddq,uA,7.6293,7.6645,8.0077,7.8417,50.0,0,none
L16,L16-P0298,Iddq,uA,5.7298,6.0806,6.2767,6.2959,50.0,0,none
L16,L16-P0299,Iddq,uA,7.4297,7.7184,7.8461,7.8961,50.0,0,none
L16,L16-P0300,Iddq,uA,5.9879,6.1494,6.114,6.3138,50.0,0,none
L16,L16-P0301,Iddq,uA,7.3933,7.7693,7.8818,8.1202,50.0,0,none
L16,L16-P0302,Iddq,uA,7.6872,7.9933,8.1123,8.2415,50.0,0,none
L16,L16-P0303,Iddq,uA,5.3725,5.5794,5.7136,5.6338,50.0,0,none
L16,L16-P0304,Iddq,uA,5.5825,5.6358,6.0298,5.9486,50.0,0,none
L16,L16-P0305,Iddq,uA,6.8492,7.2457,7.3165,7.3578,50.0,0,none
L16,L16-P0306,Iddq,uA,6.7831,6.8271,6.9222,7.0693,50.0,0,none
L16,L16-P0307,Iddq,uA,6.3359,6.5178,6.7006,6.7279,50.0,0,none
L16,L16-P0308,Iddq,uA,6.1337,6.3736,6.3112,6.336,50.0,0,none
L16,L16-P0309,Iddq,uA,5.8254,6.2247,6.334,6.465,50.0,0,none
L16,L16-P0310,Iddq,uA,6.9125,7.1811,7.22,7.1387,50.0,0,none
L16,L16-P0311,Iddq,uA,5.8428,6.0124,6.2053,6.1965,50.0,0,none
L16,L16-P0312,Iddq,uA,7.0394,7.172,7.143,7.1946,50.0,0,none
L16,L16-P0313,Iddq,uA,6.3109,6.5275,6.773,6.8624,50.0,0,none
L16,L16-P0314,Iddq,uA,6.1642,6.3277,6.4546,6.52,50.0,0,none
L16,L16-P0315,Iddq,uA,7.68,8.0647,8.1665,8.1881,50.0,0,none
L16,L16-P0316,Iddq,uA,7.6046,7.8824,8.0068,8.261,50.0,0,none
L16,L16-P0317,Iddq,uA,5.8374,6.8299,9.4526,12.1409,50.0,1,latent_linear
L16,L16-P0318,Iddq,uA,5.8251,6.1256,6.2852,6.2845,50.0,0,none
L16,L16-P0319,Iddq,uA,7.3492,7.5685,7.7675,7.7892,50.0,0,none
L16,L16-P0320,Iddq,uA,5.3313,5.5632,5.7423,5.8582,50.0,0,none
L16,L16-P0321,Iddq,uA,8.1565,8.5528,8.6541,8.8696,50.0,0,none
L16,L16-P0322,Iddq,uA,6.6823,6.9331,6.9525,7.0666,50.0,0,none
L16,L16-P0323,Iddq,uA,6.0523,6.5703,6.7134,6.6912,50.0,0,none
L16,L16-P0324,Iddq,uA,6.6478,6.8562,6.8404,7.0109,50.0,0,none
L16,L16-P0325,Iddq,uA,8.0198,8.5429,8.7012,8.895,50.0,0,none
L16,L16-P0326,Iddq,uA,4.9128,5.0252,5.183,5.1386,50.0,0,none
L16,L16-P0327,Iddq,uA,7.6821,7.6881,7.899,8.0332,50.0,0,none
L16,L16-P0328,Iddq,uA,7.8192,8.0401,8.1982,8.234,50.0,0,none
L16,L16-P0329,Iddq,uA,6.23,7.0172,8.7746,10.4702,50.0,1,latent_linear
L16,L16-P0330,Iddq,uA,6.5387,6.8351,6.9189,7.1222,50.0,0,none
L16,L16-P0331,Iddq,uA,6.7753,7.0525,7.0131,7.1412,50.0,0,none
L16,L16-P0332,Iddq,uA,7.2546,7.5064,7.8099,7.6895,50.0,0,none
L16,L16-P0333,Iddq,uA,5.9344,6.1423,6.2105,6.2716,50.0,0,none
L16,L16-P0334,Iddq,uA,6.4945,6.8103,6.726,6.7889,50.0,0,none
L16,L16-P0335,Iddq,uA,6.6494,6.8215,7.0848,6.9843,50.0,0,none
L16,L16-P0336,Iddq,uA,7.0998,7.4891,7.9119,7.6482,50.0,0,none
L16,L16-P0337,Iddq,uA,9.6994,9.9125,10.0377,10.0108,50.0,0,none
L16,L16-P0338,Iddq,uA,5.9224,6.2156,6.35,6.3145,50.0,0,none
L16,L16-P0339,Iddq,uA,6.7286,6.8871,7.1707,7.0744,50.0,0,none
L16,L16-P0340,Iddq,uA,6.0764,6.2812,6.5027,6.6433,50.0,0,none
L16,L16-P0341,Iddq,uA,6.1886,6.4331,6.4294,6.5041,50.0,0,none
L16,L16-P0342,Iddq,uA,5.6531,5.9794,6.0917,6.1193,50.0,0,none
L16,L16-P0343,Iddq,uA,5.3929,5.4856,5.5029,5.6222,50.0,0,none
L16,L16-P0344,Iddq,uA,7.9373,9.7399,14.147,18.6549,50.0,1,latent_linear
L16,L16-P0345,Iddq,uA,6.928,7.1488,7.2622,7.2442,50.0,0,none
L16,L16-P0346,Iddq,uA,6.7,7.1226,7.1934,7.2249,50.0,0,none
L16,L16-P0347,Iddq,uA,5.8651,6.0068,6.0403,6.1881,50.0,0,none
L16,L16-P0348,Iddq,uA,6.624,7.0553,7.2706,7.2487,50.0,0,none
L16,L16-P0349,Iddq,uA,5.6068,5.8307,6.0028,6.1235,50.0,0,none
L16,L16-P0350,Iddq,uA,6.537,6.7286,6.845,6.9061,50.0,0,none
L16,L16-P0351,Iddq,uA,6.8031,7.082,7.1471,7.1713,50.0,0,none
L16,L16-P0352,Iddq,uA,6.1112,6.2985,6.5196,6.5956,50.0,0,none
L16,L16-P0353,Iddq,uA,5.8955,6.2046,6.3525,6.4068,50.0,0,none
L16,L16-P0354,Iddq,uA,6.0768,6.5033,6.6241,6.5758,50.0,0,none
L16,L16-P0355,Iddq,uA,7.5117,7.7176,7.8314,7.9119,50.0,0,none
L16,L16-P0356,Iddq,uA,6.7224,7.0032,7.1714,7.111,50.0,0,none
L16,L16-P0357,Iddq,uA,5.2844,5.6174,5.7196,5.7516,50.0,0,none
L16,L16-P0358,Iddq,uA,7.2995,7.4969,7.6656,7.7989,50.0,0,none
L16,L16-P0359,Iddq,uA,7.1381,7.4889,7.4772,7.5062,50.0,0,none
L16,L16-P0360,Iddq,uA,6.7255,6.9298,7.0635,7.1847,50.0,0,none
L16,L16-P0361,Iddq,uA,8.3595,8.489,8.6124,8.6843,50.0,0,none
L16,L16-P0362,Iddq,uA,6.6445,6.8899,6.9149,6.9666,50.0,0,none
L16,L16-P0363,Iddq,uA,7.1041,7.2032,7.2718,7.3444,50.0,0,none
L16,L16-P0364,Iddq,uA,7.0512,7.2505,7.4636,7.5833,50.0,0,none
L16,L16-P0365,Iddq,uA,7.6011,7.5928,7.7692,7.7554,50.0,0,none
L16,L16-P0366,Iddq,uA,25.5159,26.1556,27.0768,27.3497,50.0,1,lot_outlier
L16,L16-P0367,Iddq,uA,6.1373,6.33,6.3329,6.391,50.0,0,none
L16,L16-P0368,Iddq,uA,7.5168,7.6671,7.9824,7.9993,50.0,0,none
L16,L16-P0369,Iddq,uA,7.5677,7.8348,7.7989,8.1168,50.0,0,none
L16,L16-P0370,Iddq,uA,7.8973,8.0217,8.1407,8.1006,50.0,0,none
L16,L16-P0371,Iddq,uA,7.0476,7.3396,7.4772,7.5578,50.0,0,none
L16,L16-P0372,Iddq,uA,5.257,5.4845,5.4387,5.5008,50.0,0,none
L16,L16-P0373,Iddq,uA,6.7889,7.0342,7.2525,7.2293,50.0,0,none
L16,L16-P0374,Iddq,uA,6.7433,6.9668,7.172,7.1759,50.0,0,none
L16,L16-P0375,Iddq,uA,7.8633,8.0325,8.3054,8.2743,50.0,0,none
L16,L16-P0376,Iddq,uA,7.5646,7.6735,7.9325,8.0768,50.0,0,none
L16,L16-P0377,Iddq,uA,7.1205,7.3267,7.4611,7.6043,50.0,0,none
L16,L16-P0378,Iddq,uA,4.8849,5.2203,5.3181,5.4505,50.0,0,none
L16,L16-P0379,Iddq,uA,5.8937,6.1422,6.2623,6.3684,50.0,0,none
L16,L16-P0380,Iddq,uA,6.357,6.6037,6.6802,6.7782,50.0,0,none
L16,L16-P0381,Iddq,uA,21.6144,22.6072,23.358,22.5196,50.0,1,lot_outlier
L16,L16-P0382,Iddq,uA,6.724,7.12,7.3983,7.5597,50.0,0,none
L16,L16-P0383,Iddq,uA,8.1345,8.311,8.4755,8.446,50.0,0,none
L16,L16-P0384,Iddq,uA,7.3652,7.6911,7.9043,7.8527,50.0,0,none
L16,L16-P0385,Iddq,uA,5.8393,6.2104,6.0743,6.2331,50.0,0,none
L16,L16-P0386,Iddq,uA,5.8555,6.0369,6.1525,6.2023,50.0,0,none
L16,L16-P0387,Iddq,uA,5.7963,6.0441,6.0242,6.0313,50.0,0,none
L16,L16-P0388,Iddq,uA,6.5072,6.7044,6.9126,6.9949,50.0,0,none
L16,L16-P0389,Iddq,uA,7.3326,7.6033,7.7888,7.8927,50.0,0,none
L16,L16-P0390,Iddq,uA,7.5548,7.7713,7.7992,8.0847,50.0,0,none
L16,L16-P0391,Iddq,uA,6.3176,6.5458,6.3813,6.6077,50.0,0,none
L16,L16-P0392,Iddq,uA,6.5704,6.7125,6.8074,6.7855,50.0,0,none
L16,L16-P0393,Iddq,uA,8.2967,8.6421,8.4984,8.8417,50.0,0,none
L16,L16-P0394,Iddq,uA,5.4136,5.5181,5.6321,5.6228,50.0,0,none
L16,L16-P0395,Iddq,uA,7.1756,7.4988,7.8194,7.6489,50.0,0,none
L16,L16-P0396,Iddq,uA,7.0904,7.3458,7.6329,7.648,50.0,0,none
L16,L16-P0397,Iddq,uA,6.2657,6.5304,6.6926,6.7508,50.0,0,none
L16,L16-P0398,Iddq,uA,6.4643,6.7754,6.9324,7.0462,50.0,0,none
L16,L16-P0399,Iddq,uA,7.0574,7.2991,7.5481,7.5069,50.0,0,none
L16,L16-P0400,Iddq,uA,6.1512,6.7419,6.8024,6.8358,50.0,0,none
L16,L16-P0401,Iddq,uA,6.0558,6.2462,6.3003,6.3112,50.0,0,none
L16,L16-P0402,Iddq,uA,5.9542,6.1754,6.1906,6.2048,50.0,0,none
L16,L16-P0403,Iddq,uA,8.5481,9.0155,9.0249,9.1096,50.0,0,none
L16,L16-P0404,Iddq,uA,6.1164,6.394,6.5036,6.6967,50.0,0,none
L16,L16-P0405,Iddq,uA,6.675,7.136,7.2153,7.3324,50.0,0,none
L16,L16-P0406,Iddq,uA,7.4432,7.9492,10.8015,19.743,50.0,1,accelerating
L16,L16-P0407,Iddq,uA,6.5059,6.5702,6.5664,6.7223,50.0,0,none
L16,L16-P0408,Iddq,uA,6.6517,6.7972,7.0584,6.9239,50.0,0,none
L16,L16-P0409,Iddq,uA,7.1882,7.3332,7.3309,7.4385,50.0,0,none
L16,L16-P0410,Iddq,uA,5.8982,6.0551,6.0902,6.1685,50.0,0,none
L16,L16-P0411,Iddq,uA,5.287,5.5148,5.6933,5.6016,50.0,0,none
L16,L16-P0412,Iddq,uA,5.9932,6.1321,6.4209,6.339,50.0,0,none
L16,L16-P0413,Iddq,uA,8.2658,9.0007,9.0301,9.2826,50.0,0,none
L16,L16-P0414,Iddq,uA,6.1705,6.4174,6.3793,6.3995,50.0,0,none
L16,L16-P0415,Iddq,uA,6.5916,6.947,7.0346,7.1156,50.0,0,none
L16,L16-P0416,Iddq,uA,5.4825,5.9462,6.0294,6.1595,50.0,0,none
L16,L16-P0417,Iddq,uA,7.9303,8.1073,8.1913,8.3069,50.0,0,none
L16,L16-P0418,Iddq,uA,6.4282,6.5876,6.7635,6.8443,50.0,0,none
L16,L16-P0419,Iddq,uA,6.2073,6.2885,6.512,6.4165,50.0,0,none
L16,L16-P0420,Iddq,uA,6.3917,6.6796,6.874,6.8668,50.0,0,none
L16,L16-P0421,Iddq,uA,9.1864,10.0745,10.3355,10.5416,50.0,0,none
L16,L16-P0422,Iddq,uA,6.9679,7.3542,7.5623,7.462,50.0,0,none
L16,L16-P0423,Iddq,uA,6.4245,6.7927,6.8359,6.8688,50.0,0,none
L16,L16-P0424,Iddq,uA,4.4518,4.6378,4.6342,4.6594,50.0,0,none
L16,L16-P0425,Iddq,uA,7.9499,8.1073,8.4029,8.3417,50.0,0,none
L16,L16-P0426,Iddq,uA,5.9327,6.0943,6.1873,6.175,50.0,0,none
L16,L16-P0427,Iddq,uA,5.8197,5.9989,6.1512,6.115,50.0,0,none
L16,L16-P0428,Iddq,uA,5.9672,6.1503,5.9506,6.1675,50.0,0,none
L16,L16-P0429,Iddq,uA,8.0996,8.3833,8.2659,8.4088,50.0,0,none
L16,L16-P0430,Iddq,uA,6.5085,6.7307,7.0846,6.9262,50.0,0,none
L16,L16-P0431,Iddq,uA,5.415,5.6918,5.69,5.7915,50.0,0,none
L16,L16-P0432,Iddq,uA,6.4292,6.6483,6.7271,6.858,50.0,0,none
L16,L16-P0433,Iddq,uA,5.9507,6.1757,6.2964,6.3624,50.0,0,none
L16,L16-P0434,Iddq,uA,6.8975,6.9885,7.1234,7.0961,50.0,0,none
L16,L16-P0435,Iddq,uA,6.2058,6.4618,6.4986,6.6098,50.0,0,none
L16,L16-P0436,Iddq,uA,5.3467,5.448,5.4006,5.4383,50.0,0,none
L16,L16-P0437,Iddq,uA,6.4096,7.061,7.3667,7.3237,50.0,0,none
L16,L16-P0438,Iddq,uA,6.5738,6.7858,6.9189,7.0693,50.0,0,none
L16,L16-P0439,Iddq,uA,5.5709,5.8265,5.9605,5.9876,50.0,0,none
L16,L16-P0440,Iddq,uA,5.0546,5.2851,5.3543,5.4412,50.0,0,none
L16,L16-P0441,Iddq,uA,6.8396,7.4547,7.7449,7.6318,50.0,0,none
L16,L16-P0442,Iddq,uA,6.2414,6.5686,6.706,6.7174,50.0,0,none
L16,L16-P0443,Iddq,uA,6.3384,6.6579,6.8038,6.6486,50.0,0,none
L16,L16-P0444,Iddq,uA,7.2645,7.8286,8.0311,8.2274,50.0,0,none
L16,L16-P0445,Iddq,uA,5.0821,5.1864,5.227,5.2009,50.0,0,none
L16,L16-P0446,Iddq,uA,6.754,7.0821,7.1895,7.2687,50.0,0,none
L16,L16-P0447,Iddq,uA,7.2267,7.3734,7.5111,7.6495,50.0,0,none
L16,L16-P0448,Iddq,uA,6.43,6.7238,6.9598,6.8713,50.0,0,none
L16,L16-P0449,Iddq,uA,5.402,5.5814,5.5572,5.6675,50.0,0,none
L16,L16-P0450,Iddq,uA,5.9925,6.5528,6.7374,6.8264,50.0,0,none
L16,L16-P0451,Iddq,uA,6.2506,6.4704,6.6459,6.5943,50.0,0,none
L16,L16-P0452,Iddq,uA,5.3104,5.4536,5.5769,5.6682,50.0,0,none
L16,L16-P0453,Iddq,uA,7.0116,7.2133,7.4302,7.4672,50.0,0,none
L16,L16-P0454,Iddq,uA,6.68,6.8389,6.9242,6.8603,50.0,0,none
L16,L16-P0455,Iddq,uA,6.099,6.2262,6.4297,6.4337,50.0,0,none
L16,L16-P0456,Iddq,uA,7.5154,7.8045,7.8423,7.6903,50.0,0,none
L16,L16-P0457,Iddq,uA,6.1397,6.3725,6.583,6.4623,50.0,0,none
L16,L16-P0458,Iddq,uA,8.2472,8.4203,8.4336,8.466,50.0,0,none
L16,L16-P0459,Iddq,uA,6.3281,6.5819,6.5898,6.6673,50.0,0,none
L16,L16-P0460,Iddq,uA,5.7356,6.008,6.0459,6.0361,50.0,0,none
L16,L16-P0461,Iddq,uA,5.8082,6.0702,6.2541,6.2062,50.0,0,none
L16,L16-P0462,Iddq,uA,6.7509,6.9323,6.9858,7.0984,50.0,0,none
L16,L16-P0463,Iddq,uA,5.7292,5.8518,6.0792,5.887,50.0,0,none
L16,L16-P0464,Iddq,uA,6.8131,7.0204,7.2263,7.3101,50.0,0,none
L16,L16-P0465,Iddq,uA,6.2283,6.5663,6.7542,6.7145,50.0,0,none
L16,L16-P0466,Iddq,uA,6.2147,6.3893,6.4154,6.4926,50.0,0,none
L16,L16-P0467,Iddq,uA,6.6195,6.8847,6.9386,7.0015,50.0,0,none
L16,L16-P0468,Iddq,uA,7.5581,7.6654,7.8146,8.0089,50.0,0,none
L16,L16-P0469,Iddq,uA,6.2081,6.3,6.5196,6.4076,50.0,0,none
L16,L16-P0470,Iddq,uA,6.741,7.1238,7.2624,7.2931,50.0,0,none
L16,L16-P0471,Iddq,uA,7.0305,7.21,7.1061,7.2421,50.0,0,none
L16,L16-P0472,Iddq,uA,5.6535,5.7376,5.7979,5.808,50.0,0,none
L16,L16-P0473,Iddq,uA,7.2408,7.4608,7.4348,7.5895,50.0,0,none
L16,L16-P0474,Iddq,uA,7.3485,7.6916,7.7542,7.7473,50.0,0,none
L16,L16-P0475,Iddq,uA,7.4977,7.9229,8.1663,8.2571,50.0,0,none
L16,L16-P0476,Iddq,uA,5.6703,5.7503,5.824,5.9793,50.0,0,none
L16,L16-P0477,Iddq,uA,5.768,6.1535,6.3188,6.2242,50.0,0,none
L16,L16-P0478,Iddq,uA,6.6124,6.7897,7.0471,7.0835,50.0,0,none
L16,L16-P0479,Iddq,uA,6.3714,6.766,6.7779,6.8527,50.0,0,none
L16,L16-P0480,Iddq,uA,6.5813,6.8496,6.8096,6.7969,50.0,0,none
L16,L16-P0481,Iddq,uA,6.2421,6.4812,6.6074,6.6949,50.0,0,none
L16,L16-P0482,Iddq,uA,6.8124,7.1714,7.3319,7.3989,50.0,0,none
L16,L16-P0483,Iddq,uA,4.7068,4.9605,4.9528,4.9585,50.0,0,none
L16,L16-P0484,Iddq,uA,7.1964,7.5148,7.69,7.5543,50.0,0,none
L16,L16-P0485,Iddq,uA,8.184,8.2769,8.39,8.4935,50.0,0,none
L16,L16-P0486,Iddq,uA,6.0936,7.0865,9.0237,11.1257,50.0,1,latent_linear
L16,L16-P0487,Iddq,uA,6.8062,7.0407,7.1651,7.1868,50.0,0,none
L16,L16-P0488,Iddq,uA,8.3527,8.594,8.711,8.6334,50.0,0,none
L16,L16-P0489,Iddq,uA,6.7289,6.8045,7.1017,7.0134,50.0,0,none
L16,L16-P0490,Iddq,uA,6.9738,7.1807,7.2671,7.2383,50.0,0,none
L16,L16-P0491,Iddq,uA,8.4002,8.7395,8.8347,8.8973,50.0,0,none
L16,L16-P0492,Iddq,uA,8.6242,8.9166,8.7711,9.0405,50.0,0,none
L16,L16-P0493,Iddq,uA,5.7218,5.85,5.9561,6.0133,50.0,0,none
L16,L16-P0494,Iddq,uA,6.3092,6.4523,6.4629,6.4652,50.0,0,none
L16,L16-P0495,Iddq,uA,7.4934,7.9383,7.9756,8.0135,50.0,0,none
L16,L16-P0496,Iddq,uA,7.1488,7.2971,7.324,7.459,50.0,0,none
L16,L16-P0497,Iddq,uA,7.29,7.5083,7.6704,7.5336,50.0,0,none
L16,L16-P0498,Iddq,uA,4.5907,4.7481,4.8259,4.8859,50.0,0,none
L16,L16-P0499,Iddq,uA,5.0114,5.2971,5.2969,5.2573,50.0,0,none
L16,L16-P0500,Iddq,uA,8.2891,8.6107,8.7276,8.7398,50.0,0,none
L17,L17-P0001,Iddq,uA,5.5687,6.0019,6.2357,6.3613,50.0,0,none
L17,L17-P0002,Iddq,uA,5.6564,6.3432,6.6041,6.6683,50.0,0,none
L17,L17-P0003,Iddq,uA,6.8985,7.2329,7.2029,7.4301,50.0,0,none
L17,L17-P0004,Iddq,uA,7.2275,7.9545,8.3724,8.3397,50.0,0,none
L17,L17-P0005,Iddq,uA,5.5119,5.865,6.0338,6.1275,50.0,0,none
L17,L17-P0006,Iddq,uA,5.2513,5.4628,5.6371,5.689,50.0,0,none
L17,L17-P0007,Iddq,uA,5.6906,5.8908,6.1345,6.1429,50.0,0,none
L17,L17-P0008,Iddq,uA,5.0113,5.0737,5.1546,5.1322,50.0,0,none
L17,L17-P0009,Iddq,uA,5.698,6.2434,6.5077,6.4504,50.0,0,none
L17,L17-P0010,Iddq,uA,4.8775,5.0697,5.1541,5.2317,50.0,0,none
L17,L17-P0011,Iddq,uA,8.8612,9.6363,9.898,10.2058,50.0,0,none
L17,L17-P0012,Iddq,uA,5.9583,6.443,6.7433,6.6116,50.0,0,none
L17,L17-P0013,Iddq,uA,5.2356,5.6597,5.7002,5.766,50.0,0,none
L17,L17-P0014,Iddq,uA,6.7027,6.9746,7.0974,6.9972,50.0,0,none
L17,L17-P0015,Iddq,uA,4.5704,4.7961,4.7899,4.9178,50.0,0,none
L17,L17-P0016,Iddq,uA,5.0515,5.4363,5.5124,5.6751,50.0,0,none
L17,L17-P0017,Iddq,uA,6.2887,6.8447,6.9679,7.0123,50.0,0,none
L17,L17-P0018,Iddq,uA,5.8728,6.4196,6.8505,6.899,50.0,0,none
L17,L17-P0019,Iddq,uA,7.0711,7.2721,7.4079,7.3286,50.0,0,none
L17,L17-P0020,Iddq,uA,3.398,3.6301,3.7173,3.7095,50.0,0,none
L17,L17-P0021,Iddq,uA,6.8912,7.4817,7.6073,7.6748,50.0,0,none
L17,L17-P0022,Iddq,uA,5.2424,5.5226,5.6528,5.7599,50.0,0,none
L17,L17-P0023,Iddq,uA,4.6494,4.9414,5.0258,4.9574,50.0,0,none
L17,L17-P0024,Iddq,uA,4.1876,4.2956,4.4208,4.4333,50.0,0,none
L17,L17-P0025,Iddq,uA,5.3169,5.8273,5.8962,5.931,50.0,0,none
L17,L17-P0026,Iddq,uA,7.775,8.3826,20.13,20.2112,50.0,1,step_jump
L17,L17-P0027,Iddq,uA,6.9463,7.7094,7.9599,8.0465,50.0,0,none
L17,L17-P0028,Iddq,uA,7.9137,8.8075,9.2129,9.3704,50.0,0,none
L17,L17-P0029,Iddq,uA,5.5703,6.2734,6.4921,6.5523,50.0,0,none
L17,L17-P0030,Iddq,uA,5.8879,6.4011,6.5563,6.5819,50.0,0,none
L17,L17-P0031,Iddq,uA,4.2268,4.467,4.5955,4.685,50.0,0,none
L17,L17-P0032,Iddq,uA,4.2662,4.4933,4.6721,4.6938,50.0,0,none
L17,L17-P0033,Iddq,uA,5.4799,6.3589,6.7078,6.7961,50.0,0,none
L17,L17-P0034,Iddq,uA,4.4617,4.7204,4.8549,4.9071,50.0,0,none
L17,L17-P0035,Iddq,uA,4.9134,5.3533,5.648,5.7506,50.0,0,none
L17,L17-P0036,Iddq,uA,5.8068,6.2457,6.4348,6.6318,50.0,0,none
L17,L17-P0037,Iddq,uA,7.4484,7.9041,8.1086,8.1029,50.0,0,none
L17,L17-P0038,Iddq,uA,5.6858,6.153,6.4511,6.4285,50.0,0,none
L17,L17-P0039,Iddq,uA,4.4684,4.9469,5.0505,5.1828,50.0,0,none
L17,L17-P0040,Iddq,uA,4.0903,4.3221,4.5024,4.5958,50.0,0,none
L17,L17-P0041,Iddq,uA,5.9012,6.1864,6.4605,6.4704,50.0,0,none
L17,L17-P0042,Iddq,uA,5.1349,5.3674,5.5371,5.6522,50.0,0,none
L17,L17-P0043,Iddq,uA,5.9189,6.2812,6.6064,6.6632,50.0,0,none
L17,L17-P0044,Iddq,uA,5.5767,5.9627,6.0165,6.0893,50.0,0,none
L17,L17-P0045,Iddq,uA,5.6522,6.2097,6.4135,6.47,50.0,0,none
L17,L17-P0046,Iddq,uA,7.3588,8.3354,8.9046,9.141,50.0,0,none
L17,L17-P0047,Iddq,uA,7.0596,7.5848,7.8055,8.0535,50.0,0,none
L17,L17-P0048,Iddq,uA,6.3234,6.9371,7.3337,7.254,50.0,0,none
L17,L17-P0049,Iddq,uA,4.8866,5.0931,5.2462,5.3195,50.0,0,none
L17,L17-P0050,Iddq,uA,5.1177,5.8402,5.8161,5.9661,50.0,0,none
L17,L17-P0051,Iddq,uA,6.8111,7.4299,7.6081,7.8305,50.0,0,none
L17,L17-P0052,Iddq,uA,7.3109,8.2232,8.7343,8.6054,50.0,0,none
L17,L17-P0053,Iddq,uA,4.4875,5.0921,5.1892,5.233,50.0,0,none
L17,L17-P0054,Iddq,uA,7.8098,8.2985,8.3428,8.5516,50.0,0,none
L17,L17-P0055,Iddq,uA,5.0818,5.4603,5.721,5.6593,50.0,0,none
L17,L17-P0056,Iddq,uA,6.585,6.9235,7.0425,7.1559,50.0,0,none
L17,L17-P0057,Iddq,uA,9.8427,11.2385,11.6423,11.7659,50.0,0,none
L17,L17-P0058,Iddq,uA,4.262,4.4711,4.5025,4.5746,50.0,0,none
L17,L17-P0059,Iddq,uA,6.3719,7.0223,7.3742,7.4829,50.0,0,none
L17,L17-P0060,Iddq,uA,5.4174,5.9226,6.2505,6.3072,50.0,0,none
L17,L17-P0061,Iddq,uA,6.2731,6.8485,7.1377,7.3208,50.0,0,none
L17,L17-P0062,Iddq,uA,5.223,6.9209,10.519,14.1722,50.0,1,latent_linear
L17,L17-P0063,Iddq,uA,3.5699,3.9028,4.065,4.1232,50.0,0,none
L17,L17-P0064,Iddq,uA,5.0674,5.1562,5.3761,5.3851,50.0,0,none
L17,L17-P0065,Iddq,uA,6.1566,6.6958,6.9231,7.0376,50.0,0,none
L17,L17-P0066,Iddq,uA,7.4818,7.8149,7.8866,8.1771,50.0,0,none
L17,L17-P0067,Iddq,uA,6.325,6.7291,6.849,7.0118,50.0,0,none
L17,L17-P0068,Iddq,uA,7.7206,8.1912,8.3407,8.4921,50.0,0,none
L17,L17-P0069,Iddq,uA,5.3513,5.7213,5.8926,5.9925,50.0,0,none
L17,L17-P0070,Iddq,uA,5.182,5.4387,5.5489,5.6849,50.0,0,none
L17,L17-P0071,Iddq,uA,6.2613,6.6841,6.7116,6.7488,50.0,0,none
L17,L17-P0072,Iddq,uA,5.4326,5.7777,6.0573,6.1592,50.0,0,none
L17,L17-P0073,Iddq,uA,7.2672,8.0566,19.4093,19.7272,50.0,1,step_jump
L17,L17-P0074,Iddq,uA,4.4012,4.6733,4.8846,4.946,50.0,0,none
L17,L17-P0075,Iddq,uA,6.8791,7.8323,8.3166,8.4509,50.0,0,none
L17,L17-P0076,Iddq,uA,7.2692,7.5577,7.956,8.0667,50.0,0,none
L17,L17-P0077,Iddq,uA,6.2156,6.7443,6.948,7.0194,50.0,0,none
L17,L17-P0078,Iddq,uA,6.8361,7.4856,7.7672,7.6806,50.0,0,none
L17,L17-P0079,Iddq,uA,5.1026,5.4775,5.5625,5.6701,50.0,0,none
L17,L17-P0080,Iddq,uA,4.9823,5.4717,5.6417,5.8359,50.0,0,none
L17,L17-P0081,Iddq,uA,6.1807,6.5184,6.7129,6.7166,50.0,0,none
L17,L17-P0082,Iddq,uA,5.0228,5.2073,5.2984,5.3518,50.0,0,none
L17,L17-P0083,Iddq,uA,6.0157,6.5508,6.6169,6.7799,50.0,0,none
L17,L17-P0084,Iddq,uA,6.1576,6.5209,6.7605,6.8067,50.0,0,none
L17,L17-P0085,Iddq,uA,5.5921,6.3506,6.5275,6.5705,50.0,0,none
L17,L17-P0086,Iddq,uA,6.0853,6.2816,6.5545,6.635,50.0,0,none
L17,L17-P0087,Iddq,uA,6.501,7.028,7.3325,7.5056,50.0,0,none
L17,L17-P0088,Iddq,uA,5.7403,6.1864,6.457,6.4663,50.0,0,none
L17,L17-P0089,Iddq,uA,5.3402,5.6988,5.8484,6.008,50.0,0,none
L17,L17-P0090,Iddq,uA,6.7215,7.482,7.6826,7.8704,50.0,0,none
L17,L17-P0091,Iddq,uA,6.1197,6.5465,6.7168,6.8289,50.0,0,none
L17,L17-P0092,Iddq,uA,6.3608,6.6807,6.9646,7.0173,50.0,0,none
L17,L17-P0093,Iddq,uA,6.4923,6.9799,7.3248,7.3183,50.0,0,none
L17,L17-P0094,Iddq,uA,6.0169,6.3098,6.5255,6.5745,50.0,0,none
L17,L17-P0095,Iddq,uA,5.4374,5.6068,5.6841,5.7902,50.0,0,none
L17,L17-P0096,Iddq,uA,5.1667,5.7936,8.6326,17.4139,50.0,1,accelerating
L17,L17-P0097,Iddq,uA,5.5919,6.1185,6.2654,6.2872,50.0,0,none
L17,L17-P0098,Iddq,uA,6.3572,6.7236,6.8281,7.0566,50.0,0,none
L17,L17-P0099,Iddq,uA,6.4057,6.853,6.9687,7.1068,50.0,0,none
L17,L17-P0100,Iddq,uA,6.021,6.4114,6.6134,6.7257,50.0,0,none
L17,L17-P0101,Iddq,uA,6.2412,6.6739,6.798,6.8684,50.0,0,none
L17,L17-P0102,Iddq,uA,4.6863,5.1505,5.2649,5.3906,50.0,0,none
L17,L17-P0103,Iddq,uA,5.4145,5.8025,5.917,6.0552,50.0,0,none
L17,L17-P0104,Iddq,uA,6.6324,6.7762,6.8515,6.8633,50.0,0,none
L17,L17-P0105,Iddq,uA,4.9167,5.2394,5.2242,5.338,50.0,0,none
L17,L17-P0106,Iddq,uA,5.9328,6.132,6.2751,6.1828,50.0,0,none
L17,L17-P0107,Iddq,uA,5.9455,6.265,6.4609,6.443,50.0,0,none
L17,L17-P0108,Iddq,uA,5.691,6.0848,6.1766,6.1909,50.0,0,none
L17,L17-P0109,Iddq,uA,6.5395,7.0644,7.3186,7.375,50.0,0,none
L17,L17-P0110,Iddq,uA,6.0196,6.6499,6.8077,6.8937,50.0,0,none
L17,L17-P0111,Iddq,uA,4.6352,4.9425,4.9902,5.04,50.0,0,none
L17,L17-P0112,Iddq,uA,6.3265,6.7759,7.0207,7.1063,50.0,0,none
L17,L17-P0113,Iddq,uA,5.2876,5.7306,5.7913,5.9093,50.0,0,none
L17,L17-P0114,Iddq,uA,4.4211,4.6471,4.8204,4.8764,50.0,0,none
L17,L17-P0115,Iddq,uA,6.858,6.9891,7.0461,7.2405,50.0,0,none
L17,L17-P0116,Iddq,uA,4.5674,5.0472,5.2704,5.2508,50.0,0,none
L17,L17-P0117,Iddq,uA,5.4877,5.9094,6.0491,6.2112,50.0,0,none
L17,L17-P0118,Iddq,uA,6.1039,6.8568,7.1069,7.1578,50.0,0,none
L17,L17-P0119,Iddq,uA,5.6729,6.1114,6.1719,6.2104,50.0,0,none
L17,L17-P0120,Iddq,uA,5.0984,5.394,5.4309,5.5839,50.0,0,none
L17,L17-P0121,Iddq,uA,4.8348,5.0804,5.1846,5.1822,50.0,0,none
L17,L17-P0122,Iddq,uA,5.0218,5.4832,5.5947,5.5908,50.0,0,none
L17,L17-P0123,Iddq,uA,4.7591,5.099,5.315,5.3659,50.0,0,none
L17,L17-P0124,Iddq,uA,5.5036,6.0991,6.4112,6.3695,50.0,0,none
L17,L17-P0125,Iddq,uA,5.366,5.5889,5.7737,5.8218,50.0,0,none
L17,L17-P0126,Iddq,uA,4.4363,4.8604,5.091,5.0428,50.0,0,none
L17,L17-P0127,Iddq,uA,5.4745,5.8503,6.0345,5.888,50.0,0,none
L17,L17-P0128,Iddq,uA,5.0406,5.6147,5.889,5.8815,50.0,0,none
L17,L17-P0129,Iddq,uA,6.1381,7.0241,7.2197,7.3384,50.0,0,none
L17,L17-P0130,Iddq,uA,6.2385,6.543,6.684,6.7104,50.0,0,none
L17,L17-P0131,Iddq,uA,7.4859,7.9215,8.261,8.2103,50.0,0,none
L17,L17-P0132,Iddq,uA,6.5085,6.7888,6.9778,7.0556,50.0,0,none
L17,L17-P0133,Iddq,uA,4.6386,4.9274,5.0542,5.01,50.0,0,none
L17,L17-P0134,Iddq,uA,3.7733,4.1821,4.206,4.319,50.0,0,none
L17,L17-P0135,Iddq,uA,4.2933,4.5099,4.5427,4.5243,50.0,0,none
L17,L17-P0136,Iddq,uA,5.2296,5.5739,5.7129,5.7337,50.0,0,none
L17,L17-P0137,Iddq,uA,4.2085,4.6996,4.7966,4.8707,50.0,0,none
L17,L17-P0138,Iddq,uA,5.0884,5.5073,5.679,5.7804,50.0,0,none
L17,L17-P0139,Iddq,uA,5.747,6.3195,6.5168,6.688,50.0,0,none
L17,L17-P0140,Iddq,uA,5.2071,5.387,5.576,5.589,50.0,0,none
L17,L17-P0141,Iddq,uA,6.1584,6.5125,6.7821,6.8782,50.0,0,none
L17,L17-P0142,Iddq,uA,5.1496,5.9157,6.0952,6.2868,50.0,0,none
L17,L17-P0143,Iddq,uA,5.1231,5.2001,5.4736,5.4897,50.0,0,none
L17,L17-P0144,Iddq,uA,8.0755,8.4962,8.684,8.7547,50.0,0,none
L17,L17-P0145,Iddq,uA,5.8814,6.2714,6.3598,6.4627,50.0,0,none
L17,L17-P0146,Iddq,uA,5.7972,6.3129,6.3768,6.4623,50.0,0,none
L17,L17-P0147,Iddq,uA,6.8163,7.49,7.6431,7.8005,50.0,0,none
L17,L17-P0148,Iddq,uA,6.8784,7.0627,7.2131,7.2925,50.0,0,none
L17,L17-P0149,Iddq,uA,5.4105,5.6571,5.664,5.6845,50.0,0,none
L17,L17-P0150,Iddq,uA,7.1094,7.6313,7.8756,8.0951,50.0,0,none
L17,L17-P0151,Iddq,uA,5.2957,5.6045,5.672,5.8305,50.0,0,none
L17,L17-P0152,Iddq,uA,6.9829,7.4658,7.7255,7.6566,50.0,0,none
L17,L17-P0153,Iddq,uA,4.5994,4.8819,5.1052,5.2294,50.0,0,none
L17,L17-P0154,Iddq,uA,5.5885,5.9336,6.133,6.2753,50.0,0,none
L17,L17-P0155,Iddq,uA,5.9785,6.1527,6.5811,6.559,50.0,0,none
L17,L17-P0156,Iddq,uA,6.1799,6.7291,7.0168,7.0236,50.0,0,none
L17,L17-P0157,Iddq,uA,4.9244,5.3457,5.3066,5.4565,50.0,0,none
L17,L17-P0158,Iddq,uA,4.1568,4.62,4.7054,4.7178,50.0,0,none
L17,L17-P0159,Iddq,uA,6.2339,6.7534,6.9791,7.1257,50.0,0,none
L17,L17-P0160,Iddq,uA,5.5016,5.7672,5.8921,5.919,50.0,0,none
L17,L17-P0161,Iddq,uA,5.34,5.6234,5.8313,5.8322,50.0,0,none
L17,L17-P0162,Iddq,uA,7.9737,8.2739,8.2504,8.4627,50.0,0,none
L17,L17-P0163,Iddq,uA,5.4814,5.895,6.0484,6.1111,50.0,0,none
L17,L17-P0164,Iddq,uA,5.2409,5.6646,5.768,6.003,50.0,0,none
L17,L17-P0165,Iddq,uA,4.0582,4.3255,4.4739,4.4475,50.0,0,none
L17,L17-P0166,Iddq,uA,4.706,4.9097,5.0537,5.2093,50.0,0,none
L17,L17-P0167,Iddq,uA,6.8709,7.3037,7.4366,7.3228,50.0,0,none
L17,L17-P0168,Iddq,uA,5.0952,5.4886,5.8249,5.8387,50.0,0,none
L17,L17-P0169,Iddq,uA,6.7175,6.8144,6.9832,7.0542,50.0,0,none
L17,L17-P0170,Iddq,uA,4.4973,4.7537,5.0345,4.945,50.0,0,none
L17,L17-P0171,Iddq,uA,4.8614,5.1239,5.2393,5.234,50.0,0,none
L17,L17-P0172,Iddq,uA,4.9155,5.2497,5.3998,5.4936,50.0,0,none
L17,L17-P0173,Iddq,uA,6.2947,6.9264,7.226,7.4028,50.0,0,none
L17,L17-P0174,Iddq,uA,5.5429,5.7509,5.7366,5.8547,50.0,0,none
L17,L17-P0175,Iddq,uA,4.5932,5.0045,5.2652,5.4953,50.0,0,none
L17,L17-P0176,Iddq,uA,6.6601,7.4458,7.6884,7.7984,50.0,0,none
L17,L17-P0177,Iddq,uA,6.5023,6.7876,6.9021,7.1405,50.0,0,none
L17,L17-P0178,Iddq,uA,6.1566,6.5826,6.8011,6.7825,50.0,0,none
L17,L17-P0179,Iddq,uA,6.1432,6.6052,6.9288,6.9757,50.0,0,none
L17,L17-P0180,Iddq,uA,4.8919,5.2544,5.426,5.4187,50.0,0,none
L17,L17-P0181,Iddq,uA,7.3801,8.2938,8.744,8.7984,50.0,0,none
L17,L17-P0182,Iddq,uA,5.728,6.2842,6.3912,6.4772,50.0,0,none
L17,L17-P0183,Iddq,uA,6.033,6.6984,6.9066,6.9052,50.0,0,none
L17,L17-P0184,Iddq,uA,6.4186,6.9586,7.3348,7.6593,50.0,0,none
L17,L17-P0185,Iddq,uA,4.8536,5.2989,5.5108,5.6686,50.0,0,none
L17,L17-P0186,Iddq,uA,8.3866,8.8672,9.2637,9.3244,50.0,0,none
L17,L17-P0187,Iddq,uA,5.8363,6.1698,11.4859,11.4952,50.0,1,step_jump
L17,L17-P0188,Iddq,uA,5.8581,6.6945,7.0859,7.209,50.0,0,none
L17,L17-P0189,Iddq,uA,5.2449,5.6152,5.784,5.8592,50.0,0,none
L17,L17-P0190,Iddq,uA,7.2914,7.7642,7.8725,8.0866,50.0,0,none
L17,L17-P0191,Iddq,uA,7.232,7.7723,7.9414,7.9019,50.0,0,none
L17,L17-P0192,Iddq,uA,5.9305,6.1728,6.2512,6.3041,50.0,0,none
L17,L17-P0193,Iddq,uA,4.3517,4.5729,4.6241,4.7175,50.0,0,none
L17,L17-P0194,Iddq,uA,5.6129,5.8969,5.9932,5.9563,50.0,0,none
L17,L17-P0195,Iddq,uA,5.7825,6.0525,6.2173,6.267,50.0,0,none
L17,L17-P0196,Iddq,uA,5.3311,5.7734,5.957,6.0758,50.0,0,none
L17,L17-P0197,Iddq,uA,4.8331,5.1979,5.2262,5.3418,50.0,0,none
L17,L17-P0198,Iddq,uA,4.2174,4.6773,7.9608,8.1536,50.0,1,step_jump
L17,L17-P0199,Iddq,uA,55.112,59.2274,60.9609,61.6707,50.0,1,gross_fail
L17,L17-P0200,Iddq,uA,6.6287,7.2351,7.3693,7.3047,50.0,0,none
L17,L17-P0201,Iddq,uA,5.8649,6.1514,6.3817,6.3628,50.0,0,none
L17,L17-P0202,Iddq,uA,5.1059,5.5956,6.0317,6.0929,50.0,0,none
L17,L17-P0203,Iddq,uA,6.1285,6.6474,6.7531,6.8118,50.0,0,none
L17,L17-P0204,Iddq,uA,5.9787,6.6472,6.7968,7.0277,50.0,0,none
L17,L17-P0205,Iddq,uA,5.423,5.7056,5.7936,5.7491,50.0,0,none
L17,L17-P0206,Iddq,uA,6.2456,6.6429,6.8884,6.9016,50.0,0,none
L17,L17-P0207,Iddq,uA,6.3767,7.3462,7.5516,7.672,50.0,0,none
L17,L17-P0208,Iddq,uA,6.5858,7.2694,7.45,7.5707,50.0,0,none
L17,L17-P0209,Iddq,uA,4.8866,4.993,5.1447,5.2248,50.0,0,none
L17,L17-P0210,Iddq,uA,6.3126,6.5574,6.6928,6.7966,50.0,0,none
L17,L17-P0211,Iddq,uA,7.3673,7.9365,8.2412,8.758,50.0,0,none
L17,L17-P0212,Iddq,uA,6.0375,6.5533,6.6683,6.826,50.0,0,none
L17,L17-P0213,Iddq,uA,8.8624,9.6112,9.7734,9.6789,50.0,0,none
L17,L17-P0214,Iddq,uA,5.4848,5.9359,6.008,6.0499,50.0,0,none
L17,L17-P0215,Iddq,uA,4.2017,4.3446,4.5185,4.6105,50.0,0,none
L17,L17-P0216,Iddq,uA,4.8546,5.5192,5.6166,5.762,50.0,0,none
L17,L17-P0217,Iddq,uA,5.0508,5.2347,5.4809,5.599,50.0,0,none
L17,L17-P0218,Iddq,uA,6.3833,6.7911,6.9597,7.1,50.0,0,none
L17,L17-P0219,Iddq,uA,6.7754,7.3824,7.6282,7.6853,50.0,0,none
L17,L17-P0220,Iddq,uA,6.0447,6.1902,6.4298,6.521,50.0,0,none
L17,L17-P0221,Iddq,uA,6.1177,6.4604,6.6306,6.6279,50.0,0,none
L17,L17-P0222,Iddq,uA,8.2277,8.9624,9.3906,9.394,50.0,0,none
L17,L17-P0223,Iddq,uA,4.933,5.3244,5.426,5.4967,50.0,0,none
L17,L17-P0224,Iddq,uA,5.6834,6.0564,6.1292,6.1977,50.0,0,none
L17,L17-P0225,Iddq,uA,5.3507,5.7289,5.9574,6.0381,50.0,0,none
L17,L17-P0226,Iddq,uA,4.6093,4.9471,5.0455,5.1167,50.0,0,none
L17,L17-P0227,Iddq,uA,3.9365,4.0912,4.0914,4.1753,50.0,0,none
L17,L17-P0228,Iddq,uA,7.4556,8.1867,8.5768,8.5579,50.0,0,none
L17,L17-P0229,Iddq,uA,4.959,5.3333,5.3641,5.595,50.0,0,none
L17,L17-P0230,Iddq,uA,5.448,6.043,6.2278,6.2881,50.0,0,none
L17,L17-P0231,Iddq,uA,6.262,7.2277,7.5254,7.6158,50.0,0,none
L17,L17-P0232,Iddq,uA,4.6789,4.9143,5.0929,5.0431,50.0,0,none
L17,L17-P0233,Iddq,uA,4.863,5.2529,5.3542,5.5046,50.0,0,none
L17,L17-P0234,Iddq,uA,5.7242,6.4302,6.6326,6.8138,50.0,0,none
L17,L17-P0235,Iddq,uA,5.3594,5.6119,5.6954,5.769,50.0,0,none
L17,L17-P0236,Iddq,uA,4.4727,5.1108,8.7149,9.0754,50.0,1,step_jump
L17,L17-P0237,Iddq,uA,6.5697,6.9761,6.9719,7.1968,50.0,0,none
L17,L17-P0238,Iddq,uA,5.2317,5.5835,5.7805,5.7342,50.0,0,none
L17,L17-P0239,Iddq,uA,6.0296,6.8244,7.2035,7.3983,50.0,0,none
L17,L17-P0240,Iddq,uA,5.9055,6.3699,6.4724,6.5226,50.0,0,none
L17,L17-P0241,Iddq,uA,6.9638,7.8313,8.0318,8.324,50.0,0,none
L17,L17-P0242,Iddq,uA,6.2215,6.6251,6.8262,6.9022,50.0,0,none
L17,L17-P0243,Iddq,uA,4.9209,5.278,5.5386,5.4496,50.0,0,none
L17,L17-P0244,Iddq,uA,7.2021,7.3228,7.4487,7.5341,50.0,0,none
L17,L17-P0245,Iddq,uA,5.319,5.7703,6.0328,6.0519,50.0,0,none
L17,L17-P0246,Iddq,uA,4.9682,5.3886,5.4866,5.6014,50.0,0,none
L17,L17-P0247,Iddq,uA,4.7848,5.0746,5.3065,5.3565,50.0,0,none
L17,L17-P0248,Iddq,uA,3.7006,4.0306,4.1141,4.1711,50.0,0,none
L17,L17-P0249,Iddq,uA,5.1315,5.5367,5.6662,5.7454,50.0,0,none
L17,L17-P0250,Iddq,uA,6.2059,6.5195,6.6676,6.8148,50.0,0,none
L17,L17-P0251,Iddq,uA,4.4462,4.7784,4.9841,5.0858,50.0,0,none
L17,L17-P0252,Iddq,uA,8.0171,8.5071,8.9124,8.9236,50.0,0,none
L17,L17-P0253,Iddq,uA,3.7458,4.1289,4.2169,4.3028,50.0,0,none
L17,L17-P0254,Iddq,uA,4.983,5.4763,5.4317,5.547,50.0,0,none
L17,L17-P0255,Iddq,uA,4.3304,4.6313,4.7146,4.8084,50.0,0,none
L17,L17-P0256,Iddq,uA,6.9076,7.3703,7.4533,7.522,50.0,0,none
L17,L17-P0257,Iddq,uA,6.4455,6.9529,7.0331,7.2994,50.0,0,none
L17,L17-P0258,Iddq,uA,5.4727,5.9072,6.0441,6.0184,50.0,0,none
L17,L17-P0259,Iddq,uA,4.3646,4.7477,4.9605,5.0809,50.0,0,none
L17,L17-P0260,Iddq,uA,4.5346,4.8533,4.9329,4.9899,50.0,0,none
L17,L17-P0261,Iddq,uA,6.1805,6.3317,6.4052,6.5748,50.0,0,none
L17,L17-P0262,Iddq,uA,5.0985,5.5152,5.6931,5.8206,50.0,0,none
L17,L17-P0263,Iddq,uA,5.1229,5.5715,5.678,5.8396,50.0,0,none
L17,L17-P0264,Iddq,uA,5.7252,6.2103,6.4211,6.3993,50.0,0,none
L17,L17-P0265,Iddq,uA,5.3383,5.6904,5.8553,5.9027,50.0,0,none
L17,L17-P0266,Iddq,uA,4.186,4.3629,4.4415,4.4473,50.0,0,none
L17,L17-P0267,Iddq,uA,4.4549,4.6156,4.6827,4.7617,50.0,0,none
L17,L17-P0268,Iddq,uA,4.5473,4.7689,4.7594,4.862,50.0,0,none
L17,L17-P0269,Iddq,uA,5.0502,5.3363,5.5091,5.4055,50.0,0,none
L17,L17-P0270,Iddq,uA,5.8388,6.3062,6.5648,6.442,50.0,0,none
L17,L17-P0271,Iddq,uA,5.8307,6.1373,11.7986,12.1763,50.0,1,step_jump
L17,L17-P0272,Iddq,uA,7.3488,7.5716,7.7933,7.822,50.0,0,none
L17,L17-P0273,Iddq,uA,4.4669,4.4471,4.5834,4.5951,50.0,0,none
L17,L17-P0274,Iddq,uA,6.0709,6.7574,6.7518,6.8628,50.0,0,none
L17,L17-P0275,Iddq,uA,5.0517,5.428,5.618,5.6719,50.0,0,none
L17,L17-P0276,Iddq,uA,8.4836,9.2527,9.5626,9.6366,50.0,0,none
L17,L17-P0277,Iddq,uA,5.6739,5.9391,6.0737,6.1953,50.0,0,none
L17,L17-P0278,Iddq,uA,5.1668,5.691,6.0095,6.0197,50.0,0,none
L17,L17-P0279,Iddq,uA,6.0717,6.5486,6.8292,6.9821,50.0,0,none
L17,L17-P0280,Iddq,uA,5.9786,6.7078,8.2119,12.7244,50.0,1,accelerating
L17,L17-P0281,Iddq,uA,5.3105,5.7105,5.838,5.9721,50.0,0,none
L17,L17-P0282,Iddq,uA,6.4967,6.8855,7.2264,7.2253,50.0,0,none
L17,L17-P0283,Iddq,uA,7.7633,8.7053,9.1238,9.1953,50.0,0,none
L17,L17-P0284,Iddq,uA,6.9038,7.7081,8.0974,8.3014,50.0,0,none
L17,L17-P0285,Iddq,uA,5.6752,6.0468,6.0769,6.2236,50.0,0,none
L17,L17-P0286,Iddq,uA,8.0105,8.87,9.0234,9.1272,50.0,0,none
L17,L17-P0287,Iddq,uA,6.307,6.6688,6.6906,6.7166,50.0,0,none
L17,L17-P0288,Iddq,uA,4.6839,5.1675,5.3517,5.5107,50.0,0,none
L17,L17-P0289,Iddq,uA,5.9204,6.3745,6.5373,6.7002,50.0,0,none
L17,L17-P0290,Iddq,uA,5.5144,6.0724,6.2691,6.2923,50.0,0,none
L17,L17-P0291,Iddq,uA,5.1495,5.4943,5.6394,5.6565,50.0,0,none
L17,L17-P0292,Iddq,uA,6.1291,6.6107,6.8197,6.95,50.0,0,none
L17,L17-P0293,Iddq,uA,4.021,4.454,4.5955,4.7484,50.0,0,none
L17,L17-P0294,Iddq,uA,7.853,8.4985,8.7311,8.8412,50.0,0,none
L17,L17-P0295,Iddq,uA,6.5591,7.5314,8.0923,8.0528,50.0,0,none
L17,L17-P0296,Iddq,uA,4.1023,4.3984,4.5729,4.6621,50.0,0,none
L17,L17-P0297,Iddq,uA,6.5643,6.9227,7.0711,7.0436,50.0,0,none
L17,L17-P0298,Iddq,uA,6.4184,6.7422,15.6252,16.2621,50.0,1,step_jump
L17,L17-P0299,Iddq,uA,7.654,8.101,8.3662,8.4154,50.0,0,none
L17,L17-P0300,Iddq,uA,8.0233,8.957,9.0208,9.1416,50.0,0,none
L17,L17-P0301,Iddq,uA,8.2552,9.2281,9.5769,9.6087,50.0,0,none
L17,L17-P0302,Iddq,uA,5.4514,6.1386,6.3465,6.58,50.0,0,none
L17,L17-P0303,Iddq,uA,6.5264,6.8279,7.0392,7.0941,50.0,0,none
L17,L17-P0304,Iddq,uA,5.3457,5.818,5.8676,5.9652,50.0,0,none
L17,L17-P0305,Iddq,uA,7.0529,7.7521,7.9611,8.0141,50.0,0,none
L17,L17-P0306,Iddq,uA,3.7864,4.2558,4.4067,4.4516,50.0,0,none
L17,L17-P0307,Iddq,uA,4.4952,4.8321,4.7841,4.8615,50.0,0,none
L17,L17-P0308,Iddq,uA,5.2934,5.8923,5.8836,6.0024,50.0,0,none
L17,L17-P0309,Iddq,uA,5.7234,6.0152,6.1945,6.2378,50.0,0,none
L17,L17-P0310,Iddq,uA,5.9308,6.3485,6.4673,6.51,50.0,0,none
L17,L17-P0311,Iddq,uA,7.4804,7.7816,8.0394,8.0119,50.0,0,none
L17,L17-P0312,Iddq,uA,5.1504,5.2605,5.5375,5.6089,50.0,0,none
L17,L17-P0313,Iddq,uA,4.5306,4.7886,4.8327,4.7805,50.0,0,none
L17,L17-P0314,Iddq,uA,5.398,5.6852,5.7161,5.7736,50.0,0,none
L17,L17-P0315,Iddq,uA,5.1875,5.4271,5.6059,5.6037,50.0,0,none
L17,L17-P0316,Iddq,uA,6.3021,6.9487,7.1283,7.2883,50.0,0,none
L17,L17-P0317,Iddq,uA,7.8066,8.2559,8.5872,8.7134,50.0,0,none
L17,L17-P0318,Iddq,uA,7.6735,8.0507,8.0302,8.1574,50.0,0,none
L17,L17-P0319,Iddq,uA,6.988,8.4047,8.8057,8.9874,50.0,0,none
L17,L17-P0320,Iddq,uA,5.1784,5.5311,5.6982,5.6778,50.0,0,none
L17,L17-P0321,Iddq,uA,5.6337,5.9028,5.8623,5.9963,50.0,0,none
L17,L17-P0322,Iddq,uA,6.3121,6.9035,7.1402,7.0491,50.0,0,none
L17,L17-P0323,Iddq,uA,5.0373,5.3981,5.515,5.4426,50.0,0,none
L17,L17-P0324,Iddq,uA,5.0507,5.3677,5.4686,5.4118,50.0,0,none
L17,L17-P0325,Iddq,uA,6.2077,6.6611,6.9748,7.0537,50.0,0,none
L17,L17-P0326,Iddq,uA,4.4692,4.6879,4.8155,4.8551,50.0,0,none
L17,L17-P0327,Iddq,uA,7.2173,7.5782,7.7565,7.9723,50.0,0,none
L17,L17-P0328,Iddq,uA,5.4005,5.9775,6.2983,6.435,50.0,0,none
L17,L17-P0329,Iddq,uA,6.5068,6.8518,7.163,7.1938,50.0,0,none
L17,L17-P0330,Iddq,uA,5.9915,6.494,6.7783,6.9054,50.0,0,none
L17,L17-P0331,Iddq,uA,7.4813,7.882,8.0648,8.0797,50.0,0,none
L17,L17-P0332,Iddq,uA,3.8435,4.0606,4.2665,4.3105,50.0,0,none
L17,L17-P0333,Iddq,uA,7.5305,7.803,8.078,8.0164,50.0,0,none
L17,L17-P0334,Iddq,uA,7.4817,7.8803,8.0305,8.0158,50.0,0,none
L17,L17-P0335,Iddq,uA,6.0991,6.4741,6.5961,6.7586,50.0,0,none
L17,L17-P0336,Iddq,uA,6.3874,6.8003,6.9424,6.9199,50.0,0,none
L17,L17-P0337,Iddq,uA,6.5663,7.1369,7.4608,7.419,50.0,0,none
L17,L17-P0338,Iddq,uA,4.8259,5.2551,5.4629,5.5152,50.0,0,none
L17,L17-P0339,Iddq,uA,5.9303,6.1229,6.1035,6.3694,50.0,0,none
L17,L17-P0340,Iddq,uA,6.871,7.8001,8.0239,8.2401,50.0,0,none
L17,L17-P0341,Iddq,uA,4.1355,4.3843,4.6811,4.6249,50.0,0,none
L17,L17-P0342,Iddq,uA,6.3192,6.9372,7.2071,7.3199,50.0,0,none
L17,L17-P0343,Iddq,uA,5.8175,6.3345,6.4621,6.5145,50.0,0,none
L17,L17-P0344,Iddq,uA,6.6028,6.9558,6.8518,7.1257,50.0,0,none
L17,L17-P0345,Iddq,uA,4.5252,4.6797,4.8548,4.8666,50.0,0,none
L17,L17-P0346,Iddq,uA,5.0566,5.6185,5.8828,5.939,50.0,0,none
L17,L17-P0347,Iddq,uA,4.3735,4.6466,4.6692,4.7462,50.0,0,none
L17,L17-P0348,Iddq,uA,4.4756,4.6061,4.7324,4.7331,50.0,0,none
L17,L17-P0349,Iddq,uA,6.7738,7.1127,7.4013,7.4654,50.0,0,none
L17,L17-P0350,Iddq,uA,5.1209,5.3,5.4202,5.6535,50.0,0,none
L17,L17-P0351,Iddq,uA,5.0946,5.4405,5.6646,5.773,50.0,0,none
L17,L17-P0352,Iddq,uA,7.1811,7.7436,8.1836,8.2953,50.0,0,none
L17,L17-P0353,Iddq,uA,5.4376,5.8331,6.062,6.0336,50.0,0,none
L17,L17-P0354,Iddq,uA,7.0456,7.4023,7.4733,7.5909,50.0,0,none
L17,L17-P0355,Iddq,uA,4.7525,5.009,5.2013,5.2867,50.0,0,none
L17,L17-P0356,Iddq,uA,5.467,6.1787,6.3757,6.2642,50.0,0,none
L17,L17-P0357,Iddq,uA,4.8046,5.2649,5.1872,5.0837,50.0,0,none
L17,L17-P0358,Iddq,uA,6.5909,6.9845,7.3912,7.3747,50.0,0,none
L17,L17-P0359,Iddq,uA,5.6857,5.9823,6.244,6.4351,50.0,0,none
L17,L17-P0360,Iddq,uA,6.6318,7.1645,7.385,7.4166,50.0,0,none
L17,L17-P0361,Iddq,uA,5.8969,6.3598,6.5732,6.715,50.0,0,none
L17,L17-P0362,Iddq,uA,4.0052,4.2972,4.4524,4.405,50.0,0,none
L17,L17-P0363,Iddq,uA,5.5171,5.7898,5.9463,6.0125,50.0,0,none
L17,L17-P0364,Iddq,uA,4.2563,4.4844,4.63,4.615,50.0,0,none
L17,L17-P0365,Iddq,uA,6.1842,6.6883,7.0527,7.0163,50.0,0,none
L17,L17-P0366,Iddq,uA,6.4339,6.7289,6.9226,6.9086,50.0,0,none
L17,L17-P0367,Iddq,uA,6.5545,6.8515,7.0391,7.1302,50.0,0,none
L17,L17-P0368,Iddq,uA,5.6334,5.9799,6.1544,6.2663,50.0,0,none
L17,L17-P0369,Iddq,uA,4.2531,4.4912,4.724,4.8098,50.0,0,none
L17,L17-P0370,Iddq,uA,6.0713,6.2464,6.5723,6.711,50.0,0,none
L17,L17-P0371,Iddq,uA,6.2354,6.8181,6.6286,6.8468,50.0,0,none
L17,L17-P0372,Iddq,uA,5.6287,6.1294,6.3522,6.3674,50.0,0,none
L17,L17-P0373,Iddq,uA,5.8518,6.3017,6.2913,6.5503,50.0,0,none
L17,L17-P0374,Iddq,uA,4.0131,4.6138,3.5769,5.503,50.0,1,erratic
L17,L17-P0375,Iddq,uA,5.9463,6.2591,6.6759,6.4373,50.0,0,none
L17,L17-P0376,Iddq,uA,5.6438,6.0912,6.2338,6.3429,50.0,0,none
L17,L17-P0377,Iddq,uA,4.5706,4.9714,5.0224,5.0977,50.0,0,none
L17,L17-P0378,Iddq,uA,6.5266,7.0021,7.1427,7.2793,50.0,0,none
L17,L17-P0379,Iddq,uA,5.3605,5.5441,5.7107,5.8018,50.0,0,none
L17,L17-P0380,Iddq,uA,6.0645,6.6721,6.7901,6.8731,50.0,0,none
L17,L17-P0381,Iddq,uA,6.2793,6.5956,6.7383,6.6874,50.0,0,none
L17,L17-P0382,Iddq,uA,6.1347,6.7371,7.0657,7.3106,50.0,0,none
L17,L17-P0383,Iddq,uA,4.3957,4.7566,4.8917,4.8996,50.0,0,none
L17,L17-P0384,Iddq,uA,5.3928,5.6833,5.7443,5.8127,50.0,0,none
L17,L17-P0385,Iddq,uA,8.7507,9.1353,9.5506,9.7769,50.0,0,none
L17,L17-P0386,Iddq,uA,7.5576,8.0725,18.1334,18.0303,50.0,1,step_jump
L17,L17-P0387,Iddq,uA,6.7459,7.2147,7.3499,7.4253,50.0,0,none
L17,L17-P0388,Iddq,uA,6.1062,6.4232,6.518,6.6532,50.0,0,none
L17,L17-P0389,Iddq,uA,4.7975,5.1979,5.4611,5.4839,50.0,0,none
L17,L17-P0390,Iddq,uA,5.6468,5.9159,6.0722,6.1122,50.0,0,none
L17,L17-P0391,Iddq,uA,5.3317,5.5462,5.657,5.6497,50.0,0,none
L17,L17-P0392,Iddq,uA,5.7009,6.0394,6.1029,6.2801,50.0,0,none
L17,L17-P0393,Iddq,uA,4.3208,4.9248,5.1509,5.2573,50.0,0,none
L17,L17-P0394,Iddq,uA,6.9176,7.3599,7.5013,7.547,50.0,0,none
L17,L17-P0395,Iddq,uA,3.4844,3.7429,3.728,3.7756,50.0,0,none
L17,L17-P0396,Iddq,uA,6.8523,7.3124,7.3272,7.321,50.0,0,none
L17,L17-P0397,Iddq,uA,6.715,7.5888,8.0736,8.1189,50.0,0,none
L17,L17-P0398,Iddq,uA,9.0451,9.7175,9.9424,9.873,50.0,0,none
L17,L17-P0399,Iddq,uA,5.5418,5.854,6.0533,5.9727,50.0,0,none
L17,L17-P0400,Iddq,uA,5.3244,5.6287,5.9642,5.8639,50.0,0,none
L17,L17-P0401,Iddq,uA,5.9636,6.4048,6.6795,6.7511,50.0,0,none
L17,L17-P0402,Iddq,uA,6.3843,6.9605,7.3633,7.3075,50.0,0,none
L17,L17-P0403,Iddq,uA,5.7353,5.9203,6.0934,6.1158,50.0,0,none
L17,L17-P0404,Iddq,uA,4.6475,4.9183,5.0605,4.9924,50.0,0,none
L17,L17-P0405,Iddq,uA,6.4851,7.0962,7.1887,7.5126,50.0,0,none
L17,L17-P0406,Iddq,uA,5.8635,6.3543,6.4497,6.587,50.0,0,none
L17,L17-P0407,Iddq,uA,4.7892,5.1571,5.3309,5.451,50.0,0,none
L17,L17-P0408,Iddq,uA,4.2175,4.5283,4.63,4.7105,50.0,0,none
L17,L17-P0409,Iddq,uA,9.2346,10.4054,10.4415,10.7823,50.0,0,none
L17,L17-P0410,Iddq,uA,6.7863,7.3201,7.4897,7.53,50.0,0,none
L17,L17-P0411,Iddq,uA,6.4662,6.8301,7.0369,6.9619,50.0,0,none
L17,L17-P0412,Iddq,uA,5.7597,6.1621,6.1887,6.4792,50.0,0,none
L17,L17-P0413,Iddq,uA,6.5846,6.9002,7.2202,7.2617,50.0,0,none
L17,L17-P0414,Iddq,uA,4.7388,5.2623,5.5116,5.4889,50.0,0,none
L17,L17-P0415,Iddq,uA,6.0282,6.6799,6.914,6.8701,50.0,0,none
L17,L17-P0416,Iddq,uA,6.0789,6.3921,6.6418,6.6496,50.0,0,none
L17,L17-P0417,Iddq,uA,4.7042,5.0839,5.1631,5.2143,50.0,0,none
L17,L17-P0418,Iddq,uA,5.6932,6.0049,6.2518,6.2478,50.0,0,none
L17,L17-P0419,Iddq,uA,5.2728,5.7741,5.835,5.8795,50.0,0,none
L17,L17-P0420,Iddq,uA,5.0363,5.613,5.7604,5.8972,50.0,0,none
L17,L17-P0421,Iddq,uA,5.1872,5.5356,5.6664,5.7391,50.0,0,none
L17,L17-P0422,Iddq,uA,4.2013,4.2867,4.3906,4.4409,50.0,0,none
L17,L17-P0423,Iddq,uA,7.0419,7.5976,7.7948,7.8635,50.0,0,none
L17,L17-P0424,Iddq,uA,7.8005,8.6483,8.8468,8.935,50.0,0,none
L17,L17-P0425,Iddq,uA,4.8424,5.3471,5.5164,5.5373,50.0,0,none
L17,L17-P0426,Iddq,uA,7.3034,7.7413,7.838,7.8759,50.0,0,none
L17,L17-P0427,Iddq,uA,5.793,6.172,6.264,6.333,50.0,0,none
L17,L17-P0428,Iddq,uA,5.8146,6.1848,6.2499,6.3813,50.0,0,none
L17,L17-P0429,Iddq,uA,4.5417,4.798,4.8717,4.8999,50.0,0,none
L17,L17-P0430,Iddq,uA,5.2059,5.3642,5.4565,5.5001,50.0,0,none
L17,L17-P0431,Iddq,uA,6.3679,6.8267,6.9103,7.017,50.0,0,none
L17,L17-P0432,Iddq,uA,4.7966,5.2729,5.3893,5.4511,50.0,0,none
L17,L17-P0433,Iddq,uA,5.0338,5.4577,5.4818,5.5502,50.0,0,none
L17,L17-P0434,Iddq,uA,5.2525,5.4796,5.7375,5.8502,50.0,0,none
L17,L17-P0435,Iddq,uA,3.0099,3.3424,3.4447,3.4866,50.0,0,none
L17,L17-P0436,Iddq,uA,6.2237,6.522,6.6185,6.6854,50.0,0,none
L17,L17-P0437,Iddq,uA,6.394,8.209,11.8037,15.3739,50.0,1,latent_linear
L17,L17-P0438,Iddq,uA,6.1894,6.8205,6.9129,7.0104,50.0,0,none
L17,L17-P0439,Iddq,uA,7.0939,7.4095,7.4949,7.4578,50.0,0,none
L17,L17-P0440,Iddq,uA,5.3465,5.5803,5.7851,5.797,50.0,0,none
L17,L17-P0441,Iddq,uA,8.252,9.2342,9.3815,9.7186,50.0,0,none
L17,L17-P0442,Iddq,uA,4.9152,5.1854,5.3043,5.3296,50.0,0,none
L17,L17-P0443,Iddq,uA,5.5072,5.7947,5.8999,6.0563,50.0,0,none
L17,L17-P0444,Iddq,uA,5.4668,5.8607,6.1179,6.1366,50.0,0,none
L17,L17-P0445,Iddq,uA,5.9963,6.3318,6.5721,6.7358,50.0,0,none
L17,L17-P0446,Iddq,uA,5.6046,5.777,5.9494,6.0278,50.0,0,none
L17,L17-P0447,Iddq,uA,5.6219,6.3868,6.6705,6.8504,50.0,0,none
L17,L17-P0448,Iddq,uA,5.0347,5.3793,5.4685,5.5554,50.0,0,none
L17,L17-P0449,Iddq,uA,5.3835,5.7551,5.8913,5.8221,50.0,0,none
L17,L17-P0450,Iddq,uA,3.7396,4.1041,4.2172,4.2333,50.0,0,none
L17,L17-P0451,Iddq,uA,6.6996,7.3899,7.9455,8.2073,50.0,0,none
L17,L17-P0452,Iddq,uA,4.7367,5.0711,5.2078,5.3477,50.0,0,none
L17,L17-P0453,Iddq,uA,5.2244,5.4427,5.6176,5.8159,50.0,0,none
L17,L17-P0454,Iddq,uA,4.7165,5.1586,5.2416,5.3119,50.0,0,none
L17,L17-P0455,Iddq,uA,6.3537,7.3024,7.6909,7.9072,50.0,0,none
L17,L17-P0456,Iddq,uA,5.2407,5.7111,5.7531,5.8429,50.0,0,none
L17,L17-P0457,Iddq,uA,3.6079,3.8182,3.9606,3.9742,50.0,0,none
L17,L17-P0458,Iddq,uA,6.2146,6.5508,6.7862,6.8087,50.0,0,none
L17,L17-P0459,Iddq,uA,5.0268,5.133,5.282,5.2537,50.0,0,none
L17,L17-P0460,Iddq,uA,5.7065,6.0584,6.2947,6.3019,50.0,0,none
L17,L17-P0461,Iddq,uA,6.7919,7.1209,7.1518,7.1065,50.0,0,none
L17,L17-P0462,Iddq,uA,4.7299,5.074,5.215,5.3,50.0,0,none
L17,L17-P0463,Iddq,uA,5.724,6.1452,6.2533,6.2033,50.0,0,none
L17,L17-P0464,Iddq,uA,4.8608,5.0959,5.2226,5.2627,50.0,0,none
L17,L17-P0465,Iddq,uA,6.9992,10.9857,5.965,6.5275,50.0,1,erratic
L17,L17-P0466,Iddq,uA,5.8987,6.4858,6.4774,6.7981,50.0,0,none
L17,L17-P0467,Iddq,uA,5.6176,6.1007,6.2796,6.2784,50.0,0,none
L17,L17-P0468,Iddq,uA,4.5459,4.7565,4.8814,4.9155,50.0,0,none
L17,L17-P0469,Iddq,uA,6.7049,7.4746,7.7353,7.7806,50.0,0,none
L17,L17-P0470,Iddq,uA,6.8678,7.6756,7.9903,8.2733,50.0,0,none
L17,L17-P0471,Iddq,uA,4.9172,5.3831,5.436,5.6356,50.0,0,none
L17,L17-P0472,Iddq,uA,5.9207,6.3828,6.4934,6.5655,50.0,0,none
L17,L17-P0473,Iddq,uA,6.4899,6.8623,7.0404,7.1121,50.0,0,none
L17,L17-P0474,Iddq,uA,8.8801,9.5605,9.9631,9.8668,50.0,0,none
L17,L17-P0475,Iddq,uA,6.1512,6.8297,6.8649,6.9033,50.0,0,none
L17,L17-P0476,Iddq,uA,5.7871,6.3075,13.2944,13.2759,50.0,1,step_jump
L17,L17-P0477,Iddq,uA,5.5885,6.0559,6.2889,6.3514,50.0,0,none
L17,L17-P0478,Iddq,uA,5.6304,5.9767,6.1278,6.2927,50.0,0,none
L17,L17-P0479,Iddq,uA,6.7035,7.3284,7.2281,7.1901,50.0,0,none
L17,L17-P0480,Iddq,uA,4.898,5.2558,5.3613,5.4018,50.0,0,none
L17,L17-P0481,Iddq,uA,6.9075,7.4818,7.5648,7.9088,50.0,0,none
L17,L17-P0482,Iddq,uA,4.2801,4.5402,4.5451,4.6,50.0,0,none
L17,L17-P0483,Iddq,uA,6.6683,7.1188,7.2701,7.1499,50.0,0,none
L17,L17-P0484,Iddq,uA,6.8619,7.4931,7.5942,7.7378,50.0,0,none
L17,L17-P0485,Iddq,uA,6.7802,7.431,9.1242,14.7056,50.0,1,accelerating
L17,L17-P0486,Iddq,uA,6.068,6.803,7.0277,7.2955,50.0,0,none
L17,L17-P0487,Iddq,uA,6.3398,7.0425,7.2852,7.2673,50.0,0,none
L17,L17-P0488,Iddq,uA,5.3292,5.7254,5.9892,6.0494,50.0,0,none
L17,L17-P0489,Iddq,uA,4.6547,5.1789,5.4798,5.5364,50.0,0,none
L17,L17-P0490,Iddq,uA,6.0463,6.6508,6.8722,6.8761,50.0,0,none
L17,L17-P0491,Iddq,uA,5.8208,6.3363,6.4832,6.4352,50.0,0,none
L17,L17-P0492,Iddq,uA,6.9703,7.3462,7.4507,7.5533,50.0,0,none
L17,L17-P0493,Iddq,uA,5.6422,5.8591,6.1662,6.2635,50.0,0,none
L17,L17-P0494,Iddq,uA,6.0232,6.5222,6.5969,6.8008,50.0,0,none
L17,L17-P0495,Iddq,uA,6.1367,6.4565,6.7065,6.7721,50.0,0,none
L17,L17-P0496,Iddq,uA,6.5673,6.8411,6.8357,6.9572,50.0,0,none
L17,L17-P0497,Iddq,uA,6.9782,7.4166,7.5614,7.7965,50.0,0,none
L17,L17-P0498,Iddq,uA,4.7837,5.3699,5.4006,5.5376,50.0,0,none
L17,L17-P0499,Iddq,uA,6.6816,6.7776,6.8906,7.0166,50.0,0,none
L17,L17-P0500,Iddq,uA,5.4945,6.2669,6.5502,6.6594,50.0,0,none
L18,L18-P0001,Iddq,uA,11.5022,12.5125,12.5823,12.606,50.0,0,none
L18,L18-P0002,Iddq,uA,12.1896,13.6561,14.2942,14.6032,50.0,0,none
L18,L18-P0003,Iddq,uA,11.5002,13.1108,13.6932,14.1835,50.0,0,none
L18,L18-P0004,Iddq,uA,12.3905,13.7307,14.3843,14.8294,50.0,0,none
L18,L18-P0005,Iddq,uA,10.9595,12.2189,12.8368,12.814,50.0,0,none
L18,L18-P0006,Iddq,uA,12.7244,13.7506,14.2448,14.3059,50.0,0,none
L18,L18-P0007,Iddq,uA,9.3775,10.9274,11.6936,11.8009,50.0,0,none
L18,L18-P0008,Iddq,uA,9.3065,10.2859,10.8141,10.9996,50.0,0,none
L18,L18-P0009,Iddq,uA,11.4166,12.6947,13.2598,13.3937,50.0,0,none
L18,L18-P0010,Iddq,uA,12.3943,13.4997,14.1272,14.1043,50.0,0,none
L18,L18-P0011,Iddq,uA,10.8997,11.248,11.711,11.6758,50.0,0,none
L18,L18-P0012,Iddq,uA,12.2386,14.1108,14.8632,15.2138,50.0,0,none
L18,L18-P0013,Iddq,uA,11.7602,12.9743,13.3191,13.9966,50.0,0,none
L18,L18-P0014,Iddq,uA,8.4899,9.1944,9.4607,9.6737,50.0,0,none
L18,L18-P0015,Iddq,uA,15.514,18.5975,19.9325,20.7834,50.0,0,none
L18,L18-P0016,Iddq,uA,9.4649,10.604,11.0489,11.2614,50.0,0,none
L18,L18-P0017,Iddq,uA,9.9723,10.766,11.3621,11.54,50.0,0,none
L18,L18-P0018,Iddq,uA,13.2101,15.082,15.6889,16.3642,50.0,0,none
L18,L18-P0019,Iddq,uA,11.0953,12.6522,13.2098,13.5406,50.0,0,none
L18,L18-P0020,Iddq,uA,10.0195,11.2134,11.893,12.0178,50.0,0,none
L18,L18-P0021,Iddq,uA,10.3252,11.4812,12.0973,12.1101,50.0,0,none
L18,L18-P0022,Iddq,uA,9.836,11.3289,11.9497,11.8547,50.0,0,none
L18,L18-P0023,Iddq,uA,10.0354,11.6536,11.926,12.3228,50.0,0,none
L18,L18-P0024,Iddq,uA,12.5136,13.6122,14.3401,14.5151,50.0,0,none
L18,L18-P0025,Iddq,uA,10.4624,11.0223,11.551,11.605,50.0,0,none
L18,L18-P0026,Iddq,uA,9.6961,11.161,11.7497,11.8099,50.0,0,none
L18,L18-P0027,Iddq,uA,10.0606,11.4388,11.7636,12.1787,50.0,0,none
L18,L18-P0028,Iddq,uA,10.917,12.5528,13.0272,13.496,50.0,0,none
L18,L18-P0029,Iddq,uA,10.1585,11.2326,11.7658,11.9726,50.0,0,none
L18,L18-P0030,Iddq,uA,10.7483,12.3289,12.8899,13.154,50.0,0,none
L18,L18-P0031,Iddq,uA,11.9858,12.8177,13.2826,13.4541,50.0,0,none
L18,L18-P0032,Iddq,uA,10.5584,11.5288,11.9896,12.3435,50.0,0,none
L18,L18-P0033,Iddq,uA,9.8345,10.7882,11.0085,11.0113,50.0,0,none
L18,L18-P0034,Iddq,uA,10.2012,11.6322,12.2589,13.0259,50.0,0,none
L18,L18-P0035,Iddq,uA,13.7057,15.1666,15.683,15.7521,50.0,0,none
L18,L18-P0036,Iddq,uA,15.1661,16.8871,17.3497,18.3148,50.0,0,none
L18,L18-P0037,Iddq,uA,11.3048,12.5989,13.3059,13.3439,50.0,0,none
L18,L18-P0038,Iddq,uA,12.3133,13.8886,14.1288,14.4149,50.0,0,none
L18,L18-P0039,Iddq,uA,9.882,11.2144,11.7443,12.3191,50.0,0,none
L18,L18-P0040,Iddq,uA,10.2848,12.0898,13.036,13.1194,50.0,0,none
L18,L18-P0041,Iddq,uA,12.0881,13.6687,14.4439,14.7674,50.0,0,none
L18,L18-P0042,Iddq,uA,8.0789,8.707,8.9048,8.9833,50.0,0,none
L18,L18-P0043,Iddq,uA,12.3236,13.8575,14.477,14.9919,50.0,0,none
L18,L18-P0044,Iddq,uA,10.252,11.499,12.1986,12.1553,50.0,0,none
L18,L18-P0045,Iddq,uA,9.6216,11.39,11.8828,12.2051,50.0,0,none
L18,L18-P0046,Iddq,uA,11.9494,12.9635,13.4175,13.7134,50.0,0,none
L18,L18-P0047,Iddq,uA,13.611,15.0691,15.185,15.6121,50.0,0,none
L18,L18-P0048,Iddq,uA,10.821,12.191,12.9487,13.1602,50.0,0,none
L18,L18-P0049,Iddq,uA,11.5019,12.9506,13.323,13.7766,50.0,0,none
L18,L18-P0050,Iddq,uA,11.9545,13.1569,13.3992,13.5014,50.0,0,none
L18,L18-P0051,Iddq,uA,11.4982,13.0426,13.6781,13.7422,50.0,0,none
L18,L18-P0052,Iddq,uA,9.6448,10.3426,10.6632,10.9813,50.0,0,none
L18,L18-P0053,Iddq,uA,11.8432,13.0293,13.4918,13.5671,50.0,0,none
L18,L18-P0054,Iddq,uA,11.5003,12.6796,13.2631,13.2759,50.0,0,none
L18,L18-P0055,Iddq,uA,7.737,15.2854,11.1017,8.8338,50.0,1,erratic
L18,L18-P0056,Iddq,uA,12.6749,13.9298,14.3711,14.8359,50.0,0,none
L18,L18-P0057,Iddq,uA,9.2758,10.1432,10.5402,10.7983,50.0,0,none
L18,L18-P0058,Iddq,uA,11.4655,12.6643,12.9879,13.2371,50.0,0,none
L18,L18-P0059,Iddq,uA,14.1132,15.4509,15.815,16.2536,50.0,0,none
L18,L18-P0060,Iddq,uA,10.7545,11.6816,12.1577,12.3889,50.0,0,none
L18,L18-P0061,Iddq,uA,9.6549,11.1542,11.7598,11.9949,50.0,0,none
L18,L18-P0062,Iddq,uA,12.0006,13.5084,13.8085,14.3715,50.0,0,none
L18,L18-P0063,Iddq,uA,13.8355,14.3684,14.6151,14.9367,50.0,0,none
L18,L18-P0064,Iddq,uA,9.5939,10.2687,10.5721,10.5751,50.0,0,none
L18,L18-P0065,Iddq,uA,8.2466,9.2453,9.8999,9.9249,50.0,0,none
L18,L18-P0066,Iddq,uA,13.2503,14.7177,15.2659,15.449,50.0,0,none
L18,L18-P0067,Iddq,uA,12.5914,22.2086,9.0998,15.1725,50.0,1,erratic
L18,L18-P0068,Iddq,uA,12.0772,13.1828,13.7554,14.0452,50.0,0,none
L18,L18-P0069,Iddq,uA,8.7248,9.6817,10.319,10.5976,50.0,0,none
L18,L18-P0070,Iddq,uA,12.4604,14.1571,15.3422,15.5744,50.0,0,none
L18,L18-P0071,Iddq,uA,12.9214,14.4185,15.1547,15.6083,50.0,0,none
L18,L18-P0072,Iddq,uA,15.3387,16.4885,17.7894,17.9045,50.0,0,none
L18,L18-P0073,Iddq,uA,10.7617,11.845,12.4464,12.2904,50.0,0,none
L18,L18-P0074,Iddq,uA,11.4822,12.0814,12.6573,12.6489,50.0,0,none
L18,L18-P0075,Iddq,uA,8.4792,9.4181,9.7935,9.9726,50.0,0,none
L18,L18-P0076,Iddq,uA,12.9022,14.593,15.0057,15.4416,50.0,0,none
L18,L18-P0077,Iddq,uA,12.8119,14.7649,15.7472,15.6496,50.0,0,none
L18,L18-P0078,Iddq,uA,12.0034,14.0829,14.86,15.4276,50.0,0,none
L18,L18-P0079,Iddq,uA,13.2006,14.004,14.1894,14.6794,50.0,0,none
L18,L18-P0080,Iddq,uA,10.0354,11.0139,11.4444,11.5026,50.0,0,none
L18,L18-P0081,Iddq,uA,10.7559,12.2991,12.9231,13.4306,50.0,0,none
L18,L18-P0082,Iddq,uA,11.029,11.9511,12.6093,12.9429,50.0,0,none
L18,L18-P0083,Iddq,uA,13.0928,15.0204,16.316,16.6186,50.0,0,none
L18,L18-P0084,Iddq,uA,13.1102,14.3505,15.1825,14.9855,50.0,0,none
L18,L18-P0085,Iddq,uA,11.5671,13.9542,15.0751,15.2188,50.0,0,none
L18,L18-P0086,Iddq,uA,11.6,12.8982,13.5273,13.6637,50.0,0,none
L18,L18-P0087,Iddq,uA,12.1006,14.1652,15.3295,15.634,50.0,0,none
L18,L18-P0088,Iddq,uA,10.7986,11.206,11.4713,11.6827,50.0,0,none
L18,L18-P0089,Iddq,uA,13.4948,15.127,16.0274,16.0618,50.0,0,none
L18,L18-P0090,Iddq,uA,10.5393,11.813,12.2089,12.2599,50.0,0,none
L18,L18-P0091,Iddq,uA,11.9881,12.5424,13.0168,13.0921,50.0,0,none
L18,L18-P0092,Iddq,uA,10.3166,11.378,11.8307,12.4413,50.0,0,none
L18,L18-P0093,Iddq,uA,12.5266,13.53,14.3289,14.4639,50.0,0,none
L18,L18-P0094,Iddq,uA,11.1291,11.8732,12.6108,12.5955,50.0,0,none
L18,L18-P0095,Iddq,uA,14.9503,16.8016,17.5669,17.6678,50.0,0,none
L18,L18-P0096,Iddq,uA,11.1908,12.2956,12.5585,12.816,50.0,0,none
L18,L18-P0097,Iddq,uA,12.7034,14.327,15.0775,14.9682,50.0,0,none
L18,L18-P0098,Iddq,uA,10.1012,11.3732,12.1216,12.1885,50.0,0,none
L18,L18-P0099,Iddq,uA,10.9463,13.1089,14.0026,14.2856,50.0,0,none
L18,L18-P0100,Iddq,uA,11.0854,12.4033,12.7169,13.1428,50.0,0,none
L18,L18-P0101,Iddq,uA,11.7033,13.1223,13.6682,13.9455,50.0,0,none
L18,L18-P0102,Iddq,uA,9.9763,11.2515,12.0131,12.085,50.0,0,none
L18,L18-P0103,Iddq,uA,10.4774,11.4842,11.991,12.2247,50.0,0,none
L18,L18-P0104,Iddq,uA,11.3196,12.0651,12.3828,12.5891,50.0,0,none
L18,L18-P0105,Iddq,uA,11.9491,13.4026,14.2853,14.6472,50.0,0,none
L18,L18-P0106,Iddq,uA,11.0888,13.1181,13.709,14.0713,50.0,0,none
L18,L18-P0107,Iddq,uA,10.9526,13.0104,13.6945,13.9237,50.0,0,none
L18,L18-P0108,Iddq,uA,9.3174,10.4704,11.0561,11.4727,50.0,0,none
L18,L18-P0109,Iddq,uA,12.1803,13.163,13.6022,14.0926,50.0,0,none
L18,L18-P0110,Iddq,uA,12.6882,13.8318,15.1591,14.9847,50.0,0,none
L18,L18-P0111,Iddq,uA,13.0629,17.6308,25.6195,33.414,50.0,1,latent_linear
L18,L18-P0112,Iddq,uA,11.3118,12.6204,12.9817,13.2961,50.0,0,none
L18,L18-P0113,Iddq,uA,10.3681,11.1548,11.2843,11.5103,50.0,0,none
L18,L18-P0114,Iddq,uA,10.543,13.0839,13.9788,14.171,50.0,0,none
L18,L18-P0115,Iddq,uA,11.6482,12.456,12.769,12.8787,50.0,0,none
L18,L18-P0116,Iddq,uA,11.1426,11.8743,12.4312,12.4504,50.0,0,none
L18,L18-P0117,Iddq,uA,35.9808,41.2055,42.4534,42.8404,50.0,1,lot_outlier
L18,L18-P0118,Iddq,uA,9.0856,9.8848,10.3651,10.6383,50.0,0,none
L18,L18-P0119,Iddq,uA,10.4445,11.6111,11.9736,12.4675,50.0,0,none
L18,L18-P0120,Iddq,uA,10.7077,12.2944,12.8735,13.0974,50.0,0,none
L18,L18-P0121,Iddq,uA,11.7032,12.8582,13.3349,13.7878,50.0,0,none
L18,L18-P0122,Iddq,uA,10.5181,11.6897,12.1763,12.1625,50.0,0,none
L18,L18-P0123,Iddq,uA,10.7377,11.8395,12.25,12.3319,50.0,0,none
L18,L18-P0124,Iddq,uA,11.415,12.7347,13.3189,13.5522,50.0,0,none
L18,L18-P0125,Iddq,uA,14.1347,15.7533,16.2552,16.7385,50.0,0,none
L18,L18-P0126,Iddq,uA,10.8485,12.6485,13.3795,13.4645,50.0,0,none
L18,L18-P0127,Iddq,uA,9.1803,9.9296,10.1672,10.3195,50.0,0,none
L18,L18-P0128,Iddq,uA,10.3243,10.8333,11.3332,11.4996,50.0,0,none
L18,L18-P0129,Iddq,uA,14.2334,16.7873,17.5148,17.8703,50.0,0,none
L18,L18-P0130,Iddq,uA,13.7672,14.8311,15.3083,15.7057,50.0,0,none
L18,L18-P0131,Iddq,uA,12.8937,13.9067,14.5102,14.3965,50.0,0,none
L18,L18-P0132,Iddq,uA,12.3446,13.157,13.324,13.8172,50.0,0,none
L18,L18-P0133,Iddq,uA,12.3778,14.4862,15.4344,15.5438,50.0,0,none
L18,L18-P0134,Iddq,uA,10.9075,12.1502,12.8121,12.9086,50.0,0,none
L18,L18-P0135,Iddq,uA,12.3196,14.1536,14.7418,15.5388,50.0,0,none
L18,L18-P0136,Iddq,uA,12.9267,14.0075,14.8215,15.0326,50.0,0,none
L18,L18-P0137,Iddq,uA,12.664,13.9548,14.6616,14.7466,50.0,0,none
L18,L18-P0138,Iddq,uA,10.3938,11.2665,12.2262,12.2988,50.0,0,none
L18,L18-P0139,Iddq,uA,11.019,11.956,12.5557,12.6701,50.0,0,none
L18,L18-P0140,Iddq,uA,10.1847,11.0737,11.5122,11.7407,50.0,0,none
L18,L18-P0141,Iddq,uA,12.9053,13.8019,14.0239,14.1535,50.0,0,none
L18,L18-P0142,Iddq,uA,11.5534,14.2673,15.1738,15.4762,50.0,0,none
L18,L18-P0143,Iddq,uA,11.7998,13.202,13.8016,13.9073,50.0,0,none
L18,L18-P0144,Iddq,uA,12.3058,13.5264,13.7717,14.1469,50.0,0,none
L18,L18-P0145,Iddq,uA,9.1859,9.9019,10.2643,10.4067,50.0,0,none
L18,L18-P0146,Iddq,uA,12.6467,14.8705,15.2888,15.6337,50.0,0,none
L18,L18-P0147,Iddq,uA,10.4482,11.4546,12.1194,12.3854,50.0,0,none
L18,L18-P0148,Iddq,uA,10.722,11.5947,11.8567,11.9386,50.0,0,none
L18,L18-P0149,Iddq,uA,9.9985,11.0459,11.4109,11.5757,50.0,0,none
L18,L18-P0150,Iddq,uA,11.2624,12.7994,13.3203,13.411,50.0,0,none
L18,L18-P0151,Iddq,uA,11.3066,12.2345,12.4805,12.9659,50.0,0,none
L18,L18-P0152,Iddq,uA,9.2121,10.5081,11.0684,11.4074,50.0,0,none
L18,L18-P0153,Iddq,uA,8.7722,10.6326,11.1442,11.502,50.0,0,none
L18,L18-P0154,Iddq,uA,10.9358,11.8844,12.383,12.6817,50.0,0,none
L18,L18-P0155,Iddq,uA,12.4828,13.7277,14.3695,14.262,50.0,0,none
L18,L18-P0156,Iddq,uA,12.5423,13.4777,13.9128,14.0041,50.0,0,none
L18,L18-P0157,Iddq,uA,13.002,14.2194,14.985,14.7767,50.0,0,none
L18,L18-P0158,Iddq,uA,10.9464,11.5994,11.9075,12.1528,50.0,0,none
L18,L18-P0159,Iddq,uA,10.5609,12.1408,12.9417,13.0157,50.0,0,none
L18,L18-P0160,Iddq,uA,11.3298,11.9828,12.2718,12.4435,50.0,0,none
L18,L18-P0161,Iddq,uA,12.7277,13.5473,14.0282,14.3113,50.0,0,none
L18,L18-P0162,Iddq,uA,13.9832,15.4637,16.1764,16.5935,50.0,0,none
L18,L18-P0163,Iddq,uA,10.6457,12.1136,12.9681,13.2821,50.0,0,none
L18,L18-P0164,Iddq,uA,10.6873,11.7941,12.1092,12.1634,50.0,0,none
L18,L18-P0165,Iddq,uA,11.2368,12.5091,13.0542,13.1704,50.0,0,none
L18,L18-P0166,Iddq,uA,11.0463,12.2497,12.7213,12.7813,50.0,0,none
L18,L18-P0167,Iddq,uA,10.4929,11.2029,11.7621,11.5466,50.0,0,none
L18,L18-P0168,Iddq,uA,10.9947,12.0289,12.646,12.6837,50.0,0,none
L18,L18-P0169,Iddq,uA,10.0806,10.8024,10.9645,11.1167,50.0,0,none
L18,L18-P0170,Iddq,uA,12.4578,13.5681,14.2471,14.1563,50.0,0,none
L18,L18-P0171,Iddq,uA,13.8609,15.9783,16.577,17.2284,50.0,0,none
L18,L18-P0172,Iddq,uA,10.8004,12.238,13.1568,13.3527,50.0,0,none
L18,L18-P0173,Iddq,uA,14.0449,15.5868,16.1706,16.3049,50.0,0,none
L18,L18-P0174,Iddq,uA,10.9553,11.8442,12.394,12.5442,50.0,0,none
L18,L18-P0175,Iddq,uA,10.1795,11.3903,11.8521,12.0315,50.0,0,none
L18,L18-P0176,Iddq,uA,12.5482,13.2203,13.4043,13.6884,50.0,0,none
L18,L18-P0177,Iddq,uA,9.8819,10.8304,11.2793,11.3637,50.0,0,none
L18,L18-P0178,Iddq,uA,12.3448,13.6459,14.2532,14.1543,50.0,0,none
L18,L18-P0179,Iddq,uA,11.6251,12.7385,13.3867,13.5764,50.0,0,none
L18,L18-P0180,Iddq,uA,10.6066,11.873,12.2136,12.2926,50.0,0,none
L18,L18-P0181,Iddq,uA,10.4615,12.0076,12.4534,12.5291,50.0,0,none
L18,L18-P0182,Iddq,uA,10.0577,10.8276,11.0477,11.1342,50.0,0,none
L18,L18-P0183,Iddq,uA,12.8249,14.5899,15.5149,15.9099,50.0,0,none
L18,L18-P0184,Iddq,uA,34.2591,39.2647,41.1765,41.1982,50.0,1,lot_outlier
L18,L18-P0185,Iddq,uA,11.7725,13.9547,15.351,15.7815,50.0,0,none
L18,L18-P0186,Iddq,uA,11.2316,12.6517,13.2396,13.3488,50.0,0,none
L18,L18-P0187,Iddq,uA,10.902,12.5808,13.4725,13.6991,50.0,0,none
L18,L18-P0188,Iddq,uA,11.6446,13.364,13.9029,14.614,50.0,0,none
L18,L18-P0189,Iddq,uA,12.0949,13.6032,14.1395,14.3355,50.0,0,none
L18,L18-P0190,Iddq,uA,11.5519,12.3369,12.8461,12.7623,50.0,0,none
L18,L18-P0191,Iddq,uA,10.9507,12.4629,13.4163,13.3304,50.0,0,none
L18,L18-P0192,Iddq,uA,9.7987,10.6479,11.2774,11.4387,50.0,0,none
L18,L18-P0193,Iddq,uA,10.2371,12.1673,13.1172,13.3352,50.0,0,none
L18,L18-P0194,Iddq,uA,10.6732,12.3379,12.836,13.1324,50.0,0,none
L18,L18-P0195,Iddq,uA,11.3918,13.1372,13.3299,13.9108,50.0,0,none
L18,L18-P0196,Iddq,uA,8.6912,9.9057,9.9919,10.2139,50.0,0,none
L18,L18-P0197,Iddq,uA,12.1727,13.6221,14.427,14.5893,50.0,0,none
L18,L18-P0198,Iddq,uA,11.9527,12.3619,12.7374,12.9542,50.0,0,none
L18,L18-P0199,Iddq,uA,10.4423,11.7431,12.0893,12.361,50.0,0,none
L18,L18-P0200,Iddq,uA,9.938,11.2676,11.9844,12.361,50.0,0,none
L18,L18-P0201,Iddq,uA,10.1448,11.9249,12.5912,12.79,50.0,0,none
L18,L18-P0202,Iddq,uA,9.2899,10.4006,10.6917,10.834,50.0,0,none
L18,L18-P0203,Iddq,uA,10.7331,11.2955,11.6155,11.5172,50.0,0,none
L18,L18-P0204,Iddq,uA,10.8976,11.8996,12.4656,12.4954,50.0,0,none
L18,L18-P0205,Iddq,uA,12.8675,14.0749,14.6997,14.9052,50.0,0,none
L18,L18-P0206,Iddq,uA,12.09,13.6325,13.9471,14.5923,50.0,0,none
L18,L18-P0207,Iddq,uA,13.2468,16.5144,23.9822,31.6037,50.0,1,latent_linear
L18,L18-P0208,Iddq,uA,11.2984,12.7029,12.8283,13.4294,50.0,0,none
L18,L18-P0209,Iddq,uA,9.8922,10.654,10.9477,11.1513,50.0,0,none
L18,L18-P0210,Iddq,uA,79.6869,92.9473,98.5327,100.8199,50.0,1,gross_fail
L18,L18-P0211,Iddq,uA,10.7149,11.2446,11.5818,11.7329,50.0,0,none
L18,L18-P0212,Iddq,uA,9.1372,10.4395,11.0963,11.1972,50.0,0,none
L18,L18-P0213,Iddq,uA,11.5636,12.8945,13.1904,13.4352,50.0,0,none
L18,L18-P0214,Iddq,uA,8.88,9.7239,9.9767,9.8444,50.0,0,none
L18,L18-P0215,Iddq,uA,11.1972,13.1857,13.955,14.4449,50.0,0,none
L18,L18-P0216,Iddq,uA,10.395,12.2066,12.6787,13.1064,50.0,0,none
L18,L18-P0217,Iddq,uA,11.8931,13.7297,14.7101,15.1654,50.0,0,none
L18,L18-P0218,Iddq,uA,12.7438,14.1738,14.7417,15.1169,50.0,0,none
L18,L18-P0219,Iddq,uA,10.6841,11.5792,12.2087,12.1524,50.0,0,none
L18,L18-P0220,Iddq,uA,10.5087,11.9012,12.1009,12.6629,50.0,0,none
L18,L18-P0221,Iddq,uA,12.3592,14.0839,14.5947,15.0161,50.0,0,none
L18,L18-P0222,Iddq,uA,10.0586,10.9297,11.246,11.5251,50.0,0,none
L18,L18-P0223,Iddq,uA,11.3977,12.3725,12.5968,12.759,50.0,0,none
L18,L18-P0224,Iddq,uA,12.0967,13.6329,14.2703,14.4692,50.0,0,none
L18,L18-P0225,Iddq,uA,10.0411,11.1978,11.4358,11.8659,50.0,0,none
L18,L18-P0226,Iddq,uA,10.8695,12.4928,13.1201,13.2433,50.0,0,none
L18,L18-P0227,Iddq,uA,36.6951,43.2194,45.77,46.55,50.0,1,lot_outlier
L18,L18-P0228,Iddq,uA,13.3895,15.2886,15.9698,16.6739,50.0,0,none
L18,L18-P0229,Iddq,uA,9.5684,10.231,10.582,10.6995,50.0,0,none
L18,L18-P0230,Iddq,uA,10.9327,12.4175,12.5971,12.685,50.0,0,none
L18,L18-P0231,Iddq,uA,13.5813,15.2874,15.8451,16.3788,50.0,0,none
L18,L18-P0232,Iddq,uA,12.8838,14.5086,15.2817,15.7009,50.0,0,none
L18,L18-P0233,Iddq,uA,10.831,12.4823,13.0763,13.0222,50.0,0,none
L18,L18-P0234,Iddq,uA,11.1138,12.1601,12.9972,12.8864,50.0,0,none
L18,L18-P0235,Iddq,uA,35.3919,38.3393,39.2089,40.0534,50.0,1,lot_outlier
L18,L18-P0236,Iddq,uA,11.9854,13.8472,14.5844,14.6138,50.0,0,none
L18,L18-P0237,Iddq,uA,13.6479,15.3936,16.0221,16.1649,50.0,0,none
L18,L18-P0238,Iddq,uA,13.155,14.7137,15.5569,15.8749,50.0,0,none
L18,L18-P0239,Iddq,uA,9.3456,10.1013,10.4341,10.5848,50.0,0,none
L18,L18-P0240,Iddq,uA,9.0347,10.7855,11.8409,11.8309,50.0,0,none
L18,L18-P0241,Iddq,uA,10.5641,11.3867,12.1167,12.3173,50.0,0,none
L18,L18-P0242,Iddq,uA,8.7205,9.5796,10.1391,10.1326,50.0,0,none
L18,L18-P0243,Iddq,uA,13.344,14.9039,15.6342,16.0947,50.0,0,none
L18,L18-P0244,Iddq,uA,9.2238,8.4231,8.8468,17.6936,50.0,1,erratic
L18,L18-P0245,Iddq,uA,10.7563,11.689,11.9304,12.1127,50.0,0,none
L18,L18-P0246,Iddq,uA,10.0408,11.0762,11.4883,11.7698,50.0,0,none
L18,L18-P0247,Iddq,uA,9.1005,9.7141,9.9287,10.1251,50.0,0,none
L18,L18-P0248,Iddq,uA,13.2579,14.6621,15.0924,15.7843,50.0,0,none
L18,L18-P0249,Iddq,uA,10.3706,11.0246,11.3552,11.66,50.0,0,none
L18,L18-P0250,Iddq,uA,14.7844,15.4098,15.8882,16.1534,50.0,0,none
L18,L18-P0251,Iddq,uA,13.7042,15.4451,15.8374,16.6837,50.0,0,none
L18,L18-P0252,Iddq,uA,11.1231,11.8838,12.2517,12.5173,50.0,0,none
L18,L18-P0253,Iddq,uA,8.4542,9.5568,9.9156,10.2361,50.0,0,none
L18,L18-P0254,Iddq,uA,39.4909,44.0461,45.1915,46.55,50.0,1,lot_outlier
L18,L18-P0255,Iddq,uA,15.1145,16.9357,18.0098,17.892,50.0,0,none
L18,L18-P0256,Iddq,uA,11.7413,12.7685,13.5486,13.8528,50.0,0,none
L18,L18-P0257,Iddq,uA,10.9775,12.2394,12.4583,12.959,50.0,0,none
L18,L18-P0258,Iddq,uA,10.2571,11.3209,11.6278,11.5648,50.0,0,none
L18,L18-P0259,Iddq,uA,62.4277,71.3645,75.1288,76.6702,50.0,1,gross_fail
L18,L18-P0260,Iddq,uA,11.6667,13.007,13.2207,13.6526,50.0,0,none
L18,L18-P0261,Iddq,uA,11.7893,12.8421,13.346,13.7614,50.0,0,none
L18,L18-P0262,Iddq,uA,13.0544,14.8513,15.7787,16.0516,50.0,0,none
L18,L18-P0263,Iddq,uA,13.028,14.0564,14.8645,14.7384,50.0,0,none
L18,L18-P0264,Iddq,uA,12.2195,12.5458,12.8706,13.1884,50.0,0,none
L18,L18-P0265,Iddq,uA,9.0761,9.6399,10.2037,10.1881,50.0,0,none
L18,L18-P0266,Iddq,uA,9.7897,11.31,12.0229,12.3255,50.0,0,none
L18,L18-P0267,Iddq,uA,10.3434,11.3193,11.7957,11.9713,50.0,0,none
L18,L18-P0268,Iddq,uA,11.1135,12.5063,13.0841,13.4337,50.0,0,none
L18,L18-P0269,Iddq,uA,13.5508,15.4631,16.226,15.9775,50.0,0,none
L18,L18-P0270,Iddq,uA,15.0041,18.1796,18.9963,19.3845,50.0,0,none
L18,L18-P0271,Iddq,uA,11.8367,12.5851,13.0441,12.9187,50.0,0,none
L18,L18-P0272,Iddq,uA,12.2781,13.4537,14.1499,14.2936,50.0,0,none
L18,L18-P0273,Iddq,uA,9.1386,10.1264,10.4988,10.808,50.0,0,none
L18,L18-P0274,Iddq,uA,10.5417,11.7538,12.1955,12.2498,50.0,0,none
L18,L18-P0275,Iddq,uA,10.4375,11.6625,12.3873,12.7741,50.0,0,none
L18,L18-P0276,Iddq,uA,10.3122,11.7344,12.2093,12.693,50.0,0,none
L18,L18-P0277,Iddq,uA,12.0746,13.5082,14.1137,13.9291,50.0,0,none
L18,L18-P0278,Iddq,uA,10.5199,11.1929,11.5694,11.5467,50.0,0,none
L18,L18-P0279,Iddq,uA,8.5492,10.623,11.3983,11.7866,50.0,0,none
L18,L18-P0280,Iddq,uA,12.7467,13.7685,14.5491,14.713,50.0,0,none
L18,L18-P0281,Iddq,uA,13.2835,14.664,15.1892,15.6846,50.0,0,none
L18,L18-P0282,Iddq,uA,38.5377,43.3429,45.5408,46.55,50.0,1,lot_outlier
L18,L18-P0283,Iddq,uA,11.0874,11.9317,12.6434,12.4561,50.0,0,none
L18,L18-P0284,Iddq,uA,9.9464,12.7385,11.2862,10.9421,50.0,1,erratic
L18,L18-P0285,Iddq,uA,10.0396,11.1253,11.2999,11.5079,50.0,0,none
L18,L18-P0286,Iddq,uA,12.9866,15.7039,16.5749,17.0333,50.0,0,none
L18,L18-P0287,Iddq,uA,10.1187,11.4832,11.7341,12.0842,50.0,0,none
L18,L18-P0288,Iddq,uA,14.8216,16.0852,16.6589,17.031,50.0,0,none
L18,L18-P0289,Iddq,uA,12.8525,15.6669,16.2583,17.3155,50.0,0,none
L18,L18-P0290,Iddq,uA,11.7077,13.4825,13.8894,14.2626,50.0,0,none
L18,L18-P0291,Iddq,uA,16.1937,17.6237,18.5662,18.2203,50.0,0,none
L18,L18-P0292,Iddq,uA,13.2518,14.4726,14.7004,14.7939,50.0,0,none
L18,L18-P0293,Iddq,uA,10.7554,12.2279,12.594,13.0013,50.0,0,none
L18,L18-P0294,Iddq,uA,9.9072,11.3498,11.9615,12.3087,50.0,0,none
L18,L18-P0295,Iddq,uA,10.4492,11.9539,12.3861,12.6556,50.0,0,none
L18,L18-P0296,Iddq,uA,11.089,12.2992,12.955,13.0092,50.0,0,none
L18,L18-P0297,Iddq,uA,10.0742,11.7337,12.4889,12.6114,50.0,0,none
L18,L18-P0298,Iddq,uA,9.5816,10.9173,11.4076,11.7279,50.0,0,none
L18,L18-P0299,Iddq,uA,11.5052,12.583,13.1969,13.2422,50.0,0,none
L18,L18-P0300,Iddq,uA,12.7369,14.1492,14.297,14.4598,50.0,0,none
L18,L18-P0301,Iddq,uA,14.3951,16.3433,17.347,17.5907,50.0,0,none
L18,L18-P0302,Iddq,uA,11.5269,12.8335,13.0906,13.7189,50.0,0,none
L18,L18-P0303,Iddq,uA,12.2333,14.047,14.9975,15.0895,50.0,0,none
L18,L18-P0304,Iddq,uA,8.7528,9.6457,10.038,10.3104,50.0,0,none
L18,L18-P0305,Iddq,uA,12.6218,14.4143,14.8765,15.5621,50.0,0,none
L18,L18-P0306,Iddq,uA,9.6841,10.9387,11.4427,11.6781,50.0,0,none
L18,L18-P0307,Iddq,uA,11.7803,13.7229,14.0424,14.4637,50.0,0,none
L18,L18-P0308,Iddq,uA,11.1667,12.8086,13.378,13.608,50.0,0,none
L18,L18-P0309,Iddq,uA,10.7117,11.9037,12.2941,12.5457,50.0,0,none
L18,L18-P0310,Iddq,uA,9.0808,10.037,10.4391,10.6012,50.0,0,none
L18,L18-P0311,Iddq,uA,10.095,11.2232,11.839,11.934,50.0,0,none
L18,L18-P0312,Iddq,uA,9.793,10.9448,11.1222,11.8953,50.0,0,none
L18,L18-P0313,Iddq,uA,10.4101,12.0503,12.6433,13.0073,50.0,0,none
L18,L18-P0314,Iddq,uA,13.0825,14.8357,15.1468,15.4689,50.0,0,none
L18,L18-P0315,Iddq,uA,10.6317,11.635,11.6489,11.9476,50.0,0,none
L18,L18-P0316,Iddq,uA,10.0342,11.0208,11.5429,11.5355,50.0,0,none
L18,L18-P0317,Iddq,uA,12.048,13.5407,13.9897,14.4438,50.0,0,none
L18,L18-P0318,Iddq,uA,11.751,13.1469,13.9819,14.1736,50.0,0,none
L18,L18-P0319,Iddq,uA,14.576,16.158,16.7311,17.018,50.0,0,none
L18,L18-P0320,Iddq,uA,13.0637,14.5857,15.1121,15.5028,50.0,0,none
L18,L18-P0321,Iddq,uA,8.5363,9.3826,9.5777,9.6906,50.0,0,none
L18,L18-P0322,Iddq,uA,12.5385,13.9882,14.8694,14.8206,50.0,0,none
L18,L18-P0323,Iddq,uA,12.3303,13.8776,14.4104,14.5397,50.0,0,none
L18,L18-P0324,Iddq,uA,13.9014,15.1175,15.87,16.0566,50.0,0,none
L18,L18-P0325,Iddq,uA,10.817,12.247,12.8426,12.9605,50.0,0,none
L18,L18-P0326,Iddq,uA,13.2573,15.4933,16.3996,16.7471,50.0,0,none
L18,L18-P0327,Iddq,uA,10.5385,11.9534,12.3218,12.4891,50.0,0,none
L18,L18-P0328,Iddq,uA,11.618,12.9109,13.6063,13.9144,50.0,0,none
L18,L18-P0329,Iddq,uA,9.8849,10.7667,11.3043,11.2785,50.0,0,none
L18,L18-P0330,Iddq,uA,9.0696,10.3798,10.6679,10.7233,50.0,0,none
L18,L18-P0331,Iddq,uA,12.5341,14.1062,14.6943,14.6339,50.0,0,none
L18,L18-P0332,Iddq,uA,11.3885,12.3559,12.9806,13.1557,50.0,0,none
L18,L18-P0333,Iddq,uA,9.4158,9.9576,24.8524,25.1898,50.0,1,step_jump
L18,L18-P0334,Iddq,uA,12.5593,14.153,14.9574,14.9908,50.0,0,none
L18,L18-P0335,Iddq,uA,7.7502,8.2836,8.6771,8.5372,50.0,0,none
L18,L18-P0336,Iddq,uA,10.1829,11.2045,12.0266,12.0369,50.0,0,none
L18,L18-P0337,Iddq,uA,9.0108,10.1071,10.6968,10.9032,50.0,0,none
L18,L18-P0338,Iddq,uA,13.2535,15.0035,15.0557,15.7474,50.0,0,none
L18,L18-P0339,Iddq,uA,10.5905,11.5217,11.9485,11.9538,50.0,0,none
L18,L18-P0340,Iddq,uA,11.3221,12.8249,13.4348,13.6137,50.0,0,none
L18,L18-P0341,Iddq,uA,11.7084,13.2455,13.4224,13.6458,50.0,0,none
L18,L18-P0342,Iddq,uA,12.7811,13.9211,14.2891,14.2552,50.0,0,none
L18,L18-P0343,Iddq,uA,12.3925,14.9344,16.2149,16.8178,50.0,0,none
L18,L18-P0344,Iddq,uA,12.4863,13.7122,13.9176,14.1922,50.0,0,none
L18,L18-P0345,Iddq,uA,10.7438,12.3981,12.7942,13.0358,50.0,0,none
L18,L18-P0346,Iddq,uA,12.658,14.8636,15.7806,15.9779,50.0,0,none
L18,L18-P0347,Iddq,uA,10.0963,11.3582,11.8408,12.2712,50.0,0,none
L18,L18-P0348,Iddq,uA,10.5481,11.7022,12.0185,11.933,50.0,0,none
L18,L18-P0349,Iddq,uA,9.0519,9.7114,10.1528,10.362,50.0,0,none
L18,L18-P0350,Iddq,uA,14.0451,15.4728,15.7247,15.7291,50.0,0,none
L18,L18-P0351,Iddq,uA,9.9394,10.7796,11.3052,11.6291,50.0,0,none
L18,L18-P0352,Iddq,uA,13.5153,15.3037,15.8911,16.2039,50.0,0,none
L18,L18-P0353,Iddq,uA,12.3304,13.3828,13.8496,13.8324,50.0,0,none
L18,L18-P0354,Iddq,uA,11.5816,13.403,32.7367,33.3753,50.0,1,step_jump
L18,L18-P0355,Iddq,uA,11.887,12.9609,13.65,13.6953,50.0,0,none
L18,L18-P0356,Iddq,uA,9.529,10.3237,10.6853,10.666,50.0,0,none
L18,L18-P0357,Iddq,uA,14.0594,16.3666,17.2516,17.9424,50.0,0,none
L18,L18-P0358,Iddq,uA,10.6247,11.5543,11.6834,12.0125,50.0,0,none
L18,L18-P0359,Iddq,uA,13.0156,14.6297,15.4075,15.6548,50.0,0,none
L18,L18-P0360,Iddq,uA,10.46,11.9074,12.3415,12.6914,50.0,0,none
L18,L18-P0361,Iddq,uA,9.2247,10.3963,10.6488,10.6515,50.0,0,none
L18,L18-P0362,Iddq,uA,14.8314,16.7708,17.9616,18.3362,50.0,0,none
L18,L18-P0363,Iddq,uA,10.2794,11.3791,12.0005,12.0743,50.0,0,none
L18,L18-P0364,Iddq,uA,11.8849,13.0935,13.7403,13.6533,50.0,0,none
L18,L18-P0365,Iddq,uA,7.339,8.0167,8.1667,8.1815,50.0,0,none
L18,L18-P0366,Iddq,uA,11.138,11.9458,12.1142,11.9578,50.0,0,none
L18,L18-P0367,Iddq,uA,12.1537,15.2005,16.5619,17.166,50.0,0,none
L18,L18-P0368,Iddq,uA,11.6578,13.0326,13.5496,13.9283,50.0,0,none
L18,L18-P0369,Iddq,uA,11.1632,12.8432,13.4926,13.9792,50.0,0,none
L18,L18-P0370,Iddq,uA,10.7953,13.3389,14.5858,14.8459,50.0,0,none
L18,L18-P0371,Iddq,uA,12.6378,13.9289,14.4448,14.5242,50.0,0,none
L18,L18-P0372,Iddq,uA,9.4311,10.291,10.9808,10.9271,50.0,0,none
L18,L18-P0373,Iddq,uA,10.947,11.6916,11.8696,11.9211,50.0,0,none
L18,L18-P0374,Iddq,uA,13.8125,14.8743,15.469,16.0007,50.0,0,none
L18,L18-P0375,Iddq,uA,9.139,9.9977,10.4005,10.5256,50.0,0,none
L18,L18-P0376,Iddq,uA,11.3228,12.2809,12.507,12.7565,50.0,0,none
L18,L18-P0377,Iddq,uA,9.7088,10.9907,11.643,11.9223,50.0,0,none
L18,L18-P0378,Iddq,uA,11.6183,13.4574,13.8807,14.2377,50.0,0,none
L18,L18-P0379,Iddq,uA,11.3077,13.1299,13.5976,14.1903,50.0,0,none
L18,L18-P0380,Iddq,uA,9.8304,10.5914,11.0331,11.2738,50.0,0,none
L18,L18-P0381,Iddq,uA,11.251,12.6815,13.1611,13.1643,50.0,0,none
L18,L18-P0382,Iddq,uA,11.3437,12.7167,13.165,13.5611,50.0,0,none
L18,L18-P0383,Iddq,uA,10.3422,12.3603,13.1573,13.3999,50.0,0,none
L18,L18-P0384,Iddq,uA,10.876,11.8414,12.4835,12.5847,50.0,0,none
L18,L18-P0385,Iddq,uA,10.4347,11.2616,11.7898,11.9313,50.0,0,none
L18,L18-P0386,Iddq,uA,8.1535,9.4685,9.9422,10.0368,50.0,0,none
L18,L18-P0387,Iddq,uA,12.743,14.0216,14.7503,14.6309,50.0,0,none
L18,L18-P0388,Iddq,uA,13.1966,14.8238,15.7562,15.8409,50.0,0,none
L18,L18-P0389,Iddq,uA,8.9174,9.9218,10.4416,10.6982,50.0,0,none
L18,L18-P0390,Iddq,uA,13.1299,14.4967,15.12,15.3013,50.0,0,none
L18,L18-P0391,Iddq,uA,11.7321,13.0325,13.3935,13.5868,50.0,0,none
L18,L18-P0392,Iddq,uA,9.6312,10.3489,11.1786,11.3622,50.0,0,none
L18,L18-P0393,Iddq,uA,10.8762,11.7802,12.3258,12.6961,50.0,0,none
L18,L18-P0394,Iddq,uA,10.1556,10.901,11.1567,11.3507,50.0,0,none
L18,L18-P0395,Iddq,uA,12.6082,14.4564,15.3737,15.3596,50.0,0,none
L18,L18-P0396,Iddq,uA,9.8751,11.2874,11.7906,11.9754,50.0,0,none
L18,L18-P0397,Iddq,uA,15.141,16.4448,16.8928,17.3464,50.0,0,none
L18,L18-P0398,Iddq,uA,13.1363,14.1626,14.567,14.8688,50.0,0,none
L18,L18-P0399,Iddq,uA,9.4304,10.599,11.0431,11.4207,50.0,0,none
L18,L18-P0400,Iddq,uA,13.9713,16.7683,17.8886,18.6782,50.0,0,none
L18,L18-P0401,Iddq,uA,12.3814,14.2366,14.9149,15.1621,50.0,0,none
L18,L18-P0402,Iddq,uA,10.9649,12.6148,13.2719,13.7561,50.0,0,none
L18,L18-P0403,Iddq,uA,12.2134,13.6369,14.1926,14.1582,50.0,0,none
L18,L18-P0404,Iddq,uA,12.9576,14.3959,14.9847,14.9957,50.0,0,none
L18,L18-P0405,Iddq,uA,9.951,11.349,11.768,11.9849,50.0,0,none
L18,L18-P0406,Iddq,uA,12.8566,13.9043,14.2092,14.4448,50.0,0,none
L18,L18-P0407,Iddq,uA,10.5173,11.8285,12.4024,12.6153,50.0,0,none
L18,L18-P0408,Iddq,uA,12.5682,13.356,13.859,14.3187,50.0,0,none
L18,L18-P0409,Iddq,uA,10.9771,12.064,12.2349,12.7208,50.0,0,none
L18,L18-P0410,Iddq,uA,9.6888,10.8619,10.9206,11.3186,50.0,0,none
L18,L18-P0411,Iddq,uA,12.1538,13.4613,14.117,14.3003,50.0,0,none
L18,L18-P0412,Iddq,uA,10.5815,11.737,12.0977,12.2643,50.0,0,none
L18,L18-P0413,Iddq,uA,11.3906,12.0489,12.2471,12.5221,50.0,0,none
L18,L18-P0414,Iddq,uA,11.8936,12.8655,13.1701,13.3654,50.0,0,none
L18,L18-P0415,Iddq,uA,13.7343,16.2903,17.0445,17.2782,50.0,0,none
L18,L18-P0416,Iddq,uA,10.5511,11.6722,12.0072,12.3496,50.0,0,none
L18,L18-P0417,Iddq,uA,9.9099,11.2649,11.8607,11.9667,50.0,0,none
L18,L18-P0418,Iddq,uA,14.191,15.7949,16.526,16.8152,50.0,0,none
L18,L18-P0419,Iddq,uA,11.2261,12.2521,12.6823,13.2664,50.0,0,none
L18,L18-P0420,Iddq,uA,10.4481,11.2275,11.7764,12.1436,50.0,0,none
L18,L18-P0421,Iddq,uA,11.645,12.8967,13.4464,13.3244,50.0,0,none
L18,L18-P0422,Iddq,uA,10.5584,12.9236,13.6698,13.9389,50.0,0,none
L18,L18-P0423,Iddq,uA,10.6577,11.8681,12.0783,12.2945,50.0,0,none
L18,L18-P0424,Iddq,uA,15.9003,18.8901,19.9553,20.4811,50.0,0,none
L18,L18-P0425,Iddq,uA,9.8994,10.7578,11.1346,11.3433,50.0,0,none
L18,L18-P0426,Iddq,uA,9.1171,10.1537,10.5421,10.5444,50.0,0,none
L18,L18-P0427,Iddq,uA,13.4006,14.8254,15.45,15.9262,50.0,0,none
L18,L18-P0428,Iddq,uA,10.6813,11.6512,12.2348,12.4087,50.0,0,none
L18,L18-P0429,Iddq,uA,11.621,12.452,13.1008,13.4,50.0,0,none
L18,L18-P0430,Iddq,uA,12.3987,13.6381,14.379,14.4076,50.0,0,none
L18,L18-P0431,Iddq,uA,8.8077,9.4562,9.6238,9.6767,50.0,0,none
L18,L18-P0432,Iddq,uA,13.037,14.6782,15.5498,15.4635,50.0,0,none
L18,L18-P0433,Iddq,uA,10.3018,11.6963,12.0648,12.2904,50.0,0,none
L18,L18-P0434,Iddq,uA,14.5671,16.907,17.5075,17.7928,50.0,0,none
L18,L18-P0435,Iddq,uA,10.0898,11.0505,11.612,11.5175,50.0,0,none
L18,L18-P0436,Iddq,uA,13.9866,15.8464,16.7841,17.2488,50.0,0,none
L18,L18-P0437,Iddq,uA,14.2332,16.1468,16.8433,16.8799,50.0,0,none
L18,L18-P0438,Iddq,uA,10.609,11.8677,12.2797,12.3044,50.0,0,none
L18,L18-P0439,Iddq,uA,10.8032,13.1716,13.8373,14.216,50.0,0,none
L18,L18-P0440,Iddq,uA,10.7874,12.191,12.6222,12.8686,50.0,0,none
L18,L18-P0441,Iddq,uA,13.8588,15.0375,15.6645,15.6927,50.0,0,none
L18,L18-P0442,Iddq,uA,11.6107,13.8775,14.3344,14.8414,50.0,0,none
L18,L18-P0443,Iddq,uA,12.0715,13.4418,14.5893,14.4045,50.0,0,none
L18,L18-P0444,Iddq,uA,11.1268,13.0765,14.0678,14.2418,50.0,0,none
L18,L18-P0445,Iddq,uA,11.8631,12.6594,13.367,13.2264,50.0,0,none
L18,L18-P0446,Iddq,uA,12.3771,13.2549,13.9052,13.8334,50.0,0,none
L18,L18-P0447,Iddq,uA,10.3549,11.6281,11.7102,11.896,50.0,0,none
L18,L18-P0448,Iddq,uA,14.4877,15.2649,15.9167,15.7315,50.0,0,none
L18,L18-P0449,Iddq,uA,10.938,12.2078,12.5551,12.738,50.0,0,none
L18,L18-P0450,Iddq,uA,12.7864,13.7532,14.7299,14.7648,50.0,0,none
L18,L18-P0451,Iddq,uA,9.391,10.1031,10.1396,10.4039,50.0,0,none
L18,L18-P0452,Iddq,uA,12.1654,13.3265,14.1076,13.9868,50.0,0,none
L18,L18-P0453,Iddq,uA,13.1969,15.5185,15.987,16.3123,50.0,0,none
L18,L18-P0454,Iddq,uA,11.4151,13.3551,14.0652,14.4075,50.0,0,none
L18,L18-P0455,Iddq,uA,13.2307,14.0395,14.9399,14.8171,50.0,0,none
L18,L18-P0456,Iddq,uA,10.2318,11.0674,11.3576,11.4592,50.0,0,none
L18,L18-P0457,Iddq,uA,12.028,13.547,14.3523,14.6126,50.0,0,none
L18,L18-P0458,Iddq,uA,9.0764,9.4818,9.5753,10.0614,50.0,0,none
L18,L18-P0459,Iddq,uA,11.6064,12.6275,28.8325,29.3151,50.0,1,step_jump
L18,L18-P0460,Iddq,uA,9.9421,10.7982,11.0913,11.1918,50.0,0,none
L18,L18-P0461,Iddq,uA,11.3325,13.2333,13.814,14.2708,50.0,0,none
L18,L18-P0462,Iddq,uA,13.6598,15.6305,16.1073,16.3524,50.0,0,none
L18,L18-P0463,Iddq,uA,14.065,15.3194,15.5923,15.5771,50.0,0,none
L18,L18-P0464,Iddq,uA,9.4876,10.2854,10.561,11.0035,50.0,0,none
L18,L18-P0465,Iddq,uA,13.0846,14.9629,15.5913,15.6237,50.0,0,none
L18,L18-P0466,Iddq,uA,13.6893,14.3555,15.048,15.0874,50.0,0,none
L18,L18-P0467,Iddq,uA,11.7856,12.6909,13.4632,13.6673,50.0,0,none
L18,L18-P0468,Iddq,uA,13.7325,15.2847,16.0201,16.4273,50.0,0,none
L18,L18-P0469,Iddq,uA,10.79,11.3959,11.553,11.5648,50.0,0,none
L18,L18-P0470,Iddq,uA,10.5168,11.8795,12.5768,12.6498,50.0,0,none
L18,L18-P0471,Iddq,uA,10.5725,11.571,12.0705,12.0665,50.0,0,none
L18,L18-P0472,Iddq,uA,12.3766,14.2357,14.8871,14.8652,50.0,0,none
L18,L18-P0473,Iddq,uA,10.9566,14.7707,22.9549,30.4894,50.0,1,latent_linear
L18,L18-P0474,Iddq,uA,10.133,11.0984,11.3202,11.5423,50.0,0,none
L18,L18-P0475,Iddq,uA,10.2201,10.9873,11.455,11.5737,50.0,0,none
L18,L18-P0476,Iddq,uA,11.2088,12.2109,12.6019,12.806,50.0,0,none
L18,L18-P0477,Iddq,uA,9.9333,11.0499,11.2549,11.4351,50.0,0,none
L18,L18-P0478,Iddq,uA,12.3791,14.3861,15.0964,14.9702,50.0,0,none
L18,L18-P0479,Iddq,uA,13.317,14.7202,15.0595,15.3247,50.0,0,none
L18,L18-P0480,Iddq,uA,12.9079,13.8007,14.1527,14.3528,50.0,0,none
L18,L18-P0481,Iddq,uA,16.8567,18.2864,18.9822,19.1896,50.0,0,none
L18,L18-P0482,Iddq,uA,11.8459,12.7845,12.9546,13.3371,50.0,0,none
L18,L18-P0483,Iddq,uA,14.0757,15.9503,16.7746,17.0048,50.0,0,none
L18,L18-P0484,Iddq,uA,11.3215,13.0297,13.5354,13.7084,50.0,0,none
L18,L18-P0485,Iddq,uA,10.8422,12.1265,12.9258,13.339,50.0,0,none
L18,L18-P0486,Iddq,uA,11.4644,12.5261,13.0085,13.3449,50.0,0,none
L18,L18-P0487,Iddq,uA,11.4697,12.4523,12.814,12.9907,50.0,0,none
L18,L18-P0488,Iddq,uA,11.1514,12.0161,12.5749,12.7626,50.0,0,none
L18,L18-P0489,Iddq,uA,9.5867,10.6095,11.1863,11.3129,50.0,0,none
L18,L18-P0490,Iddq,uA,9.8003,10.7762,11.2223,11.2616,50.0,0,none
L18,L18-P0491,Iddq,uA,13.0772,15.4682,16.2865,16.8385,50.0,0,none
L18,L18-P0492,Iddq,uA,12.6188,13.7252,14.2932,14.5143,50.0,0,none
L18,L18-P0493,Iddq,uA,14.4866,15.746,16.3847,16.7146,50.0,0,none
L18,L18-P0494,Iddq,uA,10.7084,11.649,11.9819,12.1955,50.0,0,none
L18,L18-P0495,Iddq,uA,10.6345,11.4404,11.7118,11.9539,50.0,0,none
L18,L18-P0496,Iddq,uA,9.4602,10.3364,10.541,10.7267,50.0,0,none
L18,L18-P0497,Iddq,uA,13.0009,13.9888,14.5092,14.636,50.0,0,none
L18,L18-P0498,Iddq,uA,9.8748,11.6871,12.6524,12.7765,50.0,0,none
L18,L18-P0499,Iddq,uA,11.3978,12.7795,13.0062,13.5444,50.0,0,none
L18,L18-P0500,Iddq,uA,11.8754,12.8093,13.4133,13.5465,50.0,0,none
L19,L19-P0001,Iddq,uA,9.4772,10.985,11.6612,11.9319,50.0,0,none
L19,L19-P0002,Iddq,uA,8.5021,10.0158,10.4368,10.7348,50.0,0,none
L19,L19-P0003,Iddq,uA,8.3541,9.2964,9.807,9.8062,50.0,0,none
L19,L19-P0004,Iddq,uA,11.0885,12.5674,13.2991,13.577,50.0,0,none
L19,L19-P0005,Iddq,uA,8.4745,9.4491,10.0182,10.2399,50.0,0,none
L19,L19-P0006,Iddq,uA,8.4285,9.3713,10.1275,10.4253,50.0,0,none
L19,L19-P0007,Iddq,uA,7.2792,8.6805,9.054,9.2934,50.0,0,none
L19,L19-P0008,Iddq,uA,7.8846,8.9273,9.5777,9.811,50.0,0,none
L19,L19-P0009,Iddq,uA,11.3491,13.3528,14.4502,14.6678,50.0,0,none
L19,L19-P0010,Iddq,uA,9.8568,11.6532,11.7415,12.4855,50.0,0,none
L19,L19-P0011,Iddq,uA,11.058,13.0644,13.8183,14.1224,50.0,0,none
L19,L19-P0012,Iddq,uA,7.9997,9.0284,9.4882,9.8294,50.0,0,none
L19,L19-P0013,Iddq,uA,9.6269,10.9262,11.5418,11.7661,50.0,0,none
L19,L19-P0014,Iddq,uA,10.6991,12.4841,13.028,13.6397,50.0,0,none
L19,L19-P0015,Iddq,uA,9.9882,11.0112,11.7739,11.8463,50.0,0,none
L19,L19-P0016,Iddq,uA,11.681,13.377,14.2151,14.511,50.0,0,none
L19,L19-P0017,Iddq,uA,9.7105,10.8442,10.9596,11.3572,50.0,0,none
L19,L19-P0018,Iddq,uA,9.2143,9.7956,10.0935,10.261,50.0,0,none
L19,L19-P0019,Iddq,uA,6.2328,7.0403,7.3892,7.587,50.0,0,none
L19,L19-P0020,Iddq,uA,9.6664,10.6139,10.9887,11.1616,50.0,0,none
L19,L19-P0021,Iddq,uA,9.9312,12.2039,13.2559,13.5303,50.0,0,none
L19,L19-P0022,Iddq,uA,10.9614,12.2448,12.6257,12.5248,50.0,0,none
L19,L19-P0023,Iddq,uA,7.9874,9.1836,9.8636,10.0923,50.0,0,none
L19,L19-P0024,Iddq,uA,9.0568,9.8717,10.3024,10.6319,50.0,0,none
L19,L19-P0025,Iddq,uA,7.0881,7.8881,8.2282,8.4831,50.0,0,none
L19,L19-P0026,Iddq,uA,7.0255,7.5795,7.9242,8.0207,50.0,0,none
L19,L19-P0027,Iddq,uA,9.8036,10.6929,11.1389,11.2698,50.0,0,none
L19,L19-P0028,Iddq,uA,11.2563,12.6898,13.4247,13.4056,50.0,0,none
L19,L19-P0029,Iddq,uA,11.195,12.4007,13.0757,13.2339,50.0,0,none
L19,L19-P0030,Iddq,uA,9.9,11.1977,11.8736,12.2688,50.0,0,none
L19,L19-P0031,Iddq,uA,12.5652,14.7807,15.9657,16.2291,50.0,0,none
L19,L19-P0032,Iddq,uA,8.5784,9.0614,9.474,9.6337,50.0,0,none
L19,L19-P0033,Iddq,uA,10.5018,12.4069,13.0621,13.471,50.0,0,none
L19,L19-P0034,Iddq,uA,7.367,8.1288,8.2355,8.2653,50.0,0,none
L19,L19-P0035,Iddq,uA,5.5853,6.1108,6.3027,6.5092,50.0,0,none
L19,L19-P0036,Iddq,uA,8.3766,9.1517,9.4584,9.4926,50.0,0,none
L19,L19-P0037,Iddq,uA,9.0001,9.5462,9.7449,10.1202,50.0,0,none
L19,L19-P0038,Iddq,uA,9.4103,9.9094,10.4422,10.3166,50.0,0,none
L19,L19-P0039,Iddq,uA,8.8146,9.8865,10.2528,10.4175,50.0,0,none
L19,L19-P0040,Iddq,uA,9.5811,10.8825,11.4435,11.5244,50.0,0,none
L19,L19-P0041,Iddq,uA,11.8502,13.4437,14.168,14.3544,50.0,0,none
L19,L19-P0042,Iddq,uA,9.9553,11.1122,11.2201,11.629,50.0,0,none
L19,L19-P0043,Iddq,uA,7.9651,8.5163,8.8464,8.9123,50.0,0,none
L19,L19-P0044,Iddq,uA,6.0759,6.9343,7.2839,7.2587,50.0,0,none
L19,L19-P0045,Iddq,uA,7.7885,8.7783,9.3464,9.8611,50.0,0,none
L19,L19-P0046,Iddq,uA,11.2934,12.6977,23.4112,23.9769,50.0,1,step_jump
L19,L19-P0047,Iddq,uA,8.4188,10.377,10.9312,11.2721,50.0,0,none
L19,L19-P0048,Iddq,uA,10.0347,11.2935,11.9249,12.0093,50.0,0,none
L19,L19-P0049,Iddq,uA,10.0922,11.5318,11.9007,12.2107,50.0,0,none
L19,L19-P0050,Iddq,uA,8.9635,10.1171,10.5978,10.9085,50.0,0,none
L19,L19-P0051,Iddq,uA,9.0532,9.7805,10.308,10.5351,50.0,0,none
L19,L19-P0052,Iddq,uA,8.2784,9.1803,9.5702,9.609,50.0,0,none
L19,L19-P0053,Iddq,uA,63.5053,73.8127,78.1544,79.9322,50.0,1,gross_fail
L19,L19-P0054,Iddq,uA,7.8017,9.0348,9.496,9.9225,50.0,0,none
L19,L19-P0055,Iddq,uA,10.9163,12.5039,12.8042,13.4702,50.0,0,none
L19,L19-P0056,Iddq,uA,10.3592,12.5739,13.0153,13.7823,50.0,0,none
L19,L19-P0057,Iddq,uA,10.0154,11.4486,12.0732,12.262,50.0,0,none
L19,L19-P0058,Iddq,uA,8.7929,10.0317,10.6852,11.0403,50.0,0,none
L19,L19-P0059,Iddq,uA,72.8388,87.2658,93.3427,95.831,50.0,1,gross_fail
L19,L19-P0060,Iddq,uA,7.6254,8.3948,8.5552,8.8255,50.0,0,none
L19,L19-P0061,Iddq,uA,7.9377,9.7951,10.1632,10.4539,50.0,0,none
L19,L19-P0062,Iddq,uA,9.5771,10.5089,11.004,11.0875,50.0,0,none
L19,L19-P0063,Iddq,uA,10.4757,11.7759,12.0217,12.5092,50.0,0,none
L19,L19-P0064,Iddq,uA,9.5674,10.1778,10.5563,10.6743,50.0,0,none
L19,L19-P0065,Iddq,uA,9.2271,10.9105,11.442,11.3773,50.0,0,none
L19,L19-P0066,Iddq,uA,10.6462,12.9157,13.6814,13.9927,50.0,0,none
L19,L19-P0067,Iddq,uA,6.5494,7.1688,7.3253,7.4686,50.0,0,none
L19,L19-P0068,Iddq,uA,6.465,7.19,7.4767,7.5345,50.0,0,none
L19,L19-P0069,Iddq,uA,7.1783,7.8706,8.4244,8.3843,50.0,0,none
L19,L19-P0070,Iddq,uA,10.4382,11.779,12.3264,12.5273,50.0,0,none
L19,L19-P0071,Iddq,uA,6.5181,7.2442,7.5436,7.569,50.0,0,none
L19,L19-P0072,Iddq,uA,8.936,10.212,10.6007,10.7123,50.0,0,none
L19,L19-P0073,Iddq,uA,7.8222,9.6099,10.1164,10.3706,50.0,0,none
L19,L19-P0074,Iddq,uA,9.3828,10.3915,10.5978,11.135,50.0,0,none
L19,L19-P0075,Iddq,uA,8.9047,10.1809,10.5323,10.5933,50.0,0,none
L19,L19-P0076,Iddq,uA,9.4472,10.6166,11.4046,11.3302,50.0,0,none
L19,L19-P0077,Iddq,uA,8.5331,9.544,9.9319,10.0044,50.0,0,none
L19,L19-P0078,Iddq,uA,9.9914,11.3932,12.0623,12.2211,50.0,0,none
L19,L19-P0079,Iddq,uA,11.4606,12.6636,13.1335,13.336,50.0,0,none
L19,L19-P0080,Iddq,uA,10.9372,12.6952,13.2742,13.6497,50.0,0,none
L19,L19-P0081,Iddq,uA,8.5742,9.6215,10.1532,10.1204,50.0,0,none
L19,L19-P0082,Iddq,uA,7.9739,8.6116,8.8366,8.8951,50.0,0,none
L19,L19-P0083,Iddq,uA,9.3801,10.1115,10.2128,10.5398,50.0,0,none
L19,L19-P0084,Iddq,uA,12.6594,13.2594,13.7949,13.8244,50.0,0,none
L19,L19-P0085,Iddq,uA,9.0367,9.9488,10.4069,10.5123,50.0,0,none
L19,L19-P0086,Iddq,uA,10.4838,11.9775,13.0024,13.1228,50.0,0,none
L19,L19-P0087,Iddq,uA,10.3357,11.1897,11.8571,11.9321,50.0,0,none
L19,L19-P0088,Iddq,uA,10.218,11.4051,11.8396,12.1964,50.0,0,none
L19,L19-P0089,Iddq,uA,11.1084,12.121,12.8333,13.2454,50.0,0,none
L19,L19-P0090,Iddq,uA,7.269,8.0885,8.5433,8.4617,50.0,0,none
L19,L19-P0091,Iddq,uA,7.8338,9.7436,10.5777,11.0375,50.0,0,none
L19,L19-P0092,Iddq,uA,8.9959,10.0874,10.3991,10.6041,50.0,0,none
L19,L19-P0093,Iddq,uA,11.0571,11.9467,12.2397,12.4068,50.0,0,none
L19,L19-P0094,Iddq,uA,11.2855,11.948,12.7183,12.6158,50.0,0,none
L19,L19-P0095,Iddq,uA,9.0318,10.3904,10.7637,10.724,50.0,0,none
L19,L19-P0096,Iddq,uA,10.616,11.7806,12.3874,12.4616,50.0,0,none
L19,L19-P0097,Iddq,uA,8.487,9.8372,10.3236,10.4361,50.0,0,none
L19,L19-P0098,Iddq,uA,7.9211,8.5492,9.0034,9.1168,50.0,0,none
L19,L19-P0099,Iddq,uA,7.3545,8.2143,8.6345,8.7101,50.0,0,none
L19,L19-P0100,Iddq,uA,8.8305,9.8261,10.2246,10.1801,50.0,0,none
L19,L19-P0101,Iddq,uA,8.5275,9.6172,10.3212,10.3257,50.0,0,none
L19,L19-P0102,Iddq,uA,10.5214,12.2751,13.0879,13.2834,50.0,0,none
L19,L19-P0103,Iddq,uA,9.9045,11.6286,12.3919,12.649,50.0,0,none
L19,L19-P0104,Iddq,uA,9.1406,10.9151,11.6406,12.1083,50.0,0,none
L19,L19-P0105,Iddq,uA,9.1384,9.7654,10.3337,10.474,50.0,0,none
L19,L19-P0106,Iddq,uA,8.4694,9.4631,9.5683,9.8951,50.0,0,none
L19,L19-P0107,Iddq,uA,6.7599,7.5282,7.7212,7.8913,50.0,0,none
L19,L19-P0108,Iddq,uA,7.5901,8.434,8.8205,9.0259,50.0,0,none
L19,L19-P0109,Iddq,uA,10.6944,11.2635,11.6538,11.8508,50.0,0,none
L19,L19-P0110,Iddq,uA,8.7403,9.895,10.2614,10.1632,50.0,0,none
L19,L19-P0111,Iddq,uA,7.5587,8.523,8.9044,9.2306,50.0,0,none
L19,L19-P0112,Iddq,uA,11.1927,13.0482,14.0494,14.3939,50.0,0,none
L19,L19-P0113,Iddq,uA,11.7191,13.6479,14.3846,14.8,50.0,0,none
L19,L19-P0114,Iddq,uA,11.0784,12.554,13.1761,13.2011,50.0,0,none
L19,L19-P0115,Iddq,uA,9.7202,10.6128,10.9626,11.4259,50.0,0,none
L19,L19-P0116,Iddq,uA,9.3866,10.7307,11.175,11.3294,50.0,0,none
L19,L19-P0117,Iddq,uA,9.1651,10.5992,11.2805,11.5332,50.0,0,none
L19,L19-P0118,Iddq,uA,9.345,10.7473,11.2897,11.5102,50.0,0,none
L19,L19-P0119,Iddq,uA,10.0403,11.6216,12.6093,12.6124,50.0,0,none
L19,L19-P0120,Iddq,uA,10.2049,11.8674,12.561,13.0083,50.0,0,none
L19,L19-P0121,Iddq,uA,9.8264,10.9483,11.4204,11.3655,50.0,0,none
L19,L19-P0122,Iddq,uA,5.4238,6.2088,6.5377,6.9499,50.0,0,none
L19,L19-P0123,Iddq,uA,10.7543,12.1321,12.6392,12.8623,50.0,0,none
L19,L19-P0124,Iddq,uA,9.2875,10.8221,11.2668,11.6713,50.0,0,none
L19,L19-P0125,Iddq,uA,7.3373,8.6406,9.2178,9.6058,50.0,0,none
L19,L19-P0126,Iddq,uA,9.4344,11.2864,12.113,12.3921,50.0,0,none
L19,L19-P0127,Iddq,uA,9.5898,10.9095,11.8407,11.8522,50.0,0,none
L19,L19-P0128,Iddq,uA,7.2846,8.2688,8.4684,8.7055,50.0,0,none
L19,L19-P0129,Iddq,uA,8.2372,9.8696,10.4532,10.8404,50.0,0,none
L19,L19-P0130,Iddq,uA,7.4917,8.3162,8.6632,8.7493,50.0,0,none
L19,L19-P0131,Iddq,uA,7.653,9.3857,9.8324,10.1349,50.0,0,none
L19,L19-P0132,Iddq,uA,70.0921,79.2922,83.1674,84.7542,50.0,1,gross_fail
L19,L19-P0133,Iddq,uA,8.1671,9.4213,9.8883,9.9935,50.0,0,none
L19,L19-P0134,Iddq,uA,9.248,10.108,10.7203,10.9315,50.0,0,none
L19,L19-P0135,Iddq,uA,10.2367,11.1494,11.3909,11.8026,50.0,0,none
L19,L19-P0136,Iddq,uA,8.3693,10.1472,10.9,11.2652,50.0,0,none
L19,L19-P0137,Iddq,uA,10.3937,11.8847,12.33,12.9168,50.0,0,none
L19,L19-P0138,Iddq,uA,11.3968,12.5029,13.0459,13.4048,50.0,0,none
L19,L19-P0139,Iddq,uA,10.3492,11.7048,12.4795,12.4348,50.0,0,none
L19,L19-P0140,Iddq,uA,10.0345,11.2105,11.5889,11.9531,50.0,0,none
L19,L19-P0141,Iddq,uA,10.5004,11.0857,11.5362,11.6066,50.0,0,none
L19,L19-P0142,Iddq,uA,9.647,10.961,11.3949,11.4412,50.0,0,none
L19,L19-P0143,Iddq,uA,10.4254,11.178,11.5692,11.9565,50.0,0,none
L19,L19-P0144,Iddq,uA,7.7374,8.719,9.0209,9.1891,50.0,0,none
L19,L19-P0145,Iddq,uA,9.0745,10.8178,11.4114,12.1082,50.0,0,none
L19,L19-P0146,Iddq,uA,9.5596,12.9848,19.8859,26.7086,50.0,1,latent_linear
L19,L19-P0147,Iddq,uA,9.0596,10.3579,11.1447,11.2314,50.0,0,none
L19,L19-P0148,Iddq,uA,13.3963,14.666,15.5114,15.5095,50.0,0,none
L19,L19-P0149,Iddq,uA,8.9447,9.7685,10.3496,10.5441,50.0,0,none
L19,L19-P0150,Iddq,uA,6.8591,7.4466,7.8801,7.9186,50.0,0,none
L19,L19-P0151,Iddq,uA,9.1678,10.4945,11.2114,11.5506,50.0,0,none
L19,L19-P0152,Iddq,uA,10.6513,12.2125,13.1356,13.2367,50.0,0,none
L19,L19-P0153,Iddq,uA,7.9662,8.8486,9.4418,9.7176,50.0,0,none
L19,L19-P0154,Iddq,uA,8.9994,10.2796,11.0852,11.2507,50.0,0,none
L19,L19-P0155,Iddq,uA,8.8834,10.3295,10.7832,11.2236,50.0,0,none
L19,L19-P0156,Iddq,uA,9.0149,10.2133,10.4054,10.7089,50.0,0,none
L19,L19-P0157,Iddq,uA,8.2642,9.8343,10.4006,10.4873,50.0,0,none
L19,L19-P0158,Iddq,uA,10.894,11.9959,12.3786,12.6201,50.0,0,none
L19,L19-P0159,Iddq,uA,12.6776,13.582,14.4111,14.5192,50.0,0,none
L19,L19-P0160,Iddq,uA,7.8475,8.9386,8.9352,9.2336,50.0,0,none
L19,L19-P0161,Iddq,uA,7.3852,10.381,16.9364,23.0265,50.0,1,latent_linear
L19,L19-P0162,Iddq,uA,8.4252,9.5571,9.8947,10.0697,50.0,0,none
L19,L19-P0163,Iddq,uA,11.3424,12.8872,13.4596,13.7863,50.0,0,none
L19,L19-P0164,Iddq,uA,8.64,9.5206,10.3201,10.3564,50.0,0,none
L19,L19-P0165,Iddq,uA,9.6894,10.8434,11.433,11.8589,50.0,0,none
L19,L19-P0166,Iddq,uA,7.8914,9.4464,9.9086,9.9913,50.0,0,none
L19,L19-P0167,Iddq,uA,12.1216,14.7208,15.5233,16.0073,50.0,0,none
L19,L19-P0168,Iddq,uA,8.796,9.271,9.905,10.1122,50.0,0,none
L19,L19-P0169,Iddq,uA,9.3846,11.1515,11.6999,11.7719,50.0,0,none
L19,L19-P0170,Iddq,uA,8.0731,9.081,9.5265,9.7815,50.0,0,none
L19,L19-P0171,Iddq,uA,7.8135,8.6442,8.7877,9.1242,50.0,0,none
L19,L19-P0172,Iddq,uA,9.1883,10.5754,11.0252,11.1561,50.0,0,none
L19,L19-P0173,Iddq,uA,9.1746,11.1841,12.1062,12.392,50.0,0,none
L19,L19-P0174,Iddq,uA,10.459,11.3874,11.8497,12.0595,50.0,0,none
L19,L19-P0175,Iddq,uA,6.8975,7.7439,8.163,8.1841,50.0,0,none
L19,L19-P0176,Iddq,uA,7.7212,8.4089,8.5822,8.9038,50.0,0,none
L19,L19-P0177,Iddq,uA,8.0924,9.1466,9.604,9.6097,50.0,0,none
L19,L19-P0178,Iddq,uA,9.1867,10.4255,11.0947,11.4272,50.0,0,none
L19,L19-P0179,Iddq,uA,7.7383,9.4487,9.9353,10.2678,50.0,0,none
L19,L19-P0180,Iddq,uA,9.0777,9.9571,10.2472,10.3967,50.0,0,none
L19,L19-P0181,Iddq,uA,8.1706,9.7546,10.097,10.2433,50.0,0,none
L19,L19-P0182,Iddq,uA,8.9673,10.0656,10.5047,10.9496,50.0,0,none
L19,L19-P0183,Iddq,uA,7.8911,10.0649,10.8061,11.3771,50.0,0,none
L19,L19-P0184,Iddq,uA,7.7752,8.864,9.1037,9.223,50.0,0,none
L19,L19-P0185,Iddq,uA,9.4763,10.7582,11.1985,11.5262,50.0,0,none
L19,L19-P0186,Iddq,uA,10.9073,12.4812,13.4185,13.6843,50.0,0,none
L19,L19-P0187,Iddq,uA,10.4759,11.7461,12.4095,12.8035,50.0,0,none
L19,L19-P0188,Iddq,uA,11.0019,12.6349,13.504,13.7412,50.0,0,none
L19,L19-P0189,Iddq,uA,11.0469,12.8493,13.4122,13.6217,50.0,0,none
L19,L19-P0190,Iddq,uA,8.8161,9.5494,9.8132,9.9815,50.0,0,none
L19,L19-P0191,Iddq,uA,12.2436,14.0829,14.6583,15.0515,50.0,0,none
L19,L19-P0192,Iddq,uA,10.2119,11.663,12.3137,12.7588,50.0,0,none
L19,L19-P0193,Iddq,uA,7.9234,8.5793,8.8757,9.0679,50.0,0,none
L19,L19-P0194,Iddq,uA,8.1801,9.3629,9.7336,9.9125,50.0,0,none
L19,L19-P0195,Iddq,uA,9.5411,9.8591,10.3658,10.5455,50.0,0,none
L19,L19-P0196,Iddq,uA,10.428,11.9314,12.2715,12.7279,50.0,0,none
L19,L19-P0197,Iddq,uA,37.1154,42.4249,44.786,46.55,50.0,1,lot_outlier
L19,L19-P0198,Iddq,uA,7.8538,9.1655,9.5751,9.6406,50.0,0,none
L19,L19-P0199,Iddq,uA,10.3445,11.9117,12.6834,12.88,50.0,0,none
L19,L19-P0200,Iddq,uA,7.6147,8.3502,8.5623,8.6242,50.0,0,none
L19,L19-P0201,Iddq,uA,9.455,9.4231,14.8343,9.2832,50.0,1,erratic
L19,L19-P0202,Iddq,uA,9.1085,10.892,11.3207,11.599,50.0,0,none
L19,L19-P0203,Iddq,uA,7.3445,8.4076,8.7843,8.9963,50.0,0,none
L19,L19-P0204,Iddq,uA,11.9905,13.615,14.7348,14.7366,50.0,0,none
L19,L19-P0205,Iddq,uA,9.2607,10.9344,11.6612,12.3867,50.0,0,none
L19,L19-P0206,Iddq,uA,7.4176,7.9332,8.2419,8.4515,50.0,0,none
L19,L19-P0207,Iddq,uA,9.0381,11.0829,11.7407,12.4591,50.0,0,none
L19,L19-P0208,Iddq,uA,6.9337,7.5447,7.7689,8.0052,50.0,0,none
L19,L19-P0209,Iddq,uA,9.689,11.3034,11.8099,12.0456,50.0,0,none
L19,L19-P0210,Iddq,uA,10.3622,11.7683,12.3931,12.4925,50.0,0,none
L19,L19-P0211,Iddq,uA,13.9115,15.6743,16.4658,16.4484,50.0,0,none
L19,L19-P0212,Iddq,uA,9.2397,9.8982,10.2932,10.3167,50.0,0,none
L19,L19-P0213,Iddq,uA,8.3031,9.1106,9.5504,9.4783,50.0,0,none
L19,L19-P0214,Iddq,uA,9.5895,10.7831,11.316,11.7128,50.0,0,none
L19,L19-P0215,Iddq,uA,11.3111,13.0358,13.6858,14.0424,50.0,0,none
L19,L19-P0216,Iddq,uA,9.7989,11.4335,12.1452,12.4405,50.0,0,none
L19,L19-P0217,Iddq,uA,10.3835,11.5877,11.634,12.1641,50.0,0,none
L19,L19-P0218,Iddq,uA,10.208,11.8546,12.4222,12.8432,50.0,0,none
L19,L19-P0219,Iddq,uA,9.8125,11.0942,11.7216,11.9478,50.0,0,none
L19,L19-P0220,Iddq,uA,7.3784,8.3349,8.9125,9.1009,50.0,0,none
L19,L19-P0221,Iddq,uA,7.218,8.414,8.665,8.9171,50.0,0,none
L19,L19-P0222,Iddq,uA,7.0937,7.7535,8.2773,8.2981,50.0,0,none
L19,L19-P0223,Iddq,uA,7.5474,8.6733,8.9876,9.1484,50.0,0,none
L19,L19-P0224,Iddq,uA,7.6583,8.6747,9.1944,9.4065,50.0,0,none
L19,L19-P0225,Iddq,uA,12.2266,14.3631,15.1285,15.2355,50.0,0,none
L19,L19-P0226,Iddq,uA,8.1218,7.0423,8.4137,4.9264,50.0,1,erratic
L19,L19-P0227,Iddq,uA,9.115,10.4506,10.6864,10.7171,50.0,0,none
L19,L19-P0228,Iddq,uA,8.7408,9.4437,10.0473,9.7571,50.0,0,none
L19,L19-P0229,Iddq,uA,9.404,11.1057,11.7253,12.1163,50.0,0,none
L19,L19-P0230,Iddq,uA,9.0434,10.1377,10.3147,10.5441,50.0,0,none
L19,L19-P0231,Iddq,uA,7.4089,8.8443,9.269,9.5891,50.0,0,none
L19,L19-P0232,Iddq,uA,10.052,10.9518,11.4741,12.0183,50.0,0,none
L19,L19-P0233,Iddq,uA,8.0669,9.0003,9.2498,9.5568,50.0,0,none
L19,L19-P0234,Iddq,uA,8.1337,9.2944,9.5124,9.8022,50.0,0,none
L19,L19-P0235,Iddq,uA,8.4792,9.3786,9.5784,9.8422,50.0,0,none
L19,L19-P0236,Iddq,uA,10.456,11.2438,11.7858,11.8481,50.0,0,none
L19,L19-P0237,Iddq,uA,8.2346,8.896,9.0332,9.141,50.0,0,none
L19,L19-P0238,Iddq,uA,9.3033,10.574,11.39,11.2884,50.0,0,none
L19,L19-P0239,Iddq,uA,9.7814,10.91,11.4118,11.6498,50.0,0,none
L19,L19-P0240,Iddq,uA,9.3322,10.7886,11.1258,11.2862,50.0,0,none
L19,L19-P0241,Iddq,uA,9.5914,10.5124,10.9441,11.3314,50.0,0,none
L19,L19-P0242,Iddq,uA,7.2915,8.2684,8.577,8.8111,50.0,0,none
L19,L19-P0243,Iddq,uA,9.4669,10.2098,10.6651,10.7157,50.0,0,none
L19,L19-P0244,Iddq,uA,7.8897,9.1929,9.8618,9.9632,50.0,0,none
L19,L19-P0245,Iddq,uA,6.8661,7.3974,7.5805,7.7147,50.0,0,none
L19,L19-P0246,Iddq,uA,8.4643,9.186,9.4064,9.5998,50.0,0,none
L19,L19-P0247,Iddq,uA,8.4219,9.9254,10.618,10.8814,50.0,0,none
L19,L19-P0248,Iddq,uA,14.3713,16.458,17.5087,17.8697,50.0,0,none
L19,L19-P0249,Iddq,uA,10.6507,11.2301,11.7665,11.9979,50.0,0,none
L19,L19-P0250,Iddq,uA,10.3572,11.7257,12.2223,12.5733,50.0,0,none
L19,L19-P0251,Iddq,uA,8.4772,9.1684,9.5906,9.6679,50.0,0,none
L19,L19-P0252,Iddq,uA,8.7955,10.4804,11.1637,11.3985,50.0,0,none
L19,L19-P0253,Iddq,uA,13.4949,16.0851,17.1117,17.1983,50.0,0,none
L19,L19-P0254,Iddq,uA,8.1623,10.2538,10.9077,11.1602,50.0,0,none
L19,L19-P0255,Iddq,uA,9.4233,10.7015,10.9598,11.1333,50.0,0,none
L19,L19-P0256,Iddq,uA,12.1217,13.0943,13.516,13.8429,50.0,0,none
L19,L19-P0257,Iddq,uA,7.9892,8.9358,9.3624,9.5235,50.0,0,none
L19,L19-P0258,Iddq,uA,9.2953,10.1914,10.6938,10.9491,50.0,0,none
L19,L19-P0259,Iddq,uA,9.1197,10.3192,10.8119,11.119,50.0,0,none
L19,L19-P0260,Iddq,uA,7.8644,8.3815,8.7362,8.8102,50.0,0,none
L19,L19-P0261,Iddq,uA,10.1674,11.5032,12.0987,12.1584,50.0,0,none
L19,L19-P0262,Iddq,uA,7.5581,8.3747,8.5784,8.6732,50.0,0,none
L19,L19-P0263,Iddq,uA,10.394,11.4346,11.9461,11.9609,50.0,0,none
L19,L19-P0264,Iddq,uA,9.7039,11.5901,12.4028,12.989,50.0,0,none
L19,L19-P0265,Iddq,uA,10.4923,12.4047,13.3253,13.5629,50.0,0,none
L19,L19-P0266,Iddq,uA,8.8271,10.3155,10.7947,11.0155,50.0,0,none
L19,L19-P0267,Iddq,uA,9.7514,11.2458,11.8289,12.0037,50.0,0,none
L19,L19-P0268,Iddq,uA,10.6478,11.8034,12.4923,12.7173,50.0,0,none
L19,L19-P0269,Iddq,uA,7.3268,8.0517,8.5596,8.689,50.0,0,none
L19,L19-P0270,Iddq,uA,7.497,8.1934,8.4484,8.5289,50.0,0,none
L19,L19-P0271,Iddq,uA,9.9791,10.8183,11.3405,11.5506,50.0,0,none
L19,L19-P0272,Iddq,uA,10.5263,11.7749,12.2944,12.6107,50.0,0,none
L19,L19-P0273,Iddq,uA,9.3577,10.0845,10.4577,10.951,50.0,0,none
L19,L19-P0274,Iddq,uA,10.4782,12.2572,12.7752,13.1064,50.0,0,none
L19,L19-P0275,Iddq,uA,8.5023,9.5598,10.16,10.3329,50.0,0,none
L19,L19-P0276,Iddq,uA,11.3234,12.4034,12.9608,13.1564,50.0,0,none
L19,L19-P0277,Iddq,uA,8.8982,9.9891,10.3111,10.3421,50.0,0,none
L19,L19-P0278,Iddq,uA,8.1209,9.1393,9.7128,9.9171,50.0,0,none
L19,L19-P0279,Iddq,uA,11.4231,13.7759,20.0905,37.5097,50.0,1,accelerating
L19,L19-P0280,Iddq,uA,10.1143,11.4673,11.8902,11.8247,50.0,0,none
L19,L19-P0281,Iddq,uA,8.4613,9.4761,9.8974,9.977,50.0,0,none
L19,L19-P0282,Iddq,uA,8.5592,9.5696,9.9142,9.993,50.0,0,none
L19,L19-P0283,Iddq,uA,9.974,11.5186,12.1094,12.2397,50.0,0,none
L19,L19-P0284,Iddq,uA,7.7275,8.9811,9.2903,9.5244,50.0,0,none
L19,L19-P0285,Iddq,uA,9.4497,10.729,11.3508,11.2746,50.0,0,none
L19,L19-P0286,Iddq,uA,8.8456,10.2721,10.9675,11.1586,50.0,0,none
L19,L19-P0287,Iddq,uA,9.5656,10.6327,11.1232,11.1145,50.0,0,none
L19,L19-P0288,Iddq,uA,6.5278,7.2606,7.3368,7.4242,50.0,0,none
L19,L19-P0289,Iddq,uA,7.6899,9.4525,9.8666,10.1499,50.0,0,none
L19,L19-P0290,Iddq,uA,9.5674,10.8241,11.9015,11.9181,50.0,0,none
L19,L19-P0291,Iddq,uA,10.7286,11.5515,11.8606,12.0821,50.0,0,none
L19,L19-P0292,Iddq,uA,8.8286,9.9639,10.7511,10.6869,50.0,0,none
L19,L19-P0293,Iddq,uA,10.0048,11.849,12.9532,12.9974,50.0,0,none
L19,L19-P0294,Iddq,uA,7.17,8.1696,8.374,8.5291,50.0,0,none
L19,L19-P0295,Iddq,uA,8.4194,9.8093,10.3554,10.6428,50.0,0,none
L19,L19-P0296,Iddq,uA,9.6616,11.1287,11.788,12.1607,50.0,0,none
L19,L19-P0297,Iddq,uA,9.0866,10.1963,10.7781,11.0179,50.0,0,none
L19,L19-P0298,Iddq,uA,10.4837,12.8414,13.6414,13.8784,50.0,0,none
L19,L19-P0299,Iddq,uA,8.739,9.9935,10.5765,10.7512,50.0,0,none
L19,L19-P0300,Iddq,uA,8.6954,9.825,10.3438,10.4812,50.0,0,none
L19,L19-P0301,Iddq,uA,10.0122,11.3548,11.8044,12.014,50.0,0,none
L19,L19-P0302,Iddq,uA,8.3414,9.3003,9.9635,10.2058,50.0,0,none
L19,L19-P0303,Iddq,uA,7.9667,8.5547,9.0004,9.2702,50.0,0,none
L19,L19-P0304,Iddq,uA,9.7131,10.5961,10.8928,11.1552,50.0,0,none
L19,L19-P0305,Iddq,uA,7.735,8.3484,8.9697,9.0342,50.0,0,none
L19,L19-P0306,Iddq,uA,11.2365,12.876,13.3617,13.7406,50.0,0,none
L19,L19-P0307,Iddq,uA,6.8328,7.8114,8.387,8.5797,50.0,0,none
L19,L19-P0308,Iddq,uA,8.7607,9.9744,10.6017,10.6932,50.0,0,none
L19,L19-P0309,Iddq,uA,11.6785,13.6729,16.3852,24.3573,50.0,1,accelerating
L19,L19-P0310,Iddq,uA,12.336,15.7562,16.6095,17.1622,50.0,0,none
L19,L19-P0311,Iddq,uA,8.9171,10.7545,11.5594,11.9717,50.0,0,none
L19,L19-P0312,Iddq,uA,10.8343,11.8215,12.3479,12.4218,50.0,0,none
L19,L19-P0313,Iddq,uA,10.2803,12.0954,12.4871,12.7965,50.0,0,none
L19,L19-P0314,Iddq,uA,8.31,9.1187,9.4981,9.5401,50.0,0,none
L19,L19-P0315,Iddq,uA,9.6795,11.1692,11.7476,11.9972,50.0,0,none
L19,L19-P0316,Iddq,uA,7.8288,8.7076,8.825,8.8924,50.0,0,none
L19,L19-P0317,Iddq,uA,7.1646,7.9429,8.1261,8.2118,50.0,0,none
L19,L19-P0318,Iddq,uA,9.8914,11.1963,12.2873,12.1106,50.0,0,none
L19,L19-P0319,Iddq,uA,9.9758,11.0173,11.3909,11.5761,50.0,0,none
L19,L19-P0320,Iddq,uA,7.6142,9.4573,13.2899,17.0517,50.0,1,latent_linear
L19,L19-P0321,Iddq,uA,8.8136,9.8847,10.2767,10.3944,50.0,0,none
L19,L19-P0322,Iddq,uA,7.5472,8.2957,8.4056,8.6927,50.0,0,none
L19,L19-P0323,Iddq,uA,8.5377,9.6758,10.1671,10.304,50.0,0,none
L19,L19-P0324,Iddq,uA,8.4322,9.9635,10.6863,10.8744,50.0,0,none
L19,L19-P0325,Iddq,uA,10.0403,11.5331,12.0165,12.207,50.0,0,none
L19,L19-P0326,Iddq,uA,8.3168,9.7897,10.5002,10.6975,50.0,0,none
L19,L19-P0327,Iddq,uA,7.3863,8.3361,8.4892,8.442,50.0,0,none
L19,L19-P0328,Iddq,uA,11.9487,13.4174,14.0238,14.3252,50.0,0,none
L19,L19-P0329,Iddq,uA,9.7785,12.0758,12.6709,13.2079,50.0,0,none
L19,L19-P0330,Iddq,uA,10.4149,11.853,12.1655,12.4876,50.0,0,none
L19,L19-P0331,Iddq,uA,10.0203,11.7766,12.3964,12.8345,50.0,0,none
L19,L19-P0332,Iddq,uA,10.5586,11.6689,12.2728,12.2804,50.0,0,none
L19,L19-P0333,Iddq,uA,9.6459,11.1817,11.5923,11.7668,50.0,0,none
L19,L19-P0334,Iddq,uA,9.7688,10.8213,10.9168,11.4846,50.0,0,none
L19,L19-P0335,Iddq,uA,9.3587,10.4509,11.0684,11.2478,50.0,0,none
L19,L19-P0336,Iddq,uA,8.3917,9.6436,10.1486,10.2951,50.0,0,none
L19,L19-P0337,Iddq,uA,10.4418,12.2318,12.8427,13.3544,50.0,0,none
L19,L19-P0338,Iddq,uA,8.6584,9.6792,9.9372,10.2578,50.0,0,none
L19,L19-P0339,Iddq,uA,9.1585,10.4027,10.9697,11.0385,50.0,0,none
L19,L19-P0340,Iddq,uA,9.545,11.486,12.1537,12.3992,50.0,0,none
L19,L19-P0341,Iddq,uA,9.6762,10.4585,11.2399,11.074,50.0,0,none
L19,L19-P0342,Iddq,uA,7.6599,8.2269,8.3117,8.5192,50.0,0,none
L19,L19-P0343,Iddq,uA,9.5124,10.2493,10.7363,10.9836,50.0,0,none
L19,L19-P0344,Iddq,uA,7.6348,8.819,9.3822,9.7851,50.0,0,none
L19,L19-P0345,Iddq,uA,9.2717,10.5312,11.3486,11.3694,50.0,0,none
L19,L19-P0346,Iddq,uA,10.1156,11.2369,11.7422,12.0144,50.0,0,none
L19,L19-P0347,Iddq,uA,34.3643,38.4736,40.3878,40.3257,50.0,1,lot_outlier
L19,L19-P0348,Iddq,uA,9.8946,10.9469,11.6841,11.803,50.0,0,none
L19,L19-P0349,Iddq,uA,10.4381,11.4248,11.6589,11.8726,50.0,0,none
L19,L19-P0350,Iddq,uA,7.7047,8.5911,8.7929,9.1238,50.0,0,none
L19,L19-P0351,Iddq,uA,9.9479,11.4166,12.2047,12.5513,50.0,0,none
L19,L19-P0352,Iddq,uA,7.6056,8.4336,8.8072,8.8969,50.0,0,none
L19,L19-P0353,Iddq,uA,10.9847,11.9556,12.4711,12.3093,50.0,0,none
L19,L19-P0354,Iddq,uA,7.7004,9.3001,9.9817,10.1071,50.0,0,none
L19,L19-P0355,Iddq,uA,7.704,8.6672,8.9079,8.9695,50.0,0,none
L19,L19-P0356,Iddq,uA,10.295,11.7813,12.2483,12.5018,50.0,0,none
L19,L19-P0357,Iddq,uA,11.7974,13.8183,14.4386,14.8388,50.0,0,none
L19,L19-P0358,Iddq,uA,10.8078,12.2502,12.7177,13.1579,50.0,0,none
L19,L19-P0359,Iddq,uA,8.6393,9.6148,9.8617,10.31,50.0,0,none
L19,L19-P0360,Iddq,uA,7.748,8.3639,8.6651,8.6624,50.0,0,none
L19,L19-P0361,Iddq,uA,8.3314,10.1929,10.4246,10.8838,50.0,0,none
L19,L19-P0362,Iddq,uA,9.3938,10.0274,10.3785,10.5643,50.0,0,none
L19,L19-P0363,Iddq,uA,8.9621,10.4053,11.0635,11.5189,50.0,0,none
L19,L19-P0364,Iddq,uA,7.6776,9.1237,9.5629,10.0229,50.0,0,none
L19,L19-P0365,Iddq,uA,11.2556,12.1153,12.6178,12.9002,50.0,0,none
L19,L19-P0366,Iddq,uA,11.0777,12.036,12.6213,12.5787,50.0,0,none
L19,L19-P0367,Iddq,uA,12.0748,13.4224,14.2398,14.1647,50.0,0,none
L19,L19-P0368,Iddq,uA,6.9533,7.8679,8.6694,8.8765,50.0,0,none
L19,L19-P0369,Iddq,uA,7.9765,8.9417,9.2653,9.2637,50.0,0,none
L19,L19-P0370,Iddq,uA,9.3764,10.7819,11.2812,11.3853,50.0,0,none
L19,L19-P0371,Iddq,uA,8.9378,10.1781,10.5069,10.6641,50.0,0,none
L19,L19-P0372,Iddq,uA,8.2259,9.8672,10.3779,10.5602,50.0,0,none
L19,L19-P0373,Iddq,uA,7.8671,8.7706,9.1522,9.2169,50.0,0,none
L19,L19-P0374,Iddq,uA,7.8003,8.4475,8.8199,9.0757,50.0,0,none
L19,L19-P0375,Iddq,uA,12.4913,13.9405,14.2318,14.2256,50.0,0,none
L19,L19-P0376,Iddq,uA,7.1325,7.9723,8.1404,8.3811,50.0,0,none
L19,L19-P0377,Iddq,uA,7.0584,8.3493,8.8186,9.084,50.0,0,none
L19,L19-P0378,Iddq,uA,7.5806,8.3803,8.796,8.7355,50.0,0,none
L19,L19-P0379,Iddq,uA,9.4104,10.2629,10.6072,10.5335,50.0,0,none
L19,L19-P0380,Iddq,uA,8.5595,9.3902,9.6833,9.804,50.0,0,none
L19,L19-P0381,Iddq,uA,9.7062,10.7075,11.1967,11.2671,50.0,0,none
L19,L19-P0382,Iddq,uA,8.1341,9.0972,9.2546,9.3302,50.0,0,none
L19,L19-P0383,Iddq,uA,9.2199,10.063,10.2588,10.6136,50.0,0,none
L19,L19-P0384,Iddq,uA,9.2027,10.1172,10.734,10.6709,50.0,0,none
L19,L19-P0385,Iddq,uA,11.8886,13.0933,13.6382,13.9955,50.0,0,none
L19,L19-P0386,Iddq,uA,12.2013,13.0341,13.3935,13.8181,50.0,0,none
L19,L19-P0387,Iddq,uA,8.8401,9.9527,10.257,10.4058,50.0,0,none
L19,L19-P0388,Iddq,uA,10.5863,12.0255,12.7412,13.2045,50.0,0,none
L19,L19-P0389,Iddq,uA,9.0707,10.4,10.938,11.0109,50.0,0,none
L19,L19-P0390,Iddq,uA,10.1673,11.1352,11.6204,11.8185,50.0,0,none
L19,L19-P0391,Iddq,uA,9.8199,11.5156,12.0155,12.2647,50.0,0,none
L19,L19-P0392,Iddq,uA,10.1375,11.5471,12.1322,12.2268,50.0,0,none
L19,L19-P0393,Iddq,uA,10.4089,11.9046,12.2639,12.1439,50.0,0,none
L19,L19-P0394,Iddq,uA,9.7205,11.1813,11.7315,12.1631,50.0,0,none
L19,L19-P0395,Iddq,uA,9.2586,10.3293,10.8355,11.185,50.0,0,none
L19,L19-P0396,Iddq,uA,10.5833,12.0507,12.8006,12.7564,50.0,0,none
L19,L19-P0397,Iddq,uA,8.8052,9.4366,9.805,9.9619,50.0,0,none
L19,L19-P0398,Iddq,uA,8.2746,9.025,9.4148,9.6856,50.0,0,none
L19,L19-P0399,Iddq,uA,7.1241,8.8542,9.2646,9.5544,50.0,0,none
L19,L19-P0400,Iddq,uA,9.74,10.5688,10.9988,10.9448,50.0,0,none
L19,L19-P0401,Iddq,uA,10.1089,11.5547,12.235,12.4083,50.0,0,none
L19,L19-P0402,Iddq,uA,6.9201,8.4229,9.0318,9.2046,50.0,0,none
L19,L19-P0403,Iddq,uA,8.1661,9.5471,10.051,10.3692,50.0,0,none
L19,L19-P0404,Iddq,uA,10.0006,11.6316,12.3948,12.5612,50.0,0,none
L19,L19-P0405,Iddq,uA,8.7974,9.6389,10.1325,10.3704,50.0,0,none
L19,L19-P0406,Iddq,uA,9.2171,10.1412,10.6017,10.727,50.0,0,none
L19,L19-P0407,Iddq,uA,10.5712,11.8271,12.1716,12.3247,50.0,0,none
L19,L19-P0408,Iddq,uA,9.0,10.1304,10.5014,11.08,50.0,0,none
L19,L19-P0409,Iddq,uA,9.6864,11.4721,12.178,12.6138,50.0,0,none
L19,L19-P0410,Iddq,uA,7.5573,8.6561,9.103,9.301,50.0,0,none
L19,L19-P0411,Iddq,uA,9.4488,10.6971,11.0181,11.1677,50.0,0,none
L19,L19-P0412,Iddq,uA,7.2337,8.4346,8.6168,8.8048,50.0,0,none
L19,L19-P0413,Iddq,uA,7.3194,8.3594,9.0211,9.0137,50.0,0,none
L19,L19-P0414,Iddq,uA,35.7661,40.9632,41.9817,42.9602,50.0,1,lot_outlier
L19,L19-P0415,Iddq,uA,9.6687,10.888,11.6421,11.9177,50.0,0,none
L19,L19-P0416,Iddq,uA,9.0942,9.9294,10.1781,10.3651,50.0,0,none
L19,L19-P0417,Iddq,uA,8.1253,9.4452,9.8268,10.3041,50.0,0,none
L19,L19-P0418,Iddq,uA,10.7002,11.6228,12.1013,12.4648,50.0,0,none
L19,L19-P0419,Iddq,uA,9.6584,10.9503,11.3717,11.583,50.0,0,none
L19,L19-P0420,Iddq,uA,10.548,11.6924,12.3472,12.4268,50.0,0,none
L19,L19-P0421,Iddq,uA,7.9093,8.6757,9.0417,9.1771,50.0,0,none
L19,L19-P0422,Iddq,uA,11.5016,13.2004,13.791,14.0532,50.0,0,none
L19,L19-P0423,Iddq,uA,11.6829,12.5968,13.2642,13.2203,50.0,0,none
L19,L19-P0424,Iddq,uA,10.4895,12.2146,17.9231,35.6697,50.0,1,accelerating
L19,L19-P0425,Iddq,uA,9.8087,11.9666,12.6019,12.8962,50.0,0,none
L19,L19-P0426,Iddq,uA,10.0139,11.3375,12.315,12.1259,50.0,0,none
L19,L19-P0427,Iddq,uA,9.5414,10.7686,11.3711,11.8167,50.0,0,none
L19,L19-P0428,Iddq,uA,7.3285,7.9278,8.3937,8.4686,50.0,0,none
L19,L19-P0429,Iddq,uA,8.2604,9.211,9.9434,9.9924,50.0,0,none
L19,L19-P0430,Iddq,uA,8.9666,10.1246,10.4669,10.8371,50.0,0,none
L19,L19-P0431,Iddq,uA,7.6874,8.6159,8.9965,9.1591,50.0,0,none
L19,L19-P0432,Iddq,uA,11.6181,12.715,13.2597,13.6089,50.0,0,none
L19,L19-P0433,Iddq,uA,10.1458,10.795,10.9305,11.0917,50.0,0,none
L19,L19-P0434,Iddq,uA,12.0635,12.9191,13.3137,13.4614,50.0,0,none
L19,L19-P0435,Iddq,uA,54.6002,62.1334,65.3065,66.6058,50.0,1,gross_fail
L19,L19-P0436,Iddq,uA,7.2538,8.222,8.683,8.8736,50.0,0,none
L19,L19-P0437,Iddq,uA,11.3823,12.6205,13.3997,13.5004,50.0,0,none
L19,L19-P0438,Iddq,uA,8.4956,10.0722,10.359,10.8685,50.0,0,none
L19,L19-P0439,Iddq,uA,11.1962,12.8921,13.6047,13.9623,50.0,0,none
L19,L19-P0440,Iddq,uA,11.533,13.9328,14.3847,15.0299,50.0,0,none
L19,L19-P0441,Iddq,uA,11.4828,13.1072,14.0959,14.5847,50.0,0,none
L19,L19-P0442,Iddq,uA,10.775,12.0615,12.8046,13.0955,50.0,0,none
L19,L19-P0443,Iddq,uA,9.6795,11.0712,11.669,11.9194,50.0,0,none
L19,L19-P0444,Iddq,uA,9.1082,10.4772,10.8208,10.9191,50.0,0,none
L19,L19-P0445,Iddq,uA,12.2372,13.4024,13.531,13.5146,50.0,0,none
L19,L19-P0446,Iddq,uA,9.5352,11.0211,12.0019,12.0395,50.0,0,none
L19,L19-P0447,Iddq,uA,8.6561,9.7877,10.4394,10.6389,50.0,0,none
L19,L19-P0448,Iddq,uA,9.8861,10.5192,10.7579,11.0577,50.0,0,none
L19,L19-P0449,Iddq,uA,10.8322,12.995,14.0187,14.3561,50.0,0,none
L19,L19-P0450,Iddq,uA,10.848,11.9699,12.6987,12.9068,50.0,0,none
L19,L19-P0451,Iddq,uA,7.7124,8.6417,8.8061,9.1414,50.0,0,none
L19,L19-P0452,Iddq,uA,10.8847,12.2597,12.6202,13.0399,50.0,0,none
L19,L19-P0453,Iddq,uA,10.1729,11.0677,11.8576,11.978,50.0,0,none
L19,L19-P0454,Iddq,uA,8.5514,10.9458,11.8045,12.0908,50.0,0,none
L19,L19-P0455,Iddq,uA,7.9196,8.9429,9.2787,9.5224,50.0,0,none
L19,L19-P0456,Iddq,uA,11.3147,12.6666,13.1174,13.416,50.0,0,none
L19,L19-P0457,Iddq,uA,11.8441,12.9644,13.6153,13.8193,50.0,0,none
L19,L19-P0458,Iddq,uA,11.6432,12.7967,13.4496,13.429,50.0,0,none
L19,L19-P0459,Iddq,uA,7.3922,8.2449,8.7533,9.1031,50.0,0,none
L19,L19-P0460,Iddq,uA,8.7168,9.7334,9.9319,10.1563,50.0,0,none
L19,L19-P0461,Iddq,uA,9.3307,10.596,10.8697,11.6865,50.0,0,none
L19,L19-P0462,Iddq,uA,11.4213,12.8432,12.9963,13.0765,50.0,0,none
L19,L19-P0463,Iddq,uA,10.2875,11.3532,11.8233,12.0841,50.0,0,none
L19,L19-P0464,Iddq,uA,8.8139,9.728,9.957,10.0848,50.0,0,none
L19,L19-P0465,Iddq,uA,9.2593,10.301,10.6985,10.7766,50.0,0,none
L19,L19-P0466,Iddq,uA,10.4442,10.9595,11.2784,11.5188,50.0,0,none
L19,L19-P0467,Iddq,uA,9.9753,11.1023,11.0227,11.1261,50.0,0,none
L19,L19-P0468,Iddq,uA,11.8074,13.3629,14.1042,14.2717,50.0,0,none
L19,L19-P0469,Iddq,uA,11.4015,12.1482,12.7001,12.8278,50.0,0,none
L19,L19-P0470,Iddq,uA,10.9007,13.5129,14.426,14.9056,50.0,0,none
L19,L19-P0471,Iddq,uA,8.1092,9.0239,9.3405,9.6611,50.0,0,none
L19,L19-P0472,Iddq,uA,8.0891,9.338,9.9093,10.2059,50.0,0,none
L19,L19-P0473,Iddq,uA,7.8186,8.8107,9.264,9.6036,50.0,0,none
L19,L19-P0474,Iddq,uA,9.5954,10.9093,10.9564,11.1205,50.0,0,none
L19,L19-P0475,Iddq,uA,8.4672,9.4244,9.7059,9.9652,50.0,0,none
L19,L19-P0476,Iddq,uA,9.899,11.4977,12.0354,12.5193,50.0,0,none
L19,L19-P0477,Iddq,uA,10.2057,11.5686,12.3849,12.7384,50.0,0,none
L19,L19-P0478,Iddq,uA,9.534,10.8595,11.6162,11.7877,50.0,0,none
L19,L19-P0479,Iddq,uA,10.5751,11.5097,12.1079,12.1891,50.0,0,none
L19,L19-P0480,Iddq,uA,8.103,9.4751,9.8861,10.3327,50.0,0,none
L19,L19-P0481,Iddq,uA,7.3535,8.0322,8.2483,8.4343,50.0,0,none
L19,L19-P0482,Iddq,uA,8.1875,9.6634,10.1278,10.4301,50.0,0,none
L19,L19-P0483,Iddq,uA,10.2598,12.23,12.8338,13.2551,50.0,0,none
L19,L19-P0484,Iddq,uA,12.1096,13.3132,13.7769,13.8334,50.0,0,none
L19,L19-P0485,Iddq,uA,11.4558,13.2154,14.0238,14.3535,50.0,0,none
L19,L19-P0486,Iddq,uA,8.8865,9.6825,9.8638,10.2671,50.0,0,none
L19,L19-P0487,Iddq,uA,10.4009,12.5159,13.0966,13.0685,50.0,0,none
L19,L19-P0488,Iddq,uA,7.3565,7.9789,8.2322,8.3604,50.0,0,none
L19,L19-P0489,Iddq,uA,11.6895,13.3143,13.7969,14.34,50.0,0,none
L19,L19-P0490,Iddq,uA,9.9031,11.6907,12.2713,12.5578,50.0,0,none
L19,L19-P0491,Iddq,uA,10.566,11.7933,12.2514,12.184,50.0,0,none
L19,L19-P0492,Iddq,uA,6.7673,7.9915,8.3939,8.4663,50.0,0,none
L19,L19-P0493,Iddq,uA,9.8546,11.1438,11.8137,11.9506,50.0,0,none
L19,L19-P0494,Iddq,uA,12.4477,14.7652,15.8318,16.0846,50.0,0,none
L19,L19-P0495,Iddq,uA,9.5554,10.3454,10.9867,10.926,50.0,0,none
L19,L19-P0496,Iddq,uA,9.0395,9.8859,10.3397,10.6163,50.0,0,none
L19,L19-P0497,Iddq,uA,8.7664,9.4408,9.8772,9.5926,50.0,0,none
L19,L19-P0498,Iddq,uA,8.2483,9.1566,9.4498,9.6292,50.0,0,none
L19,L19-P0499,Iddq,uA,9.3962,10.1066,10.4252,10.4899,50.0,0,none
L19,L19-P0500,Iddq,uA,7.4874,9.7582,8.1614,12.9231,50.0,1,erratic
L20,L20-P0001,Iddq,uA,5.9891,6.3958,6.8509,6.9393,50.0,0,none
L20,L20-P0002,Iddq,uA,6.7208,7.7558,7.9134,8.0202,50.0,0,none
L20,L20-P0003,Iddq,uA,6.5651,7.3308,7.6352,7.676,50.0,0,none
L20,L20-P0004,Iddq,uA,6.9998,8.1585,8.6643,8.9092,50.0,0,none
L20,L20-P0005,Iddq,uA,7.2412,7.7779,7.9287,8.1558,50.0,0,none
L20,L20-P0006,Iddq,uA,6.5639,8.1548,8.8901,9.0117,50.0,0,none
L20,L20-P0007,Iddq,uA,7.108,8.0217,8.6955,8.5734,50.0,0,none
L20,L20-P0008,Iddq,uA,6.8899,7.8142,8.1468,8.3116,50.0,0,none
L20,L20-P0009,Iddq,uA,6.1741,6.9617,7.6004,7.5861,50.0,0,none
L20,L20-P0010,Iddq,uA,7.1609,7.7497,7.8136,7.9732,50.0,0,none
L20,L20-P0011,Iddq,uA,5.4654,6.2223,6.4133,6.666,50.0,0,none
L20,L20-P0012,Iddq,uA,7.371,8.4453,8.8363,8.9984,50.0,0,none
L20,L20-P0013,Iddq,uA,5.676,6.3557,6.5843,6.5757,50.0,0,none
L20,L20-P0014,Iddq,uA,6.9607,8.0528,8.3103,8.4767,50.0,0,none
L20,L20-P0015,Iddq,uA,7.6725,8.6706,9.4232,9.6185,50.0,0,none
L20,L20-P0016,Iddq,uA,5.9596,6.4883,6.6573,6.7294,50.0,0,none
L20,L20-P0017,Iddq,uA,8.6095,10.132,10.5718,10.8128,50.0,0,none
L20,L20-P0018,Iddq,uA,9.8805,11.0646,11.6495,11.8204,50.0,0,none
L20,L20-P0019,Iddq,uA,6.2158,7.6247,8.0762,8.3074,50.0,0,none
L20,L20-P0020,Iddq,uA,6.9053,8.1442,8.6651,8.7749,50.0,0,none
L20,L20-P0021,Iddq,uA,8.8646,9.9748,10.664,10.7125,50.0,0,none
L20,L20-P0022,Iddq,uA,4.9037,5.4501,5.6244,5.6004,50.0,0,none
L20,L20-P0023,Iddq,uA,7.042,7.9683,8.2873,8.4298,50.0,0,none
L20,L20-P0024,Iddq,uA,6.741,7.6823,8.0892,8.4103,50.0,0,none
L20,L20-P0025,Iddq,uA,8.3795,9.0828,9.5393,9.755,50.0,0,none
L20,L20-P0026,Iddq,uA,6.7363,7.6939,7.9716,8.0688,50.0,0,none
L20,L20-P0027,Iddq,uA,7.5985,8.8306,9.3082,9.3839,50.0,0,none
L20,L20-P0028,Iddq,uA,6.1114,6.7087,6.9785,7.0351,50.0,0,none
L20,L20-P0029,Iddq,uA,8.4247,9.3218,9.6793,9.7981,50.0,0,none
L20,L20-P0030,Iddq,uA,5.7166,6.9021,7.1881,7.5374,50.0,0,none
L20,L20-P0031,Iddq,uA,8.3262,9.4741,9.7988,10.1725,50.0,0,none
L20,L20-P0032,Iddq,uA,7.2232,7.7577,8.3209,8.2007,50.0,0,none
L20,L20-P0033,Iddq,uA,4.4379,4.9236,5.1897,5.1752,50.0,0,none
L20,L20-P0034,Iddq,uA,7.156,8.1693,8.6995,8.9049,50.0,0,none
L20,L20-P0035,Iddq,uA,8.0269,8.7616,9.1585,9.4811,50.0,0,none
L20,L20-P0036,Iddq,uA,5.5592,6.4788,6.8798,6.9605,50.0,0,none
L20,L20-P0037,Iddq,uA,5.8707,6.6096,6.777,6.7763,50.0,0,none
L20,L20-P0038,Iddq,uA,7.2133,8.2643,8.5989,8.8416,50.0,0,none
L20,L20-P0039,Iddq,uA,6.3085,7.0691,7.3577,7.4377,50.0,0,none
L20,L20-P0040,Iddq,uA,7.4676,8.7485,9.8159,9.7542,50.0,0,none
L20,L20-P0041,Iddq,uA,6.8251,7.6729,8.0522,8.1945,50.0,0,none
L20,L20-P0042,Iddq,uA,5.4891,6.0052,6.2317,6.2491,50.0,0,none
L20,L20-P0043,Iddq,uA,10.8182,12.536,13.5668,13.69,50.0,0,none
L20,L20-P0044,Iddq,uA,6.5308,7.69,8.2236,8.322,50.0,0,none
L20,L20-P0045,Iddq,uA,7.2035,8.0897,8.309,8.3058,50.0,0,none
L20,L20-P0046,Iddq,uA,9.9385,10.9023,11.3041,11.3404,50.0,0,none
L20,L20-P0047,Iddq,uA,8.4859,8.8702,9.2958,9.2348,50.0,0,none
L20,L20-P0048,Iddq,uA,7.9027,9.0585,9.5741,9.9021,50.0,0,none
L20,L20-P0049,Iddq,uA,8.5863,9.1648,9.4595,9.5583,50.0,0,none
L20,L20-P0050,Iddq,uA,7.7646,8.7982,9.0624,9.2865,50.0,0,none
L20,L20-P0051,Iddq,uA,7.72,8.3828,8.6277,8.6236,50.0,0,none
L20,L20-P0052,Iddq,uA,7.8432,9.4463,10.0905,10.3692,50.0,0,none
L20,L20-P0053,Iddq,uA,6.8465,8.0414,8.6367,8.675,50.0,0,none
L20,L20-P0054,Iddq,uA,8.6144,9.7065,10.2508,10.4687,50.0,0,none
L20,L20-P0055,Iddq,uA,7.905,9.3716,10.0868,10.1154,50.0,0,none
L20,L20-P0056,Iddq,uA,4.509,5.0592,5.2783,5.3503,50.0,0,none
L20,L20-P0057,Iddq,uA,8.3314,8.8846,9.4007,9.6326,50.0,0,none
L20,L20-P0058,Iddq,uA,6.1284,6.5608,6.6355,6.8545,50.0,0,none
L20,L20-P0059,Iddq,uA,7.397,8.6156,9.0648,9.19,50.0,0,none
L20,L20-P0060,Iddq,uA,5.111,5.7122,5.6686,5.8388,50.0,0,none
L20,L20-P0061,Iddq,uA,6.2122,7.9261,19.7362,20.1736,50.0,1,step_jump
L20,L20-P0062,Iddq,uA,6.5303,7.0396,7.4048,7.4342,50.0,0,none
L20,L20-P0063,Iddq,uA,7.8255,9.0147,9.6205,9.8886,50.0,0,none
L20,L20-P0064,Iddq,uA,6.325,7.4205,7.8643,8.1024,50.0,0,none
L20,L20-P0065,Iddq,uA,4.6372,5.0308,5.2168,5.345,50.0,0,none
L20,L20-P0066,Iddq,uA,6.3731,7.0236,7.3909,7.577,50.0,0,none
L20,L20-P0067,Iddq,uA,6.6006,7.2837,7.6853,7.58,50.0,0,none
L20,L20-P0068,Iddq,uA,8.0171,10.6162,11.8669,12.3846,50.0,0,none
L20,L20-P0069,Iddq,uA,7.2524,8.0527,8.3549,8.6726,50.0,0,none
L20,L20-P0070,Iddq,uA,6.1056,7.346,9.961,7.0525,50.0,1,erratic
L20,L20-P0071,Iddq,uA,7.3993,8.5312,9.0462,9.0694,50.0,0,none
L20,L20-P0072,Iddq,uA,10.0065,10.6725,11.3568,11.2407,50.0,0,none
L20,L20-P0073,Iddq,uA,8.7413,9.8447,10.1968,10.2415,50.0,0,none
L20,L20-P0074,Iddq,uA,4.8378,5.4171,5.7131,5.7984,50.0,0,none
L20,L20-P0075,Iddq,uA,11.3017,12.8603,13.6145,13.963,50.0,0,none
L20,L20-P0076,Iddq,uA,8.8214,9.7212,10.1042,10.3419,50.0,0,none
L20,L20-P0077,Iddq,uA,9.3798,10.4387,10.8714,10.7819,50.0,0,none
L20,L20-P0078,Iddq,uA,5.3225,6.2171,6.3942,6.6435,50.0,0,none
L20,L20-P0079,Iddq,uA,6.4808,7.2936,7.6603,7.8243,50.0,0,none
L20,L20-P0080,Iddq,uA,7.9177,8.9348,9.2771,9.3052,50.0,0,none
L20,L20-P0081,Iddq,uA,5.7333,6.1089,6.0536,6.3786,50.0,0,none
L20,L20-P0082,Iddq,uA,7.7899,8.9221,9.2196,9.732,50.0,0,none
L20,L20-P0083,Iddq,uA,9.6282,10.6803,10.875,11.2501,50.0,0,none
L20,L20-P0084,Iddq,uA,6.6416,7.4585,7.7332,7.9779,50.0,0,none
L20,L20-P0085,Iddq,uA,9.6319,10.3245,10.8047,10.8055,50.0,0,none
L20,L20-P0086,Iddq,uA,8.0352,8.9864,9.5309,9.702,50.0,0,none
L20,L20-P0087,Iddq,uA,4.8971,5.6364,5.9019,5.9038,50.0,0,none
L20,L20-P0088,Iddq,uA,5.9913,6.5157,6.9417,7.0904,50.0,0,none
L20,L20-P0089,Iddq,uA,8.5886,9.4877,9.8361,10.2537,50.0,0,none
L20,L20-P0090,Iddq,uA,5.9367,6.7944,7.1408,7.3766,50.0,0,none
L20,L20-P0091,Iddq,uA,8.7357,9.311,9.6147,9.8476,50.0,0,none
L20,L20-P0092,Iddq,uA,7.9646,9.2285,9.7221,10.0051,50.0,0,none
L20,L20-P0093,Iddq,uA,7.4543,8.6738,9.2508,9.59,50.0,0,none
L20,L20-P0094,Iddq,uA,6.3333,6.8916,7.1759,7.3529,50.0,0,none
L20,L20-P0095,Iddq,uA,7.425,8.535,9.003,9.3149,50.0,0,none
L20,L20-P0096,Iddq,uA,9.6107,10.7786,10.9784,11.2883,50.0,0,none
L20,L20-P0097,Iddq,uA,6.5317,7.6224,7.9652,8.0239,50.0,0,none
L20,L20-P0098,Iddq,uA,7.8611,8.5616,8.8223,9.1929,50.0,0,none
L20,L20-P0099,Iddq,uA,10.2224,11.6961,12.0125,12.1969,50.0,0,none
L20,L20-P0100,Iddq,uA,7.4043,8.4085,8.6169,8.8929,50.0,0,none
L20,L20-P0101,Iddq,uA,6.4094,7.2052,7.4828,7.6024,50.0,0,none
L20,L20-P0102,Iddq,uA,6.4323,7.1618,7.7318,7.7819,50.0,0,none
L20,L20-P0103,Iddq,uA,4.7126,5.2048,5.3368,5.4554,50.0,0,none
L20,L20-P0104,Iddq,uA,5.5967,6.2397,6.4196,6.4276,50.0,0,none
L20,L20-P0105,Iddq,uA,7.5482,8.6849,8.9479,9.1765,50.0,0,none
L20,L20-P0106,Iddq,uA,8.6321,9.3284,9.7081,9.8897,50.0,0,none
L20,L20-P0107,Iddq,uA,6.4495,7.0375,7.3634,7.5143,50.0,0,none
L20,L20-P0108,Iddq,uA,8.3974,9.1574,9.4186,9.6427,50.0,0,none
L20,L20-P0109,Iddq,uA,8.4331,9.1515,9.5637,9.8734,50.0,0,none
L20,L20-P0110,Iddq,uA,6.0382,6.8225,6.9047,6.9414,50.0,0,none
L20,L20-P0111,Iddq,uA,6.2696,7.3235,7.5694,7.7507,50.0,0,none
L20,L20-P0112,Iddq,uA,5.5391,6.001,6.2358,6.3217,50.0,0,none
L20,L20-P0113,Iddq,uA,7.9501,8.8993,9.1021,9.3267,50.0,0,none
L20,L20-P0114,Iddq,uA,7.0309,7.8066,8.1212,8.3697,50.0,0,none
L20,L20-P0115,Iddq,uA,8.2627,9.0229,9.2693,9.2821,50.0,0,none
L20,L20-P0116,Iddq,uA,6.9273,7.6065,7.854,8.143,50.0,0,none
L20,L20-P0117,Iddq,uA,5.9008,6.9362,7.3707,7.5635,50.0,0,none
L20,L20-P0118,Iddq,uA,8.1111,8.7959,9.2218,9.4331,50.0,0,none
L20,L20-P0119,Iddq,uA,4.8097,5.4112,5.5852,5.7243,50.0,0,none
L20,L20-P0120,Iddq,uA,6.5157,8.0712,8.7108,9.0409,50.0,0,none
L20,L20-P0121,Iddq,uA,6.005,6.711,7.0968,7.3177,50.0,0,none
L20,L20-P0122,Iddq,uA,9.3274,10.3117,10.8087,10.8579,50.0,0,none
L20,L20-P0123,Iddq,uA,9.8025,10.6862,10.6932,10.8238,50.0,0,none
L20,L20-P0124,Iddq,uA,7.6555,8.5206,8.9437,9.1543,50.0,0,none
L20,L20-P0125,Iddq,uA,6.3177,6.8437,7.2015,7.3785,50.0,0,none
L20,L20-P0126,Iddq,uA,9.5724,11.1881,11.718,11.9324,50.0,0,none
L20,L20-P0127,Iddq,uA,6.1841,6.8631,7.0421,7.1971,50.0,0,none
L20,L20-P0128,Iddq,uA,5.4095,6.1412,6.3819,6.5412,50.0,0,none
L20,L20-P0129,Iddq,uA,4.8132,5.7281,5.9992,6.1844,50.0,0,none
L20,L20-P0130,Iddq,uA,7.2616,8.3468,8.5269,8.8078,50.0,0,none
L20,L20-P0131,Iddq,uA,5.0443,5.5076,5.6623,5.7772,50.0,0,none
L20,L20-P0132,Iddq,uA,9.0895,10.3873,10.7942,10.9456,50.0,0,none
L20,L20-P0133,Iddq,uA,6.3314,7.2975,7.7341,8.0229,50.0,0,none
L20,L20-P0134,Iddq,uA,5.5168,6.0497,5.9695,6.1821,50.0,0,none
L20,L20-P0135,Iddq,uA,8.6017,10.3366,11.0909,11.5694,50.0,0,none
L20,L20-P0136,Iddq,uA,8.2771,9.2472,9.8573,9.8551,50.0,0,none
L20,L20-P0137,Iddq,uA,9.8136,10.8891,11.5784,12.0799,50.0,0,none
L20,L20-P0138,Iddq,uA,5.0806,5.674,5.8764,5.9782,50.0,0,none
L20,L20-P0139,Iddq,uA,4.8574,5.5195,5.8228,5.7366,50.0,0,none
L20,L20-P0140,Iddq,uA,9.3775,10.2779,10.6069,10.9215,50.0,0,none
L20,L20-P0141,Iddq,uA,4.1063,4.9255,5.3333,5.2948,50.0,0,none
L20,L20-P0142,Iddq,uA,5.6054,6.73,7.2143,7.3546,50.0,0,none
L20,L20-P0143,Iddq,uA,7.085,8.7399,9.4092,9.7753,50.0,0,none
L20,L20-P0144,Iddq,uA,5.4086,5.774,5.8988,6.0937,50.0,0,none
L20,L20-P0145,Iddq,uA,7.3814,8.2015,8.5987,9.0449,50.0,0,none
L20,L20-P0146,Iddq,uA,5.7317,6.5201,6.7836,6.9424,50.0,0,none
L20,L20-P0147,Iddq,uA,8.9649,9.7261,10.0945,10.3853,50.0,0,none
L20,L20-P0148,Iddq,uA,8.1401,9.1345,9.6653,9.7849,50.0,0,none
L20,L20-P0149,Iddq,uA,7.4376,8.0564,8.349,8.3624,50.0,0,none
L20,L20-P0150,Iddq,uA,6.708,7.7912,8.4386,8.5897,50.0,0,none
L20,L20-P0151,Iddq,uA,5.6791,6.3118,6.3496,6.4678,50.0,0,none
L20,L20-P0152,Iddq,uA,6.9202,7.6919,8.1182,8.332,50.0,0,none
L20,L20-P0153,Iddq,uA,5.5247,6.404,6.7527,6.9901,50.0,0,none
L20,L20-P0154,Iddq,uA,10.2868,11.0222,11.5816,11.6867,50.0,0,none
L20,L20-P0155,Iddq,uA,7.4798,8.9923,9.4424,9.5866,50.0,0,none
L20,L20-P0156,Iddq,uA,5.8852,6.4453,6.526,6.5764,50.0,0,none
L20,L20-P0157,Iddq,uA,9.5027,10.6643,11.0374,11.1668,50.0,0,none
L20,L20-P0158,Iddq,uA,7.0725,7.5335,7.7716,7.7547,50.0,0,none
L20,L20-P0159,Iddq,uA,9.1022,9.9998,10.2643,10.5375,50.0,0,none
L20,L20-P0160,Iddq,uA,9.064,10.0639,10.4754,10.6432,50.0,0,none
L20,L20-P0161,Iddq,uA,7.6011,8.3247,8.6267,8.9037,50.0,0,none
L20,L20-P0162,Iddq,uA,5.5382,6.4146,7.0141,7.1421,50.0,0,none
L20,L20-P0163,Iddq,uA,6.2394,6.8549,7.0516,7.1722,50.0,0,none
L20,L20-P0164,Iddq,uA,13.9339,15.0601,15.6308,15.629,50.0,0,none
L20,L20-P0165,Iddq,uA,6.3725,7.1118,7.2514,7.3373,50.0,0,none
L20,L20-P0166,Iddq,uA,6.7474,7.4445,7.8238,8.1529,50.0,0,none
L20,L20-P0167,Iddq,uA,6.3251,7.3569,16.7276,17.3833,50.0,1,step_jump
L20,L20-P0168,Iddq,uA,5.9969,6.8196,7.1584,7.51,50.0,0,none
L20,L20-P0169,Iddq,uA,7.9936,8.5357,8.7973,8.9027,50.0,0,none
L20,L20-P0170,Iddq,uA,5.4896,6.5458,7.037,7.1808,50.0,0,none
L20,L20-P0171,Iddq,uA,5.9912,6.5753,6.8541,6.8676,50.0,0,none
L20,L20-P0172,Iddq,uA,7.4785,8.25,8.5723,8.8708,50.0,0,none
L20,L20-P0173,Iddq,uA,6.7357,7.5521,7.7917,7.9862,50.0,0,none
L20,L20-P0174,Iddq,uA,7.3028,7.743,8.1114,8.0021,50.0,0,none
L20,L20-P0175,Iddq,uA,6.9501,7.7018,7.9781,8.1215,50.0,0,none
L20,L20-P0176,Iddq,uA,5.6393,6.5158,7.0236,7.1504,50.0,0,none
L20,L20-P0177,Iddq,uA,9.3741,10.6173,11.316,11.5637,50.0,0,none
L20,L20-P0178,Iddq,uA,8.8838,9.5959,10.0302,10.1089,50.0,0,none
L20,L20-P0179,Iddq,uA,6.0272,6.6094,7.0288,7.0806,50.0,0,none
L20,L20-P0180,Iddq,uA,7.7725,8.7672,9.3022,9.4262,50.0,0,none
L20,L20-P0181,Iddq,uA,6.5222,7.1473,7.3725,7.5882,50.0,0,none
L20,L20-P0182,Iddq,uA,8.6455,9.7531,10.3967,10.5002,50.0,0,none
L20,L20-P0183,Iddq,uA,8.2646,9.0714,9.2091,9.4918,50.0,0,none
L20,L20-P0184,Iddq,uA,9.0157,9.723,9.8925,10.2136,50.0,0,none
L20,L20-P0185,Iddq,uA,5.9079,6.5068,6.7807,6.8795,50.0,0,none
L20,L20-P0186,Iddq,uA,5.4757,5.7118,5.9249,5.9314,50.0,0,none
L20,L20-P0187,Iddq,uA,5.008,5.6503,5.9201,6.1505,50.0,0,none
L20,L20-P0188,Iddq,uA,11.7522,13.1905,13.8605,13.8528,50.0,0,none
L20,L20-P0189,Iddq,uA,8.293,9.4226,9.7374,9.8125,50.0,0,none
L20,L20-P0190,Iddq,uA,8.7581,10.1482,10.7453,11.0214,50.0,0,none
L20,L20-P0191,Iddq,uA,5.3773,6.0024,6.3563,6.433,50.0,0,none
L20,L20-P0192,Iddq,uA,7.9067,9.4772,9.9246,10.0916,50.0,0,none
L20,L20-P0193,Iddq,uA,5.0493,5.9914,6.4636,6.536,50.0,0,none
L20,L20-P0194,Iddq,uA,7.7227,8.6745,9.1184,9.1432,50.0,0,none
L20,L20-P0195,Iddq,uA,7.0687,7.7313,7.9616,8.1746,50.0,0,none
L20,L20-P0196,Iddq,uA,6.6239,7.6669,8.113,8.1456,50.0,0,none
L20,L20-P0197,Iddq,uA,6.3564,6.9716,7.3153,7.393,50.0,0,none
L20,L20-P0198,Iddq,uA,8.7671,9.5984,10.0089,10.0258,50.0,0,none
L20,L20-P0199,Iddq,uA,6.3109,8.7928,6.3835,8.0977,50.0,1,erratic
L20,L20-P0200,Iddq,uA,9.0691,10.9457,24.278,25.1782,50.0,1,step_jump
L20,L20-P0201,Iddq,uA,6.961,8.0606,8.3765,8.5162,50.0,0,none
L20,L20-P0202,Iddq,uA,7.6599,8.6247,9.3775,9.4088,50.0,0,none
L20,L20-P0203,Iddq,uA,7.7483,8.7422,9.3466,9.301,50.0,0,none
L20,L20-P0204,Iddq,uA,7.6502,8.861,9.2803,9.6232,50.0,0,none
L20,L20-P0205,Iddq,uA,7.4358,8.3498,8.97,8.8645,50.0,0,none
L20,L20-P0206,Iddq,uA,10.6719,11.5501,12.1344,12.4837,50.0,0,none
L20,L20-P0207,Iddq,uA,8.5751,10.0629,10.586,10.7842,50.0,0,none
L20,L20-P0208,Iddq,uA,4.2894,4.8477,5.0225,5.1831,50.0,0,none
L20,L20-P0209,Iddq,uA,6.6773,7.4528,7.8382,7.8554,50.0,0,none
L20,L20-P0210,Iddq,uA,9.2945,10.2463,10.7919,10.9231,50.0,0,none
L20,L20-P0211,Iddq,uA,5.9871,6.6039,6.9154,6.9367,50.0,0,none
L20,L20-P0212,Iddq,uA,7.0408,7.8252,8.1633,8.241,50.0,0,none
L20,L20-P0213,Iddq,uA,7.1879,8.0789,8.417,8.5284,50.0,0,none
L20,L20-P0214,Iddq,uA,9.3863,11.1034,11.5144,11.7854,50.0,0,none
L20,L20-P0215,Iddq,uA,5.729,6.846,7.4072,7.5675,50.0,0,none
L20,L20-P0216,Iddq,uA,5.9104,6.8786,7.0589,7.1551,50.0,0,none
L20,L20-P0217,Iddq,uA,7.5986,9.1539,12.0519,20.9818,50.0,1,accelerating
L20,L20-P0218,Iddq,uA,7.5963,8.0359,8.1215,8.4399,50.0,0,none
L20,L20-P0219,Iddq,uA,7.7484,9.6956,10.4403,10.7277,50.0,0,none
L20,L20-P0220,Iddq,uA,7.499,8.0918,8.5087,8.7793,50.0,0,none
L20,L20-P0221,Iddq,uA,6.9331,7.5723,7.7559,7.9532,50.0,0,none
L20,L20-P0222,Iddq,uA,7.7655,9.3367,9.7361,9.9411,50.0,0,none
L20,L20-P0223,Iddq,uA,7.3016,7.888,8.2357,8.4784,50.0,0,none
L20,L20-P0224,Iddq,uA,6.7132,7.5453,7.9827,8.0481,50.0,0,none
L20,L20-P0225,Iddq,uA,7.1563,7.8209,8.0881,8.1746,50.0,0,none
L20,L20-P0226,Iddq,uA,6.342,7.0506,7.3428,7.661,50.0,0,none
L20,L20-P0227,Iddq,uA,6.141,6.865,7.2126,7.3878,50.0,0,none
L20,L20-P0228,Iddq,uA,7.5558,8.5146,8.5383,9.0031,50.0,0,none
L20,L20-P0229,Iddq,uA,5.3977,6.0789,6.2745,6.624,50.0,0,none
L20,L20-P0230,Iddq,uA,8.02,9.5433,10.0844,10.2393,50.0,0,none
L20,L20-P0231,Iddq,uA,6.6008,7.4935,7.9202,7.9794,50.0,0,none
L20,L20-P0232,Iddq,uA,6.8758,9.3045,10.3165,10.5227,50.0,0,none
L20,L20-P0233,Iddq,uA,6.7664,7.6961,8.0706,8.1652,50.0,0,none
L20,L20-P0234,Iddq,uA,7.7117,8.3774,8.6023,8.7705,50.0,0,none
L20,L20-P0235,Iddq,uA,9.4005,10.5322,10.5554,10.9869,50.0,0,none
L20,L20-P0236,Iddq,uA,23.1677,24.2413,25.2622,25.5083,50.0,1,lot_outlier
L20,L20-P0237,Iddq,uA,8.5861,10.1183,10.8254,11.0013,50.0,0,none
L20,L20-P0238,Iddq,uA,7.1587,8.5617,9.3113,9.261,50.0,0,none
L20,L20-P0239,Iddq,uA,8.2934,9.3515,9.8424,10.2772,50.0,0,none
L20,L20-P0240,Iddq,uA,4.7157,5.222,5.5065,5.4585,50.0,0,none
L20,L20-P0241,Iddq,uA,8.0418,8.4371,9.0315,8.9392,50.0,0,none
L20,L20-P0242,Iddq,uA,7.5634,8.7336,9.1676,9.3655,50.0,0,none
L20,L20-P0243,Iddq,uA,5.1735,5.8715,5.9429,6.0348,50.0,0,none
L20,L20-P0244,Iddq,uA,6.2966,6.8403,7.1949,7.1973,50.0,0,none
L20,L20-P0245,Iddq,uA,7.4185,8.0942,8.4475,8.436,50.0,0,none
L20,L20-P0246,Iddq,uA,7.4411,9.0868,9.9446,10.1424,50.0,0,none
L20,L20-P0247,Iddq,uA,8.4089,9.3288,9.6694,9.9253,50.0,0,none
L20,L20-P0248,Iddq,uA,9.6951,11.1226,11.8904,12.1815,50.0,0,none
L20,L20-P0249,Iddq,uA,6.7786,7.7413,8.4198,8.4401,50.0,0,none
L20,L20-P0250,Iddq,uA,5.7659,6.2547,6.4513,6.3753,50.0,0,none
L20,L20-P0251,Iddq,uA,8.1263,9.2877,9.5623,9.8074,50.0,0,none
L20,L20-P0252,Iddq,uA,9.069,9.8005,10.1647,10.4058,50.0,0,none
L20,L20-P0253,Iddq,uA,9.0863,10.6085,11.4597,11.4904,50.0,0,none
L20,L20-P0254,Iddq,uA,7.7131,8.4475,8.6873,8.7983,50.0,0,none
L20,L20-P0255,Iddq,uA,10.1728,11.6636,12.0537,12.4706,50.0,0,none
L20,L20-P0256,Iddq,uA,6.6852,7.4291,7.5761,7.8117,50.0,0,none
L20,L20-P0257,Iddq,uA,9.5887,10.4007,10.8172,10.9482,50.0,0,none
L20,L20-P0258,Iddq,uA,5.5016,6.5242,7.131,7.1886,50.0,0,none
L20,L20-P0259,Iddq,uA,4.5499,5.0666,5.2838,5.4103,50.0,0,none
L20,L20-P0260,Iddq,uA,5.6069,5.984,6.1537,6.2162,50.0,0,none
L20,L20-P0261,Iddq,uA,6.2725,7.1859,7.5038,7.6794,50.0,0,none
L20,L20-P0262,Iddq,uA,7.1717,7.6496,8.0386,8.0379,50.0,0,none
L20,L20-P0263,Iddq,uA,5.9508,6.7139,6.8922,7.0314,50.0,0,none
L20,L20-P0264,Iddq,uA,7.2588,8.3087,8.9294,8.8896,50.0,0,none
L20,L20-P0265,Iddq,uA,8.0433,9.2263,9.5079,9.5931,50.0,0,none
L20,L20-P0266,Iddq,uA,7.4668,8.6924,9.2666,9.2684,50.0,0,none
L20,L20-P0267,Iddq,uA,6.8349,7.4244,7.7697,7.8918,50.0,0,none
L20,L20-P0268,Iddq,uA,8.831,10.2518,11.0232,11.2904,50.0,0,none
L20,L20-P0269,Iddq,uA,6.1178,6.6809,6.9219,7.1046,50.0,0,none
L20,L20-P0270,Iddq,uA,6.7,7.2232,7.4071,7.4683,50.0,0,none
L20,L20-P0271,Iddq,uA,6.3789,6.7229,6.804,6.9789,50.0,0,none
L20,L20-P0272,Iddq,uA,7.8207,8.8035,9.2272,9.4622,50.0,0,none
L20,L20-P0273,Iddq,uA,6.4557,7.1887,7.3202,7.5361,50.0,0,none
L20,L20-P0274,Iddq,uA,7.722,8.2351,8.6361,8.7954,50.0,0,none
L20,L20-P0275,Iddq,uA,8.1158,9.3502,9.7148,9.8748,50.0,0,none
L20,L20-P0276,Iddq,uA,6.3652,7.6421,8.2886,8.4446,50.0,0,none
L20,L20-P0277,Iddq,uA,5.3174,5.6424,5.9014,5.9468,50.0,0,none
L20,L20-P0278,Iddq,uA,6.6577,7.6983,7.9374,8.0089,50.0,0,none
L20,L20-P0279,Iddq,uA,6.0755,6.7342,6.8649,7.0328,50.0,0,none
L20,L20-P0280,Iddq,uA,6.295,6.7982,7.0607,7.099,50.0,0,none
L20,L20-P0281,Iddq,uA,4.3339,4.7809,4.9296,5.0192,50.0,0,none
L20,L20-P0282,Iddq,uA,5.1459,6.2032,6.5987,6.8525,50.0,0,none
L20,L20-P0283,Iddq,uA,8.2425,9.0965,9.7189,9.6978,50.0,0,none
L20,L20-P0284,Iddq,uA,5.8246,6.6292,6.801,6.9636,50.0,0,none
L20,L20-P0285,Iddq,uA,8.6524,9.5875,9.9726,10.0925,50.0,0,none
L20,L20-P0286,Iddq,uA,6.1123,6.9005,7.287,7.2764,50.0,0,none
L20,L20-P0287,Iddq,uA,7.5257,8.5907,8.7499,8.8888,50.0,0,none
L20,L20-P0288,Iddq,uA,6.671,8.0392,8.7184,8.976,50.0,0,none
L20,L20-P0289,Iddq,uA,7.9962,8.9448,9.2015,9.4793,50.0,0,none
L20,L20-P0290,Iddq,uA,6.7824,7.485,7.9457,7.9903,50.0,0,none
L20,L20-P0291,Iddq,uA,7.3883,8.2494,8.5014,8.6809,50.0,0,none
L20,L20-P0292,Iddq,uA,8.7586,10.5688,11.0001,11.3704,50.0,0,none
L20,L20-P0293,Iddq,uA,7.6899,8.6346,8.9613,9.0181,50.0,0,none
L20,L20-P0294,Iddq,uA,6.1018,6.7483,6.9055,7.233,50.0,0,none
L20,L20-P0295,Iddq,uA,4.9568,5.495,5.8928,5.9175,50.0,0,none
L20,L20-P0296,Iddq,uA,6.9524,8.0067,8.3764,8.3968,50.0,0,none
L20,L20-P0297,Iddq,uA,7.652,8.9936,9.4362,9.7395,50.0,0,none
L20,L20-P0298,Iddq,uA,7.2444,8.0984,8.559,8.6835,50.0,0,none
L20,L20-P0299,Iddq,uA,5.9799,6.6854,6.9982,7.064,50.0,0,none
L20,L20-P0300,Iddq,uA,7.4049,8.3786,8.8106,9.1683,50.0,0,none
L20,L20-P0301,Iddq,uA,7.9918,8.4454,8.6334,8.7454,50.0,0,none
L20,L20-P0302,Iddq,uA,9.0718,10.3162,10.6092,10.9397,50.0,0,none
L20,L20-P0303,Iddq,uA,6.7876,7.3565,7.8832,7.828,50.0,0,none
L20,L20-P0304,Iddq,uA,11.0186,12.682,13.4668,13.1114,50.0,0,none
L20,L20-P0305,Iddq,uA,9.34,10.4107,11.0309,11.1045,50.0,0,none
L20,L20-P0306,Iddq,uA,7.3285,8.5085,9.1762,9.1942,50.0,0,none
L20,L20-P0307,Iddq,uA,7.3808,7.8006,8.4471,8.4933,50.0,0,none
L20,L20-P0308,Iddq,uA,9.3628,10.204,10.3613,10.5712,50.0,0,none
L20,L20-P0309,Iddq,uA,5.8788,6.4255,6.5567,6.6454,50.0,0,none
L20,L20-P0310,Iddq,uA,5.9632,6.621,6.8824,6.9773,50.0,0,none
L20,L20-P0311,Iddq,uA,5.5252,5.8689,6.0835,6.1645,50.0,0,none
L20,L20-P0312,Iddq,uA,6.7602,8.2523,8.911,9.06,50.0,0,none
L20,L20-P0313,Iddq,uA,72.5733,83.9059,88.6794,90.634,50.0,1,gross_fail
L20,L20-P0314,Iddq,uA,6.5368,7.1986,7.4501,7.4899,50.0,0,none
L20,L20-P0315,Iddq,uA,6.9513,7.7924,8.1609,8.1888,50.0,0,none
L20,L20-P0316,Iddq,uA,5.3781,6.0441,6.2574,6.3035,50.0,0,none
L20,L20-P0317,Iddq,uA,9.0146,10.2814,10.8598,11.1209,50.0,0,none
L20,L20-P0318,Iddq,uA,8.7785,9.5656,10.0709,10.2045,50.0,0,none
L20,L20-P0319,Iddq,uA,6.45,6.8965,7.0544,7.281,50.0,0,none
L20,L20-P0320,Iddq,uA,9.4079,10.2314,10.8501,10.8546,50.0,0,none
L20,L20-P0321,Iddq,uA,7.5631,8.85,9.3753,9.724,50.0,0,none
L20,L20-P0322,Iddq,uA,8.7026,9.5589,9.6263,9.7928,50.0,0,none
L20,L20-P0323,Iddq,uA,5.3952,6.7754,10.0562,19.7909,50.0,1,accelerating
L20,L20-P0324,Iddq,uA,6.6914,7.6682,8.5047,15.6644,50.0,1,erratic
L20,L20-P0325,Iddq,uA,7.9029,8.7066,9.0992,9.4139,50.0,0,none
L20,L20-P0326,Iddq,uA,6.7611,7.902,8.2566,8.5095,50.0,0,none
L20,L20-P0327,Iddq,uA,6.8208,7.5764,8.0585,8.3749,50.0,0,none
L20,L20-P0328,Iddq,uA,6.9127,7.3961,7.5341,7.647,50.0,0,none
L20,L20-P0329,Iddq,uA,7.5007,8.3493,8.7753,8.8063,50.0,0,none
L20,L20-P0330,Iddq,uA,7.2657,7.8812,8.2909,8.3974,50.0,0,none
L20,L20-P0331,Iddq,uA,9.7128,11.1712,12.0043,12.015,50.0,0,none
L20,L20-P0332,Iddq,uA,5.7649,6.4743,6.6988,6.8071,50.0,0,none
L20,L20-P0333,Iddq,uA,7.1419,7.9593,8.1736,8.4469,50.0,0,none
L20,L20-P0334,Iddq,uA,8.0263,8.8202,9.0899,8.8773,50.0,0,none
L20,L20-P0335,Iddq,uA,5.5171,6.3266,6.5489,6.6354,50.0,0,none
L20,L20-P0336,Iddq,uA,6.5602,7.2014,7.271,7.4356,50.0,0,none
L20,L20-P0337,Iddq,uA,7.299,8.5373,9.0154,9.2412,50.0,0,none
L20,L20-P0338,Iddq,uA,9.3766,10.321,10.9169,11.1472,50.0,0,none
L20,L20-P0339,Iddq,uA,7.2187,7.7384,8.0668,8.1977,50.0,0,none
L20,L20-P0340,Iddq,uA,7.9493,9.667,10.0685,10.291,50.0,0,none
L20,L20-P0341,Iddq,uA,8.2006,8.8553,9.1842,9.368,50.0,0,none
L20,L20-P0342,Iddq,uA,4.2246,4.7499,4.8943,5.0286,50.0,0,none
L20,L20-P0343,Iddq,uA,7.1535,7.7197,7.9666,8.0288,50.0,0,none
L20,L20-P0344,Iddq,uA,6.4735,7.3969,7.678,7.9103,50.0,0,none
L20,L20-P0345,Iddq,uA,9.4382,11.0722,11.591,12.0053,50.0,0,none
L20,L20-P0346,Iddq,uA,8.0115,8.862,9.237,9.2102,50.0,0,none
L20,L20-P0347,Iddq,uA,8.2764,8.9504,9.3004,9.3767,50.0,0,none
L20,L20-P0348,Iddq,uA,7.7756,8.6807,10.7583,16.9414,50.0,1,accelerating
L20,L20-P0349,Iddq,uA,7.1303,7.9593,8.2864,8.3812,50.0,0,none
L20,L20-P0350,Iddq,uA,8.1916,10.0701,10.7397,11.0673,50.0,0,none
L20,L20-P0351,Iddq,uA,6.981,8.33,8.674,8.8097,50.0,0,none
L20,L20-P0352,Iddq,uA,8.8863,10.6967,11.006,11.3355,50.0,0,none
L20,L20-P0353,Iddq,uA,5.6997,6.2442,6.4805,6.5484,50.0,0,none
L20,L20-P0354,Iddq,uA,8.5391,9.8638,10.8046,10.8817,50.0,0,none
L20,L20-P0355,Iddq,uA,6.6068,7.5803,8.0552,8.3599,50.0,0,none
L20,L20-P0356,Iddq,uA,7.832,9.1312,9.4827,9.7285,50.0,0,none
L20,L20-P0357,Iddq,uA,5.3099,5.7145,5.8018,5.9847,50.0,0,none
L20,L20-P0358,Iddq,uA,7.4084,8.7429,9.0669,9.453,50.0,0,none
L20,L20-P0359,Iddq,uA,6.6816,7.4721,7.8738,7.9832,50.0,0,none
L20,L20-P0360,Iddq,uA,6.8424,7.9325,8.4182,8.5492,50.0,0,none
L20,L20-P0361,Iddq,uA,5.0909,5.5722,5.7157,5.9192,50.0,0,none
L20,L20-P0362,Iddq,uA,7.1183,7.6273,7.9116,8.0343,50.0,0,none
L20,L20-P0363,Iddq,uA,7.3124,7.9742,8.1234,8.3364,50.0,0,none
L20,L20-P0364,Iddq,uA,5.0543,6.0825,6.486,6.7284,50.0,0,none
L20,L20-P0365,Iddq,uA,5.7126,6.2713,6.3346,6.4524,50.0,0,none
L20,L20-P0366,Iddq,uA,7.2443,8.4442,8.8382,9.2556,50.0,0,none
L20,L20-P0367,Iddq,uA,7.5681,8.6833,9.2038,9.541,50.0,0,none
L20,L20-P0368,Iddq,uA,6.9219,7.8822,8.1496,8.3057,50.0,0,none
L20,L20-P0369,Iddq,uA,7.0684,7.7729,8.1287,8.1534,50.0,0,none
L20,L20-P0370,Iddq,uA,7.1073,7.7293,7.8506,8.0614,50.0,0,none
L20,L20-P0371,Iddq,uA,6.3624,7.5534,8.0744,8.2004,50.0,0,none
L20,L20-P0372,Iddq,uA,6.7998,7.4657,7.621,7.6957,50.0,0,none
L20,L20-P0373,Iddq,uA,5.3609,5.6802,5.8516,5.7816,50.0,0,none
L20,L20-P0374,Iddq,uA,6.2208,7.0427,7.5559,7.6528,50.0,0,none
L20,L20-P0375,Iddq,uA,7.085,7.5021,7.6824,7.9971,50.0,0,none
L20,L20-P0376,Iddq,uA,8.8335,10.0015,10.2329,10.568,50.0,0,none
L20,L20-P0377,Iddq,uA,6.8659,7.3247,7.8088,7.6892,50.0,0,none
L20,L20-P0378,Iddq,uA,10.3115,11.385,11.646,12.0444,50.0,0,none
L20,L20-P0379,Iddq,uA,10.0856,11.512,11.9611,11.9854,50.0,0,none
L20,L20-P0380,Iddq,uA,7.0851,8.2376,8.377,8.6855,50.0,0,none
L20,L20-P0381,Iddq,uA,6.462,7.5986,8.1235,8.4933,50.0,0,none
L20,L20-P0382,Iddq,uA,10.6629,12.2022,12.8261,12.8242,50.0,0,none
L20,L20-P0383,Iddq,uA,8.1897,9.1924,9.4629,9.6213,50.0,0,none
L20,L20-P0384,Iddq,uA,7.6371,8.514,8.8326,9.064,50.0,0,none
L20,L20-P0385,Iddq,uA,6.0897,7.0462,7.5211,7.7064,50.0,0,none
L20,L20-P0386,Iddq,uA,6.5749,7.0771,7.3309,7.3496,50.0,0,none
L20,L20-P0387,Iddq,uA,5.8007,6.3935,6.705,6.8086,50.0,0,none
L20,L20-P0388,Iddq,uA,9.3439,10.4358,10.925,11.309,50.0,0,none
L20,L20-P0389,Iddq,uA,7.762,8.4995,8.7899,8.8557,50.0,0,none
L20,L20-P0390,Iddq,uA,6.6709,7.8497,8.2551,8.5185,50.0,0,none
L20,L20-P0391,Iddq,uA,6.5638,7.3711,7.6214,7.8438,50.0,0,none
L20,L20-P0392,Iddq,uA,5.8433,6.427,6.512,6.619,50.0,0,none
L20,L20-P0393,Iddq,uA,6.8899,7.8785,8.0627,8.4715,50.0,0,none
L20,L20-P0394,Iddq,uA,7.3429,8.7108,9.1541,9.2995,50.0,0,none
L20,L20-P0395,Iddq,uA,4.5318,4.9882,5.116,5.2616,50.0,0,none
L20,L20-P0396,Iddq,uA,5.7892,6.8798,7.3526,7.5754,50.0,0,none
L20,L20-P0397,Iddq,uA,6.0882,6.9695,7.3826,7.5761,50.0,0,none
L20,L20-P0398,Iddq,uA,8.6417,9.9697,10.2902,10.4154,50.0,0,none
L20,L20-P0399,Iddq,uA,6.4148,7.3894,7.8045,8.1504,50.0,0,none
L20,L20-P0400,Iddq,uA,5.0328,5.7054,5.9764,6.1484,50.0,0,none
L20,L20-P0401,Iddq,uA,5.6282,6.4595,6.7881,7.0223,50.0,0,none
L20,L20-P0402,Iddq,uA,9.7998,11.0996,11.5114,11.6849,50.0,0,none
L20,L20-P0403,Iddq,uA,6.6017,7.0412,7.2473,7.3472,50.0,0,none
L20,L20-P0404,Iddq,uA,5.8037,6.6296,6.8996,7.0435,50.0,0,none
L20,L20-P0405,Iddq,uA,5.0713,5.8438,6.1712,6.0707,50.0,0,none
L20,L20-P0406,Iddq,uA,7.1159,7.8177,8.1336,8.3316,50.0,0,none
L20,L20-P0407,Iddq,uA,7.2111,7.6469,7.759,7.9757,50.0,0,none
L20,L20-P0408,Iddq,uA,7.6346,8.6951,9.2607,9.3416,50.0,0,none
L20,L20-P0409,Iddq,uA,11.8373,13.1209,13.3627,13.3755,50.0,0,none
L20,L20-P0410,Iddq,uA,5.5426,6.0923,6.2507,6.3709,50.0,0,none
L20,L20-P0411,Iddq,uA,6.52,7.0791,7.3853,7.5537,50.0,0,none
L20,L20-P0412,Iddq,uA,7.4107,8.2301,10.5712,17.3662,50.0,1,accelerating
L20,L20-P0413,Iddq,uA,6.5182,8.5942,12.8572,16.7939,50.0,1,latent_linear
L20,L20-P0414,Iddq,uA,4.6754,5.8621,6.4313,6.639,50.0,0,none
L20,L20-P0415,Iddq,uA,7.815,8.5824,8.8492,8.8405,50.0,0,none
L20,L20-P0416,Iddq,uA,6.1719,7.2833,7.544,7.7677,50.0,0,none
L20,L20-P0417,Iddq,uA,5.7543,6.3347,6.7286,6.9273,50.0,0,none
L20,L20-P0418,Iddq,uA,5.9388,6.6977,6.9615,7.1568,50.0,0,none
L20,L20-P0419,Iddq,uA,9.4987,10.5604,10.9818,11.3357,50.0,0,none
L20,L20-P0420,Iddq,uA,8.9824,10.3311,10.9677,11.3357,50.0,0,none
L20,L20-P0421,Iddq,uA,5.7122,6.1452,6.4366,6.4627,50.0,0,none
L20,L20-P0422,Iddq,uA,5.0942,5.5782,5.9602,6.0512,50.0,0,none
L20,L20-P0423,Iddq,uA,8.2666,9.6395,10.3224,10.482,50.0,0,none
L20,L20-P0424,Iddq,uA,10.098,11.8061,12.4434,12.866,50.0,0,none
L20,L20-P0425,Iddq,uA,10.8288,12.4116,12.9003,13.3788,50.0,0,none
L20,L20-P0426,Iddq,uA,5.3992,6.0269,6.3347,6.4776,50.0,0,none
L20,L20-P0427,Iddq,uA,9.1126,10.1041,10.2848,10.6181,50.0,0,none
L20,L20-P0428,Iddq,uA,6.9761,7.8735,8.0799,8.1873,50.0,0,none
L20,L20-P0429,Iddq,uA,4.9075,5.1682,5.3977,5.3589,50.0,0,none
L20,L20-P0430,Iddq,uA,5.9353,6.7827,7.2715,7.2997,50.0,0,none
L20,L20-P0431,Iddq,uA,6.0088,7.1509,7.7336,7.6534,50.0,0,none
L20,L20-P0432,Iddq,uA,7.7623,8.7473,9.1297,9.286,50.0,0,none
L20,L20-P0433,Iddq,uA,5.5079,6.1293,6.2962,6.4765,50.0,0,none
L20,L20-P0434,Iddq,uA,8.5245,9.6827,10.1678,10.2162,50.0,0,none
L20,L20-P0435,Iddq,uA,7.8828,8.2524,8.5509,8.51,50.0,0,none
L20,L20-P0436,Iddq,uA,8.5399,9.3631,9.8912,10.0974,50.0,0,none
L20,L20-P0437,Iddq,uA,6.2738,7.0974,7.2562,7.327,50.0,0,none
L20,L20-P0438,Iddq,uA,7.6075,8.2004,8.3431,8.4557,50.0,0,none
L20,L20-P0439,Iddq,uA,5.7938,6.5432,6.8275,6.9588,50.0,0,none
L20,L20-P0440,Iddq,uA,8.0535,9.4961,12.2451,14.848,50.0,1,latent_linear
L20,L20-P0441,Iddq,uA,6.6583,7.7589,8.0832,8.3363,50.0,0,none
L20,L20-P0442,Iddq,uA,6.8503,7.7415,8.1478,8.3588,50.0,0,none
L20,L20-P0443,Iddq,uA,6.993,7.7077,8.1483,8.3191,50.0,0,none
L20,L20-P0444,Iddq,uA,4.9441,5.779,6.1446,6.2445,50.0,0,none
L20,L20-P0445,Iddq,uA,8.833,9.868,10.4946,10.5934,50.0,0,none
L20,L20-P0446,Iddq,uA,7.0218,8.2006,8.6268,8.7263,50.0,0,none
L20,L20-P0447,Iddq,uA,8.667,10.0742,10.3642,10.6315,50.0,0,none
L20,L20-P0448,Iddq,uA,8.6554,9.378,9.8553,10.0145,50.0,0,none
L20,L20-P0449,Iddq,uA,6.0378,7.1769,7.6239,7.9978,50.0,0,none
L20,L20-P0450,Iddq,uA,6.6987,7.7816,8.3837,8.5796,50.0,0,none
L20,L20-P0451,Iddq,uA,5.2754,5.9582,6.2232,6.2989,50.0,0,none
L20,L20-P0452,Iddq,uA,8.8349,9.835,10.5014,10.4927,50.0,0,none
L20,L20-P0453,Iddq,uA,7.4585,8.6754,9.0653,9.2762,50.0,0,none
L20,L20-P0454,Iddq,uA,7.3442,8.6392,9.2308,9.4096,50.0,0,none
L20,L20-P0455,Iddq,uA,6.7024,7.943,8.7203,9.094,50.0,0,none
L20,L20-P0456,Iddq,uA,5.8925,6.5158,6.6599,6.8035,50.0,0,none
L20,L20-P0457,Iddq,uA,9.0289,10.502,11.1659,11.205,50.0,0,none
L20,L20-P0458,Iddq,uA,10.217,11.3569,12.0441,12.1982,50.0,0,none
L20,L20-P0459,Iddq,uA,9.0269,9.6498,9.9144,10.1143,50.0,0,none
L20,L20-P0460,Iddq,uA,6.8936,7.9962,8.4476,8.458,50.0,0,none
L20,L20-P0461,Iddq,uA,7.4897,9.074,9.7134,9.8757,50.0,0,none
L20,L20-P0462,Iddq,uA,8.6207,9.9485,10.6602,10.8979,50.0,0,none
L20,L20-P0463,Iddq,uA,7.1849,7.8957,8.2462,8.4618,50.0,0,none
L20,L20-P0464,Iddq,uA,10.2867,11.6608,12.0861,12.1476,50.0,0,none
L20,L20-P0465,Iddq,uA,9.0396,10.3705,10.8132,10.9806,50.0,0,none
L20,L20-P0466,Iddq,uA,11.9053,13.775,14.443,14.5972,50.0,0,none
L20,L20-P0467,Iddq,uA,7.4646,8.442,9.0525,9.2723,50.0,0,none
L20,L20-P0468,Iddq,uA,4.4546,5.2188,5.5046,5.5887,50.0,0,none
L20,L20-P0469,Iddq,uA,7.0403,7.931,8.0673,8.2505,50.0,0,none
L20,L20-P0470,Iddq,uA,6.5435,7.2831,7.6133,7.883,50.0,0,none
L20,L20-P0471,Iddq,uA,7.3789,8.0181,8.1935,8.4941,50.0,0,none
L20,L20-P0472,Iddq,uA,9.8041,11.1588,11.678,11.6374,50.0,0,none
L20,L20-P0473,Iddq,uA,6.3251,6.8277,6.9629,6.9677,50.0,0,none
L20,L20-P0474,Iddq,uA,6.0496,7.1784,7.8602,8.0208,50.0,0,none
L20,L20-P0475,Iddq,uA,6.2516,6.8014,7.1009,7.2669,50.0,0,none
L20,L20-P0476,Iddq,uA,10.6669,11.7645,12.2163,12.1237,50.0,0,none
L20,L20-P0477,Iddq,uA,6.4535,7.2629,7.6201,7.7087,50.0,0,none
L20,L20-P0478,Iddq,uA,7.4461,7.905,8.3945,8.3769,50.0,0,none
L20,L20-P0479,Iddq,uA,9.9006,11.2299,11.4084,11.725,50.0,0,none
L20,L20-P0480,Iddq,uA,7.9918,8.9555,9.4062,9.5979,50.0,0,none
L20,L20-P0481,Iddq,uA,66.4873,79.5986,85.1213,87.3827,50.0,1,gross_fail
L20,L20-P0482,Iddq,uA,6.517,7.174,7.5555,7.6519,50.0,0,none
L20,L20-P0483,Iddq,uA,6.2017,6.9389,7.151,7.2363,50.0,0,none
L20,L20-P0484,Iddq,uA,5.0862,5.3839,5.65,5.8259,50.0,0,none
L20,L20-P0485,Iddq,uA,6.5212,8.0016,8.4122,8.6617,50.0,0,none
L20,L20-P0486,Iddq,uA,4.1771,4.7149,4.8958,4.9373,50.0,0,none
L20,L20-P0487,Iddq,uA,7.5554,8.4726,8.7452,9.0202,50.0,0,none
L20,L20-P0488,Iddq,uA,7.1145,7.4304,7.8966,7.938,50.0,0,none
L20,L20-P0489,Iddq,uA,5.9998,7.0904,7.3892,7.4134,50.0,0,none
L20,L20-P0490,Iddq,uA,5.0117,5.505,5.738,5.6828,50.0,0,none
L20,L20-P0491,Iddq,uA,9.1431,10.7793,21.1995,21.4085,50.0,1,step_jump
L20,L20-P0492,Iddq,uA,6.2478,7.3029,7.6475,7.7851,50.0,0,none
L20,L20-P0493,Iddq,uA,8.7964,9.5696,10.2003,10.4181,50.0,0,none
L20,L20-P0494,Iddq,uA,6.8451,7.2904,7.7294,7.8054,50.0,0,none
L20,L20-P0495,Iddq,uA,9.2267,10.4563,10.8383,11.0818,50.0,0,none
L20,L20-P0496,Iddq,uA,7.7919,8.7713,9.1467,9.2555,50.0,0,none
L20,L20-P0497,Iddq,uA,6.9986,8.0991,8.4833,8.5366,50.0,0,none
L20,L20-P0498,Iddq,uA,6.0352,6.4161,6.5957,6.6126,50.0,0,none
L20,L20-P0499,Iddq,uA,8.8534,9.6659,10.2478,10.2075,50.0,0,none
L20,L20-P0500,Iddq,uA,6.7148,7.533,7.6014,7.7608,50.0,0,none
